[2026-04-03T08:24:08.707+0000] {local_task_job_runner.py:123} INFO - ::group::Pre task execution logs
[2026-04-03T08:24:08.753+0000] {taskinstance.py:2614} INFO - Dependencies all met for dep_context=non-requeueable deps ti=<TaskInstance: 02_industrial_sensor_elt.run_sensor_elt manual__2026-04-03T08:24:07.384605+00:00 [queued]>
[2026-04-03T08:24:08.771+0000] {taskinstance.py:2614} INFO - Dependencies all met for dep_context=requeueable deps ti=<TaskInstance: 02_industrial_sensor_elt.run_sensor_elt manual__2026-04-03T08:24:07.384605+00:00 [queued]>
[2026-04-03T08:24:08.772+0000] {taskinstance.py:2867} INFO - Starting attempt 1 of 2
[2026-04-03T08:24:08.802+0000] {taskinstance.py:2890} INFO - Executing <Task(SparkSubmitOperator): run_sensor_elt> on 2026-04-03 08:24:07.384605+00:00
[2026-04-03T08:24:08.822+0000] {standard_task_runner.py:104} INFO - Running: ['***', 'tasks', 'run', '02_industrial_sensor_elt', 'run_sensor_elt', 'manual__2026-04-03T08:24:07.384605+00:00', '--job-id', '10', '--raw', '--subdir', 'DAGS_FOLDER/dag_datalab_main.py', '--cfg-path', '/tmp/tmpkgh80etd']
[2026-04-03T08:24:08.826+0000] {standard_task_runner.py:105} INFO - Job 10: Subtask run_sensor_elt
[2026-04-03T08:24:08.828+0000] {logging_mixin.py:190} WARNING - /home/***/.local/lib/python3.12/site-packages/***/task/task_runner/standard_task_runner.py:70 DeprecationWarning: This process (pid=931) is multi-threaded, use of fork() may lead to deadlocks in the child.
[2026-04-03T08:24:08.829+0000] {standard_task_runner.py:72} INFO - Started process 936 to run task
[2026-04-03T08:24:08.940+0000] {task_command.py:467} INFO - Running <TaskInstance: 02_industrial_sensor_elt.run_sensor_elt manual__2026-04-03T08:24:07.384605+00:00 [running]> on host 2b08f200a2f3
[2026-04-03T08:24:09.163+0000] {taskinstance.py:3134} INFO - Exporting env vars: AIRFLOW_CTX_DAG_OWNER='juan_pablo' AIRFLOW_CTX_DAG_ID='02_industrial_sensor_elt' AIRFLOW_CTX_TASK_ID='run_sensor_elt' AIRFLOW_CTX_EXECUTION_DATE='2026-04-03T08:24:07.384605+00:00' AIRFLOW_CTX_TRY_NUMBER='1' AIRFLOW_CTX_DAG_RUN_ID='manual__2026-04-03T08:24:07.384605+00:00'
[2026-04-03T08:24:09.165+0000] {taskinstance.py:732} INFO - ::endgroup::
[2026-04-03T08:24:09.276+0000] {base.py:84} INFO - Retrieving connection 'spark_new'
[2026-04-03T08:24:09.278+0000] {spark_submit.py:403} INFO - Spark-Submit cmd: /opt/spark_dist/bin/spark-submit --master spark://spark-master:7077 --conf spark.driver.extraClassPath=/opt/***/plugins/postgresql-42.7.2.jar --conf spark.executor.extraClassPath=/opt/bitnami/spark/extra-jars/postgresql-42.7.2.jar --conf spark.driver.host=***_scheduler --conf spark.driver.bindAddress=0.0.0.0 --conf spark.sql.shuffle.partitions=2 --conf spark.default.parallelism=2 --conf spark.driver.extraJavaOptions=-Dderby.system.home=/tmp --jars /opt/***/plugins/postgresql-42.7.2.jar --name sensor_elt_job --verbose --deploy-mode client /opt/***/scripts/process_data.py
[2026-04-03T08:24:09.844+0000] {spark_submit.py:579} INFO - WARNING: Using incubator modules: jdk.incubator.vector
[2026-04-03T08:24:11.392+0000] {spark_submit.py:579} INFO - Using properties file: /opt/spark_dist/conf/spark-defaults.conf
[2026-04-03T08:24:11.939+0000] {spark_submit.py:579} INFO - Parsed arguments:
[2026-04-03T08:24:11.939+0000] {spark_submit.py:579} INFO - master                  spark://spark-master:7077
[2026-04-03T08:24:11.940+0000] {spark_submit.py:579} INFO - remote                  null
[2026-04-03T08:24:11.940+0000] {spark_submit.py:579} INFO - deployMode              client
[2026-04-03T08:24:11.941+0000] {spark_submit.py:579} INFO - executorMemory          null
[2026-04-03T08:24:11.941+0000] {spark_submit.py:579} INFO - executorCores           null
[2026-04-03T08:24:11.942+0000] {spark_submit.py:579} INFO - totalExecutorCores      null
[2026-04-03T08:24:11.942+0000] {spark_submit.py:579} INFO - propertiesFile          null
[2026-04-03T08:24:11.942+0000] {spark_submit.py:579} INFO - driverMemory            null
[2026-04-03T08:24:11.943+0000] {spark_submit.py:579} INFO - driverCores             null
[2026-04-03T08:24:11.943+0000] {spark_submit.py:579} INFO - driverExtraClassPath    /opt/***/plugins/postgresql-42.7.2.jar
[2026-04-03T08:24:11.943+0000] {spark_submit.py:579} INFO - driverExtraLibraryPath  null
[2026-04-03T08:24:11.944+0000] {spark_submit.py:579} INFO - driverExtraJavaOptions  -Dderby.system.home=/tmp
[2026-04-03T08:24:11.944+0000] {spark_submit.py:579} INFO - supervise               false
[2026-04-03T08:24:11.944+0000] {spark_submit.py:579} INFO - queue                   null
[2026-04-03T08:24:11.945+0000] {spark_submit.py:579} INFO - numExecutors            null
[2026-04-03T08:24:11.945+0000] {spark_submit.py:579} INFO - files                   null
[2026-04-03T08:24:11.945+0000] {spark_submit.py:579} INFO - pyFiles                 null
[2026-04-03T08:24:11.946+0000] {spark_submit.py:579} INFO - archives                null
[2026-04-03T08:24:11.946+0000] {spark_submit.py:579} INFO - mainClass               null
[2026-04-03T08:24:11.946+0000] {spark_submit.py:579} INFO - primaryResource         file:/opt/***/scripts/process_data.py
[2026-04-03T08:24:11.947+0000] {spark_submit.py:579} INFO - name                    sensor_elt_job
[2026-04-03T08:24:11.947+0000] {spark_submit.py:579} INFO - childArgs               []
[2026-04-03T08:24:11.948+0000] {spark_submit.py:579} INFO - jars                    file:/opt/***/plugins/postgresql-42.7.2.jar
[2026-04-03T08:24:11.948+0000] {spark_submit.py:579} INFO - packages                null
[2026-04-03T08:24:11.949+0000] {spark_submit.py:579} INFO - packagesExclusions      null
[2026-04-03T08:24:11.949+0000] {spark_submit.py:579} INFO - repositories            null
[2026-04-03T08:24:11.949+0000] {spark_submit.py:579} INFO - verbose                 true
[2026-04-03T08:24:11.950+0000] {spark_submit.py:579} INFO - 
[2026-04-03T08:24:11.950+0000] {spark_submit.py:579} INFO - Spark properties used, including those specified through
[2026-04-03T08:24:11.950+0000] {spark_submit.py:579} INFO - --conf and those from the properties file null:
[2026-04-03T08:24:11.951+0000] {spark_submit.py:579} INFO - (spark.default.parallelism,2)
[2026-04-03T08:24:11.951+0000] {spark_submit.py:579} INFO - (spark.driver.bindAddress,0.0.0.0)
[2026-04-03T08:24:11.951+0000] {spark_submit.py:579} INFO - (spark.driver.extraClassPath,/opt/***/plugins/postgresql-42.7.2.jar)
[2026-04-03T08:24:11.952+0000] {spark_submit.py:579} INFO - (spark.driver.extraJavaOptions,-Dderby.system.home=/tmp)
[2026-04-03T08:24:11.952+0000] {spark_submit.py:579} INFO - (spark.driver.host,***_scheduler)
[2026-04-03T08:24:11.953+0000] {spark_submit.py:579} INFO - (spark.executor.extraClassPath,/opt/bitnami/spark/extra-jars/postgresql-42.7.2.jar)
[2026-04-03T08:24:11.953+0000] {spark_submit.py:579} INFO - (spark.sql.shuffle.partitions,2)
[2026-04-03T08:24:11.953+0000] {spark_submit.py:579} INFO - 
[2026-04-03T08:24:11.954+0000] {spark_submit.py:579} INFO - 
[2026-04-03T08:24:12.420+0000] {spark_submit.py:579} INFO - 26/04/03 08:24:12 WARN NativeCodeLoader: Unable to load native-hadoop library for your platform... using builtin-java classes where applicable
[2026-04-03T08:24:12.639+0000] {spark_submit.py:579} INFO - Main class:
[2026-04-03T08:24:12.639+0000] {spark_submit.py:579} INFO - org.apache.spark.deploy.PythonRunner
[2026-04-03T08:24:12.640+0000] {spark_submit.py:579} INFO - Arguments:
[2026-04-03T08:24:12.640+0000] {spark_submit.py:579} INFO - file:/opt/***/scripts/process_data.py
[2026-04-03T08:24:12.641+0000] {spark_submit.py:579} INFO - null
[2026-04-03T08:24:12.642+0000] {spark_submit.py:579} INFO - Spark config:
[2026-04-03T08:24:12.642+0000] {spark_submit.py:579} INFO - (spark.app.name,sensor_elt_job)
[2026-04-03T08:24:12.642+0000] {spark_submit.py:579} INFO - (spark.app.submitTime,1775204652606)
[2026-04-03T08:24:12.643+0000] {spark_submit.py:579} INFO - (spark.default.parallelism,2)
[2026-04-03T08:24:12.643+0000] {spark_submit.py:579} INFO - (spark.driver.bindAddress,0.0.0.0)
[2026-04-03T08:24:12.643+0000] {spark_submit.py:579} INFO - (spark.driver.extraClassPath,/opt/***/plugins/postgresql-42.7.2.jar)
[2026-04-03T08:24:12.644+0000] {spark_submit.py:579} INFO - (spark.driver.extraJavaOptions,-Dderby.system.home=/tmp)
[2026-04-03T08:24:12.644+0000] {spark_submit.py:579} INFO - (spark.driver.host,***_scheduler)
[2026-04-03T08:24:12.644+0000] {spark_submit.py:579} INFO - (spark.executor.extraClassPath,/opt/bitnami/spark/extra-jars/postgresql-42.7.2.jar)
[2026-04-03T08:24:12.644+0000] {spark_submit.py:579} INFO - (spark.jars,file:///opt/***/plugins/postgresql-42.7.2.jar)
[2026-04-03T08:24:12.645+0000] {spark_submit.py:579} INFO - (spark.master,spark://spark-master:7077)
[2026-04-03T08:24:12.645+0000] {spark_submit.py:579} INFO - (spark.repl.local.jars,file:///opt/***/plugins/postgresql-42.7.2.jar)
[2026-04-03T08:24:12.645+0000] {spark_submit.py:579} INFO - (spark.sql.shuffle.partitions,2)
[2026-04-03T08:24:12.645+0000] {spark_submit.py:579} INFO - (spark.submit.deployMode,client)
[2026-04-03T08:24:12.646+0000] {spark_submit.py:579} INFO - (spark.submit.pyFiles,)
[2026-04-03T08:24:12.646+0000] {spark_submit.py:579} INFO - Classpath elements:
[2026-04-03T08:24:12.646+0000] {spark_submit.py:579} INFO - file:///opt/***/plugins/postgresql-42.7.2.jar
[2026-04-03T08:24:12.646+0000] {spark_submit.py:579} INFO - 
[2026-04-03T08:24:12.647+0000] {spark_submit.py:579} INFO - 
[2026-04-03T08:24:13.928+0000] {spark_submit.py:579} INFO - Using Spark's default log4j profile: org/apache/spark/log4j2-defaults.properties
[2026-04-03T08:24:13.935+0000] {spark_submit.py:579} INFO - 26/04/03 08:24:13 INFO SparkContext: Running Spark version 4.1.1
[2026-04-03T08:24:13.937+0000] {spark_submit.py:579} INFO - 26/04/03 08:24:13 INFO SparkContext: OS info Linux, 6.18.13-200.fc43.x86_64, amd64
[2026-04-03T08:24:13.938+0000] {spark_submit.py:579} INFO - 26/04/03 08:24:13 INFO SparkContext: Java version 17.0.18+8-Debian-1deb12u1
[2026-04-03T08:24:13.987+0000] {spark_submit.py:579} INFO - 26/04/03 08:24:13 INFO ResourceUtils: ==============================================================
[2026-04-03T08:24:13.988+0000] {spark_submit.py:579} INFO - 26/04/03 08:24:13 INFO ResourceUtils: No custom resources configured for spark.driver.
[2026-04-03T08:24:13.988+0000] {spark_submit.py:579} INFO - 26/04/03 08:24:13 INFO ResourceUtils: ==============================================================
[2026-04-03T08:24:13.989+0000] {spark_submit.py:579} INFO - 26/04/03 08:24:13 INFO SparkContext: Submitted application: Industrial-ELT-Pipeline
[2026-04-03T08:24:14.095+0000] {spark_submit.py:579} INFO - 26/04/03 08:24:14 INFO SecurityManager: Changing view acls to: default
[2026-04-03T08:24:14.096+0000] {spark_submit.py:579} INFO - 26/04/03 08:24:14 INFO SecurityManager: Changing modify acls to: default
[2026-04-03T08:24:14.097+0000] {spark_submit.py:579} INFO - 26/04/03 08:24:14 INFO SecurityManager: Changing view acls groups to: default
[2026-04-03T08:24:14.098+0000] {spark_submit.py:579} INFO - 26/04/03 08:24:14 INFO SecurityManager: Changing modify acls groups to: default
[2026-04-03T08:24:14.099+0000] {spark_submit.py:579} INFO - 26/04/03 08:24:14 INFO SecurityManager: SecurityManager: authentication disabled; ui acls disabled; users with view permissions: default groups with view permissions: EMPTY; users with modify permissions: default; groups with modify permissions: EMPTY; RPC SSL disabled
[2026-04-03T08:24:14.573+0000] {spark_submit.py:579} INFO - 26/04/03 08:24:14 INFO Utils: Successfully started service 'sparkDriver' on port 44865.
[2026-04-03T08:24:14.617+0000] {spark_submit.py:579} INFO - 26/04/03 08:24:14 INFO SparkEnv: Registering MapOutputTracker
[2026-04-03T08:24:14.641+0000] {spark_submit.py:579} INFO - 26/04/03 08:24:14 INFO SparkEnv: Registering BlockManagerMaster
[2026-04-03T08:24:14.675+0000] {spark_submit.py:579} INFO - 26/04/03 08:24:14 INFO BlockManagerMasterEndpoint: Using org.apache.spark.storage.DefaultTopologyMapper for getting topology information
[2026-04-03T08:24:14.676+0000] {spark_submit.py:579} INFO - 26/04/03 08:24:14 INFO BlockManagerMasterEndpoint: BlockManagerMasterEndpoint up
[2026-04-03T08:24:14.684+0000] {spark_submit.py:579} INFO - 26/04/03 08:24:14 INFO SparkEnv: Registering BlockManagerMasterHeartbeat
[2026-04-03T08:24:14.742+0000] {spark_submit.py:579} INFO - 26/04/03 08:24:14 INFO DiskBlockManager: Created local directory at /tmp/blockmgr-06428859-4ee0-4022-b575-26ec388c61fc
[2026-04-03T08:24:14.789+0000] {spark_submit.py:579} INFO - 26/04/03 08:24:14 INFO SparkEnv: Registering OutputCommitCoordinator
[2026-04-03T08:24:15.027+0000] {spark_submit.py:579} INFO - 26/04/03 08:24:15 INFO JettyUtils: Start Jetty 0.0.0.0:4040 for SparkUI
[2026-04-03T08:24:15.160+0000] {spark_submit.py:579} INFO - 26/04/03 08:24:15 INFO Utils: Successfully started service 'SparkUI' on port 4040.
[2026-04-03T08:24:15.226+0000] {spark_submit.py:579} INFO - 26/04/03 08:24:15 ERROR SparkContext: Failed to add /opt/bitnami/spark/extra-jars/postgresql-42.7.2.jar to Spark environment
[2026-04-03T08:24:15.227+0000] {spark_submit.py:579} INFO - java.io.FileNotFoundException: Jar /opt/bitnami/spark/extra-jars/postgresql-42.7.2.jar not found
[2026-04-03T08:24:15.227+0000] {spark_submit.py:579} INFO - at org.apache.spark.SparkContext.addLocalJarFile$1(SparkContext.scala:2185)
[2026-04-03T08:24:15.228+0000] {spark_submit.py:579} INFO - at org.apache.spark.SparkContext.addJar(SparkContext.scala:2241)
[2026-04-03T08:24:15.228+0000] {spark_submit.py:579} INFO - at org.apache.spark.SparkContext.$anonfun$new$16(SparkContext.scala:544)
[2026-04-03T08:24:15.229+0000] {spark_submit.py:579} INFO - at org.apache.spark.SparkContext.$anonfun$new$16$adapted(SparkContext.scala:544)
[2026-04-03T08:24:15.229+0000] {spark_submit.py:579} INFO - at scala.collection.IterableOnceOps.foreach(IterableOnce.scala:630)
[2026-04-03T08:24:15.230+0000] {spark_submit.py:579} INFO - at scala.collection.IterableOnceOps.foreach$(IterableOnce.scala:628)
[2026-04-03T08:24:15.230+0000] {spark_submit.py:579} INFO - at scala.collection.AbstractIterable.foreach(Iterable.scala:936)
[2026-04-03T08:24:15.231+0000] {spark_submit.py:579} INFO - at org.apache.spark.SparkContext.<init>(SparkContext.scala:544)
[2026-04-03T08:24:15.231+0000] {spark_submit.py:579} INFO - at org.apache.spark.api.java.JavaSparkContext.<init>(JavaSparkContext.scala:59)
[2026-04-03T08:24:15.231+0000] {spark_submit.py:579} INFO - at java.base/jdk.internal.reflect.NativeConstructorAccessorImpl.newInstance0(Native Method)
[2026-04-03T08:24:15.232+0000] {spark_submit.py:579} INFO - at java.base/jdk.internal.reflect.NativeConstructorAccessorImpl.newInstance(NativeConstructorAccessorImpl.java:77)
[2026-04-03T08:24:15.232+0000] {spark_submit.py:579} INFO - at java.base/jdk.internal.reflect.DelegatingConstructorAccessorImpl.newInstance(DelegatingConstructorAccessorImpl.java:45)
[2026-04-03T08:24:15.233+0000] {spark_submit.py:579} INFO - at java.base/java.lang.reflect.Constructor.newInstanceWithCaller(Constructor.java:500)
[2026-04-03T08:24:15.233+0000] {spark_submit.py:579} INFO - at java.base/java.lang.reflect.Constructor.newInstance(Constructor.java:481)
[2026-04-03T08:24:15.233+0000] {spark_submit.py:579} INFO - at py4j.reflection.MethodInvoker.invoke(MethodInvoker.java:247)
[2026-04-03T08:24:15.234+0000] {spark_submit.py:579} INFO - at py4j.reflection.ReflectionEngine.invoke(ReflectionEngine.java:374)
[2026-04-03T08:24:15.234+0000] {spark_submit.py:579} INFO - at py4j.Gateway.invoke(Gateway.java:238)
[2026-04-03T08:24:15.234+0000] {spark_submit.py:579} INFO - at py4j.commands.ConstructorCommand.invokeConstructor(ConstructorCommand.java:80)
[2026-04-03T08:24:15.235+0000] {spark_submit.py:579} INFO - at py4j.commands.ConstructorCommand.execute(ConstructorCommand.java:69)
[2026-04-03T08:24:15.235+0000] {spark_submit.py:579} INFO - at py4j.ClientServerConnection.waitForCommands(ClientServerConnection.java:184)
[2026-04-03T08:24:15.235+0000] {spark_submit.py:579} INFO - at py4j.ClientServerConnection.run(ClientServerConnection.java:108)
[2026-04-03T08:24:15.236+0000] {spark_submit.py:579} INFO - at java.base/java.lang.Thread.run(Thread.java:840)
[2026-04-03T08:24:15.275+0000] {spark_submit.py:579} INFO - 26/04/03 08:24:15 INFO ResourceProfile: Default ResourceProfile created, executor resources: Map(memory -> name: memory, amount: 1024, script: , vendor: , offHeap -> name: offHeap, amount: 0, script: , vendor: ), task resources: Map(cpus -> name: cpus, amount: 1.0)
[2026-04-03T08:24:15.278+0000] {spark_submit.py:579} INFO - 26/04/03 08:24:15 INFO ResourceProfile: Limiting resource is cpu
[2026-04-03T08:24:15.280+0000] {spark_submit.py:579} INFO - 26/04/03 08:24:15 INFO ResourceProfileManager: Added ResourceProfile id: 0
[2026-04-03T08:24:15.301+0000] {spark_submit.py:579} INFO - 26/04/03 08:24:15 INFO SecurityManager: Changing view acls to: default
[2026-04-03T08:24:15.302+0000] {spark_submit.py:579} INFO - 26/04/03 08:24:15 INFO SecurityManager: Changing modify acls to: default
[2026-04-03T08:24:15.303+0000] {spark_submit.py:579} INFO - 26/04/03 08:24:15 INFO SecurityManager: Changing view acls groups to: default
[2026-04-03T08:24:15.303+0000] {spark_submit.py:579} INFO - 26/04/03 08:24:15 INFO SecurityManager: Changing modify acls groups to: default
[2026-04-03T08:24:15.303+0000] {spark_submit.py:579} INFO - 26/04/03 08:24:15 INFO SecurityManager: SecurityManager: authentication disabled; ui acls disabled; users with view permissions: default groups with view permissions: EMPTY; users with modify permissions: default; groups with modify permissions: EMPTY; RPC SSL disabled
[2026-04-03T08:24:15.523+0000] {spark_submit.py:579} INFO - 26/04/03 08:24:15 INFO StandaloneAppClient$ClientEndpoint: Connecting to master spark://spark-master:7077...
[2026-04-03T08:24:15.609+0000] {spark_submit.py:579} INFO - 26/04/03 08:24:15 INFO TransportClientFactory: Successfully created connection to spark-master/172.20.0.4:7077 after 49 ms (0 ms spent in bootstraps)
[2026-04-03T08:24:15.848+0000] {spark_submit.py:579} INFO - 26/04/03 08:24:15 INFO StandaloneSchedulerBackend: Connected to Spark cluster with app ID app-20260403082415-0008
[2026-04-03T08:24:15.856+0000] {spark_submit.py:579} INFO - 26/04/03 08:24:15 INFO StandaloneAppClient$ClientEndpoint: Executor added: app-20260403082415-0008/0 on worker-20260403074029-172.20.0.2-43131 (172.20.0.2:43131) with 2 core(s)
[2026-04-03T08:24:15.861+0000] {spark_submit.py:579} INFO - 26/04/03 08:24:15 INFO StandaloneSchedulerBackend: Granted executor ID app-20260403082415-0008/0 on hostPort 172.20.0.2:43131 with 2 core(s), 1024.0 MiB RAM
[2026-04-03T08:24:15.867+0000] {spark_submit.py:579} INFO - 26/04/03 08:24:15 INFO Utils: Successfully started service 'org.apache.spark.network.netty.NettyBlockTransferService' on port 38941.
[2026-04-03T08:24:15.868+0000] {spark_submit.py:579} INFO - 26/04/03 08:24:15 INFO NettyBlockTransferService: Server created on ***_scheduler 0.0.0.0:38941
[2026-04-03T08:24:15.872+0000] {spark_submit.py:579} INFO - 26/04/03 08:24:15 INFO BlockManager: Using org.apache.spark.storage.RandomBlockReplicationPolicy for block replication policy
[2026-04-03T08:24:15.892+0000] {spark_submit.py:579} INFO - 26/04/03 08:24:15 INFO StandaloneAppClient$ClientEndpoint: Executor updated: app-20260403082415-0008/0 is now RUNNING
[2026-04-03T08:24:15.920+0000] {spark_submit.py:579} INFO - 26/04/03 08:24:15 INFO BlockManagerMaster: Registering BlockManager BlockManagerId(driver, ***_scheduler, 38941, None)
[2026-04-03T08:24:15.932+0000] {spark_submit.py:579} INFO - 26/04/03 08:24:15 INFO BlockManagerMasterEndpoint: Registering block manager ***_scheduler:38941 with 434.4 MiB RAM, BlockManagerId(driver, ***_scheduler, 38941, None)
[2026-04-03T08:24:15.940+0000] {spark_submit.py:579} INFO - 26/04/03 08:24:15 INFO BlockManagerMaster: Registered BlockManager BlockManagerId(driver, ***_scheduler, 38941, None)
[2026-04-03T08:24:15.945+0000] {spark_submit.py:579} INFO - 26/04/03 08:24:15 INFO BlockManager: Initialized BlockManager: BlockManagerId(driver, ***_scheduler, 38941, None)
[2026-04-03T08:24:16.403+0000] {spark_submit.py:579} INFO - 26/04/03 08:24:16 INFO StandaloneSchedulerBackend: SchedulerBackend is ready for scheduling beginning after reached minRegisteredResourcesRatio: 0.0
[2026-04-03T08:24:19.789+0000] {spark_submit.py:579} INFO - 26/04/03 08:24:19 INFO StandaloneAppClient$ClientEndpoint: Executor updated: app-20260403082415-0008/0 is now EXITED (Command exited with code 1)
[2026-04-03T08:24:19.791+0000] {spark_submit.py:579} INFO - 26/04/03 08:24:19 INFO StandaloneSchedulerBackend: Executor app-20260403082415-0008/0 removed: Command exited with code 1
[2026-04-03T08:24:19.793+0000] {spark_submit.py:579} INFO - 26/04/03 08:24:19 INFO StandaloneAppClient$ClientEndpoint: Executor added: app-20260403082415-0008/1 on worker-20260403074029-172.20.0.2-43131 (172.20.0.2:43131) with 2 core(s)
[2026-04-03T08:24:19.794+0000] {spark_submit.py:579} INFO - 26/04/03 08:24:19 INFO StandaloneSchedulerBackend: Granted executor ID app-20260403082415-0008/1 on hostPort 172.20.0.2:43131 with 2 core(s), 1024.0 MiB RAM
[2026-04-03T08:24:19.801+0000] {spark_submit.py:579} INFO - 26/04/03 08:24:19 INFO BlockManagerMaster: Removal of executor 0 requested
[2026-04-03T08:24:19.803+0000] {spark_submit.py:579} INFO - 26/04/03 08:24:19 INFO StandaloneSchedulerBackend$StandaloneDriverEndpoint: Asked to remove non-existent executor 0
[2026-04-03T08:24:19.806+0000] {spark_submit.py:579} INFO - 26/04/03 08:24:19 INFO StandaloneAppClient$ClientEndpoint: Executor updated: app-20260403082415-0008/1 is now RUNNING
[2026-04-03T08:24:19.821+0000] {spark_submit.py:579} INFO - 26/04/03 08:24:19 INFO BlockManagerMasterEndpoint: Trying to remove executor 0 from BlockManagerMaster.
[2026-04-03T08:24:19.824+0000] {spark_submit.py:579} INFO - 26/04/03 08:24:19 INFO BlockManagerMasterEndpoint: Removed 0 successfully in removeExecutor
[2026-04-03T08:24:21.464+0000] {spark_submit.py:579} INFO - 26/04/03 08:24:21 INFO SharedState: Setting hive.metastore.warehouse.dir ('null') to the value of spark.sql.warehouse.dir.
[2026-04-03T08:24:21.469+0000] {spark_submit.py:579} INFO - 26/04/03 08:24:21 INFO SharedState: Warehouse path is 'file:/opt/***/spark-warehouse'.
[2026-04-03T08:24:22.859+0000] {spark_submit.py:579} INFO - 26/04/03 08:24:22 WARN FileStreamSink: Assume no metadata directory. Error while looking for metadata directory in the path: /data/raw/sensors/*.json.
[2026-04-03T08:24:22.860+0000] {spark_submit.py:579} INFO - java.io.FileNotFoundException: File /data/raw/sensors/*.json does not exist
[2026-04-03T08:24:22.860+0000] {spark_submit.py:579} INFO - at org.apache.hadoop.fs.RawLocalFileSystem.deprecatedGetFileStatus(RawLocalFileSystem.java:980)
[2026-04-03T08:24:22.860+0000] {spark_submit.py:579} INFO - at org.apache.hadoop.fs.RawLocalFileSystem.getFileLinkStatusInternal(RawLocalFileSystem.java:1301)
[2026-04-03T08:24:22.861+0000] {spark_submit.py:579} INFO - at org.apache.hadoop.fs.RawLocalFileSystem.getFileStatus(RawLocalFileSystem.java:970)
[2026-04-03T08:24:22.861+0000] {spark_submit.py:579} INFO - at org.apache.hadoop.fs.FilterFileSystem.getFileStatus(FilterFileSystem.java:462)
[2026-04-03T08:24:22.861+0000] {spark_submit.py:579} INFO - at org.apache.spark.sql.execution.streaming.sinks.FileStreamSink$.hasMetadata(FileStreamSink.scala:58)
[2026-04-03T08:24:22.861+0000] {spark_submit.py:579} INFO - at org.apache.spark.sql.execution.datasources.DataSource.resolveRelation(DataSource.scala:384)
[2026-04-03T08:24:22.861+0000] {spark_submit.py:579} INFO - at org.apache.spark.sql.catalyst.analysis.ResolveDataSource.org$apache$spark$sql$catalyst$analysis$ResolveDataSource$$loadV1BatchSource(ResolveDataSource.scala:143)
[2026-04-03T08:24:22.862+0000] {spark_submit.py:579} INFO - at org.apache.spark.sql.catalyst.analysis.ResolveDataSource$$anonfun$apply$1.$anonfun$applyOrElse$2(ResolveDataSource.scala:61)
[2026-04-03T08:24:22.862+0000] {spark_submit.py:579} INFO - at scala.Option.getOrElse(Option.scala:201)
[2026-04-03T08:24:22.862+0000] {spark_submit.py:579} INFO - at org.apache.spark.sql.catalyst.analysis.ResolveDataSource$$anonfun$apply$1.applyOrElse(ResolveDataSource.scala:61)
[2026-04-03T08:24:22.862+0000] {spark_submit.py:579} INFO - at org.apache.spark.sql.catalyst.analysis.ResolveDataSource$$anonfun$apply$1.applyOrElse(ResolveDataSource.scala:45)
[2026-04-03T08:24:22.863+0000] {spark_submit.py:579} INFO - at org.apache.spark.sql.catalyst.plans.logical.AnalysisHelper.$anonfun$resolveOperatorsUpWithPruning$3(AnalysisHelper.scala:139)
[2026-04-03T08:24:22.863+0000] {spark_submit.py:579} INFO - at org.apache.spark.sql.catalyst.trees.CurrentOrigin$.withOrigin(origin.scala:107)
[2026-04-03T08:24:22.864+0000] {spark_submit.py:579} INFO - at org.apache.spark.sql.catalyst.plans.logical.AnalysisHelper.$anonfun$resolveOperatorsUpWithPruning$1(AnalysisHelper.scala:139)
[2026-04-03T08:24:22.864+0000] {spark_submit.py:579} INFO - at org.apache.spark.sql.catalyst.plans.logical.AnalysisHelper$.allowInvokingTransformsInAnalyzer(AnalysisHelper.scala:416)
[2026-04-03T08:24:22.864+0000] {spark_submit.py:579} INFO - at org.apache.spark.sql.catalyst.plans.logical.AnalysisHelper.resolveOperatorsUpWithPruning(AnalysisHelper.scala:135)
[2026-04-03T08:24:22.864+0000] {spark_submit.py:579} INFO - at org.apache.spark.sql.catalyst.plans.logical.AnalysisHelper.resolveOperatorsUpWithPruning$(AnalysisHelper.scala:131)
[2026-04-03T08:24:22.865+0000] {spark_submit.py:579} INFO - at org.apache.spark.sql.catalyst.plans.logical.LogicalPlan.resolveOperatorsUpWithPruning(LogicalPlan.scala:37)
[2026-04-03T08:24:22.865+0000] {spark_submit.py:579} INFO - at org.apache.spark.sql.catalyst.plans.logical.AnalysisHelper.resolveOperatorsUp(AnalysisHelper.scala:112)
[2026-04-03T08:24:22.865+0000] {spark_submit.py:579} INFO - at org.apache.spark.sql.catalyst.plans.logical.AnalysisHelper.resolveOperatorsUp$(AnalysisHelper.scala:111)
[2026-04-03T08:24:22.865+0000] {spark_submit.py:579} INFO - at org.apache.spark.sql.catalyst.plans.logical.LogicalPlan.resolveOperatorsUp(LogicalPlan.scala:37)
[2026-04-03T08:24:22.866+0000] {spark_submit.py:579} INFO - at org.apache.spark.sql.catalyst.analysis.ResolveDataSource.apply(ResolveDataSource.scala:45)
[2026-04-03T08:24:22.866+0000] {spark_submit.py:579} INFO - at org.apache.spark.sql.catalyst.analysis.ResolveDataSource.apply(ResolveDataSource.scala:43)
[2026-04-03T08:24:22.866+0000] {spark_submit.py:579} INFO - at org.apache.spark.sql.catalyst.rules.RuleExecutor.$anonfun$execute$2(RuleExecutor.scala:248)
[2026-04-03T08:24:22.866+0000] {spark_submit.py:579} INFO - at scala.collection.LinearSeqOps.foldLeft(LinearSeq.scala:183)
[2026-04-03T08:24:22.866+0000] {spark_submit.py:579} INFO - at scala.collection.LinearSeqOps.foldLeft$(LinearSeq.scala:179)
[2026-04-03T08:24:22.867+0000] {spark_submit.py:579} INFO - at scala.collection.immutable.List.foldLeft(List.scala:79)
[2026-04-03T08:24:22.867+0000] {spark_submit.py:579} INFO - at org.apache.spark.sql.catalyst.rules.RuleExecutor.$anonfun$execute$1(RuleExecutor.scala:245)
[2026-04-03T08:24:22.867+0000] {spark_submit.py:579} INFO - at org.apache.spark.sql.catalyst.rules.RuleExecutor.$anonfun$execute$1$adapted(RuleExecutor.scala:237)
[2026-04-03T08:24:22.867+0000] {spark_submit.py:579} INFO - at scala.collection.immutable.List.foreach(List.scala:323)
[2026-04-03T08:24:22.868+0000] {spark_submit.py:579} INFO - at org.apache.spark.sql.catalyst.rules.RuleExecutor.execute(RuleExecutor.scala:237)
[2026-04-03T08:24:22.868+0000] {spark_submit.py:579} INFO - at org.apache.spark.sql.catalyst.analysis.Analyzer.org$apache$spark$sql$catalyst$analysis$Analyzer$$executeSameContext(Analyzer.scala:343)
[2026-04-03T08:24:22.868+0000] {spark_submit.py:579} INFO - at org.apache.spark.sql.catalyst.analysis.Analyzer.$anonfun$execute$1(Analyzer.scala:339)
[2026-04-03T08:24:22.868+0000] {spark_submit.py:579} INFO - at org.apache.spark.sql.catalyst.analysis.AnalysisContext$.withNewAnalysisContext(Analyzer.scala:224)
[2026-04-03T08:24:22.869+0000] {spark_submit.py:579} INFO - at org.apache.spark.sql.catalyst.analysis.Analyzer.execute(Analyzer.scala:339)
[2026-04-03T08:24:22.869+0000] {spark_submit.py:579} INFO - at org.apache.spark.sql.catalyst.analysis.Analyzer.execute(Analyzer.scala:289)
[2026-04-03T08:24:22.869+0000] {spark_submit.py:579} INFO - at org.apache.spark.sql.catalyst.rules.RuleExecutor.$anonfun$executeAndTrack$1(RuleExecutor.scala:207)
[2026-04-03T08:24:22.869+0000] {spark_submit.py:579} INFO - at org.apache.spark.sql.catalyst.QueryPlanningTracker$.withTracker(QueryPlanningTracker.scala:89)
[2026-04-03T08:24:22.869+0000] {spark_submit.py:579} INFO - at org.apache.spark.sql.catalyst.rules.RuleExecutor.executeAndTrack(RuleExecutor.scala:207)
[2026-04-03T08:24:22.870+0000] {spark_submit.py:579} INFO - at org.apache.spark.sql.catalyst.analysis.resolver.HybridAnalyzer.resolveInFixedPoint(HybridAnalyzer.scala:236)
[2026-04-03T08:24:22.870+0000] {spark_submit.py:579} INFO - at org.apache.spark.sql.catalyst.analysis.resolver.HybridAnalyzer.$anonfun$apply$1(HybridAnalyzer.scala:91)
[2026-04-03T08:24:22.870+0000] {spark_submit.py:579} INFO - at org.apache.spark.sql.catalyst.analysis.resolver.HybridAnalyzer.withTrackedAnalyzerBridgeState(HybridAnalyzer.scala:122)
[2026-04-03T08:24:22.870+0000] {spark_submit.py:579} INFO - at org.apache.spark.sql.catalyst.analysis.resolver.HybridAnalyzer.apply(HybridAnalyzer.scala:84)
[2026-04-03T08:24:22.871+0000] {spark_submit.py:579} INFO - at org.apache.spark.sql.catalyst.analysis.Analyzer.$anonfun$executeAndCheck$1(Analyzer.scala:322)
[2026-04-03T08:24:22.871+0000] {spark_submit.py:579} INFO - at org.apache.spark.sql.catalyst.plans.logical.AnalysisHelper$.markInAnalyzer(AnalysisHelper.scala:423)
[2026-04-03T08:24:22.871+0000] {spark_submit.py:579} INFO - at org.apache.spark.sql.catalyst.analysis.Analyzer.executeAndCheck(Analyzer.scala:322)
[2026-04-03T08:24:22.871+0000] {spark_submit.py:579} INFO - at org.apache.spark.sql.execution.QueryExecution.$anonfun$lazyAnalyzed$2(QueryExecution.scala:139)
[2026-04-03T08:24:22.872+0000] {spark_submit.py:579} INFO - at org.apache.spark.sql.catalyst.QueryPlanningTracker.measurePhase(QueryPlanningTracker.scala:148)
[2026-04-03T08:24:22.872+0000] {spark_submit.py:579} INFO - at org.apache.spark.sql.execution.QueryExecution.$anonfun$executePhase$2(QueryExecution.scala:330)
[2026-04-03T08:24:22.872+0000] {spark_submit.py:579} INFO - at org.apache.spark.sql.execution.QueryExecution$.withInternalError(QueryExecution.scala:717)
[2026-04-03T08:24:22.872+0000] {spark_submit.py:579} INFO - at org.apache.spark.sql.execution.QueryExecution.$anonfun$executePhase$1(QueryExecution.scala:330)
[2026-04-03T08:24:22.872+0000] {spark_submit.py:579} INFO - at org.apache.spark.sql.SparkSession.withActive(SparkSession.scala:804)
[2026-04-03T08:24:22.873+0000] {spark_submit.py:579} INFO - at org.apache.spark.sql.execution.QueryExecution.executePhase(QueryExecution.scala:329)
[2026-04-03T08:24:22.873+0000] {spark_submit.py:579} INFO - at org.apache.spark.sql.execution.QueryExecution.$anonfun$lazyAnalyzed$1(QueryExecution.scala:139)
[2026-04-03T08:24:22.873+0000] {spark_submit.py:579} INFO - at scala.util.Try$.apply(Try.scala:217)
[2026-04-03T08:24:22.873+0000] {spark_submit.py:579} INFO - at org.apache.spark.util.Utils$.doTryWithCallerStacktrace(Utils.scala:1392)
[2026-04-03T08:24:22.874+0000] {spark_submit.py:579} INFO - at org.apache.spark.util.LazyTry.tryT$lzycompute(LazyTry.scala:46)
[2026-04-03T08:24:22.874+0000] {spark_submit.py:579} INFO - at org.apache.spark.util.LazyTry.tryT(LazyTry.scala:46)
[2026-04-03T08:24:22.874+0000] {spark_submit.py:579} INFO - at org.apache.spark.util.LazyTry.get(LazyTry.scala:58)
[2026-04-03T08:24:22.874+0000] {spark_submit.py:579} INFO - at org.apache.spark.sql.execution.QueryExecution.analyzed(QueryExecution.scala:150)
[2026-04-03T08:24:22.875+0000] {spark_submit.py:579} INFO - at org.apache.spark.sql.execution.QueryExecution.assertAnalyzed(QueryExecution.scala:90)
[2026-04-03T08:24:22.875+0000] {spark_submit.py:579} INFO - at org.apache.spark.sql.classic.Dataset$.$anonfun$ofRows$1(Dataset.scala:114)
[2026-04-03T08:24:22.875+0000] {spark_submit.py:579} INFO - at org.apache.spark.sql.SparkSession.withActive(SparkSession.scala:804)
[2026-04-03T08:24:22.875+0000] {spark_submit.py:579} INFO - at org.apache.spark.sql.classic.Dataset$.ofRows(Dataset.scala:112)
[2026-04-03T08:24:22.876+0000] {spark_submit.py:579} INFO - at org.apache.spark.sql.classic.DataFrameReader.load(DataFrameReader.scala:108)
[2026-04-03T08:24:22.876+0000] {spark_submit.py:579} INFO - at org.apache.spark.sql.classic.DataFrameReader.load(DataFrameReader.scala:57)
[2026-04-03T08:24:22.876+0000] {spark_submit.py:579} INFO - at org.apache.spark.sql.DataFrameReader.json(DataFrameReader.scala:296)
[2026-04-03T08:24:22.876+0000] {spark_submit.py:579} INFO - at org.apache.spark.sql.classic.DataFrameReader.json(DataFrameReader.scala:149)
[2026-04-03T08:24:22.877+0000] {spark_submit.py:579} INFO - at java.base/jdk.internal.reflect.NativeMethodAccessorImpl.invoke0(Native Method)
[2026-04-03T08:24:22.877+0000] {spark_submit.py:579} INFO - at java.base/jdk.internal.reflect.NativeMethodAccessorImpl.invoke(NativeMethodAccessorImpl.java:77)
[2026-04-03T08:24:22.877+0000] {spark_submit.py:579} INFO - at java.base/jdk.internal.reflect.DelegatingMethodAccessorImpl.invoke(DelegatingMethodAccessorImpl.java:43)
[2026-04-03T08:24:22.877+0000] {spark_submit.py:579} INFO - at java.base/java.lang.reflect.Method.invoke(Method.java:569)
[2026-04-03T08:24:22.878+0000] {spark_submit.py:579} INFO - at py4j.reflection.MethodInvoker.invoke(MethodInvoker.java:244)
[2026-04-03T08:24:22.878+0000] {spark_submit.py:579} INFO - at py4j.reflection.ReflectionEngine.invoke(ReflectionEngine.java:374)
[2026-04-03T08:24:22.878+0000] {spark_submit.py:579} INFO - at py4j.Gateway.invoke(Gateway.java:282)
[2026-04-03T08:24:22.878+0000] {spark_submit.py:579} INFO - at py4j.commands.AbstractCommand.invokeMethod(AbstractCommand.java:132)
[2026-04-03T08:24:22.879+0000] {spark_submit.py:579} INFO - at py4j.commands.CallCommand.execute(CallCommand.java:79)
[2026-04-03T08:24:22.879+0000] {spark_submit.py:579} INFO - at py4j.ClientServerConnection.waitForCommands(ClientServerConnection.java:184)
[2026-04-03T08:24:22.879+0000] {spark_submit.py:579} INFO - at py4j.ClientServerConnection.run(ClientServerConnection.java:108)
[2026-04-03T08:24:22.879+0000] {spark_submit.py:579} INFO - at java.base/java.lang.Thread.run(Thread.java:840)
[2026-04-03T08:24:22.991+0000] {spark_submit.py:579} INFO - 26/04/03 08:24:22 INFO HadoopFSUtils: Listing leaf files and directories in parallel under50 paths. The first several paths are: file:/data/raw/sensors/log_00562d.json, file:/data/raw/sensors/log_0170c3.json, file:/data/raw/sensors/log_028779.json, file:/data/raw/sensors/log_0394c3.json, file:/data/raw/sensors/log_16ba56.json, file:/data/raw/sensors/log_1f5f24.json, file:/data/raw/sensors/log_213236.json, file:/data/raw/sensors/log_25cef9.json, file:/data/raw/sensors/log_2b3ddf.json, file:/data/raw/sensors/log_32bc05.json.
[2026-04-03T08:24:23.147+0000] {spark_submit.py:579} INFO - 26/04/03 08:24:23 INFO StandaloneAppClient$ClientEndpoint: Executor updated: app-20260403082415-0008/1 is now EXITED (Command exited with code 1)
[2026-04-03T08:24:23.148+0000] {spark_submit.py:579} INFO - 26/04/03 08:24:23 INFO StandaloneSchedulerBackend: Executor app-20260403082415-0008/1 removed: Command exited with code 1
[2026-04-03T08:24:23.149+0000] {spark_submit.py:579} INFO - 26/04/03 08:24:23 INFO StandaloneAppClient$ClientEndpoint: Executor added: app-20260403082415-0008/2 on worker-20260403074029-172.20.0.2-43131 (172.20.0.2:43131) with 2 core(s)
[2026-04-03T08:24:23.150+0000] {spark_submit.py:579} INFO - 26/04/03 08:24:23 INFO StandaloneSchedulerBackend: Granted executor ID app-20260403082415-0008/2 on hostPort 172.20.0.2:43131 with 2 core(s), 1024.0 MiB RAM
[2026-04-03T08:24:23.150+0000] {spark_submit.py:579} INFO - 26/04/03 08:24:23 INFO BlockManagerMaster: Removal of executor 1 requested
[2026-04-03T08:24:23.151+0000] {spark_submit.py:579} INFO - 26/04/03 08:24:23 INFO BlockManagerMasterEndpoint: Trying to remove executor 1 from BlockManagerMaster.
[2026-04-03T08:24:23.151+0000] {spark_submit.py:579} INFO - 26/04/03 08:24:23 INFO BlockManagerMasterEndpoint: Removed 1 successfully in removeExecutor
[2026-04-03T08:24:23.152+0000] {spark_submit.py:579} INFO - 26/04/03 08:24:23 INFO StandaloneSchedulerBackend$StandaloneDriverEndpoint: Asked to remove non-existent executor 1
[2026-04-03T08:24:23.190+0000] {spark_submit.py:579} INFO - 26/04/03 08:24:23 INFO StandaloneAppClient$ClientEndpoint: Executor updated: app-20260403082415-0008/2 is now RUNNING
[2026-04-03T08:24:23.282+0000] {spark_submit.py:579} INFO - 26/04/03 08:24:23 INFO SparkContext: Starting job: json at NativeMethodAccessorImpl.java:0
[2026-04-03T08:24:23.311+0000] {spark_submit.py:579} INFO - 26/04/03 08:24:23 INFO DAGScheduler: Got job 0 (json at NativeMethodAccessorImpl.java:0) with 50 output partitions
[2026-04-03T08:24:23.312+0000] {spark_submit.py:579} INFO - 26/04/03 08:24:23 INFO DAGScheduler: Final stage: ResultStage 0 (json at NativeMethodAccessorImpl.java:0)
[2026-04-03T08:24:23.313+0000] {spark_submit.py:579} INFO - 26/04/03 08:24:23 INFO DAGScheduler: Parents of final stage: List()
[2026-04-03T08:24:23.317+0000] {spark_submit.py:579} INFO - 26/04/03 08:24:23 INFO DAGScheduler: Missing parents: List()
[2026-04-03T08:24:23.322+0000] {spark_submit.py:579} INFO - 26/04/03 08:24:23 INFO DAGScheduler: Missing parents found for ResultStage 0: List()
[2026-04-03T08:24:23.325+0000] {spark_submit.py:579} INFO - 26/04/03 08:24:23 INFO DAGScheduler: Submitting ResultStage 0 (MapPartitionsRDD[1] at json at NativeMethodAccessorImpl.java:0), which has no missing parents
[2026-04-03T08:24:23.402+0000] {spark_submit.py:579} INFO - 26/04/03 08:24:23 INFO MemoryStore: MemoryStore started with capacity 434.4 MiB
[2026-04-03T08:24:23.446+0000] {spark_submit.py:579} INFO - 26/04/03 08:24:23 INFO MemoryStore: Block broadcast_0 stored as values in memory (estimated size 115.0 KiB, free 434.3 MiB)
[2026-04-03T08:24:23.521+0000] {spark_submit.py:579} INFO - 26/04/03 08:24:23 INFO MemoryStore: Block broadcast_0_piece0 stored as bytes in memory (estimated size 41.5 KiB, free 434.2 MiB)
[2026-04-03T08:24:23.538+0000] {spark_submit.py:579} INFO - 26/04/03 08:24:23 INFO SparkContext: Created broadcast 0 from broadcast at DAGScheduler.scala:1686
[2026-04-03T08:24:23.588+0000] {spark_submit.py:579} INFO - 26/04/03 08:24:23 INFO DAGScheduler: Submitting 50 missing tasks from ResultStage 0 (MapPartitionsRDD[1] at json at NativeMethodAccessorImpl.java:0) (first 15 tasks are for partitions Vector(0, 1, 2, 3, 4, 5, 6, 7, 8, 9, 10, 11, 12, 13, 14))
[2026-04-03T08:24:23.592+0000] {spark_submit.py:579} INFO - 26/04/03 08:24:23 INFO TaskSchedulerImpl: Adding task set 0.0 with 50 tasks resource profile 0
[2026-04-03T08:24:26.359+0000] {spark_submit.py:579} INFO - 26/04/03 08:24:26 INFO StandaloneAppClient$ClientEndpoint: Executor updated: app-20260403082415-0008/2 is now EXITED (Command exited with code 1)
[2026-04-03T08:24:26.360+0000] {spark_submit.py:579} INFO - 26/04/03 08:24:26 INFO StandaloneSchedulerBackend: Executor app-20260403082415-0008/2 removed: Command exited with code 1
[2026-04-03T08:24:26.361+0000] {spark_submit.py:579} INFO - 26/04/03 08:24:26 INFO BlockManagerMasterEndpoint: Trying to remove executor 2 from BlockManagerMaster.
[2026-04-03T08:24:26.361+0000] {spark_submit.py:579} INFO - 26/04/03 08:24:26 INFO BlockManagerMaster: Removal of executor 2 requested
[2026-04-03T08:24:26.361+0000] {spark_submit.py:579} INFO - 26/04/03 08:24:26 INFO StandaloneAppClient$ClientEndpoint: Executor added: app-20260403082415-0008/3 on worker-20260403074029-172.20.0.2-43131 (172.20.0.2:43131) with 2 core(s)
[2026-04-03T08:24:26.361+0000] {spark_submit.py:579} INFO - 26/04/03 08:24:26 INFO BlockManagerMasterEndpoint: Removed 2 successfully in removeExecutor
[2026-04-03T08:24:26.362+0000] {spark_submit.py:579} INFO - 26/04/03 08:24:26 INFO StandaloneSchedulerBackend$StandaloneDriverEndpoint: Asked to remove non-existent executor 2
[2026-04-03T08:24:26.362+0000] {spark_submit.py:579} INFO - 26/04/03 08:24:26 INFO StandaloneSchedulerBackend: Granted executor ID app-20260403082415-0008/3 on hostPort 172.20.0.2:43131 with 2 core(s), 1024.0 MiB RAM
[2026-04-03T08:24:26.386+0000] {spark_submit.py:579} INFO - 26/04/03 08:24:26 INFO StandaloneAppClient$ClientEndpoint: Executor updated: app-20260403082415-0008/3 is now RUNNING
[2026-04-03T08:24:29.281+0000] {spark_submit.py:579} INFO - 26/04/03 08:24:29 INFO StandaloneAppClient$ClientEndpoint: Executor updated: app-20260403082415-0008/3 is now EXITED (Command exited with code 1)
[2026-04-03T08:24:29.282+0000] {spark_submit.py:579} INFO - 26/04/03 08:24:29 INFO StandaloneSchedulerBackend: Executor app-20260403082415-0008/3 removed: Command exited with code 1
[2026-04-03T08:24:29.282+0000] {spark_submit.py:579} INFO - 26/04/03 08:24:29 INFO StandaloneAppClient$ClientEndpoint: Executor added: app-20260403082415-0008/4 on worker-20260403074029-172.20.0.2-43131 (172.20.0.2:43131) with 2 core(s)
[2026-04-03T08:24:29.282+0000] {spark_submit.py:579} INFO - 26/04/03 08:24:29 INFO BlockManagerMasterEndpoint: Trying to remove executor 3 from BlockManagerMaster.
[2026-04-03T08:24:29.283+0000] {spark_submit.py:579} INFO - 26/04/03 08:24:29 INFO BlockManagerMaster: Removal of executor 3 requested
[2026-04-03T08:24:29.283+0000] {spark_submit.py:579} INFO - 26/04/03 08:24:29 INFO BlockManagerMasterEndpoint: Removed 3 successfully in removeExecutor
[2026-04-03T08:24:29.283+0000] {spark_submit.py:579} INFO - 26/04/03 08:24:29 INFO StandaloneSchedulerBackend: Granted executor ID app-20260403082415-0008/4 on hostPort 172.20.0.2:43131 with 2 core(s), 1024.0 MiB RAM
[2026-04-03T08:24:29.283+0000] {spark_submit.py:579} INFO - 26/04/03 08:24:29 INFO StandaloneSchedulerBackend$StandaloneDriverEndpoint: Asked to remove non-existent executor 3
[2026-04-03T08:24:29.305+0000] {spark_submit.py:579} INFO - 26/04/03 08:24:29 INFO StandaloneAppClient$ClientEndpoint: Executor updated: app-20260403082415-0008/4 is now RUNNING
[2026-04-03T08:24:32.326+0000] {spark_submit.py:579} INFO - 26/04/03 08:24:32 INFO StandaloneAppClient$ClientEndpoint: Executor updated: app-20260403082415-0008/4 is now EXITED (Command exited with code 1)
[2026-04-03T08:24:32.327+0000] {spark_submit.py:579} INFO - 26/04/03 08:24:32 INFO StandaloneSchedulerBackend: Executor app-20260403082415-0008/4 removed: Command exited with code 1
[2026-04-03T08:24:32.327+0000] {spark_submit.py:579} INFO - 26/04/03 08:24:32 INFO StandaloneAppClient$ClientEndpoint: Executor added: app-20260403082415-0008/5 on worker-20260403074029-172.20.0.2-43131 (172.20.0.2:43131) with 2 core(s)
[2026-04-03T08:24:32.328+0000] {spark_submit.py:579} INFO - 26/04/03 08:24:32 INFO BlockManagerMaster: Removal of executor 4 requested
[2026-04-03T08:24:32.328+0000] {spark_submit.py:579} INFO - 26/04/03 08:24:32 INFO BlockManagerMasterEndpoint: Trying to remove executor 4 from BlockManagerMaster.
[2026-04-03T08:24:32.328+0000] {spark_submit.py:579} INFO - 26/04/03 08:24:32 INFO BlockManagerMasterEndpoint: Removed 4 successfully in removeExecutor
[2026-04-03T08:24:32.328+0000] {spark_submit.py:579} INFO - 26/04/03 08:24:32 INFO StandaloneSchedulerBackend$StandaloneDriverEndpoint: Asked to remove non-existent executor 4
[2026-04-03T08:24:32.329+0000] {spark_submit.py:579} INFO - 26/04/03 08:24:32 INFO StandaloneSchedulerBackend: Granted executor ID app-20260403082415-0008/5 on hostPort 172.20.0.2:43131 with 2 core(s), 1024.0 MiB RAM
[2026-04-03T08:24:32.349+0000] {spark_submit.py:579} INFO - 26/04/03 08:24:32 INFO StandaloneAppClient$ClientEndpoint: Executor updated: app-20260403082415-0008/5 is now RUNNING
[2026-04-03T08:24:35.595+0000] {spark_submit.py:579} INFO - 26/04/03 08:24:35 INFO StandaloneAppClient$ClientEndpoint: Executor updated: app-20260403082415-0008/5 is now EXITED (Command exited with code 1)
[2026-04-03T08:24:35.596+0000] {spark_submit.py:579} INFO - 26/04/03 08:24:35 INFO StandaloneSchedulerBackend: Executor app-20260403082415-0008/5 removed: Command exited with code 1
[2026-04-03T08:24:35.596+0000] {spark_submit.py:579} INFO - 26/04/03 08:24:35 INFO BlockManagerMasterEndpoint: Trying to remove executor 5 from BlockManagerMaster.
[2026-04-03T08:24:35.596+0000] {spark_submit.py:579} INFO - 26/04/03 08:24:35 INFO StandaloneAppClient$ClientEndpoint: Executor added: app-20260403082415-0008/6 on worker-20260403074029-172.20.0.2-43131 (172.20.0.2:43131) with 2 core(s)
[2026-04-03T08:24:35.597+0000] {spark_submit.py:579} INFO - 26/04/03 08:24:35 INFO BlockManagerMaster: Removal of executor 5 requested
[2026-04-03T08:24:35.597+0000] {spark_submit.py:579} INFO - 26/04/03 08:24:35 INFO BlockManagerMasterEndpoint: Removed 5 successfully in removeExecutor
[2026-04-03T08:24:35.597+0000] {spark_submit.py:579} INFO - 26/04/03 08:24:35 INFO StandaloneSchedulerBackend: Granted executor ID app-20260403082415-0008/6 on hostPort 172.20.0.2:43131 with 2 core(s), 1024.0 MiB RAM
[2026-04-03T08:24:35.597+0000] {spark_submit.py:579} INFO - 26/04/03 08:24:35 INFO StandaloneSchedulerBackend$StandaloneDriverEndpoint: Asked to remove non-existent executor 5
[2026-04-03T08:24:35.619+0000] {spark_submit.py:579} INFO - 26/04/03 08:24:35 INFO StandaloneAppClient$ClientEndpoint: Executor updated: app-20260403082415-0008/6 is now RUNNING
[2026-04-03T08:24:38.611+0000] {spark_submit.py:579} INFO - 26/04/03 08:24:38 WARN TaskSchedulerImpl: Initial job has not accepted any resources; check your cluster UI to ensure that workers are registered and have sufficient resources
[2026-04-03T08:24:38.612+0000] {spark_submit.py:579} INFO - 26/04/03 08:24:38 INFO StandaloneAppClient$ClientEndpoint: Executor updated: app-20260403082415-0008/6 is now EXITED (Command exited with code 1)
[2026-04-03T08:24:38.613+0000] {spark_submit.py:579} INFO - 26/04/03 08:24:38 INFO StandaloneSchedulerBackend: Executor app-20260403082415-0008/6 removed: Command exited with code 1
[2026-04-03T08:24:38.613+0000] {spark_submit.py:579} INFO - 26/04/03 08:24:38 INFO BlockManagerMasterEndpoint: Trying to remove executor 6 from BlockManagerMaster.
[2026-04-03T08:24:38.613+0000] {spark_submit.py:579} INFO - 26/04/03 08:24:38 INFO BlockManagerMaster: Removal of executor 6 requested
[2026-04-03T08:24:38.614+0000] {spark_submit.py:579} INFO - 26/04/03 08:24:38 INFO BlockManagerMasterEndpoint: Removed 6 successfully in removeExecutor
[2026-04-03T08:24:38.614+0000] {spark_submit.py:579} INFO - 26/04/03 08:24:38 INFO StandaloneAppClient$ClientEndpoint: Executor added: app-20260403082415-0008/7 on worker-20260403074029-172.20.0.2-43131 (172.20.0.2:43131) with 2 core(s)
[2026-04-03T08:24:38.614+0000] {spark_submit.py:579} INFO - 26/04/03 08:24:38 INFO StandaloneSchedulerBackend$StandaloneDriverEndpoint: Asked to remove non-existent executor 6
[2026-04-03T08:24:38.614+0000] {spark_submit.py:579} INFO - 26/04/03 08:24:38 INFO StandaloneSchedulerBackend: Granted executor ID app-20260403082415-0008/7 on hostPort 172.20.0.2:43131 with 2 core(s), 1024.0 MiB RAM
[2026-04-03T08:24:38.638+0000] {spark_submit.py:579} INFO - 26/04/03 08:24:38 INFO StandaloneAppClient$ClientEndpoint: Executor updated: app-20260403082415-0008/7 is now RUNNING
[2026-04-03T08:24:41.615+0000] {spark_submit.py:579} INFO - 26/04/03 08:24:41 INFO StandaloneAppClient$ClientEndpoint: Executor updated: app-20260403082415-0008/7 is now EXITED (Command exited with code 1)
[2026-04-03T08:24:41.616+0000] {spark_submit.py:579} INFO - 26/04/03 08:24:41 INFO StandaloneSchedulerBackend: Executor app-20260403082415-0008/7 removed: Command exited with code 1
[2026-04-03T08:24:41.617+0000] {spark_submit.py:579} INFO - 26/04/03 08:24:41 INFO StandaloneAppClient$ClientEndpoint: Executor added: app-20260403082415-0008/8 on worker-20260403074029-172.20.0.2-43131 (172.20.0.2:43131) with 2 core(s)
[2026-04-03T08:24:41.617+0000] {spark_submit.py:579} INFO - 26/04/03 08:24:41 INFO BlockManagerMaster: Removal of executor 7 requested
[2026-04-03T08:24:41.618+0000] {spark_submit.py:579} INFO - 26/04/03 08:24:41 INFO BlockManagerMasterEndpoint: Trying to remove executor 7 from BlockManagerMaster.
[2026-04-03T08:24:41.618+0000] {spark_submit.py:579} INFO - 26/04/03 08:24:41 INFO StandaloneSchedulerBackend: Granted executor ID app-20260403082415-0008/8 on hostPort 172.20.0.2:43131 with 2 core(s), 1024.0 MiB RAM
[2026-04-03T08:24:41.618+0000] {spark_submit.py:579} INFO - 26/04/03 08:24:41 INFO StandaloneSchedulerBackend$StandaloneDriverEndpoint: Asked to remove non-existent executor 7
[2026-04-03T08:24:41.619+0000] {spark_submit.py:579} INFO - 26/04/03 08:24:41 INFO BlockManagerMasterEndpoint: Removed 7 successfully in removeExecutor
[2026-04-03T08:24:41.641+0000] {spark_submit.py:579} INFO - 26/04/03 08:24:41 INFO StandaloneAppClient$ClientEndpoint: Executor updated: app-20260403082415-0008/8 is now RUNNING
[2026-04-03T08:24:44.624+0000] {spark_submit.py:579} INFO - 26/04/03 08:24:44 INFO StandaloneAppClient$ClientEndpoint: Executor updated: app-20260403082415-0008/8 is now EXITED (Command exited with code 1)
[2026-04-03T08:24:44.625+0000] {spark_submit.py:579} INFO - 26/04/03 08:24:44 INFO StandaloneSchedulerBackend: Executor app-20260403082415-0008/8 removed: Command exited with code 1
[2026-04-03T08:24:44.625+0000] {spark_submit.py:579} INFO - 26/04/03 08:24:44 INFO BlockManagerMasterEndpoint: Trying to remove executor 8 from BlockManagerMaster.
[2026-04-03T08:24:44.626+0000] {spark_submit.py:579} INFO - 26/04/03 08:24:44 INFO BlockManagerMaster: Removal of executor 8 requested
[2026-04-03T08:24:44.626+0000] {spark_submit.py:579} INFO - 26/04/03 08:24:44 INFO BlockManagerMasterEndpoint: Removed 8 successfully in removeExecutor
[2026-04-03T08:24:44.627+0000] {spark_submit.py:579} INFO - 26/04/03 08:24:44 INFO StandaloneSchedulerBackend$StandaloneDriverEndpoint: Asked to remove non-existent executor 8
[2026-04-03T08:24:44.627+0000] {spark_submit.py:579} INFO - 26/04/03 08:24:44 INFO StandaloneAppClient$ClientEndpoint: Executor added: app-20260403082415-0008/9 on worker-20260403074029-172.20.0.2-43131 (172.20.0.2:43131) with 2 core(s)
[2026-04-03T08:24:44.627+0000] {spark_submit.py:579} INFO - 26/04/03 08:24:44 INFO StandaloneSchedulerBackend: Granted executor ID app-20260403082415-0008/9 on hostPort 172.20.0.2:43131 with 2 core(s), 1024.0 MiB RAM
[2026-04-03T08:24:44.648+0000] {spark_submit.py:579} INFO - 26/04/03 08:24:44 INFO StandaloneAppClient$ClientEndpoint: Executor updated: app-20260403082415-0008/9 is now RUNNING
[2026-04-03T08:24:47.689+0000] {spark_submit.py:579} INFO - 26/04/03 08:24:47 INFO StandaloneAppClient$ClientEndpoint: Executor updated: app-20260403082415-0008/9 is now EXITED (Command exited with code 1)
[2026-04-03T08:24:47.689+0000] {spark_submit.py:579} INFO - 26/04/03 08:24:47 INFO StandaloneSchedulerBackend: Executor app-20260403082415-0008/9 removed: Command exited with code 1
[2026-04-03T08:24:47.690+0000] {spark_submit.py:579} INFO - 26/04/03 08:24:47 INFO StandaloneAppClient$ClientEndpoint: Executor added: app-20260403082415-0008/10 on worker-20260403074029-172.20.0.2-43131 (172.20.0.2:43131) with 2 core(s)
[2026-04-03T08:24:47.690+0000] {spark_submit.py:579} INFO - 26/04/03 08:24:47 INFO BlockManagerMasterEndpoint: Trying to remove executor 9 from BlockManagerMaster.
[2026-04-03T08:24:47.690+0000] {spark_submit.py:579} INFO - 26/04/03 08:24:47 INFO BlockManagerMaster: Removal of executor 9 requested
[2026-04-03T08:24:47.691+0000] {spark_submit.py:579} INFO - 26/04/03 08:24:47 INFO BlockManagerMasterEndpoint: Removed 9 successfully in removeExecutor
[2026-04-03T08:24:47.691+0000] {spark_submit.py:579} INFO - 26/04/03 08:24:47 INFO StandaloneSchedulerBackend$StandaloneDriverEndpoint: Asked to remove non-existent executor 9
[2026-04-03T08:24:47.691+0000] {spark_submit.py:579} INFO - 26/04/03 08:24:47 INFO StandaloneSchedulerBackend: Granted executor ID app-20260403082415-0008/10 on hostPort 172.20.0.2:43131 with 2 core(s), 1024.0 MiB RAM
[2026-04-03T08:24:47.714+0000] {spark_submit.py:579} INFO - 26/04/03 08:24:47 INFO StandaloneAppClient$ClientEndpoint: Executor updated: app-20260403082415-0008/10 is now RUNNING
[2026-04-03T08:24:51.011+0000] {spark_submit.py:579} INFO - 26/04/03 08:24:51 INFO StandaloneAppClient$ClientEndpoint: Executor updated: app-20260403082415-0008/10 is now EXITED (Command exited with code 1)
[2026-04-03T08:24:51.012+0000] {spark_submit.py:579} INFO - 26/04/03 08:24:51 INFO StandaloneSchedulerBackend: Executor app-20260403082415-0008/10 removed: Command exited with code 1
[2026-04-03T08:24:51.012+0000] {spark_submit.py:579} INFO - 26/04/03 08:24:51 INFO StandaloneAppClient$ClientEndpoint: Executor added: app-20260403082415-0008/11 on worker-20260403074029-172.20.0.2-43131 (172.20.0.2:43131) with 2 core(s)
[2026-04-03T08:24:51.012+0000] {spark_submit.py:579} INFO - 26/04/03 08:24:51 INFO BlockManagerMaster: Removal of executor 10 requested
[2026-04-03T08:24:51.013+0000] {spark_submit.py:579} INFO - 26/04/03 08:24:51 INFO BlockManagerMasterEndpoint: Trying to remove executor 10 from BlockManagerMaster.
[2026-04-03T08:24:51.013+0000] {spark_submit.py:579} INFO - 26/04/03 08:24:51 INFO StandaloneSchedulerBackend$StandaloneDriverEndpoint: Asked to remove non-existent executor 10
[2026-04-03T08:24:51.013+0000] {spark_submit.py:579} INFO - 26/04/03 08:24:51 INFO BlockManagerMasterEndpoint: Removed 10 successfully in removeExecutor
[2026-04-03T08:24:51.013+0000] {spark_submit.py:579} INFO - 26/04/03 08:24:51 INFO StandaloneSchedulerBackend: Granted executor ID app-20260403082415-0008/11 on hostPort 172.20.0.2:43131 with 2 core(s), 1024.0 MiB RAM
[2026-04-03T08:24:51.034+0000] {spark_submit.py:579} INFO - 26/04/03 08:24:51 INFO StandaloneAppClient$ClientEndpoint: Executor updated: app-20260403082415-0008/11 is now RUNNING
[2026-04-03T08:24:53.611+0000] {spark_submit.py:579} INFO - 26/04/03 08:24:53 WARN TaskSchedulerImpl: Initial job has not accepted any resources; check your cluster UI to ensure that workers are registered and have sufficient resources
[2026-04-03T08:24:54.196+0000] {spark_submit.py:579} INFO - 26/04/03 08:24:54 INFO StandaloneAppClient$ClientEndpoint: Executor updated: app-20260403082415-0008/11 is now EXITED (Command exited with code 1)
[2026-04-03T08:24:54.197+0000] {spark_submit.py:579} INFO - 26/04/03 08:24:54 INFO StandaloneSchedulerBackend: Executor app-20260403082415-0008/11 removed: Command exited with code 1
[2026-04-03T08:24:54.198+0000] {spark_submit.py:579} INFO - 26/04/03 08:24:54 INFO BlockManagerMaster: Removal of executor 11 requested
[2026-04-03T08:24:54.198+0000] {spark_submit.py:579} INFO - 26/04/03 08:24:54 INFO BlockManagerMasterEndpoint: Trying to remove executor 11 from BlockManagerMaster.
[2026-04-03T08:24:54.199+0000] {spark_submit.py:579} INFO - 26/04/03 08:24:54 INFO StandaloneAppClient$ClientEndpoint: Executor added: app-20260403082415-0008/12 on worker-20260403074029-172.20.0.2-43131 (172.20.0.2:43131) with 2 core(s)
[2026-04-03T08:24:54.199+0000] {spark_submit.py:579} INFO - 26/04/03 08:24:54 INFO BlockManagerMasterEndpoint: Removed 11 successfully in removeExecutor
[2026-04-03T08:24:54.199+0000] {spark_submit.py:579} INFO - 26/04/03 08:24:54 INFO StandaloneSchedulerBackend$StandaloneDriverEndpoint: Asked to remove non-existent executor 11
[2026-04-03T08:24:54.200+0000] {spark_submit.py:579} INFO - 26/04/03 08:24:54 INFO StandaloneSchedulerBackend: Granted executor ID app-20260403082415-0008/12 on hostPort 172.20.0.2:43131 with 2 core(s), 1024.0 MiB RAM
[2026-04-03T08:24:54.225+0000] {spark_submit.py:579} INFO - 26/04/03 08:24:54 INFO StandaloneAppClient$ClientEndpoint: Executor updated: app-20260403082415-0008/12 is now RUNNING
[2026-04-03T08:24:57.252+0000] {spark_submit.py:579} INFO - 26/04/03 08:24:57 INFO StandaloneAppClient$ClientEndpoint: Executor updated: app-20260403082415-0008/12 is now EXITED (Command exited with code 1)
[2026-04-03T08:24:57.253+0000] {spark_submit.py:579} INFO - 26/04/03 08:24:57 INFO StandaloneSchedulerBackend: Executor app-20260403082415-0008/12 removed: Command exited with code 1
[2026-04-03T08:24:57.254+0000] {spark_submit.py:579} INFO - 26/04/03 08:24:57 INFO BlockManagerMasterEndpoint: Trying to remove executor 12 from BlockManagerMaster.
[2026-04-03T08:24:57.254+0000] {spark_submit.py:579} INFO - 26/04/03 08:24:57 INFO BlockManagerMaster: Removal of executor 12 requested
[2026-04-03T08:24:57.255+0000] {spark_submit.py:579} INFO - 26/04/03 08:24:57 INFO BlockManagerMasterEndpoint: Removed 12 successfully in removeExecutor
[2026-04-03T08:24:57.255+0000] {spark_submit.py:579} INFO - 26/04/03 08:24:57 INFO StandaloneSchedulerBackend$StandaloneDriverEndpoint: Asked to remove non-existent executor 12
[2026-04-03T08:24:57.255+0000] {spark_submit.py:579} INFO - 26/04/03 08:24:57 INFO StandaloneAppClient$ClientEndpoint: Executor added: app-20260403082415-0008/13 on worker-20260403074029-172.20.0.2-43131 (172.20.0.2:43131) with 2 core(s)
[2026-04-03T08:24:57.256+0000] {spark_submit.py:579} INFO - 26/04/03 08:24:57 INFO StandaloneSchedulerBackend: Granted executor ID app-20260403082415-0008/13 on hostPort 172.20.0.2:43131 with 2 core(s), 1024.0 MiB RAM
[2026-04-03T08:24:57.281+0000] {spark_submit.py:579} INFO - 26/04/03 08:24:57 INFO StandaloneAppClient$ClientEndpoint: Executor updated: app-20260403082415-0008/13 is now RUNNING
[2026-04-03T08:25:00.244+0000] {spark_submit.py:579} INFO - 26/04/03 08:25:00 INFO StandaloneAppClient$ClientEndpoint: Executor updated: app-20260403082415-0008/13 is now EXITED (Command exited with code 1)
[2026-04-03T08:25:00.245+0000] {spark_submit.py:579} INFO - 26/04/03 08:25:00 INFO StandaloneSchedulerBackend: Executor app-20260403082415-0008/13 removed: Command exited with code 1
[2026-04-03T08:25:00.245+0000] {spark_submit.py:579} INFO - 26/04/03 08:25:00 INFO StandaloneAppClient$ClientEndpoint: Executor added: app-20260403082415-0008/14 on worker-20260403074029-172.20.0.2-43131 (172.20.0.2:43131) with 2 core(s)
[2026-04-03T08:25:00.245+0000] {spark_submit.py:579} INFO - 26/04/03 08:25:00 INFO BlockManagerMaster: Removal of executor 13 requested
[2026-04-03T08:25:00.246+0000] {spark_submit.py:579} INFO - 26/04/03 08:25:00 INFO BlockManagerMasterEndpoint: Trying to remove executor 13 from BlockManagerMaster.
[2026-04-03T08:25:00.246+0000] {spark_submit.py:579} INFO - 26/04/03 08:25:00 INFO BlockManagerMasterEndpoint: Removed 13 successfully in removeExecutor
[2026-04-03T08:25:00.246+0000] {spark_submit.py:579} INFO - 26/04/03 08:25:00 INFO StandaloneSchedulerBackend$StandaloneDriverEndpoint: Asked to remove non-existent executor 13
[2026-04-03T08:25:00.246+0000] {spark_submit.py:579} INFO - 26/04/03 08:25:00 INFO StandaloneSchedulerBackend: Granted executor ID app-20260403082415-0008/14 on hostPort 172.20.0.2:43131 with 2 core(s), 1024.0 MiB RAM
[2026-04-03T08:25:00.268+0000] {spark_submit.py:579} INFO - 26/04/03 08:25:00 INFO StandaloneAppClient$ClientEndpoint: Executor updated: app-20260403082415-0008/14 is now RUNNING
[2026-04-03T08:25:03.475+0000] {spark_submit.py:579} INFO - 26/04/03 08:25:03 INFO StandaloneAppClient$ClientEndpoint: Executor updated: app-20260403082415-0008/14 is now EXITED (Command exited with code 1)
[2026-04-03T08:25:03.476+0000] {spark_submit.py:579} INFO - 26/04/03 08:25:03 INFO StandaloneSchedulerBackend: Executor app-20260403082415-0008/14 removed: Command exited with code 1
[2026-04-03T08:25:03.476+0000] {spark_submit.py:579} INFO - 26/04/03 08:25:03 INFO StandaloneAppClient$ClientEndpoint: Executor added: app-20260403082415-0008/15 on worker-20260403074029-172.20.0.2-43131 (172.20.0.2:43131) with 2 core(s)
[2026-04-03T08:25:03.476+0000] {spark_submit.py:579} INFO - 26/04/03 08:25:03 INFO BlockManagerMaster: Removal of executor 14 requested
[2026-04-03T08:25:03.477+0000] {spark_submit.py:579} INFO - 26/04/03 08:25:03 INFO BlockManagerMasterEndpoint: Trying to remove executor 14 from BlockManagerMaster.
[2026-04-03T08:25:03.477+0000] {spark_submit.py:579} INFO - 26/04/03 08:25:03 INFO BlockManagerMasterEndpoint: Removed 14 successfully in removeExecutor
[2026-04-03T08:25:03.477+0000] {spark_submit.py:579} INFO - 26/04/03 08:25:03 INFO StandaloneSchedulerBackend$StandaloneDriverEndpoint: Asked to remove non-existent executor 14
[2026-04-03T08:25:03.478+0000] {spark_submit.py:579} INFO - 26/04/03 08:25:03 INFO StandaloneSchedulerBackend: Granted executor ID app-20260403082415-0008/15 on hostPort 172.20.0.2:43131 with 2 core(s), 1024.0 MiB RAM
[2026-04-03T08:25:03.499+0000] {spark_submit.py:579} INFO - 26/04/03 08:25:03 INFO StandaloneAppClient$ClientEndpoint: Executor updated: app-20260403082415-0008/15 is now RUNNING
[2026-04-03T08:25:06.558+0000] {spark_submit.py:579} INFO - 26/04/03 08:25:06 INFO StandaloneAppClient$ClientEndpoint: Executor updated: app-20260403082415-0008/15 is now EXITED (Command exited with code 1)
[2026-04-03T08:25:06.559+0000] {spark_submit.py:579} INFO - 26/04/03 08:25:06 INFO StandaloneSchedulerBackend: Executor app-20260403082415-0008/15 removed: Command exited with code 1
[2026-04-03T08:25:06.560+0000] {spark_submit.py:579} INFO - 26/04/03 08:25:06 INFO StandaloneAppClient$ClientEndpoint: Executor added: app-20260403082415-0008/16 on worker-20260403074029-172.20.0.2-43131 (172.20.0.2:43131) with 2 core(s)
[2026-04-03T08:25:06.560+0000] {spark_submit.py:579} INFO - 26/04/03 08:25:06 INFO BlockManagerMaster: Removal of executor 15 requested
[2026-04-03T08:25:06.560+0000] {spark_submit.py:579} INFO - 26/04/03 08:25:06 INFO BlockManagerMasterEndpoint: Trying to remove executor 15 from BlockManagerMaster.
[2026-04-03T08:25:06.562+0000] {spark_submit.py:579} INFO - 26/04/03 08:25:06 INFO BlockManagerMasterEndpoint: Removed 15 successfully in removeExecutor
[2026-04-03T08:25:06.563+0000] {spark_submit.py:579} INFO - 26/04/03 08:25:06 INFO StandaloneSchedulerBackend$StandaloneDriverEndpoint: Asked to remove non-existent executor 15
[2026-04-03T08:25:06.565+0000] {spark_submit.py:579} INFO - 26/04/03 08:25:06 INFO StandaloneSchedulerBackend: Granted executor ID app-20260403082415-0008/16 on hostPort 172.20.0.2:43131 with 2 core(s), 1024.0 MiB RAM
[2026-04-03T08:25:06.586+0000] {spark_submit.py:579} INFO - 26/04/03 08:25:06 INFO StandaloneAppClient$ClientEndpoint: Executor updated: app-20260403082415-0008/16 is now RUNNING
[2026-04-03T08:25:08.611+0000] {spark_submit.py:579} INFO - 26/04/03 08:25:08 WARN TaskSchedulerImpl: Initial job has not accepted any resources; check your cluster UI to ensure that workers are registered and have sufficient resources
[2026-04-03T08:25:09.643+0000] {spark_submit.py:579} INFO - 26/04/03 08:25:09 INFO StandaloneAppClient$ClientEndpoint: Executor updated: app-20260403082415-0008/16 is now EXITED (Command exited with code 1)
[2026-04-03T08:25:09.644+0000] {spark_submit.py:579} INFO - 26/04/03 08:25:09 INFO StandaloneSchedulerBackend: Executor app-20260403082415-0008/16 removed: Command exited with code 1
[2026-04-03T08:25:09.645+0000] {spark_submit.py:579} INFO - 26/04/03 08:25:09 INFO StandaloneAppClient$ClientEndpoint: Executor added: app-20260403082415-0008/17 on worker-20260403074029-172.20.0.2-43131 (172.20.0.2:43131) with 2 core(s)
[2026-04-03T08:25:09.645+0000] {spark_submit.py:579} INFO - 26/04/03 08:25:09 INFO BlockManagerMasterEndpoint: Trying to remove executor 16 from BlockManagerMaster.
[2026-04-03T08:25:09.646+0000] {spark_submit.py:579} INFO - 26/04/03 08:25:09 INFO BlockManagerMasterEndpoint: Removed 16 successfully in removeExecutor
[2026-04-03T08:25:09.646+0000] {spark_submit.py:579} INFO - 26/04/03 08:25:09 INFO BlockManagerMaster: Removal of executor 16 requested
[2026-04-03T08:25:09.646+0000] {spark_submit.py:579} INFO - 26/04/03 08:25:09 INFO StandaloneSchedulerBackend: Granted executor ID app-20260403082415-0008/17 on hostPort 172.20.0.2:43131 with 2 core(s), 1024.0 MiB RAM
[2026-04-03T08:25:09.647+0000] {spark_submit.py:579} INFO - 26/04/03 08:25:09 INFO StandaloneSchedulerBackend$StandaloneDriverEndpoint: Asked to remove non-existent executor 16
[2026-04-03T08:25:09.674+0000] {spark_submit.py:579} INFO - 26/04/03 08:25:09 INFO StandaloneAppClient$ClientEndpoint: Executor updated: app-20260403082415-0008/17 is now RUNNING
[2026-04-03T08:25:12.895+0000] {spark_submit.py:579} INFO - 26/04/03 08:25:12 INFO StandaloneAppClient$ClientEndpoint: Executor updated: app-20260403082415-0008/17 is now EXITED (Command exited with code 1)
[2026-04-03T08:25:12.896+0000] {spark_submit.py:579} INFO - 26/04/03 08:25:12 INFO StandaloneSchedulerBackend: Executor app-20260403082415-0008/17 removed: Command exited with code 1
[2026-04-03T08:25:12.897+0000] {spark_submit.py:579} INFO - 26/04/03 08:25:12 INFO StandaloneAppClient$ClientEndpoint: Executor added: app-20260403082415-0008/18 on worker-20260403074029-172.20.0.2-43131 (172.20.0.2:43131) with 2 core(s)
[2026-04-03T08:25:12.897+0000] {spark_submit.py:579} INFO - 26/04/03 08:25:12 INFO BlockManagerMaster: Removal of executor 17 requested
[2026-04-03T08:25:12.897+0000] {spark_submit.py:579} INFO - 26/04/03 08:25:12 INFO BlockManagerMasterEndpoint: Trying to remove executor 17 from BlockManagerMaster.
[2026-04-03T08:25:12.898+0000] {spark_submit.py:579} INFO - 26/04/03 08:25:12 INFO BlockManagerMasterEndpoint: Removed 17 successfully in removeExecutor
[2026-04-03T08:25:12.898+0000] {spark_submit.py:579} INFO - 26/04/03 08:25:12 INFO StandaloneSchedulerBackend$StandaloneDriverEndpoint: Asked to remove non-existent executor 17
[2026-04-03T08:25:12.898+0000] {spark_submit.py:579} INFO - 26/04/03 08:25:12 INFO StandaloneSchedulerBackend: Granted executor ID app-20260403082415-0008/18 on hostPort 172.20.0.2:43131 with 2 core(s), 1024.0 MiB RAM
[2026-04-03T08:25:12.921+0000] {spark_submit.py:579} INFO - 26/04/03 08:25:12 INFO StandaloneAppClient$ClientEndpoint: Executor updated: app-20260403082415-0008/18 is now RUNNING
[2026-04-03T08:25:15.985+0000] {spark_submit.py:579} INFO - 26/04/03 08:25:15 INFO StandaloneAppClient$ClientEndpoint: Executor updated: app-20260403082415-0008/18 is now EXITED (Command exited with code 1)
[2026-04-03T08:25:15.986+0000] {spark_submit.py:579} INFO - 26/04/03 08:25:15 INFO StandaloneSchedulerBackend: Executor app-20260403082415-0008/18 removed: Command exited with code 1
[2026-04-03T08:25:15.986+0000] {spark_submit.py:579} INFO - 26/04/03 08:25:15 INFO BlockManagerMasterEndpoint: Trying to remove executor 18 from BlockManagerMaster.
[2026-04-03T08:25:15.987+0000] {spark_submit.py:579} INFO - 26/04/03 08:25:15 INFO BlockManagerMaster: Removal of executor 18 requested
[2026-04-03T08:25:15.988+0000] {spark_submit.py:579} INFO - 26/04/03 08:25:15 INFO StandaloneAppClient$ClientEndpoint: Executor added: app-20260403082415-0008/19 on worker-20260403074029-172.20.0.2-43131 (172.20.0.2:43131) with 2 core(s)
[2026-04-03T08:25:15.988+0000] {spark_submit.py:579} INFO - 26/04/03 08:25:15 INFO BlockManagerMasterEndpoint: Removed 18 successfully in removeExecutor
[2026-04-03T08:25:15.989+0000] {spark_submit.py:579} INFO - 26/04/03 08:25:15 INFO StandaloneSchedulerBackend$StandaloneDriverEndpoint: Asked to remove non-existent executor 18
[2026-04-03T08:25:15.989+0000] {spark_submit.py:579} INFO - 26/04/03 08:25:15 INFO StandaloneSchedulerBackend: Granted executor ID app-20260403082415-0008/19 on hostPort 172.20.0.2:43131 with 2 core(s), 1024.0 MiB RAM
[2026-04-03T08:25:16.011+0000] {spark_submit.py:579} INFO - 26/04/03 08:25:16 INFO StandaloneAppClient$ClientEndpoint: Executor updated: app-20260403082415-0008/19 is now RUNNING
[2026-04-03T08:25:19.181+0000] {spark_submit.py:579} INFO - 26/04/03 08:25:19 INFO StandaloneAppClient$ClientEndpoint: Executor updated: app-20260403082415-0008/19 is now EXITED (Command exited with code 1)
[2026-04-03T08:25:19.181+0000] {spark_submit.py:579} INFO - 26/04/03 08:25:19 INFO StandaloneSchedulerBackend: Executor app-20260403082415-0008/19 removed: Command exited with code 1
[2026-04-03T08:25:19.182+0000] {spark_submit.py:579} INFO - 26/04/03 08:25:19 INFO BlockManagerMaster: Removal of executor 19 requested
[2026-04-03T08:25:19.182+0000] {spark_submit.py:579} INFO - 26/04/03 08:25:19 INFO BlockManagerMasterEndpoint: Trying to remove executor 19 from BlockManagerMaster.
[2026-04-03T08:25:19.182+0000] {spark_submit.py:579} INFO - 26/04/03 08:25:19 INFO StandaloneAppClient$ClientEndpoint: Executor added: app-20260403082415-0008/20 on worker-20260403074029-172.20.0.2-43131 (172.20.0.2:43131) with 2 core(s)
[2026-04-03T08:25:19.182+0000] {spark_submit.py:579} INFO - 26/04/03 08:25:19 INFO BlockManagerMasterEndpoint: Removed 19 successfully in removeExecutor
[2026-04-03T08:25:19.183+0000] {spark_submit.py:579} INFO - 26/04/03 08:25:19 INFO StandaloneSchedulerBackend$StandaloneDriverEndpoint: Asked to remove non-existent executor 19
[2026-04-03T08:25:19.183+0000] {spark_submit.py:579} INFO - 26/04/03 08:25:19 INFO StandaloneSchedulerBackend: Granted executor ID app-20260403082415-0008/20 on hostPort 172.20.0.2:43131 with 2 core(s), 1024.0 MiB RAM
[2026-04-03T08:25:19.206+0000] {spark_submit.py:579} INFO - 26/04/03 08:25:19 INFO StandaloneAppClient$ClientEndpoint: Executor updated: app-20260403082415-0008/20 is now RUNNING
[2026-04-03T08:25:22.295+0000] {spark_submit.py:579} INFO - 26/04/03 08:25:22 INFO StandaloneAppClient$ClientEndpoint: Executor updated: app-20260403082415-0008/20 is now EXITED (Command exited with code 1)
[2026-04-03T08:25:22.296+0000] {spark_submit.py:579} INFO - 26/04/03 08:25:22 INFO StandaloneSchedulerBackend: Executor app-20260403082415-0008/20 removed: Command exited with code 1
[2026-04-03T08:25:22.297+0000] {spark_submit.py:579} INFO - 26/04/03 08:25:22 INFO BlockManagerMaster: Removal of executor 20 requested
[2026-04-03T08:25:22.297+0000] {spark_submit.py:579} INFO - 26/04/03 08:25:22 INFO BlockManagerMasterEndpoint: Trying to remove executor 20 from BlockManagerMaster.
[2026-04-03T08:25:22.297+0000] {spark_submit.py:579} INFO - 26/04/03 08:25:22 INFO StandaloneAppClient$ClientEndpoint: Executor added: app-20260403082415-0008/21 on worker-20260403074029-172.20.0.2-43131 (172.20.0.2:43131) with 2 core(s)
[2026-04-03T08:25:22.298+0000] {spark_submit.py:579} INFO - 26/04/03 08:25:22 INFO BlockManagerMasterEndpoint: Removed 20 successfully in removeExecutor
[2026-04-03T08:25:22.298+0000] {spark_submit.py:579} INFO - 26/04/03 08:25:22 INFO StandaloneSchedulerBackend$StandaloneDriverEndpoint: Asked to remove non-existent executor 20
[2026-04-03T08:25:22.298+0000] {spark_submit.py:579} INFO - 26/04/03 08:25:22 INFO StandaloneSchedulerBackend: Granted executor ID app-20260403082415-0008/21 on hostPort 172.20.0.2:43131 with 2 core(s), 1024.0 MiB RAM
[2026-04-03T08:25:22.322+0000] {spark_submit.py:579} INFO - 26/04/03 08:25:22 INFO StandaloneAppClient$ClientEndpoint: Executor updated: app-20260403082415-0008/21 is now RUNNING
[2026-04-03T08:25:23.611+0000] {spark_submit.py:579} INFO - 26/04/03 08:25:23 WARN TaskSchedulerImpl: Initial job has not accepted any resources; check your cluster UI to ensure that workers are registered and have sufficient resources
[2026-04-03T08:25:25.589+0000] {spark_submit.py:579} INFO - 26/04/03 08:25:25 INFO StandaloneAppClient$ClientEndpoint: Executor updated: app-20260403082415-0008/21 is now EXITED (Command exited with code 1)
[2026-04-03T08:25:25.590+0000] {spark_submit.py:579} INFO - 26/04/03 08:25:25 INFO StandaloneSchedulerBackend: Executor app-20260403082415-0008/21 removed: Command exited with code 1
[2026-04-03T08:25:25.591+0000] {spark_submit.py:579} INFO - 26/04/03 08:25:25 INFO StandaloneAppClient$ClientEndpoint: Executor added: app-20260403082415-0008/22 on worker-20260403074029-172.20.0.2-43131 (172.20.0.2:43131) with 2 core(s)
[2026-04-03T08:25:25.591+0000] {spark_submit.py:579} INFO - 26/04/03 08:25:25 INFO StandaloneSchedulerBackend: Granted executor ID app-20260403082415-0008/22 on hostPort 172.20.0.2:43131 with 2 core(s), 1024.0 MiB RAM
[2026-04-03T08:25:25.592+0000] {spark_submit.py:579} INFO - 26/04/03 08:25:25 INFO BlockManagerMaster: Removal of executor 21 requested
[2026-04-03T08:25:25.592+0000] {spark_submit.py:579} INFO - 26/04/03 08:25:25 INFO BlockManagerMasterEndpoint: Trying to remove executor 21 from BlockManagerMaster.
[2026-04-03T08:25:25.592+0000] {spark_submit.py:579} INFO - 26/04/03 08:25:25 INFO BlockManagerMasterEndpoint: Removed 21 successfully in removeExecutor
[2026-04-03T08:25:25.593+0000] {spark_submit.py:579} INFO - 26/04/03 08:25:25 INFO StandaloneSchedulerBackend$StandaloneDriverEndpoint: Asked to remove non-existent executor 21
[2026-04-03T08:25:25.612+0000] {spark_submit.py:579} INFO - 26/04/03 08:25:25 INFO StandaloneAppClient$ClientEndpoint: Executor updated: app-20260403082415-0008/22 is now RUNNING
[2026-04-03T08:25:28.728+0000] {spark_submit.py:579} INFO - 26/04/03 08:25:28 INFO StandaloneAppClient$ClientEndpoint: Executor updated: app-20260403082415-0008/22 is now EXITED (Command exited with code 1)
[2026-04-03T08:25:28.728+0000] {spark_submit.py:579} INFO - 26/04/03 08:25:28 INFO StandaloneSchedulerBackend: Executor app-20260403082415-0008/22 removed: Command exited with code 1
[2026-04-03T08:25:28.729+0000] {spark_submit.py:579} INFO - 26/04/03 08:25:28 INFO StandaloneAppClient$ClientEndpoint: Executor added: app-20260403082415-0008/23 on worker-20260403074029-172.20.0.2-43131 (172.20.0.2:43131) with 2 core(s)
[2026-04-03T08:25:28.729+0000] {spark_submit.py:579} INFO - 26/04/03 08:25:28 INFO BlockManagerMaster: Removal of executor 22 requested
[2026-04-03T08:25:28.729+0000] {spark_submit.py:579} INFO - 26/04/03 08:25:28 INFO BlockManagerMasterEndpoint: Trying to remove executor 22 from BlockManagerMaster.
[2026-04-03T08:25:28.730+0000] {spark_submit.py:579} INFO - 26/04/03 08:25:28 INFO StandaloneSchedulerBackend$StandaloneDriverEndpoint: Asked to remove non-existent executor 22
[2026-04-03T08:25:28.730+0000] {spark_submit.py:579} INFO - 26/04/03 08:25:28 INFO StandaloneSchedulerBackend: Granted executor ID app-20260403082415-0008/23 on hostPort 172.20.0.2:43131 with 2 core(s), 1024.0 MiB RAM
[2026-04-03T08:25:28.730+0000] {spark_submit.py:579} INFO - 26/04/03 08:25:28 INFO BlockManagerMasterEndpoint: Removed 22 successfully in removeExecutor
[2026-04-03T08:25:28.752+0000] {spark_submit.py:579} INFO - 26/04/03 08:25:28 INFO StandaloneAppClient$ClientEndpoint: Executor updated: app-20260403082415-0008/23 is now RUNNING
[2026-04-03T08:25:31.884+0000] {spark_submit.py:579} INFO - 26/04/03 08:25:31 INFO StandaloneAppClient$ClientEndpoint: Executor updated: app-20260403082415-0008/23 is now EXITED (Command exited with code 1)
[2026-04-03T08:25:31.885+0000] {spark_submit.py:579} INFO - 26/04/03 08:25:31 INFO StandaloneSchedulerBackend: Executor app-20260403082415-0008/23 removed: Command exited with code 1
[2026-04-03T08:25:31.885+0000] {spark_submit.py:579} INFO - 26/04/03 08:25:31 INFO StandaloneAppClient$ClientEndpoint: Executor added: app-20260403082415-0008/24 on worker-20260403074029-172.20.0.2-43131 (172.20.0.2:43131) with 2 core(s)
[2026-04-03T08:25:31.886+0000] {spark_submit.py:579} INFO - 26/04/03 08:25:31 INFO StandaloneSchedulerBackend: Granted executor ID app-20260403082415-0008/24 on hostPort 172.20.0.2:43131 with 2 core(s), 1024.0 MiB RAM
[2026-04-03T08:25:31.886+0000] {spark_submit.py:579} INFO - 26/04/03 08:25:31 INFO BlockManagerMaster: Removal of executor 23 requested
[2026-04-03T08:25:31.886+0000] {spark_submit.py:579} INFO - 26/04/03 08:25:31 INFO BlockManagerMasterEndpoint: Trying to remove executor 23 from BlockManagerMaster.
[2026-04-03T08:25:31.887+0000] {spark_submit.py:579} INFO - 26/04/03 08:25:31 INFO BlockManagerMasterEndpoint: Removed 23 successfully in removeExecutor
[2026-04-03T08:25:31.887+0000] {spark_submit.py:579} INFO - 26/04/03 08:25:31 INFO StandaloneSchedulerBackend$StandaloneDriverEndpoint: Asked to remove non-existent executor 23
[2026-04-03T08:25:31.909+0000] {spark_submit.py:579} INFO - 26/04/03 08:25:31 INFO StandaloneAppClient$ClientEndpoint: Executor updated: app-20260403082415-0008/24 is now RUNNING
[2026-04-03T08:25:34.981+0000] {spark_submit.py:579} INFO - 26/04/03 08:25:34 INFO StandaloneAppClient$ClientEndpoint: Executor updated: app-20260403082415-0008/24 is now EXITED (Command exited with code 1)
[2026-04-03T08:25:34.982+0000] {spark_submit.py:579} INFO - 26/04/03 08:25:34 INFO StandaloneSchedulerBackend: Executor app-20260403082415-0008/24 removed: Command exited with code 1
[2026-04-03T08:25:34.982+0000] {spark_submit.py:579} INFO - 26/04/03 08:25:34 INFO StandaloneAppClient$ClientEndpoint: Executor added: app-20260403082415-0008/25 on worker-20260403074029-172.20.0.2-43131 (172.20.0.2:43131) with 2 core(s)
[2026-04-03T08:25:34.983+0000] {spark_submit.py:579} INFO - 26/04/03 08:25:34 INFO BlockManagerMasterEndpoint: Trying to remove executor 24 from BlockManagerMaster.
[2026-04-03T08:25:34.983+0000] {spark_submit.py:579} INFO - 26/04/03 08:25:34 INFO BlockManagerMaster: Removal of executor 24 requested
[2026-04-03T08:25:34.983+0000] {spark_submit.py:579} INFO - 26/04/03 08:25:34 INFO StandaloneSchedulerBackend: Granted executor ID app-20260403082415-0008/25 on hostPort 172.20.0.2:43131 with 2 core(s), 1024.0 MiB RAM
[2026-04-03T08:25:34.983+0000] {spark_submit.py:579} INFO - 26/04/03 08:25:34 INFO BlockManagerMasterEndpoint: Removed 24 successfully in removeExecutor
[2026-04-03T08:25:34.984+0000] {spark_submit.py:579} INFO - 26/04/03 08:25:34 INFO StandaloneSchedulerBackend$StandaloneDriverEndpoint: Asked to remove non-existent executor 24
[2026-04-03T08:25:35.005+0000] {spark_submit.py:579} INFO - 26/04/03 08:25:35 INFO StandaloneAppClient$ClientEndpoint: Executor updated: app-20260403082415-0008/25 is now RUNNING
[2026-04-03T08:25:38.145+0000] {spark_submit.py:579} INFO - 26/04/03 08:25:38 INFO StandaloneAppClient$ClientEndpoint: Executor updated: app-20260403082415-0008/25 is now EXITED (Command exited with code 1)
[2026-04-03T08:25:38.146+0000] {spark_submit.py:579} INFO - 26/04/03 08:25:38 INFO StandaloneSchedulerBackend: Executor app-20260403082415-0008/25 removed: Command exited with code 1
[2026-04-03T08:25:38.146+0000] {spark_submit.py:579} INFO - 26/04/03 08:25:38 INFO BlockManagerMaster: Removal of executor 25 requested
[2026-04-03T08:25:38.146+0000] {spark_submit.py:579} INFO - 26/04/03 08:25:38 INFO BlockManagerMasterEndpoint: Trying to remove executor 25 from BlockManagerMaster.
[2026-04-03T08:25:38.147+0000] {spark_submit.py:579} INFO - 26/04/03 08:25:38 INFO StandaloneAppClient$ClientEndpoint: Executor added: app-20260403082415-0008/26 on worker-20260403074029-172.20.0.2-43131 (172.20.0.2:43131) with 2 core(s)
[2026-04-03T08:25:38.147+0000] {spark_submit.py:579} INFO - 26/04/03 08:25:38 INFO StandaloneSchedulerBackend$StandaloneDriverEndpoint: Asked to remove non-existent executor 25
[2026-04-03T08:25:38.147+0000] {spark_submit.py:579} INFO - 26/04/03 08:25:38 INFO BlockManagerMasterEndpoint: Removed 25 successfully in removeExecutor
[2026-04-03T08:25:38.147+0000] {spark_submit.py:579} INFO - 26/04/03 08:25:38 INFO StandaloneSchedulerBackend: Granted executor ID app-20260403082415-0008/26 on hostPort 172.20.0.2:43131 with 2 core(s), 1024.0 MiB RAM
[2026-04-03T08:25:38.175+0000] {spark_submit.py:579} INFO - 26/04/03 08:25:38 INFO StandaloneAppClient$ClientEndpoint: Executor updated: app-20260403082415-0008/26 is now RUNNING
[2026-04-03T08:25:38.611+0000] {spark_submit.py:579} INFO - 26/04/03 08:25:38 WARN TaskSchedulerImpl: Initial job has not accepted any resources; check your cluster UI to ensure that workers are registered and have sufficient resources
[2026-04-03T08:25:41.233+0000] {spark_submit.py:579} INFO - 26/04/03 08:25:41 INFO StandaloneAppClient$ClientEndpoint: Executor updated: app-20260403082415-0008/26 is now EXITED (Command exited with code 1)
[2026-04-03T08:25:41.234+0000] {spark_submit.py:579} INFO - 26/04/03 08:25:41 INFO StandaloneSchedulerBackend: Executor app-20260403082415-0008/26 removed: Command exited with code 1
[2026-04-03T08:25:41.235+0000] {spark_submit.py:579} INFO - 26/04/03 08:25:41 INFO StandaloneAppClient$ClientEndpoint: Executor added: app-20260403082415-0008/27 on worker-20260403074029-172.20.0.2-43131 (172.20.0.2:43131) with 2 core(s)
[2026-04-03T08:25:41.235+0000] {spark_submit.py:579} INFO - 26/04/03 08:25:41 INFO BlockManagerMasterEndpoint: Trying to remove executor 26 from BlockManagerMaster.
[2026-04-03T08:25:41.235+0000] {spark_submit.py:579} INFO - 26/04/03 08:25:41 INFO BlockManagerMasterEndpoint: Removed 26 successfully in removeExecutor
[2026-04-03T08:25:41.236+0000] {spark_submit.py:579} INFO - 26/04/03 08:25:41 INFO BlockManagerMaster: Removal of executor 26 requested
[2026-04-03T08:25:41.236+0000] {spark_submit.py:579} INFO - 26/04/03 08:25:41 INFO StandaloneSchedulerBackend: Granted executor ID app-20260403082415-0008/27 on hostPort 172.20.0.2:43131 with 2 core(s), 1024.0 MiB RAM
[2026-04-03T08:25:41.236+0000] {spark_submit.py:579} INFO - 26/04/03 08:25:41 INFO StandaloneSchedulerBackend$StandaloneDriverEndpoint: Asked to remove non-existent executor 26
[2026-04-03T08:25:41.261+0000] {spark_submit.py:579} INFO - 26/04/03 08:25:41 INFO StandaloneAppClient$ClientEndpoint: Executor updated: app-20260403082415-0008/27 is now RUNNING
[2026-04-03T08:25:44.410+0000] {spark_submit.py:579} INFO - 26/04/03 08:25:44 INFO StandaloneAppClient$ClientEndpoint: Executor updated: app-20260403082415-0008/27 is now EXITED (Command exited with code 1)
[2026-04-03T08:25:44.411+0000] {spark_submit.py:579} INFO - 26/04/03 08:25:44 INFO StandaloneSchedulerBackend: Executor app-20260403082415-0008/27 removed: Command exited with code 1
[2026-04-03T08:25:44.411+0000] {spark_submit.py:579} INFO - 26/04/03 08:25:44 INFO BlockManagerMasterEndpoint: Trying to remove executor 27 from BlockManagerMaster.
[2026-04-03T08:25:44.412+0000] {spark_submit.py:579} INFO - 26/04/03 08:25:44 INFO BlockManagerMaster: Removal of executor 27 requested
[2026-04-03T08:25:44.412+0000] {spark_submit.py:579} INFO - 26/04/03 08:25:44 INFO StandaloneAppClient$ClientEndpoint: Executor added: app-20260403082415-0008/28 on worker-20260403074029-172.20.0.2-43131 (172.20.0.2:43131) with 2 core(s)
[2026-04-03T08:25:44.412+0000] {spark_submit.py:579} INFO - 26/04/03 08:25:44 INFO BlockManagerMasterEndpoint: Removed 27 successfully in removeExecutor
[2026-04-03T08:25:44.413+0000] {spark_submit.py:579} INFO - 26/04/03 08:25:44 INFO StandaloneSchedulerBackend$StandaloneDriverEndpoint: Asked to remove non-existent executor 27
[2026-04-03T08:25:44.413+0000] {spark_submit.py:579} INFO - 26/04/03 08:25:44 INFO StandaloneSchedulerBackend: Granted executor ID app-20260403082415-0008/28 on hostPort 172.20.0.2:43131 with 2 core(s), 1024.0 MiB RAM
[2026-04-03T08:25:44.435+0000] {spark_submit.py:579} INFO - 26/04/03 08:25:44 INFO StandaloneAppClient$ClientEndpoint: Executor updated: app-20260403082415-0008/28 is now RUNNING
[2026-04-03T08:25:47.455+0000] {spark_submit.py:579} INFO - 26/04/03 08:25:47 INFO StandaloneAppClient$ClientEndpoint: Executor updated: app-20260403082415-0008/28 is now EXITED (Command exited with code 1)
[2026-04-03T08:25:47.456+0000] {spark_submit.py:579} INFO - 26/04/03 08:25:47 INFO StandaloneSchedulerBackend: Executor app-20260403082415-0008/28 removed: Command exited with code 1
[2026-04-03T08:25:47.456+0000] {spark_submit.py:579} INFO - 26/04/03 08:25:47 INFO StandaloneAppClient$ClientEndpoint: Executor added: app-20260403082415-0008/29 on worker-20260403074029-172.20.0.2-43131 (172.20.0.2:43131) with 2 core(s)
[2026-04-03T08:25:47.457+0000] {spark_submit.py:579} INFO - 26/04/03 08:25:47 INFO BlockManagerMaster: Removal of executor 28 requested
[2026-04-03T08:25:47.457+0000] {spark_submit.py:579} INFO - 26/04/03 08:25:47 INFO BlockManagerMasterEndpoint: Trying to remove executor 28 from BlockManagerMaster.
[2026-04-03T08:25:47.457+0000] {spark_submit.py:579} INFO - 26/04/03 08:25:47 INFO StandaloneSchedulerBackend: Granted executor ID app-20260403082415-0008/29 on hostPort 172.20.0.2:43131 with 2 core(s), 1024.0 MiB RAM
[2026-04-03T08:25:47.457+0000] {spark_submit.py:579} INFO - 26/04/03 08:25:47 INFO BlockManagerMasterEndpoint: Removed 28 successfully in removeExecutor
[2026-04-03T08:25:47.458+0000] {spark_submit.py:579} INFO - 26/04/03 08:25:47 INFO StandaloneSchedulerBackend$StandaloneDriverEndpoint: Asked to remove non-existent executor 28
[2026-04-03T08:25:47.482+0000] {spark_submit.py:579} INFO - 26/04/03 08:25:47 INFO StandaloneAppClient$ClientEndpoint: Executor updated: app-20260403082415-0008/29 is now RUNNING
[2026-04-03T08:25:50.609+0000] {spark_submit.py:579} INFO - 26/04/03 08:25:50 INFO StandaloneAppClient$ClientEndpoint: Executor updated: app-20260403082415-0008/29 is now EXITED (Command exited with code 1)
[2026-04-03T08:25:50.609+0000] {spark_submit.py:579} INFO - 26/04/03 08:25:50 INFO StandaloneSchedulerBackend: Executor app-20260403082415-0008/29 removed: Command exited with code 1
[2026-04-03T08:25:50.610+0000] {spark_submit.py:579} INFO - 26/04/03 08:25:50 INFO BlockManagerMasterEndpoint: Trying to remove executor 29 from BlockManagerMaster.
[2026-04-03T08:25:50.612+0000] {spark_submit.py:579} INFO - 26/04/03 08:25:50 INFO StandaloneAppClient$ClientEndpoint: Executor added: app-20260403082415-0008/30 on worker-20260403074029-172.20.0.2-43131 (172.20.0.2:43131) with 2 core(s)
[2026-04-03T08:25:50.613+0000] {spark_submit.py:579} INFO - 26/04/03 08:25:50 INFO BlockManagerMaster: Removal of executor 29 requested
[2026-04-03T08:25:50.613+0000] {spark_submit.py:579} INFO - 26/04/03 08:25:50 INFO BlockManagerMasterEndpoint: Removed 29 successfully in removeExecutor
[2026-04-03T08:25:50.614+0000] {spark_submit.py:579} INFO - 26/04/03 08:25:50 INFO StandaloneSchedulerBackend$StandaloneDriverEndpoint: Asked to remove non-existent executor 29
[2026-04-03T08:25:50.614+0000] {spark_submit.py:579} INFO - 26/04/03 08:25:50 INFO StandaloneSchedulerBackend: Granted executor ID app-20260403082415-0008/30 on hostPort 172.20.0.2:43131 with 2 core(s), 1024.0 MiB RAM
[2026-04-03T08:25:50.634+0000] {spark_submit.py:579} INFO - 26/04/03 08:25:50 INFO StandaloneAppClient$ClientEndpoint: Executor updated: app-20260403082415-0008/30 is now RUNNING
[2026-04-03T08:25:53.611+0000] {spark_submit.py:579} INFO - 26/04/03 08:25:53 WARN TaskSchedulerImpl: Initial job has not accepted any resources; check your cluster UI to ensure that workers are registered and have sufficient resources
[2026-04-03T08:25:53.692+0000] {spark_submit.py:579} INFO - 26/04/03 08:25:53 INFO StandaloneAppClient$ClientEndpoint: Executor updated: app-20260403082415-0008/30 is now EXITED (Command exited with code 1)
[2026-04-03T08:25:53.693+0000] {spark_submit.py:579} INFO - 26/04/03 08:25:53 INFO StandaloneSchedulerBackend: Executor app-20260403082415-0008/30 removed: Command exited with code 1
[2026-04-03T08:25:53.694+0000] {spark_submit.py:579} INFO - 26/04/03 08:25:53 INFO StandaloneAppClient$ClientEndpoint: Executor added: app-20260403082415-0008/31 on worker-20260403074029-172.20.0.2-43131 (172.20.0.2:43131) with 2 core(s)
[2026-04-03T08:25:53.694+0000] {spark_submit.py:579} INFO - 26/04/03 08:25:53 INFO BlockManagerMaster: Removal of executor 30 requested
[2026-04-03T08:25:53.695+0000] {spark_submit.py:579} INFO - 26/04/03 08:25:53 INFO StandaloneSchedulerBackend: Granted executor ID app-20260403082415-0008/31 on hostPort 172.20.0.2:43131 with 2 core(s), 1024.0 MiB RAM
[2026-04-03T08:25:53.695+0000] {spark_submit.py:579} INFO - 26/04/03 08:25:53 INFO BlockManagerMasterEndpoint: Trying to remove executor 30 from BlockManagerMaster.
[2026-04-03T08:25:53.695+0000] {spark_submit.py:579} INFO - 26/04/03 08:25:53 INFO BlockManagerMasterEndpoint: Removed 30 successfully in removeExecutor
[2026-04-03T08:25:53.695+0000] {spark_submit.py:579} INFO - 26/04/03 08:25:53 INFO StandaloneSchedulerBackend$StandaloneDriverEndpoint: Asked to remove non-existent executor 30
[2026-04-03T08:25:53.716+0000] {spark_submit.py:579} INFO - 26/04/03 08:25:53 INFO StandaloneAppClient$ClientEndpoint: Executor updated: app-20260403082415-0008/31 is now RUNNING
[2026-04-03T08:25:56.878+0000] {spark_submit.py:579} INFO - 26/04/03 08:25:56 INFO StandaloneAppClient$ClientEndpoint: Executor updated: app-20260403082415-0008/31 is now EXITED (Command exited with code 1)
[2026-04-03T08:25:56.879+0000] {spark_submit.py:579} INFO - 26/04/03 08:25:56 INFO StandaloneSchedulerBackend: Executor app-20260403082415-0008/31 removed: Command exited with code 1
[2026-04-03T08:25:56.880+0000] {spark_submit.py:579} INFO - 26/04/03 08:25:56 INFO StandaloneAppClient$ClientEndpoint: Executor added: app-20260403082415-0008/32 on worker-20260403074029-172.20.0.2-43131 (172.20.0.2:43131) with 2 core(s)
[2026-04-03T08:25:56.880+0000] {spark_submit.py:579} INFO - 26/04/03 08:25:56 INFO BlockManagerMaster: Removal of executor 31 requested
[2026-04-03T08:25:56.880+0000] {spark_submit.py:579} INFO - 26/04/03 08:25:56 INFO BlockManagerMasterEndpoint: Trying to remove executor 31 from BlockManagerMaster.
[2026-04-03T08:25:56.881+0000] {spark_submit.py:579} INFO - 26/04/03 08:25:56 INFO StandaloneSchedulerBackend$StandaloneDriverEndpoint: Asked to remove non-existent executor 31
[2026-04-03T08:25:56.882+0000] {spark_submit.py:579} INFO - 26/04/03 08:25:56 INFO BlockManagerMasterEndpoint: Removed 31 successfully in removeExecutor
[2026-04-03T08:25:56.882+0000] {spark_submit.py:579} INFO - 26/04/03 08:25:56 INFO StandaloneSchedulerBackend: Granted executor ID app-20260403082415-0008/32 on hostPort 172.20.0.2:43131 with 2 core(s), 1024.0 MiB RAM
[2026-04-03T08:25:56.901+0000] {spark_submit.py:579} INFO - 26/04/03 08:25:56 INFO StandaloneAppClient$ClientEndpoint: Executor updated: app-20260403082415-0008/32 is now RUNNING
[2026-04-03T08:26:00.111+0000] {spark_submit.py:579} INFO - 26/04/03 08:26:00 INFO StandaloneAppClient$ClientEndpoint: Executor updated: app-20260403082415-0008/32 is now EXITED (Command exited with code 1)
[2026-04-03T08:26:00.112+0000] {spark_submit.py:579} INFO - 26/04/03 08:26:00 INFO StandaloneSchedulerBackend: Executor app-20260403082415-0008/32 removed: Command exited with code 1
[2026-04-03T08:26:00.113+0000] {spark_submit.py:579} INFO - 26/04/03 08:26:00 INFO BlockManagerMaster: Removal of executor 32 requested
[2026-04-03T08:26:00.113+0000] {spark_submit.py:579} INFO - 26/04/03 08:26:00 INFO BlockManagerMasterEndpoint: Trying to remove executor 32 from BlockManagerMaster.
[2026-04-03T08:26:00.113+0000] {spark_submit.py:579} INFO - 26/04/03 08:26:00 INFO BlockManagerMasterEndpoint: Removed 32 successfully in removeExecutor
[2026-04-03T08:26:00.114+0000] {spark_submit.py:579} INFO - 26/04/03 08:26:00 INFO StandaloneAppClient$ClientEndpoint: Executor added: app-20260403082415-0008/33 on worker-20260403074029-172.20.0.2-43131 (172.20.0.2:43131) with 2 core(s)
[2026-04-03T08:26:00.114+0000] {spark_submit.py:579} INFO - 26/04/03 08:26:00 INFO StandaloneSchedulerBackend$StandaloneDriverEndpoint: Asked to remove non-existent executor 32
[2026-04-03T08:26:00.114+0000] {spark_submit.py:579} INFO - 26/04/03 08:26:00 INFO StandaloneSchedulerBackend: Granted executor ID app-20260403082415-0008/33 on hostPort 172.20.0.2:43131 with 2 core(s), 1024.0 MiB RAM
[2026-04-03T08:26:00.136+0000] {spark_submit.py:579} INFO - 26/04/03 08:26:00 INFO StandaloneAppClient$ClientEndpoint: Executor updated: app-20260403082415-0008/33 is now RUNNING
[2026-04-03T08:26:03.670+0000] {spark_submit.py:579} INFO - 26/04/03 08:26:03 INFO StandaloneAppClient$ClientEndpoint: Executor updated: app-20260403082415-0008/33 is now EXITED (Command exited with code 1)
[2026-04-03T08:26:03.670+0000] {spark_submit.py:579} INFO - 26/04/03 08:26:03 INFO StandaloneSchedulerBackend: Executor app-20260403082415-0008/33 removed: Command exited with code 1
[2026-04-03T08:26:03.671+0000] {spark_submit.py:579} INFO - 26/04/03 08:26:03 INFO StandaloneAppClient$ClientEndpoint: Executor added: app-20260403082415-0008/34 on worker-20260403074029-172.20.0.2-43131 (172.20.0.2:43131) with 2 core(s)
[2026-04-03T08:26:03.671+0000] {spark_submit.py:579} INFO - 26/04/03 08:26:03 INFO BlockManagerMaster: Removal of executor 33 requested
[2026-04-03T08:26:03.671+0000] {spark_submit.py:579} INFO - 26/04/03 08:26:03 INFO BlockManagerMasterEndpoint: Trying to remove executor 33 from BlockManagerMaster.
[2026-04-03T08:26:03.671+0000] {spark_submit.py:579} INFO - 26/04/03 08:26:03 INFO StandaloneSchedulerBackend: Granted executor ID app-20260403082415-0008/34 on hostPort 172.20.0.2:43131 with 2 core(s), 1024.0 MiB RAM
[2026-04-03T08:26:03.672+0000] {spark_submit.py:579} INFO - 26/04/03 08:26:03 INFO StandaloneSchedulerBackend$StandaloneDriverEndpoint: Asked to remove non-existent executor 33
[2026-04-03T08:26:03.672+0000] {spark_submit.py:579} INFO - 26/04/03 08:26:03 INFO BlockManagerMasterEndpoint: Removed 33 successfully in removeExecutor
[2026-04-03T08:26:03.692+0000] {spark_submit.py:579} INFO - 26/04/03 08:26:03 INFO StandaloneAppClient$ClientEndpoint: Executor updated: app-20260403082415-0008/34 is now RUNNING
[2026-04-03T08:26:06.659+0000] {spark_submit.py:579} INFO - 26/04/03 08:26:06 INFO StandaloneAppClient$ClientEndpoint: Executor updated: app-20260403082415-0008/34 is now EXITED (Command exited with code 1)
[2026-04-03T08:26:06.659+0000] {spark_submit.py:579} INFO - 26/04/03 08:26:06 INFO StandaloneSchedulerBackend: Executor app-20260403082415-0008/34 removed: Command exited with code 1
[2026-04-03T08:26:06.660+0000] {spark_submit.py:579} INFO - 26/04/03 08:26:06 INFO StandaloneAppClient$ClientEndpoint: Executor added: app-20260403082415-0008/35 on worker-20260403074029-172.20.0.2-43131 (172.20.0.2:43131) with 2 core(s)
[2026-04-03T08:26:06.660+0000] {spark_submit.py:579} INFO - 26/04/03 08:26:06 INFO BlockManagerMasterEndpoint: Trying to remove executor 34 from BlockManagerMaster.
[2026-04-03T08:26:06.660+0000] {spark_submit.py:579} INFO - 26/04/03 08:26:06 INFO BlockManagerMaster: Removal of executor 34 requested
[2026-04-03T08:26:06.661+0000] {spark_submit.py:579} INFO - 26/04/03 08:26:06 INFO BlockManagerMasterEndpoint: Removed 34 successfully in removeExecutor
[2026-04-03T08:26:06.661+0000] {spark_submit.py:579} INFO - 26/04/03 08:26:06 INFO StandaloneSchedulerBackend: Granted executor ID app-20260403082415-0008/35 on hostPort 172.20.0.2:43131 with 2 core(s), 1024.0 MiB RAM
[2026-04-03T08:26:06.661+0000] {spark_submit.py:579} INFO - 26/04/03 08:26:06 INFO StandaloneSchedulerBackend$StandaloneDriverEndpoint: Asked to remove non-existent executor 34
[2026-04-03T08:26:06.684+0000] {spark_submit.py:579} INFO - 26/04/03 08:26:06 INFO StandaloneAppClient$ClientEndpoint: Executor updated: app-20260403082415-0008/35 is now RUNNING
[2026-04-03T08:26:08.611+0000] {spark_submit.py:579} INFO - 26/04/03 08:26:08 WARN TaskSchedulerImpl: Initial job has not accepted any resources; check your cluster UI to ensure that workers are registered and have sufficient resources
[2026-04-03T08:26:09.688+0000] {spark_submit.py:579} INFO - 26/04/03 08:26:09 INFO StandaloneAppClient$ClientEndpoint: Executor updated: app-20260403082415-0008/35 is now EXITED (Command exited with code 1)
[2026-04-03T08:26:09.689+0000] {spark_submit.py:579} INFO - 26/04/03 08:26:09 INFO StandaloneSchedulerBackend: Executor app-20260403082415-0008/35 removed: Command exited with code 1
[2026-04-03T08:26:09.689+0000] {spark_submit.py:579} INFO - 26/04/03 08:26:09 INFO StandaloneAppClient$ClientEndpoint: Executor added: app-20260403082415-0008/36 on worker-20260403074029-172.20.0.2-43131 (172.20.0.2:43131) with 2 core(s)
[2026-04-03T08:26:09.690+0000] {spark_submit.py:579} INFO - 26/04/03 08:26:09 INFO BlockManagerMasterEndpoint: Trying to remove executor 35 from BlockManagerMaster.
[2026-04-03T08:26:09.690+0000] {spark_submit.py:579} INFO - 26/04/03 08:26:09 INFO BlockManagerMaster: Removal of executor 35 requested
[2026-04-03T08:26:09.690+0000] {spark_submit.py:579} INFO - 26/04/03 08:26:09 INFO BlockManagerMasterEndpoint: Removed 35 successfully in removeExecutor
[2026-04-03T08:26:09.691+0000] {spark_submit.py:579} INFO - 26/04/03 08:26:09 INFO StandaloneSchedulerBackend$StandaloneDriverEndpoint: Asked to remove non-existent executor 35
[2026-04-03T08:26:09.691+0000] {spark_submit.py:579} INFO - 26/04/03 08:26:09 INFO StandaloneSchedulerBackend: Granted executor ID app-20260403082415-0008/36 on hostPort 172.20.0.2:43131 with 2 core(s), 1024.0 MiB RAM
[2026-04-03T08:26:09.718+0000] {spark_submit.py:579} INFO - 26/04/03 08:26:09 INFO StandaloneAppClient$ClientEndpoint: Executor updated: app-20260403082415-0008/36 is now RUNNING
[2026-04-03T08:26:12.719+0000] {spark_submit.py:579} INFO - 26/04/03 08:26:12 INFO StandaloneAppClient$ClientEndpoint: Executor updated: app-20260403082415-0008/36 is now EXITED (Command exited with code 1)
[2026-04-03T08:26:12.720+0000] {spark_submit.py:579} INFO - 26/04/03 08:26:12 INFO StandaloneSchedulerBackend: Executor app-20260403082415-0008/36 removed: Command exited with code 1
[2026-04-03T08:26:12.721+0000] {spark_submit.py:579} INFO - 26/04/03 08:26:12 INFO BlockManagerMasterEndpoint: Trying to remove executor 36 from BlockManagerMaster.
[2026-04-03T08:26:12.721+0000] {spark_submit.py:579} INFO - 26/04/03 08:26:12 INFO BlockManagerMaster: Removal of executor 36 requested
[2026-04-03T08:26:12.721+0000] {spark_submit.py:579} INFO - 26/04/03 08:26:12 INFO BlockManagerMasterEndpoint: Removed 36 successfully in removeExecutor
[2026-04-03T08:26:12.721+0000] {spark_submit.py:579} INFO - 26/04/03 08:26:12 INFO StandaloneAppClient$ClientEndpoint: Executor added: app-20260403082415-0008/37 on worker-20260403074029-172.20.0.2-43131 (172.20.0.2:43131) with 2 core(s)
[2026-04-03T08:26:12.722+0000] {spark_submit.py:579} INFO - 26/04/03 08:26:12 INFO StandaloneSchedulerBackend$StandaloneDriverEndpoint: Asked to remove non-existent executor 36
[2026-04-03T08:26:12.722+0000] {spark_submit.py:579} INFO - 26/04/03 08:26:12 INFO StandaloneSchedulerBackend: Granted executor ID app-20260403082415-0008/37 on hostPort 172.20.0.2:43131 with 2 core(s), 1024.0 MiB RAM
[2026-04-03T08:26:12.744+0000] {spark_submit.py:579} INFO - 26/04/03 08:26:12 INFO StandaloneAppClient$ClientEndpoint: Executor updated: app-20260403082415-0008/37 is now RUNNING
[2026-04-03T08:26:15.877+0000] {spark_submit.py:579} INFO - 26/04/03 08:26:15 INFO StandaloneAppClient$ClientEndpoint: Executor updated: app-20260403082415-0008/37 is now EXITED (Command exited with code 1)
[2026-04-03T08:26:15.878+0000] {spark_submit.py:579} INFO - 26/04/03 08:26:15 INFO StandaloneSchedulerBackend: Executor app-20260403082415-0008/37 removed: Command exited with code 1
[2026-04-03T08:26:15.879+0000] {spark_submit.py:579} INFO - 26/04/03 08:26:15 INFO BlockManagerMasterEndpoint: Trying to remove executor 37 from BlockManagerMaster.
[2026-04-03T08:26:15.879+0000] {spark_submit.py:579} INFO - 26/04/03 08:26:15 INFO BlockManagerMaster: Removal of executor 37 requested
[2026-04-03T08:26:15.879+0000] {spark_submit.py:579} INFO - 26/04/03 08:26:15 INFO BlockManagerMasterEndpoint: Removed 37 successfully in removeExecutor
[2026-04-03T08:26:15.880+0000] {spark_submit.py:579} INFO - 26/04/03 08:26:15 INFO StandaloneSchedulerBackend$StandaloneDriverEndpoint: Asked to remove non-existent executor 37
[2026-04-03T08:26:15.887+0000] {spark_submit.py:579} INFO - 26/04/03 08:26:15 INFO StandaloneAppClient$ClientEndpoint: Executor added: app-20260403082415-0008/38 on worker-20260403074029-172.20.0.2-43131 (172.20.0.2:43131) with 2 core(s)
[2026-04-03T08:26:15.887+0000] {spark_submit.py:579} INFO - 26/04/03 08:26:15 INFO StandaloneSchedulerBackend: Granted executor ID app-20260403082415-0008/38 on hostPort 172.20.0.2:43131 with 2 core(s), 1024.0 MiB RAM
[2026-04-03T08:26:15.909+0000] {spark_submit.py:579} INFO - 26/04/03 08:26:15 INFO StandaloneAppClient$ClientEndpoint: Executor updated: app-20260403082415-0008/38 is now RUNNING
[2026-04-03T08:26:18.998+0000] {spark_submit.py:579} INFO - 26/04/03 08:26:18 INFO StandaloneAppClient$ClientEndpoint: Executor updated: app-20260403082415-0008/38 is now EXITED (Command exited with code 1)
[2026-04-03T08:26:18.999+0000] {spark_submit.py:579} INFO - 26/04/03 08:26:18 INFO StandaloneSchedulerBackend: Executor app-20260403082415-0008/38 removed: Command exited with code 1
[2026-04-03T08:26:19.000+0000] {spark_submit.py:579} INFO - 26/04/03 08:26:18 INFO BlockManagerMasterEndpoint: Trying to remove executor 38 from BlockManagerMaster.
[2026-04-03T08:26:19.000+0000] {spark_submit.py:579} INFO - 26/04/03 08:26:18 INFO BlockManagerMaster: Removal of executor 38 requested
[2026-04-03T08:26:19.000+0000] {spark_submit.py:579} INFO - 26/04/03 08:26:18 INFO StandaloneAppClient$ClientEndpoint: Executor added: app-20260403082415-0008/39 on worker-20260403074029-172.20.0.2-43131 (172.20.0.2:43131) with 2 core(s)
[2026-04-03T08:26:19.000+0000] {spark_submit.py:579} INFO - 26/04/03 08:26:18 INFO BlockManagerMasterEndpoint: Removed 38 successfully in removeExecutor
[2026-04-03T08:26:19.001+0000] {spark_submit.py:579} INFO - 26/04/03 08:26:18 INFO StandaloneSchedulerBackend$StandaloneDriverEndpoint: Asked to remove non-existent executor 38
[2026-04-03T08:26:19.001+0000] {spark_submit.py:579} INFO - 26/04/03 08:26:18 INFO StandaloneSchedulerBackend: Granted executor ID app-20260403082415-0008/39 on hostPort 172.20.0.2:43131 with 2 core(s), 1024.0 MiB RAM
[2026-04-03T08:26:19.023+0000] {spark_submit.py:579} INFO - 26/04/03 08:26:19 INFO StandaloneAppClient$ClientEndpoint: Executor updated: app-20260403082415-0008/39 is now RUNNING
[2026-04-03T08:26:22.105+0000] {spark_submit.py:579} INFO - 26/04/03 08:26:22 INFO StandaloneAppClient$ClientEndpoint: Executor updated: app-20260403082415-0008/39 is now EXITED (Command exited with code 1)
[2026-04-03T08:26:22.106+0000] {spark_submit.py:579} INFO - 26/04/03 08:26:22 INFO StandaloneSchedulerBackend: Executor app-20260403082415-0008/39 removed: Command exited with code 1
[2026-04-03T08:26:22.106+0000] {spark_submit.py:579} INFO - 26/04/03 08:26:22 INFO BlockManagerMaster: Removal of executor 39 requested
[2026-04-03T08:26:22.107+0000] {spark_submit.py:579} INFO - 26/04/03 08:26:22 INFO BlockManagerMasterEndpoint: Trying to remove executor 39 from BlockManagerMaster.
[2026-04-03T08:26:22.107+0000] {spark_submit.py:579} INFO - 26/04/03 08:26:22 INFO BlockManagerMasterEndpoint: Removed 39 successfully in removeExecutor
[2026-04-03T08:26:22.107+0000] {spark_submit.py:579} INFO - 26/04/03 08:26:22 INFO StandaloneSchedulerBackend$StandaloneDriverEndpoint: Asked to remove non-existent executor 39
[2026-04-03T08:26:22.108+0000] {spark_submit.py:579} INFO - 26/04/03 08:26:22 INFO StandaloneAppClient$ClientEndpoint: Executor added: app-20260403082415-0008/40 on worker-20260403074029-172.20.0.2-43131 (172.20.0.2:43131) with 2 core(s)
[2026-04-03T08:26:22.108+0000] {spark_submit.py:579} INFO - 26/04/03 08:26:22 INFO StandaloneSchedulerBackend: Granted executor ID app-20260403082415-0008/40 on hostPort 172.20.0.2:43131 with 2 core(s), 1024.0 MiB RAM
[2026-04-03T08:26:22.129+0000] {spark_submit.py:579} INFO - 26/04/03 08:26:22 INFO StandaloneAppClient$ClientEndpoint: Executor updated: app-20260403082415-0008/40 is now RUNNING
[2026-04-03T08:26:23.611+0000] {spark_submit.py:579} INFO - 26/04/03 08:26:23 WARN TaskSchedulerImpl: Initial job has not accepted any resources; check your cluster UI to ensure that workers are registered and have sufficient resources
[2026-04-03T08:26:25.256+0000] {spark_submit.py:579} INFO - 26/04/03 08:26:25 INFO StandaloneAppClient$ClientEndpoint: Executor updated: app-20260403082415-0008/40 is now EXITED (Command exited with code 1)
[2026-04-03T08:26:25.257+0000] {spark_submit.py:579} INFO - 26/04/03 08:26:25 INFO StandaloneSchedulerBackend: Executor app-20260403082415-0008/40 removed: Command exited with code 1
[2026-04-03T08:26:25.257+0000] {spark_submit.py:579} INFO - 26/04/03 08:26:25 INFO BlockManagerMaster: Removal of executor 40 requested
[2026-04-03T08:26:25.258+0000] {spark_submit.py:579} INFO - 26/04/03 08:26:25 INFO StandaloneSchedulerBackend$StandaloneDriverEndpoint: Asked to remove non-existent executor 40
[2026-04-03T08:26:25.258+0000] {spark_submit.py:579} INFO - 26/04/03 08:26:25 INFO StandaloneAppClient$ClientEndpoint: Executor added: app-20260403082415-0008/41 on worker-20260403074029-172.20.0.2-43131 (172.20.0.2:43131) with 2 core(s)
[2026-04-03T08:26:25.258+0000] {spark_submit.py:579} INFO - 26/04/03 08:26:25 INFO StandaloneSchedulerBackend: Granted executor ID app-20260403082415-0008/41 on hostPort 172.20.0.2:43131 with 2 core(s), 1024.0 MiB RAM
[2026-04-03T08:26:25.259+0000] {spark_submit.py:579} INFO - 26/04/03 08:26:25 INFO BlockManagerMasterEndpoint: Trying to remove executor 40 from BlockManagerMaster.
[2026-04-03T08:26:25.259+0000] {spark_submit.py:579} INFO - 26/04/03 08:26:25 INFO BlockManagerMasterEndpoint: Removed 40 successfully in removeExecutor
[2026-04-03T08:26:25.284+0000] {spark_submit.py:579} INFO - 26/04/03 08:26:25 INFO StandaloneAppClient$ClientEndpoint: Executor updated: app-20260403082415-0008/41 is now RUNNING
[2026-04-03T08:26:28.355+0000] {spark_submit.py:579} INFO - 26/04/03 08:26:28 INFO StandaloneAppClient$ClientEndpoint: Executor updated: app-20260403082415-0008/41 is now EXITED (Command exited with code 1)
[2026-04-03T08:26:28.356+0000] {spark_submit.py:579} INFO - 26/04/03 08:26:28 INFO StandaloneSchedulerBackend: Executor app-20260403082415-0008/41 removed: Command exited with code 1
[2026-04-03T08:26:28.356+0000] {spark_submit.py:579} INFO - 26/04/03 08:26:28 INFO StandaloneAppClient$ClientEndpoint: Executor added: app-20260403082415-0008/42 on worker-20260403074029-172.20.0.2-43131 (172.20.0.2:43131) with 2 core(s)
[2026-04-03T08:26:28.357+0000] {spark_submit.py:579} INFO - 26/04/03 08:26:28 INFO BlockManagerMasterEndpoint: Trying to remove executor 41 from BlockManagerMaster.
[2026-04-03T08:26:28.357+0000] {spark_submit.py:579} INFO - 26/04/03 08:26:28 INFO BlockManagerMaster: Removal of executor 41 requested
[2026-04-03T08:26:28.357+0000] {spark_submit.py:579} INFO - 26/04/03 08:26:28 INFO BlockManagerMasterEndpoint: Removed 41 successfully in removeExecutor
[2026-04-03T08:26:28.357+0000] {spark_submit.py:579} INFO - 26/04/03 08:26:28 INFO StandaloneSchedulerBackend$StandaloneDriverEndpoint: Asked to remove non-existent executor 41
[2026-04-03T08:26:28.358+0000] {spark_submit.py:579} INFO - 26/04/03 08:26:28 INFO StandaloneSchedulerBackend: Granted executor ID app-20260403082415-0008/42 on hostPort 172.20.0.2:43131 with 2 core(s), 1024.0 MiB RAM
[2026-04-03T08:26:28.380+0000] {spark_submit.py:579} INFO - 26/04/03 08:26:28 INFO StandaloneAppClient$ClientEndpoint: Executor updated: app-20260403082415-0008/42 is now RUNNING
[2026-04-03T08:26:31.418+0000] {spark_submit.py:579} INFO - 26/04/03 08:26:31 INFO StandaloneAppClient$ClientEndpoint: Executor updated: app-20260403082415-0008/42 is now EXITED (Command exited with code 1)
[2026-04-03T08:26:31.419+0000] {spark_submit.py:579} INFO - 26/04/03 08:26:31 INFO StandaloneSchedulerBackend: Executor app-20260403082415-0008/42 removed: Command exited with code 1
[2026-04-03T08:26:31.419+0000] {spark_submit.py:579} INFO - 26/04/03 08:26:31 INFO BlockManagerMaster: Removal of executor 42 requested
[2026-04-03T08:26:31.419+0000] {spark_submit.py:579} INFO - 26/04/03 08:26:31 INFO BlockManagerMasterEndpoint: Trying to remove executor 42 from BlockManagerMaster.
[2026-04-03T08:26:31.420+0000] {spark_submit.py:579} INFO - 26/04/03 08:26:31 INFO StandaloneAppClient$ClientEndpoint: Executor added: app-20260403082415-0008/43 on worker-20260403074029-172.20.0.2-43131 (172.20.0.2:43131) with 2 core(s)
[2026-04-03T08:26:31.420+0000] {spark_submit.py:579} INFO - 26/04/03 08:26:31 INFO BlockManagerMasterEndpoint: Removed 42 successfully in removeExecutor
[2026-04-03T08:26:31.420+0000] {spark_submit.py:579} INFO - 26/04/03 08:26:31 INFO StandaloneSchedulerBackend$StandaloneDriverEndpoint: Asked to remove non-existent executor 42
[2026-04-03T08:26:31.420+0000] {spark_submit.py:579} INFO - 26/04/03 08:26:31 INFO StandaloneSchedulerBackend: Granted executor ID app-20260403082415-0008/43 on hostPort 172.20.0.2:43131 with 2 core(s), 1024.0 MiB RAM
[2026-04-03T08:26:31.441+0000] {spark_submit.py:579} INFO - 26/04/03 08:26:31 INFO StandaloneAppClient$ClientEndpoint: Executor updated: app-20260403082415-0008/43 is now RUNNING
[2026-04-03T08:26:34.379+0000] {spark_submit.py:579} INFO - 26/04/03 08:26:34 INFO StandaloneAppClient$ClientEndpoint: Executor updated: app-20260403082415-0008/43 is now EXITED (Command exited with code 1)
[2026-04-03T08:26:34.381+0000] {spark_submit.py:579} INFO - 26/04/03 08:26:34 INFO StandaloneSchedulerBackend: Executor app-20260403082415-0008/43 removed: Command exited with code 1
[2026-04-03T08:26:34.381+0000] {spark_submit.py:579} INFO - 26/04/03 08:26:34 INFO StandaloneAppClient$ClientEndpoint: Executor added: app-20260403082415-0008/44 on worker-20260403074029-172.20.0.2-43131 (172.20.0.2:43131) with 2 core(s)
[2026-04-03T08:26:34.382+0000] {spark_submit.py:579} INFO - 26/04/03 08:26:34 INFO BlockManagerMasterEndpoint: Trying to remove executor 43 from BlockManagerMaster.
[2026-04-03T08:26:34.382+0000] {spark_submit.py:579} INFO - 26/04/03 08:26:34 INFO BlockManagerMaster: Removal of executor 43 requested
[2026-04-03T08:26:34.382+0000] {spark_submit.py:579} INFO - 26/04/03 08:26:34 INFO BlockManagerMasterEndpoint: Removed 43 successfully in removeExecutor
[2026-04-03T08:26:34.382+0000] {spark_submit.py:579} INFO - 26/04/03 08:26:34 INFO StandaloneSchedulerBackend: Granted executor ID app-20260403082415-0008/44 on hostPort 172.20.0.2:43131 with 2 core(s), 1024.0 MiB RAM
[2026-04-03T08:26:34.382+0000] {spark_submit.py:579} INFO - 26/04/03 08:26:34 INFO StandaloneSchedulerBackend$StandaloneDriverEndpoint: Asked to remove non-existent executor 43
[2026-04-03T08:26:34.404+0000] {spark_submit.py:579} INFO - 26/04/03 08:26:34 INFO StandaloneAppClient$ClientEndpoint: Executor updated: app-20260403082415-0008/44 is now RUNNING
[2026-04-03T08:26:37.390+0000] {spark_submit.py:579} INFO - 26/04/03 08:26:37 INFO StandaloneAppClient$ClientEndpoint: Executor updated: app-20260403082415-0008/44 is now EXITED (Command exited with code 1)
[2026-04-03T08:26:37.390+0000] {spark_submit.py:579} INFO - 26/04/03 08:26:37 INFO StandaloneSchedulerBackend: Executor app-20260403082415-0008/44 removed: Command exited with code 1
[2026-04-03T08:26:37.391+0000] {spark_submit.py:579} INFO - 26/04/03 08:26:37 INFO StandaloneAppClient$ClientEndpoint: Executor added: app-20260403082415-0008/45 on worker-20260403074029-172.20.0.2-43131 (172.20.0.2:43131) with 2 core(s)
[2026-04-03T08:26:37.391+0000] {spark_submit.py:579} INFO - 26/04/03 08:26:37 INFO BlockManagerMasterEndpoint: Trying to remove executor 44 from BlockManagerMaster.
[2026-04-03T08:26:37.391+0000] {spark_submit.py:579} INFO - 26/04/03 08:26:37 INFO BlockManagerMaster: Removal of executor 44 requested
[2026-04-03T08:26:37.391+0000] {spark_submit.py:579} INFO - 26/04/03 08:26:37 INFO StandaloneSchedulerBackend: Granted executor ID app-20260403082415-0008/45 on hostPort 172.20.0.2:43131 with 2 core(s), 1024.0 MiB RAM
[2026-04-03T08:26:37.391+0000] {spark_submit.py:579} INFO - 26/04/03 08:26:37 INFO BlockManagerMasterEndpoint: Removed 44 successfully in removeExecutor
[2026-04-03T08:26:37.392+0000] {spark_submit.py:579} INFO - 26/04/03 08:26:37 INFO StandaloneSchedulerBackend$StandaloneDriverEndpoint: Asked to remove non-existent executor 44
[2026-04-03T08:26:37.413+0000] {spark_submit.py:579} INFO - 26/04/03 08:26:37 INFO StandaloneAppClient$ClientEndpoint: Executor updated: app-20260403082415-0008/45 is now RUNNING
[2026-04-03T08:26:38.610+0000] {spark_submit.py:579} INFO - 26/04/03 08:26:38 WARN TaskSchedulerImpl: Initial job has not accepted any resources; check your cluster UI to ensure that workers are registered and have sufficient resources
[2026-04-03T08:26:40.373+0000] {spark_submit.py:579} INFO - 26/04/03 08:26:40 INFO StandaloneAppClient$ClientEndpoint: Executor updated: app-20260403082415-0008/45 is now EXITED (Command exited with code 1)
[2026-04-03T08:26:40.373+0000] {spark_submit.py:579} INFO - 26/04/03 08:26:40 INFO StandaloneSchedulerBackend: Executor app-20260403082415-0008/45 removed: Command exited with code 1
[2026-04-03T08:26:40.374+0000] {spark_submit.py:579} INFO - 26/04/03 08:26:40 INFO BlockManagerMasterEndpoint: Trying to remove executor 45 from BlockManagerMaster.
[2026-04-03T08:26:40.374+0000] {spark_submit.py:579} INFO - 26/04/03 08:26:40 INFO BlockManagerMaster: Removal of executor 45 requested
[2026-04-03T08:26:40.374+0000] {spark_submit.py:579} INFO - 26/04/03 08:26:40 INFO StandaloneAppClient$ClientEndpoint: Executor added: app-20260403082415-0008/46 on worker-20260403074029-172.20.0.2-43131 (172.20.0.2:43131) with 2 core(s)
[2026-04-03T08:26:40.375+0000] {spark_submit.py:579} INFO - 26/04/03 08:26:40 INFO BlockManagerMasterEndpoint: Removed 45 successfully in removeExecutor
[2026-04-03T08:26:40.375+0000] {spark_submit.py:579} INFO - 26/04/03 08:26:40 INFO StandaloneSchedulerBackend$StandaloneDriverEndpoint: Asked to remove non-existent executor 45
[2026-04-03T08:26:40.375+0000] {spark_submit.py:579} INFO - 26/04/03 08:26:40 INFO StandaloneSchedulerBackend: Granted executor ID app-20260403082415-0008/46 on hostPort 172.20.0.2:43131 with 2 core(s), 1024.0 MiB RAM
[2026-04-03T08:26:40.396+0000] {spark_submit.py:579} INFO - 26/04/03 08:26:40 INFO StandaloneAppClient$ClientEndpoint: Executor updated: app-20260403082415-0008/46 is now RUNNING
[2026-04-03T08:26:43.453+0000] {spark_submit.py:579} INFO - 26/04/03 08:26:43 INFO StandaloneAppClient$ClientEndpoint: Executor updated: app-20260403082415-0008/46 is now EXITED (Command exited with code 1)
[2026-04-03T08:26:43.454+0000] {spark_submit.py:579} INFO - 26/04/03 08:26:43 INFO StandaloneSchedulerBackend: Executor app-20260403082415-0008/46 removed: Command exited with code 1
[2026-04-03T08:26:43.454+0000] {spark_submit.py:579} INFO - 26/04/03 08:26:43 INFO BlockManagerMasterEndpoint: Trying to remove executor 46 from BlockManagerMaster.
[2026-04-03T08:26:43.454+0000] {spark_submit.py:579} INFO - 26/04/03 08:26:43 INFO BlockManagerMaster: Removal of executor 46 requested
[2026-04-03T08:26:43.455+0000] {spark_submit.py:579} INFO - 26/04/03 08:26:43 INFO BlockManagerMasterEndpoint: Removed 46 successfully in removeExecutor
[2026-04-03T08:26:43.455+0000] {spark_submit.py:579} INFO - 26/04/03 08:26:43 INFO StandaloneSchedulerBackend$StandaloneDriverEndpoint: Asked to remove non-existent executor 46
[2026-04-03T08:26:43.455+0000] {spark_submit.py:579} INFO - 26/04/03 08:26:43 INFO StandaloneAppClient$ClientEndpoint: Executor added: app-20260403082415-0008/47 on worker-20260403074029-172.20.0.2-43131 (172.20.0.2:43131) with 2 core(s)
[2026-04-03T08:26:43.455+0000] {spark_submit.py:579} INFO - 26/04/03 08:26:43 INFO StandaloneSchedulerBackend: Granted executor ID app-20260403082415-0008/47 on hostPort 172.20.0.2:43131 with 2 core(s), 1024.0 MiB RAM
[2026-04-03T08:26:43.478+0000] {spark_submit.py:579} INFO - 26/04/03 08:26:43 INFO StandaloneAppClient$ClientEndpoint: Executor updated: app-20260403082415-0008/47 is now RUNNING
[2026-04-03T08:26:46.518+0000] {spark_submit.py:579} INFO - 26/04/03 08:26:46 INFO StandaloneAppClient$ClientEndpoint: Executor updated: app-20260403082415-0008/47 is now EXITED (Command exited with code 1)
[2026-04-03T08:26:46.519+0000] {spark_submit.py:579} INFO - 26/04/03 08:26:46 INFO StandaloneSchedulerBackend: Executor app-20260403082415-0008/47 removed: Command exited with code 1
[2026-04-03T08:26:46.519+0000] {spark_submit.py:579} INFO - 26/04/03 08:26:46 INFO StandaloneAppClient$ClientEndpoint: Executor added: app-20260403082415-0008/48 on worker-20260403074029-172.20.0.2-43131 (172.20.0.2:43131) with 2 core(s)
[2026-04-03T08:26:46.519+0000] {spark_submit.py:579} INFO - 26/04/03 08:26:46 INFO BlockManagerMaster: Removal of executor 47 requested
[2026-04-03T08:26:46.519+0000] {spark_submit.py:579} INFO - 26/04/03 08:26:46 INFO BlockManagerMasterEndpoint: Trying to remove executor 47 from BlockManagerMaster.
[2026-04-03T08:26:46.520+0000] {spark_submit.py:579} INFO - 26/04/03 08:26:46 INFO BlockManagerMasterEndpoint: Removed 47 successfully in removeExecutor
[2026-04-03T08:26:46.520+0000] {spark_submit.py:579} INFO - 26/04/03 08:26:46 INFO StandaloneSchedulerBackend$StandaloneDriverEndpoint: Asked to remove non-existent executor 47
[2026-04-03T08:26:46.521+0000] {spark_submit.py:579} INFO - 26/04/03 08:26:46 INFO StandaloneSchedulerBackend: Granted executor ID app-20260403082415-0008/48 on hostPort 172.20.0.2:43131 with 2 core(s), 1024.0 MiB RAM
[2026-04-03T08:26:46.541+0000] {spark_submit.py:579} INFO - 26/04/03 08:26:46 INFO StandaloneAppClient$ClientEndpoint: Executor updated: app-20260403082415-0008/48 is now RUNNING
[2026-04-03T08:26:49.447+0000] {spark_submit.py:579} INFO - 26/04/03 08:26:49 INFO StandaloneAppClient$ClientEndpoint: Executor updated: app-20260403082415-0008/48 is now EXITED (Command exited with code 1)
[2026-04-03T08:26:49.448+0000] {spark_submit.py:579} INFO - 26/04/03 08:26:49 INFO StandaloneSchedulerBackend: Executor app-20260403082415-0008/48 removed: Command exited with code 1
[2026-04-03T08:26:49.449+0000] {spark_submit.py:579} INFO - 26/04/03 08:26:49 INFO BlockManagerMasterEndpoint: Trying to remove executor 48 from BlockManagerMaster.
[2026-04-03T08:26:49.449+0000] {spark_submit.py:579} INFO - 26/04/03 08:26:49 INFO StandaloneAppClient$ClientEndpoint: Executor added: app-20260403082415-0008/49 on worker-20260403074029-172.20.0.2-43131 (172.20.0.2:43131) with 2 core(s)
[2026-04-03T08:26:49.449+0000] {spark_submit.py:579} INFO - 26/04/03 08:26:49 INFO BlockManagerMaster: Removal of executor 48 requested
[2026-04-03T08:26:49.449+0000] {spark_submit.py:579} INFO - 26/04/03 08:26:49 INFO BlockManagerMasterEndpoint: Removed 48 successfully in removeExecutor
[2026-04-03T08:26:49.450+0000] {spark_submit.py:579} INFO - 26/04/03 08:26:49 INFO StandaloneSchedulerBackend$StandaloneDriverEndpoint: Asked to remove non-existent executor 48
[2026-04-03T08:26:49.450+0000] {spark_submit.py:579} INFO - 26/04/03 08:26:49 INFO StandaloneSchedulerBackend: Granted executor ID app-20260403082415-0008/49 on hostPort 172.20.0.2:43131 with 2 core(s), 1024.0 MiB RAM
[2026-04-03T08:26:49.472+0000] {spark_submit.py:579} INFO - 26/04/03 08:26:49 INFO StandaloneAppClient$ClientEndpoint: Executor updated: app-20260403082415-0008/49 is now RUNNING
[2026-04-03T08:26:52.515+0000] {spark_submit.py:579} INFO - 26/04/03 08:26:52 INFO StandaloneAppClient$ClientEndpoint: Executor updated: app-20260403082415-0008/49 is now EXITED (Command exited with code 1)
[2026-04-03T08:26:52.516+0000] {spark_submit.py:579} INFO - 26/04/03 08:26:52 INFO StandaloneSchedulerBackend: Executor app-20260403082415-0008/49 removed: Command exited with code 1
[2026-04-03T08:26:52.517+0000] {spark_submit.py:579} INFO - 26/04/03 08:26:52 INFO StandaloneAppClient$ClientEndpoint: Executor added: app-20260403082415-0008/50 on worker-20260403074029-172.20.0.2-43131 (172.20.0.2:43131) with 2 core(s)
[2026-04-03T08:26:52.517+0000] {spark_submit.py:579} INFO - 26/04/03 08:26:52 INFO BlockManagerMaster: Removal of executor 49 requested
[2026-04-03T08:26:52.517+0000] {spark_submit.py:579} INFO - 26/04/03 08:26:52 INFO BlockManagerMasterEndpoint: Trying to remove executor 49 from BlockManagerMaster.
[2026-04-03T08:26:52.517+0000] {spark_submit.py:579} INFO - 26/04/03 08:26:52 INFO BlockManagerMasterEndpoint: Removed 49 successfully in removeExecutor
[2026-04-03T08:26:52.518+0000] {spark_submit.py:579} INFO - 26/04/03 08:26:52 INFO StandaloneSchedulerBackend: Granted executor ID app-20260403082415-0008/50 on hostPort 172.20.0.2:43131 with 2 core(s), 1024.0 MiB RAM
[2026-04-03T08:26:52.518+0000] {spark_submit.py:579} INFO - 26/04/03 08:26:52 INFO StandaloneSchedulerBackend$StandaloneDriverEndpoint: Asked to remove non-existent executor 49
[2026-04-03T08:26:52.538+0000] {spark_submit.py:579} INFO - 26/04/03 08:26:52 INFO StandaloneAppClient$ClientEndpoint: Executor updated: app-20260403082415-0008/50 is now RUNNING
[2026-04-03T08:26:53.611+0000] {spark_submit.py:579} INFO - 26/04/03 08:26:53 WARN TaskSchedulerImpl: Initial job has not accepted any resources; check your cluster UI to ensure that workers are registered and have sufficient resources
[2026-04-03T08:26:55.544+0000] {spark_submit.py:579} INFO - 26/04/03 08:26:55 INFO StandaloneAppClient$ClientEndpoint: Executor updated: app-20260403082415-0008/50 is now EXITED (Command exited with code 1)
[2026-04-03T08:26:55.544+0000] {spark_submit.py:579} INFO - 26/04/03 08:26:55 INFO StandaloneSchedulerBackend: Executor app-20260403082415-0008/50 removed: Command exited with code 1
[2026-04-03T08:26:55.545+0000] {spark_submit.py:579} INFO - 26/04/03 08:26:55 INFO BlockManagerMasterEndpoint: Trying to remove executor 50 from BlockManagerMaster.
[2026-04-03T08:26:55.545+0000] {spark_submit.py:579} INFO - 26/04/03 08:26:55 INFO StandaloneAppClient$ClientEndpoint: Executor added: app-20260403082415-0008/51 on worker-20260403074029-172.20.0.2-43131 (172.20.0.2:43131) with 2 core(s)
[2026-04-03T08:26:55.546+0000] {spark_submit.py:579} INFO - 26/04/03 08:26:55 INFO BlockManagerMaster: Removal of executor 50 requested
[2026-04-03T08:26:55.546+0000] {spark_submit.py:579} INFO - 26/04/03 08:26:55 INFO BlockManagerMasterEndpoint: Removed 50 successfully in removeExecutor
[2026-04-03T08:26:55.547+0000] {spark_submit.py:579} INFO - 26/04/03 08:26:55 INFO StandaloneSchedulerBackend$StandaloneDriverEndpoint: Asked to remove non-existent executor 50
[2026-04-03T08:26:55.547+0000] {spark_submit.py:579} INFO - 26/04/03 08:26:55 INFO StandaloneSchedulerBackend: Granted executor ID app-20260403082415-0008/51 on hostPort 172.20.0.2:43131 with 2 core(s), 1024.0 MiB RAM
[2026-04-03T08:26:55.568+0000] {spark_submit.py:579} INFO - 26/04/03 08:26:55 INFO StandaloneAppClient$ClientEndpoint: Executor updated: app-20260403082415-0008/51 is now RUNNING
[2026-04-03T08:26:58.587+0000] {spark_submit.py:579} INFO - 26/04/03 08:26:58 INFO StandaloneAppClient$ClientEndpoint: Executor updated: app-20260403082415-0008/51 is now EXITED (Command exited with code 1)
[2026-04-03T08:26:58.588+0000] {spark_submit.py:579} INFO - 26/04/03 08:26:58 INFO StandaloneSchedulerBackend: Executor app-20260403082415-0008/51 removed: Command exited with code 1
[2026-04-03T08:26:58.588+0000] {spark_submit.py:579} INFO - 26/04/03 08:26:58 INFO BlockManagerMasterEndpoint: Trying to remove executor 51 from BlockManagerMaster.
[2026-04-03T08:26:58.589+0000] {spark_submit.py:579} INFO - 26/04/03 08:26:58 INFO BlockManagerMaster: Removal of executor 51 requested
[2026-04-03T08:26:58.589+0000] {spark_submit.py:579} INFO - 26/04/03 08:26:58 INFO StandaloneAppClient$ClientEndpoint: Executor added: app-20260403082415-0008/52 on worker-20260403074029-172.20.0.2-43131 (172.20.0.2:43131) with 2 core(s)
[2026-04-03T08:26:58.589+0000] {spark_submit.py:579} INFO - 26/04/03 08:26:58 INFO BlockManagerMasterEndpoint: Removed 51 successfully in removeExecutor
[2026-04-03T08:26:58.589+0000] {spark_submit.py:579} INFO - 26/04/03 08:26:58 INFO StandaloneSchedulerBackend$StandaloneDriverEndpoint: Asked to remove non-existent executor 51
[2026-04-03T08:26:58.590+0000] {spark_submit.py:579} INFO - 26/04/03 08:26:58 INFO StandaloneSchedulerBackend: Granted executor ID app-20260403082415-0008/52 on hostPort 172.20.0.2:43131 with 2 core(s), 1024.0 MiB RAM
[2026-04-03T08:26:58.610+0000] {spark_submit.py:579} INFO - 26/04/03 08:26:58 INFO StandaloneAppClient$ClientEndpoint: Executor updated: app-20260403082415-0008/52 is now RUNNING
[2026-04-03T08:27:02.134+0000] {spark_submit.py:579} INFO - 26/04/03 08:27:02 INFO StandaloneAppClient$ClientEndpoint: Executor updated: app-20260403082415-0008/52 is now EXITED (Command exited with code 1)
[2026-04-03T08:27:02.134+0000] {spark_submit.py:579} INFO - 26/04/03 08:27:02 INFO StandaloneSchedulerBackend: Executor app-20260403082415-0008/52 removed: Command exited with code 1
[2026-04-03T08:27:02.135+0000] {spark_submit.py:579} INFO - 26/04/03 08:27:02 INFO BlockManagerMaster: Removal of executor 52 requested
[2026-04-03T08:27:02.135+0000] {spark_submit.py:579} INFO - 26/04/03 08:27:02 INFO BlockManagerMasterEndpoint: Trying to remove executor 52 from BlockManagerMaster.
[2026-04-03T08:27:02.135+0000] {spark_submit.py:579} INFO - 26/04/03 08:27:02 INFO BlockManagerMasterEndpoint: Removed 52 successfully in removeExecutor
[2026-04-03T08:27:02.136+0000] {spark_submit.py:579} INFO - 26/04/03 08:27:02 INFO StandaloneSchedulerBackend$StandaloneDriverEndpoint: Asked to remove non-existent executor 52
[2026-04-03T08:27:02.136+0000] {spark_submit.py:579} INFO - 26/04/03 08:27:02 INFO StandaloneAppClient$ClientEndpoint: Executor added: app-20260403082415-0008/53 on worker-20260403074029-172.20.0.2-43131 (172.20.0.2:43131) with 2 core(s)
[2026-04-03T08:27:02.136+0000] {spark_submit.py:579} INFO - 26/04/03 08:27:02 INFO StandaloneSchedulerBackend: Granted executor ID app-20260403082415-0008/53 on hostPort 172.20.0.2:43131 with 2 core(s), 1024.0 MiB RAM
[2026-04-03T08:27:02.157+0000] {spark_submit.py:579} INFO - 26/04/03 08:27:02 INFO StandaloneAppClient$ClientEndpoint: Executor updated: app-20260403082415-0008/53 is now RUNNING
[2026-04-03T08:27:05.075+0000] {spark_submit.py:579} INFO - 26/04/03 08:27:05 INFO StandaloneAppClient$ClientEndpoint: Executor updated: app-20260403082415-0008/53 is now EXITED (Command exited with code 1)
[2026-04-03T08:27:05.076+0000] {spark_submit.py:579} INFO - 26/04/03 08:27:05 INFO StandaloneSchedulerBackend: Executor app-20260403082415-0008/53 removed: Command exited with code 1
[2026-04-03T08:27:05.077+0000] {spark_submit.py:579} INFO - 26/04/03 08:27:05 INFO BlockManagerMasterEndpoint: Trying to remove executor 53 from BlockManagerMaster.
[2026-04-03T08:27:05.077+0000] {spark_submit.py:579} INFO - 26/04/03 08:27:05 INFO StandaloneAppClient$ClientEndpoint: Executor added: app-20260403082415-0008/54 on worker-20260403074029-172.20.0.2-43131 (172.20.0.2:43131) with 2 core(s)
[2026-04-03T08:27:05.077+0000] {spark_submit.py:579} INFO - 26/04/03 08:27:05 INFO BlockManagerMaster: Removal of executor 53 requested
[2026-04-03T08:27:05.078+0000] {spark_submit.py:579} INFO - 26/04/03 08:27:05 INFO BlockManagerMasterEndpoint: Removed 53 successfully in removeExecutor
[2026-04-03T08:27:05.078+0000] {spark_submit.py:579} INFO - 26/04/03 08:27:05 INFO StandaloneSchedulerBackend$StandaloneDriverEndpoint: Asked to remove non-existent executor 53
[2026-04-03T08:27:05.078+0000] {spark_submit.py:579} INFO - 26/04/03 08:27:05 INFO StandaloneSchedulerBackend: Granted executor ID app-20260403082415-0008/54 on hostPort 172.20.0.2:43131 with 2 core(s), 1024.0 MiB RAM
[2026-04-03T08:27:05.100+0000] {spark_submit.py:579} INFO - 26/04/03 08:27:05 INFO StandaloneAppClient$ClientEndpoint: Executor updated: app-20260403082415-0008/54 is now RUNNING
[2026-04-03T08:27:08.007+0000] {spark_submit.py:579} INFO - 26/04/03 08:27:08 INFO StandaloneAppClient$ClientEndpoint: Executor updated: app-20260403082415-0008/54 is now EXITED (Command exited with code 1)
[2026-04-03T08:27:08.008+0000] {spark_submit.py:579} INFO - 26/04/03 08:27:08 INFO StandaloneSchedulerBackend: Executor app-20260403082415-0008/54 removed: Command exited with code 1
[2026-04-03T08:27:08.009+0000] {spark_submit.py:579} INFO - 26/04/03 08:27:08 INFO BlockManagerMaster: Removal of executor 54 requested
[2026-04-03T08:27:08.009+0000] {spark_submit.py:579} INFO - 26/04/03 08:27:08 INFO BlockManagerMasterEndpoint: Trying to remove executor 54 from BlockManagerMaster.
[2026-04-03T08:27:08.009+0000] {spark_submit.py:579} INFO - 26/04/03 08:27:08 INFO BlockManagerMasterEndpoint: Removed 54 successfully in removeExecutor
[2026-04-03T08:27:08.009+0000] {spark_submit.py:579} INFO - 26/04/03 08:27:08 INFO StandaloneSchedulerBackend$StandaloneDriverEndpoint: Asked to remove non-existent executor 54
[2026-04-03T08:27:08.010+0000] {spark_submit.py:579} INFO - 26/04/03 08:27:08 INFO StandaloneAppClient$ClientEndpoint: Executor added: app-20260403082415-0008/55 on worker-20260403074029-172.20.0.2-43131 (172.20.0.2:43131) with 2 core(s)
[2026-04-03T08:27:08.010+0000] {spark_submit.py:579} INFO - 26/04/03 08:27:08 INFO StandaloneSchedulerBackend: Granted executor ID app-20260403082415-0008/55 on hostPort 172.20.0.2:43131 with 2 core(s), 1024.0 MiB RAM
[2026-04-03T08:27:08.032+0000] {spark_submit.py:579} INFO - 26/04/03 08:27:08 INFO StandaloneAppClient$ClientEndpoint: Executor updated: app-20260403082415-0008/55 is now RUNNING
[2026-04-03T08:27:08.610+0000] {spark_submit.py:579} INFO - 26/04/03 08:27:08 WARN TaskSchedulerImpl: Initial job has not accepted any resources; check your cluster UI to ensure that workers are registered and have sufficient resources
[2026-04-03T08:27:10.997+0000] {spark_submit.py:579} INFO - 26/04/03 08:27:10 INFO StandaloneAppClient$ClientEndpoint: Executor updated: app-20260403082415-0008/55 is now EXITED (Command exited with code 1)
[2026-04-03T08:27:10.998+0000] {spark_submit.py:579} INFO - 26/04/03 08:27:10 INFO StandaloneSchedulerBackend: Executor app-20260403082415-0008/55 removed: Command exited with code 1
[2026-04-03T08:27:10.998+0000] {spark_submit.py:579} INFO - 26/04/03 08:27:10 INFO BlockManagerMaster: Removal of executor 55 requested
[2026-04-03T08:27:10.998+0000] {spark_submit.py:579} INFO - 26/04/03 08:27:10 INFO BlockManagerMasterEndpoint: Trying to remove executor 55 from BlockManagerMaster.
[2026-04-03T08:27:10.999+0000] {spark_submit.py:579} INFO - 26/04/03 08:27:10 INFO StandaloneAppClient$ClientEndpoint: Executor added: app-20260403082415-0008/56 on worker-20260403074029-172.20.0.2-43131 (172.20.0.2:43131) with 2 core(s)
[2026-04-03T08:27:10.999+0000] {spark_submit.py:579} INFO - 26/04/03 08:27:10 INFO BlockManagerMasterEndpoint: Removed 55 successfully in removeExecutor
[2026-04-03T08:27:10.999+0000] {spark_submit.py:579} INFO - 26/04/03 08:27:10 INFO StandaloneSchedulerBackend$StandaloneDriverEndpoint: Asked to remove non-existent executor 55
[2026-04-03T08:27:10.999+0000] {spark_submit.py:579} INFO - 26/04/03 08:27:10 INFO StandaloneSchedulerBackend: Granted executor ID app-20260403082415-0008/56 on hostPort 172.20.0.2:43131 with 2 core(s), 1024.0 MiB RAM
[2026-04-03T08:27:11.019+0000] {spark_submit.py:579} INFO - 26/04/03 08:27:11 INFO StandaloneAppClient$ClientEndpoint: Executor updated: app-20260403082415-0008/56 is now RUNNING
[2026-04-03T08:27:13.903+0000] {spark_submit.py:579} INFO - 26/04/03 08:27:13 INFO StandaloneAppClient$ClientEndpoint: Executor updated: app-20260403082415-0008/56 is now EXITED (Command exited with code 1)
[2026-04-03T08:27:13.903+0000] {spark_submit.py:579} INFO - 26/04/03 08:27:13 INFO StandaloneSchedulerBackend: Executor app-20260403082415-0008/56 removed: Command exited with code 1
[2026-04-03T08:27:13.904+0000] {spark_submit.py:579} INFO - 26/04/03 08:27:13 INFO BlockManagerMasterEndpoint: Trying to remove executor 56 from BlockManagerMaster.
[2026-04-03T08:27:13.904+0000] {spark_submit.py:579} INFO - 26/04/03 08:27:13 INFO BlockManagerMasterEndpoint: Removed 56 successfully in removeExecutor
[2026-04-03T08:27:13.904+0000] {spark_submit.py:579} INFO - 26/04/03 08:27:13 INFO BlockManagerMaster: Removal of executor 56 requested
[2026-04-03T08:27:13.905+0000] {spark_submit.py:579} INFO - 26/04/03 08:27:13 INFO StandaloneAppClient$ClientEndpoint: Executor added: app-20260403082415-0008/57 on worker-20260403074029-172.20.0.2-43131 (172.20.0.2:43131) with 2 core(s)
[2026-04-03T08:27:13.905+0000] {spark_submit.py:579} INFO - 26/04/03 08:27:13 INFO StandaloneSchedulerBackend$StandaloneDriverEndpoint: Asked to remove non-existent executor 56
[2026-04-03T08:27:13.905+0000] {spark_submit.py:579} INFO - 26/04/03 08:27:13 INFO StandaloneSchedulerBackend: Granted executor ID app-20260403082415-0008/57 on hostPort 172.20.0.2:43131 with 2 core(s), 1024.0 MiB RAM
[2026-04-03T08:27:13.926+0000] {spark_submit.py:579} INFO - 26/04/03 08:27:13 INFO StandaloneAppClient$ClientEndpoint: Executor updated: app-20260403082415-0008/57 is now RUNNING
[2026-04-03T08:27:16.998+0000] {spark_submit.py:579} INFO - 26/04/03 08:27:16 INFO StandaloneAppClient$ClientEndpoint: Executor updated: app-20260403082415-0008/57 is now EXITED (Command exited with code 1)
[2026-04-03T08:27:16.999+0000] {spark_submit.py:579} INFO - 26/04/03 08:27:16 INFO StandaloneSchedulerBackend: Executor app-20260403082415-0008/57 removed: Command exited with code 1
[2026-04-03T08:27:16.999+0000] {spark_submit.py:579} INFO - 26/04/03 08:27:16 INFO BlockManagerMaster: Removal of executor 57 requested
[2026-04-03T08:27:17.000+0000] {spark_submit.py:579} INFO - 26/04/03 08:27:16 INFO BlockManagerMasterEndpoint: Trying to remove executor 57 from BlockManagerMaster.
[2026-04-03T08:27:17.000+0000] {spark_submit.py:579} INFO - 26/04/03 08:27:16 INFO BlockManagerMasterEndpoint: Removed 57 successfully in removeExecutor
[2026-04-03T08:27:17.000+0000] {spark_submit.py:579} INFO - 26/04/03 08:27:16 INFO StandaloneSchedulerBackend$StandaloneDriverEndpoint: Asked to remove non-existent executor 57
[2026-04-03T08:27:17.000+0000] {spark_submit.py:579} INFO - 26/04/03 08:27:16 INFO StandaloneAppClient$ClientEndpoint: Executor added: app-20260403082415-0008/58 on worker-20260403074029-172.20.0.2-43131 (172.20.0.2:43131) with 2 core(s)
[2026-04-03T08:27:17.000+0000] {spark_submit.py:579} INFO - 26/04/03 08:27:16 INFO StandaloneSchedulerBackend: Granted executor ID app-20260403082415-0008/58 on hostPort 172.20.0.2:43131 with 2 core(s), 1024.0 MiB RAM
[2026-04-03T08:27:17.022+0000] {spark_submit.py:579} INFO - 26/04/03 08:27:17 INFO StandaloneAppClient$ClientEndpoint: Executor updated: app-20260403082415-0008/58 is now RUNNING
[2026-04-03T08:27:19.973+0000] {spark_submit.py:579} INFO - 26/04/03 08:27:19 INFO StandaloneAppClient$ClientEndpoint: Executor updated: app-20260403082415-0008/58 is now EXITED (Command exited with code 1)
[2026-04-03T08:27:19.974+0000] {spark_submit.py:579} INFO - 26/04/03 08:27:19 INFO StandaloneSchedulerBackend: Executor app-20260403082415-0008/58 removed: Command exited with code 1
[2026-04-03T08:27:19.974+0000] {spark_submit.py:579} INFO - 26/04/03 08:27:19 INFO BlockManagerMaster: Removal of executor 58 requested
[2026-04-03T08:27:19.975+0000] {spark_submit.py:579} INFO - 26/04/03 08:27:19 INFO StandaloneSchedulerBackend$StandaloneDriverEndpoint: Asked to remove non-existent executor 58
[2026-04-03T08:27:19.975+0000] {spark_submit.py:579} INFO - 26/04/03 08:27:19 INFO StandaloneAppClient$ClientEndpoint: Executor added: app-20260403082415-0008/59 on worker-20260403074029-172.20.0.2-43131 (172.20.0.2:43131) with 2 core(s)
[2026-04-03T08:27:19.975+0000] {spark_submit.py:579} INFO - 26/04/03 08:27:19 INFO BlockManagerMasterEndpoint: Trying to remove executor 58 from BlockManagerMaster.
[2026-04-03T08:27:19.975+0000] {spark_submit.py:579} INFO - 26/04/03 08:27:19 INFO BlockManagerMasterEndpoint: Removed 58 successfully in removeExecutor
[2026-04-03T08:27:19.976+0000] {spark_submit.py:579} INFO - 26/04/03 08:27:19 INFO StandaloneSchedulerBackend: Granted executor ID app-20260403082415-0008/59 on hostPort 172.20.0.2:43131 with 2 core(s), 1024.0 MiB RAM
[2026-04-03T08:27:19.998+0000] {spark_submit.py:579} INFO - 26/04/03 08:27:19 INFO StandaloneAppClient$ClientEndpoint: Executor updated: app-20260403082415-0008/59 is now RUNNING
[2026-04-03T08:27:22.961+0000] {spark_submit.py:579} INFO - 26/04/03 08:27:22 INFO StandaloneAppClient$ClientEndpoint: Executor updated: app-20260403082415-0008/59 is now EXITED (Command exited with code 1)
[2026-04-03T08:27:22.962+0000] {spark_submit.py:579} INFO - 26/04/03 08:27:22 INFO StandaloneSchedulerBackend: Executor app-20260403082415-0008/59 removed: Command exited with code 1
[2026-04-03T08:27:22.962+0000] {spark_submit.py:579} INFO - 26/04/03 08:27:22 INFO BlockManagerMasterEndpoint: Trying to remove executor 59 from BlockManagerMaster.
[2026-04-03T08:27:22.962+0000] {spark_submit.py:579} INFO - 26/04/03 08:27:22 INFO BlockManagerMaster: Removal of executor 59 requested
[2026-04-03T08:27:22.963+0000] {spark_submit.py:579} INFO - 26/04/03 08:27:22 INFO BlockManagerMasterEndpoint: Removed 59 successfully in removeExecutor
[2026-04-03T08:27:22.963+0000] {spark_submit.py:579} INFO - 26/04/03 08:27:22 INFO StandaloneSchedulerBackend$StandaloneDriverEndpoint: Asked to remove non-existent executor 59
[2026-04-03T08:27:22.963+0000] {spark_submit.py:579} INFO - 26/04/03 08:27:22 INFO StandaloneAppClient$ClientEndpoint: Executor added: app-20260403082415-0008/60 on worker-20260403074029-172.20.0.2-43131 (172.20.0.2:43131) with 2 core(s)
[2026-04-03T08:27:22.963+0000] {spark_submit.py:579} INFO - 26/04/03 08:27:22 INFO StandaloneSchedulerBackend: Granted executor ID app-20260403082415-0008/60 on hostPort 172.20.0.2:43131 with 2 core(s), 1024.0 MiB RAM
[2026-04-03T08:27:22.983+0000] {spark_submit.py:579} INFO - 26/04/03 08:27:22 INFO StandaloneAppClient$ClientEndpoint: Executor updated: app-20260403082415-0008/60 is now RUNNING
[2026-04-03T08:27:23.610+0000] {spark_submit.py:579} INFO - 26/04/03 08:27:23 WARN TaskSchedulerImpl: Initial job has not accepted any resources; check your cluster UI to ensure that workers are registered and have sufficient resources
[2026-04-03T08:27:25.965+0000] {spark_submit.py:579} INFO - 26/04/03 08:27:25 INFO StandaloneAppClient$ClientEndpoint: Executor updated: app-20260403082415-0008/60 is now EXITED (Command exited with code 1)
[2026-04-03T08:27:25.966+0000] {spark_submit.py:579} INFO - 26/04/03 08:27:25 INFO StandaloneSchedulerBackend: Executor app-20260403082415-0008/60 removed: Command exited with code 1
[2026-04-03T08:27:25.966+0000] {spark_submit.py:579} INFO - 26/04/03 08:27:25 INFO BlockManagerMaster: Removal of executor 60 requested
[2026-04-03T08:27:25.966+0000] {spark_submit.py:579} INFO - 26/04/03 08:27:25 INFO BlockManagerMasterEndpoint: Trying to remove executor 60 from BlockManagerMaster.
[2026-04-03T08:27:25.967+0000] {spark_submit.py:579} INFO - 26/04/03 08:27:25 INFO StandaloneSchedulerBackend$StandaloneDriverEndpoint: Asked to remove non-existent executor 60
[2026-04-03T08:27:25.967+0000] {spark_submit.py:579} INFO - 26/04/03 08:27:25 INFO BlockManagerMasterEndpoint: Removed 60 successfully in removeExecutor
[2026-04-03T08:27:25.967+0000] {spark_submit.py:579} INFO - 26/04/03 08:27:25 INFO StandaloneAppClient$ClientEndpoint: Executor added: app-20260403082415-0008/61 on worker-20260403074029-172.20.0.2-43131 (172.20.0.2:43131) with 2 core(s)
[2026-04-03T08:27:25.967+0000] {spark_submit.py:579} INFO - 26/04/03 08:27:25 INFO StandaloneSchedulerBackend: Granted executor ID app-20260403082415-0008/61 on hostPort 172.20.0.2:43131 with 2 core(s), 1024.0 MiB RAM
[2026-04-03T08:27:25.989+0000] {spark_submit.py:579} INFO - 26/04/03 08:27:25 INFO StandaloneAppClient$ClientEndpoint: Executor updated: app-20260403082415-0008/61 is now RUNNING
[2026-04-03T08:27:28.979+0000] {spark_submit.py:579} INFO - 26/04/03 08:27:28 INFO StandaloneAppClient$ClientEndpoint: Executor updated: app-20260403082415-0008/61 is now EXITED (Command exited with code 1)
[2026-04-03T08:27:28.980+0000] {spark_submit.py:579} INFO - 26/04/03 08:27:28 INFO StandaloneSchedulerBackend: Executor app-20260403082415-0008/61 removed: Command exited with code 1
[2026-04-03T08:27:28.980+0000] {spark_submit.py:579} INFO - 26/04/03 08:27:28 INFO BlockManagerMasterEndpoint: Trying to remove executor 61 from BlockManagerMaster.
[2026-04-03T08:27:28.980+0000] {spark_submit.py:579} INFO - 26/04/03 08:27:28 INFO StandaloneAppClient$ClientEndpoint: Executor added: app-20260403082415-0008/62 on worker-20260403074029-172.20.0.2-43131 (172.20.0.2:43131) with 2 core(s)
[2026-04-03T08:27:28.981+0000] {spark_submit.py:579} INFO - 26/04/03 08:27:28 INFO BlockManagerMasterEndpoint: Removed 61 successfully in removeExecutor
[2026-04-03T08:27:28.981+0000] {spark_submit.py:579} INFO - 26/04/03 08:27:28 INFO BlockManagerMaster: Removal of executor 61 requested
[2026-04-03T08:27:28.982+0000] {spark_submit.py:579} INFO - 26/04/03 08:27:28 INFO StandaloneSchedulerBackend: Granted executor ID app-20260403082415-0008/62 on hostPort 172.20.0.2:43131 with 2 core(s), 1024.0 MiB RAM
[2026-04-03T08:27:28.982+0000] {spark_submit.py:579} INFO - 26/04/03 08:27:28 INFO StandaloneSchedulerBackend$StandaloneDriverEndpoint: Asked to remove non-existent executor 61
[2026-04-03T08:27:29.004+0000] {spark_submit.py:579} INFO - 26/04/03 08:27:29 INFO StandaloneAppClient$ClientEndpoint: Executor updated: app-20260403082415-0008/62 is now RUNNING
[2026-04-03T08:27:32.115+0000] {spark_submit.py:579} INFO - 26/04/03 08:27:32 INFO StandaloneAppClient$ClientEndpoint: Executor updated: app-20260403082415-0008/62 is now EXITED (Command exited with code 1)
[2026-04-03T08:27:32.116+0000] {spark_submit.py:579} INFO - 26/04/03 08:27:32 INFO StandaloneSchedulerBackend: Executor app-20260403082415-0008/62 removed: Command exited with code 1
[2026-04-03T08:27:32.117+0000] {spark_submit.py:579} INFO - 26/04/03 08:27:32 INFO BlockManagerMaster: Removal of executor 62 requested
[2026-04-03T08:27:32.117+0000] {spark_submit.py:579} INFO - 26/04/03 08:27:32 INFO BlockManagerMasterEndpoint: Trying to remove executor 62 from BlockManagerMaster.
[2026-04-03T08:27:32.117+0000] {spark_submit.py:579} INFO - 26/04/03 08:27:32 INFO StandaloneSchedulerBackend$StandaloneDriverEndpoint: Asked to remove non-existent executor 62
[2026-04-03T08:27:32.117+0000] {spark_submit.py:579} INFO - 26/04/03 08:27:32 INFO BlockManagerMasterEndpoint: Removed 62 successfully in removeExecutor
[2026-04-03T08:27:32.118+0000] {spark_submit.py:579} INFO - 26/04/03 08:27:32 INFO StandaloneAppClient$ClientEndpoint: Executor added: app-20260403082415-0008/63 on worker-20260403074029-172.20.0.2-43131 (172.20.0.2:43131) with 2 core(s)
[2026-04-03T08:27:32.118+0000] {spark_submit.py:579} INFO - 26/04/03 08:27:32 INFO StandaloneSchedulerBackend: Granted executor ID app-20260403082415-0008/63 on hostPort 172.20.0.2:43131 with 2 core(s), 1024.0 MiB RAM
[2026-04-03T08:27:32.141+0000] {spark_submit.py:579} INFO - 26/04/03 08:27:32 INFO StandaloneAppClient$ClientEndpoint: Executor updated: app-20260403082415-0008/63 is now RUNNING
[2026-04-03T08:27:35.093+0000] {spark_submit.py:579} INFO - 26/04/03 08:27:35 INFO StandaloneAppClient$ClientEndpoint: Executor updated: app-20260403082415-0008/63 is now EXITED (Command exited with code 1)
[2026-04-03T08:27:35.094+0000] {spark_submit.py:579} INFO - 26/04/03 08:27:35 INFO StandaloneSchedulerBackend: Executor app-20260403082415-0008/63 removed: Command exited with code 1
[2026-04-03T08:27:35.094+0000] {spark_submit.py:579} INFO - 26/04/03 08:27:35 INFO BlockManagerMaster: Removal of executor 63 requested
[2026-04-03T08:27:35.095+0000] {spark_submit.py:579} INFO - 26/04/03 08:27:35 INFO StandaloneAppClient$ClientEndpoint: Executor added: app-20260403082415-0008/64 on worker-20260403074029-172.20.0.2-43131 (172.20.0.2:43131) with 2 core(s)
[2026-04-03T08:27:35.095+0000] {spark_submit.py:579} INFO - 26/04/03 08:27:35 INFO BlockManagerMasterEndpoint: Trying to remove executor 63 from BlockManagerMaster.
[2026-04-03T08:27:35.095+0000] {spark_submit.py:579} INFO - 26/04/03 08:27:35 INFO StandaloneSchedulerBackend$StandaloneDriverEndpoint: Asked to remove non-existent executor 63
[2026-04-03T08:27:35.095+0000] {spark_submit.py:579} INFO - 26/04/03 08:27:35 INFO BlockManagerMasterEndpoint: Removed 63 successfully in removeExecutor
[2026-04-03T08:27:35.096+0000] {spark_submit.py:579} INFO - 26/04/03 08:27:35 INFO StandaloneSchedulerBackend: Granted executor ID app-20260403082415-0008/64 on hostPort 172.20.0.2:43131 with 2 core(s), 1024.0 MiB RAM
[2026-04-03T08:27:35.116+0000] {spark_submit.py:579} INFO - 26/04/03 08:27:35 INFO StandaloneAppClient$ClientEndpoint: Executor updated: app-20260403082415-0008/64 is now RUNNING
[2026-04-03T08:27:38.101+0000] {spark_submit.py:579} INFO - 26/04/03 08:27:38 INFO StandaloneAppClient$ClientEndpoint: Executor updated: app-20260403082415-0008/64 is now EXITED (Command exited with code 1)
[2026-04-03T08:27:38.102+0000] {spark_submit.py:579} INFO - 26/04/03 08:27:38 INFO StandaloneSchedulerBackend: Executor app-20260403082415-0008/64 removed: Command exited with code 1
[2026-04-03T08:27:38.102+0000] {spark_submit.py:579} INFO - 26/04/03 08:27:38 INFO BlockManagerMaster: Removal of executor 64 requested
[2026-04-03T08:27:38.103+0000] {spark_submit.py:579} INFO - 26/04/03 08:27:38 INFO BlockManagerMasterEndpoint: Trying to remove executor 64 from BlockManagerMaster.
[2026-04-03T08:27:38.103+0000] {spark_submit.py:579} INFO - 26/04/03 08:27:38 INFO StandaloneSchedulerBackend$StandaloneDriverEndpoint: Asked to remove non-existent executor 64
[2026-04-03T08:27:38.103+0000] {spark_submit.py:579} INFO - 26/04/03 08:27:38 INFO BlockManagerMasterEndpoint: Removed 64 successfully in removeExecutor
[2026-04-03T08:27:38.103+0000] {spark_submit.py:579} INFO - 26/04/03 08:27:38 INFO StandaloneAppClient$ClientEndpoint: Executor added: app-20260403082415-0008/65 on worker-20260403074029-172.20.0.2-43131 (172.20.0.2:43131) with 2 core(s)
[2026-04-03T08:27:38.104+0000] {spark_submit.py:579} INFO - 26/04/03 08:27:38 INFO StandaloneSchedulerBackend: Granted executor ID app-20260403082415-0008/65 on hostPort 172.20.0.2:43131 with 2 core(s), 1024.0 MiB RAM
[2026-04-03T08:27:38.125+0000] {spark_submit.py:579} INFO - 26/04/03 08:27:38 INFO StandaloneAppClient$ClientEndpoint: Executor updated: app-20260403082415-0008/65 is now RUNNING
[2026-04-03T08:27:38.610+0000] {spark_submit.py:579} INFO - 26/04/03 08:27:38 WARN TaskSchedulerImpl: Initial job has not accepted any resources; check your cluster UI to ensure that workers are registered and have sufficient resources
[2026-04-03T08:27:41.016+0000] {spark_submit.py:579} INFO - 26/04/03 08:27:41 INFO StandaloneAppClient$ClientEndpoint: Executor updated: app-20260403082415-0008/65 is now EXITED (Command exited with code 1)
[2026-04-03T08:27:41.017+0000] {spark_submit.py:579} INFO - 26/04/03 08:27:41 INFO StandaloneSchedulerBackend: Executor app-20260403082415-0008/65 removed: Command exited with code 1
[2026-04-03T08:27:41.017+0000] {spark_submit.py:579} INFO - 26/04/03 08:27:41 INFO BlockManagerMaster: Removal of executor 65 requested
[2026-04-03T08:27:41.018+0000] {spark_submit.py:579} INFO - 26/04/03 08:27:41 INFO BlockManagerMasterEndpoint: Trying to remove executor 65 from BlockManagerMaster.
[2026-04-03T08:27:41.018+0000] {spark_submit.py:579} INFO - 26/04/03 08:27:41 INFO BlockManagerMasterEndpoint: Removed 65 successfully in removeExecutor
[2026-04-03T08:27:41.018+0000] {spark_submit.py:579} INFO - 26/04/03 08:27:41 INFO StandaloneSchedulerBackend$StandaloneDriverEndpoint: Asked to remove non-existent executor 65
[2026-04-03T08:27:41.018+0000] {spark_submit.py:579} INFO - 26/04/03 08:27:41 INFO StandaloneAppClient$ClientEndpoint: Executor added: app-20260403082415-0008/66 on worker-20260403074029-172.20.0.2-43131 (172.20.0.2:43131) with 2 core(s)
[2026-04-03T08:27:41.019+0000] {spark_submit.py:579} INFO - 26/04/03 08:27:41 INFO StandaloneSchedulerBackend: Granted executor ID app-20260403082415-0008/66 on hostPort 172.20.0.2:43131 with 2 core(s), 1024.0 MiB RAM
[2026-04-03T08:27:41.038+0000] {spark_submit.py:579} INFO - 26/04/03 08:27:41 INFO StandaloneAppClient$ClientEndpoint: Executor updated: app-20260403082415-0008/66 is now RUNNING
[2026-04-03T08:27:43.991+0000] {spark_submit.py:579} INFO - 26/04/03 08:27:43 INFO StandaloneAppClient$ClientEndpoint: Executor updated: app-20260403082415-0008/66 is now EXITED (Command exited with code 1)
[2026-04-03T08:27:43.992+0000] {spark_submit.py:579} INFO - 26/04/03 08:27:43 INFO StandaloneSchedulerBackend: Executor app-20260403082415-0008/66 removed: Command exited with code 1
[2026-04-03T08:27:43.993+0000] {spark_submit.py:579} INFO - 26/04/03 08:27:43 INFO BlockManagerMasterEndpoint: Trying to remove executor 66 from BlockManagerMaster.
[2026-04-03T08:27:43.993+0000] {spark_submit.py:579} INFO - 26/04/03 08:27:43 INFO StandaloneAppClient$ClientEndpoint: Executor added: app-20260403082415-0008/67 on worker-20260403074029-172.20.0.2-43131 (172.20.0.2:43131) with 2 core(s)
[2026-04-03T08:27:43.994+0000] {spark_submit.py:579} INFO - 26/04/03 08:27:43 INFO BlockManagerMaster: Removal of executor 66 requested
[2026-04-03T08:27:43.994+0000] {spark_submit.py:579} INFO - 26/04/03 08:27:43 INFO BlockManagerMasterEndpoint: Removed 66 successfully in removeExecutor
[2026-04-03T08:27:43.994+0000] {spark_submit.py:579} INFO - 26/04/03 08:27:43 INFO StandaloneSchedulerBackend$StandaloneDriverEndpoint: Asked to remove non-existent executor 66
[2026-04-03T08:27:43.995+0000] {spark_submit.py:579} INFO - 26/04/03 08:27:43 INFO StandaloneSchedulerBackend: Granted executor ID app-20260403082415-0008/67 on hostPort 172.20.0.2:43131 with 2 core(s), 1024.0 MiB RAM
[2026-04-03T08:27:44.015+0000] {spark_submit.py:579} INFO - 26/04/03 08:27:44 INFO StandaloneAppClient$ClientEndpoint: Executor updated: app-20260403082415-0008/67 is now RUNNING
[2026-04-03T08:27:47.130+0000] {spark_submit.py:579} INFO - 26/04/03 08:27:47 INFO StandaloneAppClient$ClientEndpoint: Executor updated: app-20260403082415-0008/67 is now EXITED (Command exited with code 1)
[2026-04-03T08:27:47.131+0000] {spark_submit.py:579} INFO - 26/04/03 08:27:47 INFO StandaloneSchedulerBackend: Executor app-20260403082415-0008/67 removed: Command exited with code 1
[2026-04-03T08:27:47.131+0000] {spark_submit.py:579} INFO - 26/04/03 08:27:47 INFO BlockManagerMasterEndpoint: Trying to remove executor 67 from BlockManagerMaster.
[2026-04-03T08:27:47.132+0000] {spark_submit.py:579} INFO - 26/04/03 08:27:47 INFO BlockManagerMaster: Removal of executor 67 requested
[2026-04-03T08:27:47.132+0000] {spark_submit.py:579} INFO - 26/04/03 08:27:47 INFO BlockManagerMasterEndpoint: Removed 67 successfully in removeExecutor
[2026-04-03T08:27:47.132+0000] {spark_submit.py:579} INFO - 26/04/03 08:27:47 INFO StandaloneAppClient$ClientEndpoint: Executor added: app-20260403082415-0008/68 on worker-20260403074029-172.20.0.2-43131 (172.20.0.2:43131) with 2 core(s)
[2026-04-03T08:27:47.132+0000] {spark_submit.py:579} INFO - 26/04/03 08:27:47 INFO StandaloneSchedulerBackend$StandaloneDriverEndpoint: Asked to remove non-existent executor 67
[2026-04-03T08:27:47.133+0000] {spark_submit.py:579} INFO - 26/04/03 08:27:47 INFO StandaloneSchedulerBackend: Granted executor ID app-20260403082415-0008/68 on hostPort 172.20.0.2:43131 with 2 core(s), 1024.0 MiB RAM
[2026-04-03T08:27:47.154+0000] {spark_submit.py:579} INFO - 26/04/03 08:27:47 INFO StandaloneAppClient$ClientEndpoint: Executor updated: app-20260403082415-0008/68 is now RUNNING
[2026-04-03T08:27:50.204+0000] {spark_submit.py:579} INFO - 26/04/03 08:27:50 INFO StandaloneAppClient$ClientEndpoint: Executor updated: app-20260403082415-0008/68 is now EXITED (Command exited with code 1)
[2026-04-03T08:27:50.205+0000] {spark_submit.py:579} INFO - 26/04/03 08:27:50 INFO StandaloneSchedulerBackend: Executor app-20260403082415-0008/68 removed: Command exited with code 1
[2026-04-03T08:27:50.206+0000] {spark_submit.py:579} INFO - 26/04/03 08:27:50 INFO BlockManagerMasterEndpoint: Trying to remove executor 68 from BlockManagerMaster.
[2026-04-03T08:27:50.206+0000] {spark_submit.py:579} INFO - 26/04/03 08:27:50 INFO BlockManagerMaster: Removal of executor 68 requested
[2026-04-03T08:27:50.206+0000] {spark_submit.py:579} INFO - 26/04/03 08:27:50 INFO BlockManagerMasterEndpoint: Removed 68 successfully in removeExecutor
[2026-04-03T08:27:50.206+0000] {spark_submit.py:579} INFO - 26/04/03 08:27:50 INFO StandaloneSchedulerBackend$StandaloneDriverEndpoint: Asked to remove non-existent executor 68
[2026-04-03T08:27:50.207+0000] {spark_submit.py:579} INFO - 26/04/03 08:27:50 INFO StandaloneAppClient$ClientEndpoint: Executor added: app-20260403082415-0008/69 on worker-20260403074029-172.20.0.2-43131 (172.20.0.2:43131) with 2 core(s)
[2026-04-03T08:27:50.207+0000] {spark_submit.py:579} INFO - 26/04/03 08:27:50 INFO StandaloneSchedulerBackend: Granted executor ID app-20260403082415-0008/69 on hostPort 172.20.0.2:43131 with 2 core(s), 1024.0 MiB RAM
[2026-04-03T08:27:50.236+0000] {spark_submit.py:579} INFO - 26/04/03 08:27:50 INFO StandaloneAppClient$ClientEndpoint: Executor updated: app-20260403082415-0008/69 is now RUNNING
[2026-04-03T08:27:53.302+0000] {spark_submit.py:579} INFO - 26/04/03 08:27:53 INFO StandaloneAppClient$ClientEndpoint: Executor updated: app-20260403082415-0008/69 is now EXITED (Command exited with code 1)
[2026-04-03T08:27:53.303+0000] {spark_submit.py:579} INFO - 26/04/03 08:27:53 INFO StandaloneSchedulerBackend: Executor app-20260403082415-0008/69 removed: Command exited with code 1
[2026-04-03T08:27:53.304+0000] {spark_submit.py:579} INFO - 26/04/03 08:27:53 INFO StandaloneAppClient$ClientEndpoint: Executor added: app-20260403082415-0008/70 on worker-20260403074029-172.20.0.2-43131 (172.20.0.2:43131) with 2 core(s)
[2026-04-03T08:27:53.304+0000] {spark_submit.py:579} INFO - 26/04/03 08:27:53 INFO BlockManagerMasterEndpoint: Trying to remove executor 69 from BlockManagerMaster.
[2026-04-03T08:27:53.304+0000] {spark_submit.py:579} INFO - 26/04/03 08:27:53 INFO BlockManagerMaster: Removal of executor 69 requested
[2026-04-03T08:27:53.304+0000] {spark_submit.py:579} INFO - 26/04/03 08:27:53 INFO BlockManagerMasterEndpoint: Removed 69 successfully in removeExecutor
[2026-04-03T08:27:53.305+0000] {spark_submit.py:579} INFO - 26/04/03 08:27:53 INFO StandaloneSchedulerBackend: Granted executor ID app-20260403082415-0008/70 on hostPort 172.20.0.2:43131 with 2 core(s), 1024.0 MiB RAM
[2026-04-03T08:27:53.305+0000] {spark_submit.py:579} INFO - 26/04/03 08:27:53 INFO StandaloneSchedulerBackend$StandaloneDriverEndpoint: Asked to remove non-existent executor 69
[2026-04-03T08:27:53.327+0000] {spark_submit.py:579} INFO - 26/04/03 08:27:53 INFO StandaloneAppClient$ClientEndpoint: Executor updated: app-20260403082415-0008/70 is now RUNNING
[2026-04-03T08:27:53.610+0000] {spark_submit.py:579} INFO - 26/04/03 08:27:53 WARN TaskSchedulerImpl: Initial job has not accepted any resources; check your cluster UI to ensure that workers are registered and have sufficient resources
[2026-04-03T08:27:56.195+0000] {spark_submit.py:579} INFO - 26/04/03 08:27:56 INFO StandaloneAppClient$ClientEndpoint: Executor updated: app-20260403082415-0008/70 is now EXITED (Command exited with code 1)
[2026-04-03T08:27:56.196+0000] {spark_submit.py:579} INFO - 26/04/03 08:27:56 INFO StandaloneSchedulerBackend: Executor app-20260403082415-0008/70 removed: Command exited with code 1
[2026-04-03T08:27:56.196+0000] {spark_submit.py:579} INFO - 26/04/03 08:27:56 INFO BlockManagerMasterEndpoint: Trying to remove executor 70 from BlockManagerMaster.
[2026-04-03T08:27:56.197+0000] {spark_submit.py:579} INFO - 26/04/03 08:27:56 INFO BlockManagerMasterEndpoint: Removed 70 successfully in removeExecutor
[2026-04-03T08:27:56.197+0000] {spark_submit.py:579} INFO - 26/04/03 08:27:56 INFO BlockManagerMaster: Removal of executor 70 requested
[2026-04-03T08:27:56.198+0000] {spark_submit.py:579} INFO - 26/04/03 08:27:56 INFO StandaloneSchedulerBackend$StandaloneDriverEndpoint: Asked to remove non-existent executor 70
[2026-04-03T08:27:56.198+0000] {spark_submit.py:579} INFO - 26/04/03 08:27:56 INFO StandaloneAppClient$ClientEndpoint: Executor added: app-20260403082415-0008/71 on worker-20260403074029-172.20.0.2-43131 (172.20.0.2:43131) with 2 core(s)
[2026-04-03T08:27:56.198+0000] {spark_submit.py:579} INFO - 26/04/03 08:27:56 INFO StandaloneSchedulerBackend: Granted executor ID app-20260403082415-0008/71 on hostPort 172.20.0.2:43131 with 2 core(s), 1024.0 MiB RAM
[2026-04-03T08:27:56.217+0000] {spark_submit.py:579} INFO - 26/04/03 08:27:56 INFO StandaloneAppClient$ClientEndpoint: Executor updated: app-20260403082415-0008/71 is now RUNNING
[2026-04-03T08:27:59.142+0000] {spark_submit.py:579} INFO - 26/04/03 08:27:59 INFO StandaloneAppClient$ClientEndpoint: Executor updated: app-20260403082415-0008/71 is now EXITED (Command exited with code 1)
[2026-04-03T08:27:59.143+0000] {spark_submit.py:579} INFO - 26/04/03 08:27:59 INFO StandaloneSchedulerBackend: Executor app-20260403082415-0008/71 removed: Command exited with code 1
[2026-04-03T08:27:59.143+0000] {spark_submit.py:579} INFO - 26/04/03 08:27:59 INFO StandaloneAppClient$ClientEndpoint: Executor added: app-20260403082415-0008/72 on worker-20260403074029-172.20.0.2-43131 (172.20.0.2:43131) with 2 core(s)
[2026-04-03T08:27:59.144+0000] {spark_submit.py:579} INFO - 26/04/03 08:27:59 INFO BlockManagerMasterEndpoint: Trying to remove executor 71 from BlockManagerMaster.
[2026-04-03T08:27:59.144+0000] {spark_submit.py:579} INFO - 26/04/03 08:27:59 INFO BlockManagerMaster: Removal of executor 71 requested
[2026-04-03T08:27:59.144+0000] {spark_submit.py:579} INFO - 26/04/03 08:27:59 INFO BlockManagerMasterEndpoint: Removed 71 successfully in removeExecutor
[2026-04-03T08:27:59.144+0000] {spark_submit.py:579} INFO - 26/04/03 08:27:59 INFO StandaloneSchedulerBackend: Granted executor ID app-20260403082415-0008/72 on hostPort 172.20.0.2:43131 with 2 core(s), 1024.0 MiB RAM
[2026-04-03T08:27:59.144+0000] {spark_submit.py:579} INFO - 26/04/03 08:27:59 INFO StandaloneSchedulerBackend$StandaloneDriverEndpoint: Asked to remove non-existent executor 71
[2026-04-03T08:27:59.166+0000] {spark_submit.py:579} INFO - 26/04/03 08:27:59 INFO StandaloneAppClient$ClientEndpoint: Executor updated: app-20260403082415-0008/72 is now RUNNING
[2026-04-03T08:28:02.133+0000] {spark_submit.py:579} INFO - 26/04/03 08:28:02 INFO StandaloneAppClient$ClientEndpoint: Executor updated: app-20260403082415-0008/72 is now EXITED (Command exited with code 1)
[2026-04-03T08:28:02.133+0000] {spark_submit.py:579} INFO - 26/04/03 08:28:02 INFO StandaloneSchedulerBackend: Executor app-20260403082415-0008/72 removed: Command exited with code 1
[2026-04-03T08:28:02.134+0000] {spark_submit.py:579} INFO - 26/04/03 08:28:02 INFO BlockManagerMasterEndpoint: Trying to remove executor 72 from BlockManagerMaster.
[2026-04-03T08:28:02.134+0000] {spark_submit.py:579} INFO - 26/04/03 08:28:02 INFO BlockManagerMaster: Removal of executor 72 requested
[2026-04-03T08:28:02.134+0000] {spark_submit.py:579} INFO - 26/04/03 08:28:02 INFO BlockManagerMasterEndpoint: Removed 72 successfully in removeExecutor
[2026-04-03T08:28:02.135+0000] {spark_submit.py:579} INFO - 26/04/03 08:28:02 INFO StandaloneSchedulerBackend$StandaloneDriverEndpoint: Asked to remove non-existent executor 72
[2026-04-03T08:28:02.135+0000] {spark_submit.py:579} INFO - 26/04/03 08:28:02 INFO StandaloneAppClient$ClientEndpoint: Executor added: app-20260403082415-0008/73 on worker-20260403074029-172.20.0.2-43131 (172.20.0.2:43131) with 2 core(s)
[2026-04-03T08:28:02.135+0000] {spark_submit.py:579} INFO - 26/04/03 08:28:02 INFO StandaloneSchedulerBackend: Granted executor ID app-20260403082415-0008/73 on hostPort 172.20.0.2:43131 with 2 core(s), 1024.0 MiB RAM
[2026-04-03T08:28:02.157+0000] {spark_submit.py:579} INFO - 26/04/03 08:28:02 INFO StandaloneAppClient$ClientEndpoint: Executor updated: app-20260403082415-0008/73 is now RUNNING
[2026-04-03T08:28:05.102+0000] {spark_submit.py:579} INFO - 26/04/03 08:28:05 INFO StandaloneAppClient$ClientEndpoint: Executor updated: app-20260403082415-0008/73 is now EXITED (Command exited with code 1)
[2026-04-03T08:28:05.103+0000] {spark_submit.py:579} INFO - 26/04/03 08:28:05 INFO StandaloneSchedulerBackend: Executor app-20260403082415-0008/73 removed: Command exited with code 1
[2026-04-03T08:28:05.104+0000] {spark_submit.py:579} INFO - 26/04/03 08:28:05 INFO StandaloneAppClient$ClientEndpoint: Executor added: app-20260403082415-0008/74 on worker-20260403074029-172.20.0.2-43131 (172.20.0.2:43131) with 2 core(s)
[2026-04-03T08:28:05.104+0000] {spark_submit.py:579} INFO - 26/04/03 08:28:05 INFO BlockManagerMasterEndpoint: Trying to remove executor 73 from BlockManagerMaster.
[2026-04-03T08:28:05.105+0000] {spark_submit.py:579} INFO - 26/04/03 08:28:05 INFO BlockManagerMaster: Removal of executor 73 requested
[2026-04-03T08:28:05.105+0000] {spark_submit.py:579} INFO - 26/04/03 08:28:05 INFO BlockManagerMasterEndpoint: Removed 73 successfully in removeExecutor
[2026-04-03T08:28:05.105+0000] {spark_submit.py:579} INFO - 26/04/03 08:28:05 INFO StandaloneSchedulerBackend$StandaloneDriverEndpoint: Asked to remove non-existent executor 73
[2026-04-03T08:28:05.106+0000] {spark_submit.py:579} INFO - 26/04/03 08:28:05 INFO StandaloneSchedulerBackend: Granted executor ID app-20260403082415-0008/74 on hostPort 172.20.0.2:43131 with 2 core(s), 1024.0 MiB RAM
[2026-04-03T08:28:05.126+0000] {spark_submit.py:579} INFO - 26/04/03 08:28:05 INFO StandaloneAppClient$ClientEndpoint: Executor updated: app-20260403082415-0008/74 is now RUNNING
[2026-04-03T08:28:08.061+0000] {spark_submit.py:579} INFO - 26/04/03 08:28:08 INFO StandaloneAppClient$ClientEndpoint: Executor updated: app-20260403082415-0008/74 is now EXITED (Command exited with code 1)
[2026-04-03T08:28:08.062+0000] {spark_submit.py:579} INFO - 26/04/03 08:28:08 INFO StandaloneSchedulerBackend: Executor app-20260403082415-0008/74 removed: Command exited with code 1
[2026-04-03T08:28:08.062+0000] {spark_submit.py:579} INFO - 26/04/03 08:28:08 INFO BlockManagerMasterEndpoint: Trying to remove executor 74 from BlockManagerMaster.
[2026-04-03T08:28:08.062+0000] {spark_submit.py:579} INFO - 26/04/03 08:28:08 INFO BlockManagerMaster: Removal of executor 74 requested
[2026-04-03T08:28:08.063+0000] {spark_submit.py:579} INFO - 26/04/03 08:28:08 INFO BlockManagerMasterEndpoint: Removed 74 successfully in removeExecutor
[2026-04-03T08:28:08.063+0000] {spark_submit.py:579} INFO - 26/04/03 08:28:08 INFO StandaloneSchedulerBackend$StandaloneDriverEndpoint: Asked to remove non-existent executor 74
[2026-04-03T08:28:08.063+0000] {spark_submit.py:579} INFO - 26/04/03 08:28:08 INFO StandaloneAppClient$ClientEndpoint: Executor added: app-20260403082415-0008/75 on worker-20260403074029-172.20.0.2-43131 (172.20.0.2:43131) with 2 core(s)
[2026-04-03T08:28:08.063+0000] {spark_submit.py:579} INFO - 26/04/03 08:28:08 INFO StandaloneSchedulerBackend: Granted executor ID app-20260403082415-0008/75 on hostPort 172.20.0.2:43131 with 2 core(s), 1024.0 MiB RAM
[2026-04-03T08:28:08.084+0000] {spark_submit.py:579} INFO - 26/04/03 08:28:08 INFO StandaloneAppClient$ClientEndpoint: Executor updated: app-20260403082415-0008/75 is now RUNNING
[2026-04-03T08:28:08.610+0000] {spark_submit.py:579} INFO - 26/04/03 08:28:08 WARN TaskSchedulerImpl: Initial job has not accepted any resources; check your cluster UI to ensure that workers are registered and have sufficient resources
[2026-04-03T08:28:11.142+0000] {spark_submit.py:579} INFO - 26/04/03 08:28:11 INFO StandaloneAppClient$ClientEndpoint: Executor updated: app-20260403082415-0008/75 is now EXITED (Command exited with code 1)
[2026-04-03T08:28:11.142+0000] {spark_submit.py:579} INFO - 26/04/03 08:28:11 INFO StandaloneSchedulerBackend: Executor app-20260403082415-0008/75 removed: Command exited with code 1
[2026-04-03T08:28:11.143+0000] {spark_submit.py:579} INFO - 26/04/03 08:28:11 INFO BlockManagerMasterEndpoint: Trying to remove executor 75 from BlockManagerMaster.
[2026-04-03T08:28:11.143+0000] {spark_submit.py:579} INFO - 26/04/03 08:28:11 INFO BlockManagerMaster: Removal of executor 75 requested
[2026-04-03T08:28:11.143+0000] {spark_submit.py:579} INFO - 26/04/03 08:28:11 INFO BlockManagerMasterEndpoint: Removed 75 successfully in removeExecutor
[2026-04-03T08:28:11.143+0000] {spark_submit.py:579} INFO - 26/04/03 08:28:11 INFO StandaloneSchedulerBackend$StandaloneDriverEndpoint: Asked to remove non-existent executor 75
[2026-04-03T08:28:11.144+0000] {spark_submit.py:579} INFO - 26/04/03 08:28:11 INFO StandaloneAppClient$ClientEndpoint: Executor added: app-20260403082415-0008/76 on worker-20260403074029-172.20.0.2-43131 (172.20.0.2:43131) with 2 core(s)
[2026-04-03T08:28:11.144+0000] {spark_submit.py:579} INFO - 26/04/03 08:28:11 INFO StandaloneSchedulerBackend: Granted executor ID app-20260403082415-0008/76 on hostPort 172.20.0.2:43131 with 2 core(s), 1024.0 MiB RAM
[2026-04-03T08:28:11.165+0000] {spark_submit.py:579} INFO - 26/04/03 08:28:11 INFO StandaloneAppClient$ClientEndpoint: Executor updated: app-20260403082415-0008/76 is now RUNNING
[2026-04-03T08:28:14.075+0000] {spark_submit.py:579} INFO - 26/04/03 08:28:14 INFO StandaloneAppClient$ClientEndpoint: Executor updated: app-20260403082415-0008/76 is now EXITED (Command exited with code 1)
[2026-04-03T08:28:14.075+0000] {spark_submit.py:579} INFO - 26/04/03 08:28:14 INFO StandaloneSchedulerBackend: Executor app-20260403082415-0008/76 removed: Command exited with code 1
[2026-04-03T08:28:14.076+0000] {spark_submit.py:579} INFO - 26/04/03 08:28:14 INFO StandaloneAppClient$ClientEndpoint: Executor added: app-20260403082415-0008/77 on worker-20260403074029-172.20.0.2-43131 (172.20.0.2:43131) with 2 core(s)
[2026-04-03T08:28:14.076+0000] {spark_submit.py:579} INFO - 26/04/03 08:28:14 INFO BlockManagerMaster: Removal of executor 76 requested
[2026-04-03T08:28:14.076+0000] {spark_submit.py:579} INFO - 26/04/03 08:28:14 INFO BlockManagerMasterEndpoint: Trying to remove executor 76 from BlockManagerMaster.
[2026-04-03T08:28:14.077+0000] {spark_submit.py:579} INFO - 26/04/03 08:28:14 INFO StandaloneSchedulerBackend$StandaloneDriverEndpoint: Asked to remove non-existent executor 76
[2026-04-03T08:28:14.077+0000] {spark_submit.py:579} INFO - 26/04/03 08:28:14 INFO BlockManagerMasterEndpoint: Removed 76 successfully in removeExecutor
[2026-04-03T08:28:14.077+0000] {spark_submit.py:579} INFO - 26/04/03 08:28:14 INFO StandaloneSchedulerBackend: Granted executor ID app-20260403082415-0008/77 on hostPort 172.20.0.2:43131 with 2 core(s), 1024.0 MiB RAM
[2026-04-03T08:28:14.097+0000] {spark_submit.py:579} INFO - 26/04/03 08:28:14 INFO StandaloneAppClient$ClientEndpoint: Executor updated: app-20260403082415-0008/77 is now RUNNING
[2026-04-03T08:28:17.316+0000] {spark_submit.py:579} INFO - 26/04/03 08:28:17 INFO StandaloneAppClient$ClientEndpoint: Executor updated: app-20260403082415-0008/77 is now EXITED (Command exited with code 1)
[2026-04-03T08:28:17.317+0000] {spark_submit.py:579} INFO - 26/04/03 08:28:17 INFO StandaloneSchedulerBackend: Executor app-20260403082415-0008/77 removed: Command exited with code 1
[2026-04-03T08:28:17.318+0000] {spark_submit.py:579} INFO - 26/04/03 08:28:17 INFO BlockManagerMasterEndpoint: Trying to remove executor 77 from BlockManagerMaster.
[2026-04-03T08:28:17.318+0000] {spark_submit.py:579} INFO - 26/04/03 08:28:17 INFO BlockManagerMasterEndpoint: Removed 77 successfully in removeExecutor
[2026-04-03T08:28:17.319+0000] {spark_submit.py:579} INFO - 26/04/03 08:28:17 INFO BlockManagerMaster: Removal of executor 77 requested
[2026-04-03T08:28:17.319+0000] {spark_submit.py:579} INFO - 26/04/03 08:28:17 INFO StandaloneSchedulerBackend$StandaloneDriverEndpoint: Asked to remove non-existent executor 77
[2026-04-03T08:28:17.319+0000] {spark_submit.py:579} INFO - 26/04/03 08:28:17 INFO StandaloneAppClient$ClientEndpoint: Executor added: app-20260403082415-0008/78 on worker-20260403074029-172.20.0.2-43131 (172.20.0.2:43131) with 2 core(s)
[2026-04-03T08:28:17.319+0000] {spark_submit.py:579} INFO - 26/04/03 08:28:17 INFO StandaloneSchedulerBackend: Granted executor ID app-20260403082415-0008/78 on hostPort 172.20.0.2:43131 with 2 core(s), 1024.0 MiB RAM
[2026-04-03T08:28:17.343+0000] {spark_submit.py:579} INFO - 26/04/03 08:28:17 INFO StandaloneAppClient$ClientEndpoint: Executor updated: app-20260403082415-0008/78 is now RUNNING
[2026-04-03T08:28:20.510+0000] {spark_submit.py:579} INFO - 26/04/03 08:28:20 INFO StandaloneAppClient$ClientEndpoint: Executor updated: app-20260403082415-0008/78 is now EXITED (Command exited with code 1)
[2026-04-03T08:28:20.510+0000] {spark_submit.py:579} INFO - 26/04/03 08:28:20 INFO StandaloneSchedulerBackend: Executor app-20260403082415-0008/78 removed: Command exited with code 1
[2026-04-03T08:28:20.511+0000] {spark_submit.py:579} INFO - 26/04/03 08:28:20 INFO BlockManagerMasterEndpoint: Trying to remove executor 78 from BlockManagerMaster.
[2026-04-03T08:28:20.511+0000] {spark_submit.py:579} INFO - 26/04/03 08:28:20 INFO BlockManagerMaster: Removal of executor 78 requested
[2026-04-03T08:28:20.511+0000] {spark_submit.py:579} INFO - 26/04/03 08:28:20 INFO BlockManagerMasterEndpoint: Removed 78 successfully in removeExecutor
[2026-04-03T08:28:20.512+0000] {spark_submit.py:579} INFO - 26/04/03 08:28:20 INFO StandaloneSchedulerBackend$StandaloneDriverEndpoint: Asked to remove non-existent executor 78
[2026-04-03T08:28:20.512+0000] {spark_submit.py:579} INFO - 26/04/03 08:28:20 INFO StandaloneAppClient$ClientEndpoint: Executor added: app-20260403082415-0008/79 on worker-20260403074029-172.20.0.2-43131 (172.20.0.2:43131) with 2 core(s)
[2026-04-03T08:28:20.513+0000] {spark_submit.py:579} INFO - 26/04/03 08:28:20 INFO StandaloneSchedulerBackend: Granted executor ID app-20260403082415-0008/79 on hostPort 172.20.0.2:43131 with 2 core(s), 1024.0 MiB RAM
[2026-04-03T08:28:20.536+0000] {spark_submit.py:579} INFO - 26/04/03 08:28:20 INFO StandaloneAppClient$ClientEndpoint: Executor updated: app-20260403082415-0008/79 is now RUNNING
[2026-04-03T08:28:23.610+0000] {spark_submit.py:579} INFO - 26/04/03 08:28:23 WARN TaskSchedulerImpl: Initial job has not accepted any resources; check your cluster UI to ensure that workers are registered and have sufficient resources
[2026-04-03T08:28:23.772+0000] {spark_submit.py:579} INFO - 26/04/03 08:28:23 INFO StandaloneAppClient$ClientEndpoint: Executor updated: app-20260403082415-0008/79 is now EXITED (Command exited with code 1)
[2026-04-03T08:28:23.773+0000] {spark_submit.py:579} INFO - 26/04/03 08:28:23 INFO StandaloneSchedulerBackend: Executor app-20260403082415-0008/79 removed: Command exited with code 1
[2026-04-03T08:28:23.773+0000] {spark_submit.py:579} INFO - 26/04/03 08:28:23 INFO BlockManagerMasterEndpoint: Trying to remove executor 79 from BlockManagerMaster.
[2026-04-03T08:28:23.774+0000] {spark_submit.py:579} INFO - 26/04/03 08:28:23 INFO BlockManagerMaster: Removal of executor 79 requested
[2026-04-03T08:28:23.774+0000] {spark_submit.py:579} INFO - 26/04/03 08:28:23 INFO BlockManagerMasterEndpoint: Removed 79 successfully in removeExecutor
[2026-04-03T08:28:23.774+0000] {spark_submit.py:579} INFO - 26/04/03 08:28:23 INFO StandaloneSchedulerBackend$StandaloneDriverEndpoint: Asked to remove non-existent executor 79
[2026-04-03T08:28:23.774+0000] {spark_submit.py:579} INFO - 26/04/03 08:28:23 INFO StandaloneAppClient$ClientEndpoint: Executor added: app-20260403082415-0008/80 on worker-20260403074029-172.20.0.2-43131 (172.20.0.2:43131) with 2 core(s)
[2026-04-03T08:28:23.775+0000] {spark_submit.py:579} INFO - 26/04/03 08:28:23 INFO StandaloneSchedulerBackend: Granted executor ID app-20260403082415-0008/80 on hostPort 172.20.0.2:43131 with 2 core(s), 1024.0 MiB RAM
[2026-04-03T08:28:23.795+0000] {spark_submit.py:579} INFO - 26/04/03 08:28:23 INFO StandaloneAppClient$ClientEndpoint: Executor updated: app-20260403082415-0008/80 is now RUNNING
[2026-04-03T08:28:26.731+0000] {spark_submit.py:579} INFO - 26/04/03 08:28:26 INFO StandaloneAppClient$ClientEndpoint: Executor updated: app-20260403082415-0008/80 is now EXITED (Command exited with code 1)
[2026-04-03T08:28:26.732+0000] {spark_submit.py:579} INFO - 26/04/03 08:28:26 INFO StandaloneSchedulerBackend: Executor app-20260403082415-0008/80 removed: Command exited with code 1
[2026-04-03T08:28:26.732+0000] {spark_submit.py:579} INFO - 26/04/03 08:28:26 INFO StandaloneAppClient$ClientEndpoint: Executor added: app-20260403082415-0008/81 on worker-20260403074029-172.20.0.2-43131 (172.20.0.2:43131) with 2 core(s)
[2026-04-03T08:28:26.733+0000] {spark_submit.py:579} INFO - 26/04/03 08:28:26 INFO BlockManagerMasterEndpoint: Trying to remove executor 80 from BlockManagerMaster.
[2026-04-03T08:28:26.733+0000] {spark_submit.py:579} INFO - 26/04/03 08:28:26 INFO BlockManagerMasterEndpoint: Removed 80 successfully in removeExecutor
[2026-04-03T08:28:26.733+0000] {spark_submit.py:579} INFO - 26/04/03 08:28:26 INFO BlockManagerMaster: Removal of executor 80 requested
[2026-04-03T08:28:26.733+0000] {spark_submit.py:579} INFO - 26/04/03 08:28:26 INFO StandaloneSchedulerBackend$StandaloneDriverEndpoint: Asked to remove non-existent executor 80
[2026-04-03T08:28:26.734+0000] {spark_submit.py:579} INFO - 26/04/03 08:28:26 INFO StandaloneSchedulerBackend: Granted executor ID app-20260403082415-0008/81 on hostPort 172.20.0.2:43131 with 2 core(s), 1024.0 MiB RAM
[2026-04-03T08:28:26.755+0000] {spark_submit.py:579} INFO - 26/04/03 08:28:26 INFO StandaloneAppClient$ClientEndpoint: Executor updated: app-20260403082415-0008/81 is now RUNNING
[2026-04-03T08:28:29.839+0000] {spark_submit.py:579} INFO - 26/04/03 08:28:29 INFO StandaloneAppClient$ClientEndpoint: Executor updated: app-20260403082415-0008/81 is now EXITED (Command exited with code 1)
[2026-04-03T08:28:29.840+0000] {spark_submit.py:579} INFO - 26/04/03 08:28:29 INFO StandaloneSchedulerBackend: Executor app-20260403082415-0008/81 removed: Command exited with code 1
[2026-04-03T08:28:29.840+0000] {spark_submit.py:579} INFO - 26/04/03 08:28:29 INFO StandaloneAppClient$ClientEndpoint: Executor added: app-20260403082415-0008/82 on worker-20260403074029-172.20.0.2-43131 (172.20.0.2:43131) with 2 core(s)
[2026-04-03T08:28:29.841+0000] {spark_submit.py:579} INFO - 26/04/03 08:28:29 INFO BlockManagerMaster: Removal of executor 81 requested
[2026-04-03T08:28:29.841+0000] {spark_submit.py:579} INFO - 26/04/03 08:28:29 INFO BlockManagerMasterEndpoint: Trying to remove executor 81 from BlockManagerMaster.
[2026-04-03T08:28:29.841+0000] {spark_submit.py:579} INFO - 26/04/03 08:28:29 INFO BlockManagerMasterEndpoint: Removed 81 successfully in removeExecutor
[2026-04-03T08:28:29.841+0000] {spark_submit.py:579} INFO - 26/04/03 08:28:29 INFO StandaloneSchedulerBackend$StandaloneDriverEndpoint: Asked to remove non-existent executor 81
[2026-04-03T08:28:29.842+0000] {spark_submit.py:579} INFO - 26/04/03 08:28:29 INFO StandaloneSchedulerBackend: Granted executor ID app-20260403082415-0008/82 on hostPort 172.20.0.2:43131 with 2 core(s), 1024.0 MiB RAM
[2026-04-03T08:28:29.864+0000] {spark_submit.py:579} INFO - 26/04/03 08:28:29 INFO StandaloneAppClient$ClientEndpoint: Executor updated: app-20260403082415-0008/82 is now RUNNING
[2026-04-03T08:28:32.985+0000] {spark_submit.py:579} INFO - 26/04/03 08:28:32 INFO StandaloneAppClient$ClientEndpoint: Executor updated: app-20260403082415-0008/82 is now EXITED (Command exited with code 1)
[2026-04-03T08:28:32.985+0000] {spark_submit.py:579} INFO - 26/04/03 08:28:32 INFO StandaloneSchedulerBackend: Executor app-20260403082415-0008/82 removed: Command exited with code 1
[2026-04-03T08:28:32.986+0000] {spark_submit.py:579} INFO - 26/04/03 08:28:32 INFO BlockManagerMaster: Removal of executor 82 requested
[2026-04-03T08:28:32.986+0000] {spark_submit.py:579} INFO - 26/04/03 08:28:32 INFO StandaloneAppClient$ClientEndpoint: Executor added: app-20260403082415-0008/83 on worker-20260403074029-172.20.0.2-43131 (172.20.0.2:43131) with 2 core(s)
[2026-04-03T08:28:32.986+0000] {spark_submit.py:579} INFO - 26/04/03 08:28:32 INFO BlockManagerMasterEndpoint: Trying to remove executor 82 from BlockManagerMaster.
[2026-04-03T08:28:32.987+0000] {spark_submit.py:579} INFO - 26/04/03 08:28:32 INFO StandaloneSchedulerBackend$StandaloneDriverEndpoint: Asked to remove non-existent executor 82
[2026-04-03T08:28:32.987+0000] {spark_submit.py:579} INFO - 26/04/03 08:28:32 INFO BlockManagerMasterEndpoint: Removed 82 successfully in removeExecutor
[2026-04-03T08:28:32.987+0000] {spark_submit.py:579} INFO - 26/04/03 08:28:32 INFO StandaloneSchedulerBackend: Granted executor ID app-20260403082415-0008/83 on hostPort 172.20.0.2:43131 with 2 core(s), 1024.0 MiB RAM
[2026-04-03T08:28:33.009+0000] {spark_submit.py:579} INFO - 26/04/03 08:28:33 INFO StandaloneAppClient$ClientEndpoint: Executor updated: app-20260403082415-0008/83 is now RUNNING
[2026-04-03T08:28:35.967+0000] {spark_submit.py:579} INFO - 26/04/03 08:28:35 ERROR StandaloneSchedulerBackend: Application has been killed. Reason: Master removed our application: KILLED
[2026-04-03T08:28:35.972+0000] {spark_submit.py:579} INFO - 26/04/03 08:28:35 INFO TaskSchedulerImpl: Removed TaskSet 0.0 whose tasks have all completed, from pool
[2026-04-03T08:28:35.974+0000] {spark_submit.py:579} INFO - 26/04/03 08:28:35 INFO SparkContext: SparkContext is stopping with exitCode 0 from run at <unknown>:0.
[2026-04-03T08:28:35.984+0000] {spark_submit.py:579} INFO - 26/04/03 08:28:35 INFO TaskSchedulerImpl: Canceling stage 0
[2026-04-03T08:28:35.985+0000] {spark_submit.py:579} INFO - 26/04/03 08:28:35 INFO TaskSchedulerImpl: Killing all running tasks in stage 0: Job aborted due to stage failure: Master removed our application: KILLED
[2026-04-03T08:28:35.987+0000] {spark_submit.py:579} INFO - 26/04/03 08:28:35 INFO DAGScheduler: ResultStage 0 (json at NativeMethodAccessorImpl.java:0) failed in 252629 ms due to Job aborted due to stage failure: Master removed our application: KILLED
[2026-04-03T08:28:35.991+0000] {spark_submit.py:579} INFO - 26/04/03 08:28:35 INFO DAGScheduler: Job 0 failed: json at NativeMethodAccessorImpl.java:0, took 252708.925155 ms
[2026-04-03T08:28:35.995+0000] {spark_submit.py:579} INFO - 26/04/03 08:28:35 INFO SparkUI: Stopped Spark web UI at http://***_scheduler:4040
[2026-04-03T08:28:36.004+0000] {spark_submit.py:579} INFO - 26/04/03 08:28:36 INFO StandaloneSchedulerBackend: Shutting down all executors
[2026-04-03T08:28:36.011+0000] {spark_submit.py:579} INFO - 26/04/03 08:28:36 INFO StandaloneSchedulerBackend$StandaloneDriverEndpoint: Asking each executor to shut down
[2026-04-03T08:28:36.020+0000] {spark_submit.py:579} INFO - 26/04/03 08:28:36 ERROR Utils: Uncaught exception in thread stop-spark-context
[2026-04-03T08:28:36.021+0000] {spark_submit.py:579} INFO - org.apache.spark.SparkException: Exception thrown in awaitResult:
[2026-04-03T08:28:36.021+0000] {spark_submit.py:579} INFO - at org.apache.spark.util.SparkThreadUtils$.awaitResult(SparkThreadUtils.scala:53)
[2026-04-03T08:28:36.021+0000] {spark_submit.py:579} INFO - at org.apache.spark.util.ThreadUtils$.awaitResult(ThreadUtils.scala:359)
[2026-04-03T08:28:36.021+0000] {spark_submit.py:579} INFO - at org.apache.spark.rpc.RpcTimeout.awaitResult(RpcTimeout.scala:75)
[2026-04-03T08:28:36.022+0000] {spark_submit.py:579} INFO - at org.apache.spark.deploy.client.StandaloneAppClient.stop(StandaloneAppClient.scala:298)
[2026-04-03T08:28:36.022+0000] {spark_submit.py:579} INFO - at org.apache.spark.scheduler.cluster.StandaloneSchedulerBackend.org$apache$spark$scheduler$cluster$StandaloneSchedulerBackend$$stop(StandaloneSchedulerBackend.scala:285)
[2026-04-03T08:28:36.022+0000] {spark_submit.py:579} INFO - at org.apache.spark.scheduler.cluster.StandaloneSchedulerBackend.stop(StandaloneSchedulerBackend.scala:143)
[2026-04-03T08:28:36.022+0000] {spark_submit.py:579} INFO - at org.apache.spark.scheduler.SchedulerBackend.stop(SchedulerBackend.scala:34)
[2026-04-03T08:28:36.023+0000] {spark_submit.py:579} INFO - at org.apache.spark.scheduler.SchedulerBackend.stop$(SchedulerBackend.scala:34)
[2026-04-03T08:28:36.023+0000] {spark_submit.py:579} INFO - at org.apache.spark.scheduler.cluster.CoarseGrainedSchedulerBackend.stop(CoarseGrainedSchedulerBackend.scala:58)
[2026-04-03T08:28:36.023+0000] {spark_submit.py:579} INFO - at org.apache.spark.scheduler.TaskSchedulerImpl.$anonfun$stop$2(TaskSchedulerImpl.scala:933)
[2026-04-03T08:28:36.023+0000] {spark_submit.py:579} INFO - at org.apache.spark.util.Utils$.tryLogNonFatalError(Utils.scala:1314)
[2026-04-03T08:28:36.024+0000] {spark_submit.py:579} INFO - at org.apache.spark.scheduler.TaskSchedulerImpl.stop(TaskSchedulerImpl.scala:933)
[2026-04-03T08:28:36.024+0000] {spark_submit.py:579} INFO - at org.apache.spark.scheduler.DAGScheduler.$anonfun$stop$4(DAGScheduler.scala:3310)
[2026-04-03T08:28:36.024+0000] {spark_submit.py:579} INFO - at org.apache.spark.util.Utils$.tryLogNonFatalError(Utils.scala:1314)
[2026-04-03T08:28:36.024+0000] {spark_submit.py:579} INFO - at org.apache.spark.scheduler.DAGScheduler.stop(DAGScheduler.scala:3310)
[2026-04-03T08:28:36.025+0000] {spark_submit.py:579} INFO - at org.apache.spark.SparkContext.$anonfun$stop$12(SparkContext.scala:2357)
[2026-04-03T08:28:36.025+0000] {spark_submit.py:579} INFO - at org.apache.spark.util.Utils$.tryLogNonFatalError(Utils.scala:1314)
[2026-04-03T08:28:36.025+0000] {spark_submit.py:579} INFO - at org.apache.spark.SparkContext.stop(SparkContext.scala:2357)
[2026-04-03T08:28:36.025+0000] {spark_submit.py:579} INFO - at org.apache.spark.SparkContext.stop(SparkContext.scala:2308)
[2026-04-03T08:28:36.025+0000] {spark_submit.py:579} INFO - at org.apache.spark.SparkContext$$anon$3.run(SparkContext.scala:2295)
[2026-04-03T08:28:36.026+0000] {spark_submit.py:579} INFO - Caused by: org.apache.spark.SparkException: Could not find AppClient.
[2026-04-03T08:28:36.026+0000] {spark_submit.py:579} INFO - at org.apache.spark.rpc.netty.Dispatcher.postMessage(Dispatcher.scala:181)
[2026-04-03T08:28:36.026+0000] {spark_submit.py:579} INFO - at org.apache.spark.rpc.netty.Dispatcher.postLocalMessage(Dispatcher.scala:146)
[2026-04-03T08:28:36.026+0000] {spark_submit.py:579} INFO - at org.apache.spark.rpc.netty.NettyRpcEnv.askAbortable(NettyRpcEnv.scala:245)
[2026-04-03T08:28:36.027+0000] {spark_submit.py:579} INFO - at org.apache.spark.rpc.netty.NettyRpcEndpointRef.askAbortable(NettyRpcEnv.scala:561)
[2026-04-03T08:28:36.027+0000] {spark_submit.py:579} INFO - at org.apache.spark.rpc.netty.NettyRpcEndpointRef.ask(NettyRpcEnv.scala:565)
[2026-04-03T08:28:36.027+0000] {spark_submit.py:579} INFO - at org.apache.spark.rpc.RpcEndpointRef.ask(RpcEndpointRef.scala:72)
[2026-04-03T08:28:36.027+0000] {spark_submit.py:579} INFO - ... 17 more
[2026-04-03T08:28:36.036+0000] {spark_submit.py:579} INFO - 26/04/03 08:28:36 INFO MapOutputTrackerMasterEndpoint: MapOutputTrackerMasterEndpoint stopped!
[2026-04-03T08:28:36.060+0000] {spark_submit.py:579} INFO - 26/04/03 08:28:36 INFO MemoryStore: MemoryStore cleared
[2026-04-03T08:28:36.061+0000] {spark_submit.py:579} INFO - 26/04/03 08:28:36 INFO BlockManager: BlockManager stopped
[2026-04-03T08:28:36.065+0000] {spark_submit.py:579} INFO - 26/04/03 08:28:36 INFO BlockManagerMaster: BlockManagerMaster stopped
[2026-04-03T08:28:36.072+0000] {spark_submit.py:579} INFO - 26/04/03 08:28:36 INFO OutputCommitCoordinator$OutputCommitCoordinatorEndpoint: OutputCommitCoordinator stopped!
[2026-04-03T08:28:36.090+0000] {spark_submit.py:579} INFO - 26/04/03 08:28:36 INFO SparkContext: Successfully stopped SparkContext (Uptime: 262181 ms)
[2026-04-03T08:28:36.153+0000] {spark_submit.py:579} INFO - Error detectado: An error occurred while calling o37.json.
[2026-04-03T08:28:36.154+0000] {spark_submit.py:579} INFO - : org.apache.spark.SparkException: Job aborted due to stage failure: Master removed our application: KILLED
[2026-04-03T08:28:36.154+0000] {spark_submit.py:579} INFO - at org.apache.spark.scheduler.DAGScheduler.$anonfun$abortStage$3(DAGScheduler.scala:3122)
[2026-04-03T08:28:36.155+0000] {spark_submit.py:579} INFO - at scala.Option.getOrElse(Option.scala:201)
[2026-04-03T08:28:36.155+0000] {spark_submit.py:579} INFO - at org.apache.spark.scheduler.DAGScheduler.$anonfun$abortStage$2(DAGScheduler.scala:3122)
[2026-04-03T08:28:36.156+0000] {spark_submit.py:579} INFO - at org.apache.spark.scheduler.DAGScheduler.$anonfun$abortStage$2$adapted(DAGScheduler.scala:3114)
[2026-04-03T08:28:36.156+0000] {spark_submit.py:579} INFO - at scala.collection.immutable.List.foreach(List.scala:323)
[2026-04-03T08:28:36.157+0000] {spark_submit.py:579} INFO - at org.apache.spark.scheduler.DAGScheduler.abortStage(DAGScheduler.scala:3114)
[2026-04-03T08:28:36.157+0000] {spark_submit.py:579} INFO - at org.apache.spark.scheduler.DAGScheduler.$anonfun$handleTaskSetFailed$1(DAGScheduler.scala:1303)
[2026-04-03T08:28:36.157+0000] {spark_submit.py:579} INFO - at org.apache.spark.scheduler.DAGScheduler.$anonfun$handleTaskSetFailed$1$adapted(DAGScheduler.scala:1303)
[2026-04-03T08:28:36.157+0000] {spark_submit.py:579} INFO - at scala.Option.foreach(Option.scala:437)
[2026-04-03T08:28:36.158+0000] {spark_submit.py:579} INFO - at org.apache.spark.scheduler.DAGScheduler.handleTaskSetFailed(DAGScheduler.scala:1303)
[2026-04-03T08:28:36.158+0000] {spark_submit.py:579} INFO - at org.apache.spark.scheduler.DAGSchedulerEventProcessLoop.doOnReceive(DAGScheduler.scala:3397)
[2026-04-03T08:28:36.158+0000] {spark_submit.py:579} INFO - at org.apache.spark.scheduler.DAGSchedulerEventProcessLoop.onReceive(DAGScheduler.scala:3328)
[2026-04-03T08:28:36.159+0000] {spark_submit.py:579} INFO - at org.apache.spark.scheduler.DAGSchedulerEventProcessLoop.onReceive(DAGScheduler.scala:3317)
[2026-04-03T08:28:36.159+0000] {spark_submit.py:579} INFO - at org.apache.spark.util.EventLoop$$anon$1.run(EventLoop.scala:50)
[2026-04-03T08:28:36.159+0000] {spark_submit.py:579} INFO - at org.apache.spark.scheduler.DAGScheduler.runJob(DAGScheduler.scala:1017)
[2026-04-03T08:28:36.159+0000] {spark_submit.py:579} INFO - at org.apache.spark.SparkContext.runJob(SparkContext.scala:2496)
[2026-04-03T08:28:36.160+0000] {spark_submit.py:579} INFO - at org.apache.spark.SparkContext.runJob(SparkContext.scala:2517)
[2026-04-03T08:28:36.160+0000] {spark_submit.py:579} INFO - at org.apache.spark.SparkContext.runJob(SparkContext.scala:2536)
[2026-04-03T08:28:36.160+0000] {spark_submit.py:579} INFO - at org.apache.spark.SparkContext.runJob(SparkContext.scala:2561)
[2026-04-03T08:28:36.160+0000] {spark_submit.py:579} INFO - at org.apache.spark.rdd.RDD.$anonfun$collect$1(RDD.scala:1057)
[2026-04-03T08:28:36.161+0000] {spark_submit.py:579} INFO - at org.apache.spark.rdd.RDDOperationScope$.withScope(RDDOperationScope.scala:151)
[2026-04-03T08:28:36.161+0000] {spark_submit.py:579} INFO - at org.apache.spark.rdd.RDDOperationScope$.withScope(RDDOperationScope.scala:112)
[2026-04-03T08:28:36.161+0000] {spark_submit.py:579} INFO - at org.apache.spark.rdd.RDD.withScope(RDD.scala:417)
[2026-04-03T08:28:36.161+0000] {spark_submit.py:579} INFO - at org.apache.spark.rdd.RDD.collect(RDD.scala:1056)
[2026-04-03T08:28:36.162+0000] {spark_submit.py:579} INFO - at org.apache.spark.util.HadoopFSUtils$.parallelListLeafFilesInternal(HadoopFSUtils.scala:160)
[2026-04-03T08:28:36.162+0000] {spark_submit.py:579} INFO - at org.apache.spark.util.HadoopFSUtils$.parallelListLeafFiles(HadoopFSUtils.scala:72)
[2026-04-03T08:28:36.162+0000] {spark_submit.py:579} INFO - at org.apache.spark.sql.execution.datasources.InMemoryFileIndex$.bulkListLeafFiles(InMemoryFileIndex.scala:179)
[2026-04-03T08:28:36.163+0000] {spark_submit.py:579} INFO - at org.apache.spark.sql.execution.datasources.InMemoryFileIndex.listLeafFiles(InMemoryFileIndex.scala:135)
[2026-04-03T08:28:36.163+0000] {spark_submit.py:579} INFO - at org.apache.spark.sql.execution.datasources.InMemoryFileIndex.refresh0(InMemoryFileIndex.scala:98)
[2026-04-03T08:28:36.163+0000] {spark_submit.py:579} INFO - at org.apache.spark.sql.execution.datasources.InMemoryFileIndex.<init>(InMemoryFileIndex.scala:70)
[2026-04-03T08:28:36.163+0000] {spark_submit.py:579} INFO - at org.apache.spark.sql.execution.datasources.DataSource.createInMemoryFileIndex(DataSource.scala:568)
[2026-04-03T08:28:36.164+0000] {spark_submit.py:579} INFO - at org.apache.spark.sql.execution.datasources.DataSource.resolveRelation(DataSource.scala:423)
[2026-04-03T08:28:36.164+0000] {spark_submit.py:579} INFO - at org.apache.spark.sql.catalyst.analysis.ResolveDataSource.org$apache$spark$sql$catalyst$analysis$ResolveDataSource$$loadV1BatchSource(ResolveDataSource.scala:143)
[2026-04-03T08:28:36.164+0000] {spark_submit.py:579} INFO - at org.apache.spark.sql.catalyst.analysis.ResolveDataSource$$anonfun$apply$1.$anonfun$applyOrElse$2(ResolveDataSource.scala:61)
[2026-04-03T08:28:36.165+0000] {spark_submit.py:579} INFO - at scala.Option.getOrElse(Option.scala:201)
[2026-04-03T08:28:36.165+0000] {spark_submit.py:579} INFO - at org.apache.spark.sql.catalyst.analysis.ResolveDataSource$$anonfun$apply$1.applyOrElse(ResolveDataSource.scala:61)
[2026-04-03T08:28:36.165+0000] {spark_submit.py:579} INFO - at org.apache.spark.sql.catalyst.analysis.ResolveDataSource$$anonfun$apply$1.applyOrElse(ResolveDataSource.scala:45)
[2026-04-03T08:28:36.165+0000] {spark_submit.py:579} INFO - at org.apache.spark.sql.catalyst.plans.logical.AnalysisHelper.$anonfun$resolveOperatorsUpWithPruning$3(AnalysisHelper.scala:139)
[2026-04-03T08:28:36.166+0000] {spark_submit.py:579} INFO - at org.apache.spark.sql.catalyst.trees.CurrentOrigin$.withOrigin(origin.scala:107)
[2026-04-03T08:28:36.166+0000] {spark_submit.py:579} INFO - at org.apache.spark.sql.catalyst.plans.logical.AnalysisHelper.$anonfun$resolveOperatorsUpWithPruning$1(AnalysisHelper.scala:139)
[2026-04-03T08:28:36.166+0000] {spark_submit.py:579} INFO - at org.apache.spark.sql.catalyst.plans.logical.AnalysisHelper$.allowInvokingTransformsInAnalyzer(AnalysisHelper.scala:416)
[2026-04-03T08:28:36.166+0000] {spark_submit.py:579} INFO - at org.apache.spark.sql.catalyst.plans.logical.AnalysisHelper.resolveOperatorsUpWithPruning(AnalysisHelper.scala:135)
[2026-04-03T08:28:36.166+0000] {spark_submit.py:579} INFO - at org.apache.spark.sql.catalyst.plans.logical.AnalysisHelper.resolveOperatorsUpWithPruning$(AnalysisHelper.scala:131)
[2026-04-03T08:28:36.167+0000] {spark_submit.py:579} INFO - at org.apache.spark.sql.catalyst.plans.logical.LogicalPlan.resolveOperatorsUpWithPruning(LogicalPlan.scala:37)
[2026-04-03T08:28:36.167+0000] {spark_submit.py:579} INFO - at org.apache.spark.sql.catalyst.plans.logical.AnalysisHelper.resolveOperatorsUp(AnalysisHelper.scala:112)
[2026-04-03T08:28:36.167+0000] {spark_submit.py:579} INFO - at org.apache.spark.sql.catalyst.plans.logical.AnalysisHelper.resolveOperatorsUp$(AnalysisHelper.scala:111)
[2026-04-03T08:28:36.167+0000] {spark_submit.py:579} INFO - at org.apache.spark.sql.catalyst.plans.logical.LogicalPlan.resolveOperatorsUp(LogicalPlan.scala:37)
[2026-04-03T08:28:36.168+0000] {spark_submit.py:579} INFO - at org.apache.spark.sql.catalyst.analysis.ResolveDataSource.apply(ResolveDataSource.scala:45)
[2026-04-03T08:28:36.168+0000] {spark_submit.py:579} INFO - at org.apache.spark.sql.catalyst.analysis.ResolveDataSource.apply(ResolveDataSource.scala:43)
[2026-04-03T08:28:36.168+0000] {spark_submit.py:579} INFO - at org.apache.spark.sql.catalyst.rules.RuleExecutor.$anonfun$execute$2(RuleExecutor.scala:248)
[2026-04-03T08:28:36.168+0000] {spark_submit.py:579} INFO - at scala.collection.LinearSeqOps.foldLeft(LinearSeq.scala:183)
[2026-04-03T08:28:36.169+0000] {spark_submit.py:579} INFO - at scala.collection.LinearSeqOps.foldLeft$(LinearSeq.scala:179)
[2026-04-03T08:28:36.169+0000] {spark_submit.py:579} INFO - at scala.collection.immutable.List.foldLeft(List.scala:79)
[2026-04-03T08:28:36.169+0000] {spark_submit.py:579} INFO - at org.apache.spark.sql.catalyst.rules.RuleExecutor.$anonfun$execute$1(RuleExecutor.scala:245)
[2026-04-03T08:28:36.169+0000] {spark_submit.py:579} INFO - at org.apache.spark.sql.catalyst.rules.RuleExecutor.$anonfun$execute$1$adapted(RuleExecutor.scala:237)
[2026-04-03T08:28:36.170+0000] {spark_submit.py:579} INFO - at scala.collection.immutable.List.foreach(List.scala:323)
[2026-04-03T08:28:36.170+0000] {spark_submit.py:579} INFO - at org.apache.spark.sql.catalyst.rules.RuleExecutor.execute(RuleExecutor.scala:237)
[2026-04-03T08:28:36.170+0000] {spark_submit.py:579} INFO - at org.apache.spark.sql.catalyst.analysis.Analyzer.org$apache$spark$sql$catalyst$analysis$Analyzer$$executeSameContext(Analyzer.scala:343)
[2026-04-03T08:28:36.170+0000] {spark_submit.py:579} INFO - at org.apache.spark.sql.catalyst.analysis.Analyzer.$anonfun$execute$1(Analyzer.scala:339)
[2026-04-03T08:28:36.171+0000] {spark_submit.py:579} INFO - at org.apache.spark.sql.catalyst.analysis.AnalysisContext$.withNewAnalysisContext(Analyzer.scala:224)
[2026-04-03T08:28:36.171+0000] {spark_submit.py:579} INFO - at org.apache.spark.sql.catalyst.analysis.Analyzer.execute(Analyzer.scala:339)
[2026-04-03T08:28:36.171+0000] {spark_submit.py:579} INFO - at org.apache.spark.sql.catalyst.analysis.Analyzer.execute(Analyzer.scala:289)
[2026-04-03T08:28:36.171+0000] {spark_submit.py:579} INFO - at org.apache.spark.sql.catalyst.rules.RuleExecutor.$anonfun$executeAndTrack$1(RuleExecutor.scala:207)
[2026-04-03T08:28:36.172+0000] {spark_submit.py:579} INFO - at org.apache.spark.sql.catalyst.QueryPlanningTracker$.withTracker(QueryPlanningTracker.scala:89)
[2026-04-03T08:28:36.172+0000] {spark_submit.py:579} INFO - at org.apache.spark.sql.catalyst.rules.RuleExecutor.executeAndTrack(RuleExecutor.scala:207)
[2026-04-03T08:28:36.172+0000] {spark_submit.py:579} INFO - at org.apache.spark.sql.catalyst.analysis.resolver.HybridAnalyzer.resolveInFixedPoint(HybridAnalyzer.scala:236)
[2026-04-03T08:28:36.172+0000] {spark_submit.py:579} INFO - at org.apache.spark.sql.catalyst.analysis.resolver.HybridAnalyzer.$anonfun$apply$1(HybridAnalyzer.scala:91)
[2026-04-03T08:28:36.172+0000] {spark_submit.py:579} INFO - at org.apache.spark.sql.catalyst.analysis.resolver.HybridAnalyzer.withTrackedAnalyzerBridgeState(HybridAnalyzer.scala:122)
[2026-04-03T08:28:36.173+0000] {spark_submit.py:579} INFO - at org.apache.spark.sql.catalyst.analysis.resolver.HybridAnalyzer.apply(HybridAnalyzer.scala:84)
[2026-04-03T08:28:36.173+0000] {spark_submit.py:579} INFO - at org.apache.spark.sql.catalyst.analysis.Analyzer.$anonfun$executeAndCheck$1(Analyzer.scala:322)
[2026-04-03T08:28:36.173+0000] {spark_submit.py:579} INFO - at org.apache.spark.sql.catalyst.plans.logical.AnalysisHelper$.markInAnalyzer(AnalysisHelper.scala:423)
[2026-04-03T08:28:36.173+0000] {spark_submit.py:579} INFO - at org.apache.spark.sql.catalyst.analysis.Analyzer.executeAndCheck(Analyzer.scala:322)
[2026-04-03T08:28:36.174+0000] {spark_submit.py:579} INFO - at org.apache.spark.sql.execution.QueryExecution.$anonfun$lazyAnalyzed$2(QueryExecution.scala:139)
[2026-04-03T08:28:36.174+0000] {spark_submit.py:579} INFO - at org.apache.spark.sql.catalyst.QueryPlanningTracker.measurePhase(QueryPlanningTracker.scala:148)
[2026-04-03T08:28:36.174+0000] {spark_submit.py:579} INFO - at org.apache.spark.sql.execution.QueryExecution.$anonfun$executePhase$2(QueryExecution.scala:330)
[2026-04-03T08:28:36.174+0000] {spark_submit.py:579} INFO - at org.apache.spark.sql.execution.QueryExecution$.withInternalError(QueryExecution.scala:717)
[2026-04-03T08:28:36.174+0000] {spark_submit.py:579} INFO - at org.apache.spark.sql.execution.QueryExecution.$anonfun$executePhase$1(QueryExecution.scala:330)
[2026-04-03T08:28:36.175+0000] {spark_submit.py:579} INFO - at org.apache.spark.sql.SparkSession.withActive(SparkSession.scala:804)
[2026-04-03T08:28:36.175+0000] {spark_submit.py:579} INFO - at org.apache.spark.sql.execution.QueryExecution.executePhase(QueryExecution.scala:329)
[2026-04-03T08:28:36.175+0000] {spark_submit.py:579} INFO - at org.apache.spark.sql.execution.QueryExecution.$anonfun$lazyAnalyzed$1(QueryExecution.scala:139)
[2026-04-03T08:28:36.175+0000] {spark_submit.py:579} INFO - at scala.util.Try$.apply(Try.scala:217)
[2026-04-03T08:28:36.176+0000] {spark_submit.py:579} INFO - at org.apache.spark.util.Utils$.doTryWithCallerStacktrace(Utils.scala:1392)
[2026-04-03T08:28:36.176+0000] {spark_submit.py:579} INFO - at org.apache.spark.util.Utils$.getTryWithCallerStacktrace(Utils.scala:1453)
[2026-04-03T08:28:36.176+0000] {spark_submit.py:579} INFO - at org.apache.spark.util.LazyTry.get(LazyTry.scala:58)
[2026-04-03T08:28:36.176+0000] {spark_submit.py:579} INFO - at org.apache.spark.sql.execution.QueryExecution.analyzed(QueryExecution.scala:150)
[2026-04-03T08:28:36.176+0000] {spark_submit.py:579} INFO - at org.apache.spark.sql.execution.QueryExecution.assertAnalyzed(QueryExecution.scala:90)
[2026-04-03T08:28:36.177+0000] {spark_submit.py:579} INFO - at org.apache.spark.sql.classic.Dataset$.$anonfun$ofRows$1(Dataset.scala:114)
[2026-04-03T08:28:36.177+0000] {spark_submit.py:579} INFO - at org.apache.spark.sql.SparkSession.withActive(SparkSession.scala:804)
[2026-04-03T08:28:36.177+0000] {spark_submit.py:579} INFO - at org.apache.spark.sql.classic.Dataset$.ofRows(Dataset.scala:112)
[2026-04-03T08:28:36.177+0000] {spark_submit.py:579} INFO - at org.apache.spark.sql.classic.DataFrameReader.load(DataFrameReader.scala:108)
[2026-04-03T08:28:36.178+0000] {spark_submit.py:579} INFO - at org.apache.spark.sql.classic.DataFrameReader.load(DataFrameReader.scala:57)
[2026-04-03T08:28:36.178+0000] {spark_submit.py:579} INFO - at org.apache.spark.sql.DataFrameReader.json(DataFrameReader.scala:296)
[2026-04-03T08:28:36.178+0000] {spark_submit.py:579} INFO - at org.apache.spark.sql.classic.DataFrameReader.json(DataFrameReader.scala:149)
[2026-04-03T08:28:36.178+0000] {spark_submit.py:579} INFO - at java.base/jdk.internal.reflect.NativeMethodAccessorImpl.invoke0(Native Method)
[2026-04-03T08:28:36.178+0000] {spark_submit.py:579} INFO - at java.base/jdk.internal.reflect.NativeMethodAccessorImpl.invoke(NativeMethodAccessorImpl.java:77)
[2026-04-03T08:28:36.179+0000] {spark_submit.py:579} INFO - at java.base/jdk.internal.reflect.DelegatingMethodAccessorImpl.invoke(DelegatingMethodAccessorImpl.java:43)
[2026-04-03T08:28:36.179+0000] {spark_submit.py:579} INFO - at java.base/java.lang.reflect.Method.invoke(Method.java:569)
[2026-04-03T08:28:36.179+0000] {spark_submit.py:579} INFO - at py4j.reflection.MethodInvoker.invoke(MethodInvoker.java:244)
[2026-04-03T08:28:36.179+0000] {spark_submit.py:579} INFO - at py4j.reflection.ReflectionEngine.invoke(ReflectionEngine.java:374)
[2026-04-03T08:28:36.180+0000] {spark_submit.py:579} INFO - at py4j.Gateway.invoke(Gateway.java:282)
[2026-04-03T08:28:36.180+0000] {spark_submit.py:579} INFO - at py4j.commands.AbstractCommand.invokeMethod(AbstractCommand.java:132)
[2026-04-03T08:28:36.180+0000] {spark_submit.py:579} INFO - at py4j.commands.CallCommand.execute(CallCommand.java:79)
[2026-04-03T08:28:36.180+0000] {spark_submit.py:579} INFO - at py4j.ClientServerConnection.waitForCommands(ClientServerConnection.java:184)
[2026-04-03T08:28:36.181+0000] {spark_submit.py:579} INFO - at py4j.ClientServerConnection.run(ClientServerConnection.java:108)
[2026-04-03T08:28:36.181+0000] {spark_submit.py:579} INFO - at java.base/java.lang.Thread.run(Thread.java:840)
[2026-04-03T08:28:36.181+0000] {spark_submit.py:579} INFO - Suppressed: org.apache.spark.util.Utils$OriginalTryStackTraceException: Full stacktrace of original doTryWithCallerStacktrace caller
[2026-04-03T08:28:36.181+0000] {spark_submit.py:579} INFO - at org.apache.spark.scheduler.DAGScheduler.$anonfun$abortStage$3(DAGScheduler.scala:3122)
[2026-04-03T08:28:36.182+0000] {spark_submit.py:579} INFO - at scala.Option.getOrElse(Option.scala:201)
[2026-04-03T08:28:36.182+0000] {spark_submit.py:579} INFO - at org.apache.spark.scheduler.DAGScheduler.$anonfun$abortStage$2(DAGScheduler.scala:3122)
[2026-04-03T08:28:36.182+0000] {spark_submit.py:579} INFO - at org.apache.spark.scheduler.DAGScheduler.$anonfun$abortStage$2$adapted(DAGScheduler.scala:3114)
[2026-04-03T08:28:36.182+0000] {spark_submit.py:579} INFO - at scala.collection.immutable.List.foreach(List.scala:323)
[2026-04-03T08:28:36.182+0000] {spark_submit.py:579} INFO - at org.apache.spark.scheduler.DAGScheduler.abortStage(DAGScheduler.scala:3114)
[2026-04-03T08:28:36.183+0000] {spark_submit.py:579} INFO - at org.apache.spark.scheduler.DAGScheduler.$anonfun$handleTaskSetFailed$1(DAGScheduler.scala:1303)
[2026-04-03T08:28:36.183+0000] {spark_submit.py:579} INFO - at org.apache.spark.scheduler.DAGScheduler.$anonfun$handleTaskSetFailed$1$adapted(DAGScheduler.scala:1303)
[2026-04-03T08:28:36.183+0000] {spark_submit.py:579} INFO - at scala.Option.foreach(Option.scala:437)
[2026-04-03T08:28:36.183+0000] {spark_submit.py:579} INFO - at org.apache.spark.scheduler.DAGScheduler.handleTaskSetFailed(DAGScheduler.scala:1303)
[2026-04-03T08:28:36.184+0000] {spark_submit.py:579} INFO - at org.apache.spark.scheduler.DAGSchedulerEventProcessLoop.doOnReceive(DAGScheduler.scala:3397)
[2026-04-03T08:28:36.184+0000] {spark_submit.py:579} INFO - at org.apache.spark.scheduler.DAGSchedulerEventProcessLoop.onReceive(DAGScheduler.scala:3328)
[2026-04-03T08:28:36.184+0000] {spark_submit.py:579} INFO - at org.apache.spark.scheduler.DAGSchedulerEventProcessLoop.onReceive(DAGScheduler.scala:3317)
[2026-04-03T08:28:36.184+0000] {spark_submit.py:579} INFO - at org.apache.spark.util.EventLoop$$anon$1.run(EventLoop.scala:50)
[2026-04-03T08:28:36.184+0000] {spark_submit.py:579} INFO - at org.apache.spark.scheduler.DAGScheduler.runJob(DAGScheduler.scala:1017)
[2026-04-03T08:28:36.185+0000] {spark_submit.py:579} INFO - at org.apache.spark.SparkContext.runJob(SparkContext.scala:2496)
[2026-04-03T08:28:36.185+0000] {spark_submit.py:579} INFO - at org.apache.spark.SparkContext.runJob(SparkContext.scala:2517)
[2026-04-03T08:28:36.185+0000] {spark_submit.py:579} INFO - at org.apache.spark.SparkContext.runJob(SparkContext.scala:2536)
[2026-04-03T08:28:36.185+0000] {spark_submit.py:579} INFO - at org.apache.spark.SparkContext.runJob(SparkContext.scala:2561)
[2026-04-03T08:28:36.186+0000] {spark_submit.py:579} INFO - at org.apache.spark.rdd.RDD.$anonfun$collect$1(RDD.scala:1057)
[2026-04-03T08:28:36.186+0000] {spark_submit.py:579} INFO - at org.apache.spark.rdd.RDDOperationScope$.withScope(RDDOperationScope.scala:151)
[2026-04-03T08:28:36.186+0000] {spark_submit.py:579} INFO - at org.apache.spark.rdd.RDDOperationScope$.withScope(RDDOperationScope.scala:112)
[2026-04-03T08:28:36.186+0000] {spark_submit.py:579} INFO - at org.apache.spark.rdd.RDD.withScope(RDD.scala:417)
[2026-04-03T08:28:36.187+0000] {spark_submit.py:579} INFO - at org.apache.spark.rdd.RDD.collect(RDD.scala:1056)
[2026-04-03T08:28:36.187+0000] {spark_submit.py:579} INFO - at org.apache.spark.util.HadoopFSUtils$.parallelListLeafFilesInternal(HadoopFSUtils.scala:160)
[2026-04-03T08:28:36.187+0000] {spark_submit.py:579} INFO - at org.apache.spark.util.HadoopFSUtils$.parallelListLeafFiles(HadoopFSUtils.scala:72)
[2026-04-03T08:28:36.187+0000] {spark_submit.py:579} INFO - at org.apache.spark.sql.execution.datasources.InMemoryFileIndex$.bulkListLeafFiles(InMemoryFileIndex.scala:179)
[2026-04-03T08:28:36.187+0000] {spark_submit.py:579} INFO - at org.apache.spark.sql.execution.datasources.InMemoryFileIndex.listLeafFiles(InMemoryFileIndex.scala:135)
[2026-04-03T08:28:36.188+0000] {spark_submit.py:579} INFO - at org.apache.spark.sql.execution.datasources.InMemoryFileIndex.refresh0(InMemoryFileIndex.scala:98)
[2026-04-03T08:28:36.188+0000] {spark_submit.py:579} INFO - at org.apache.spark.sql.execution.datasources.InMemoryFileIndex.<init>(InMemoryFileIndex.scala:70)
[2026-04-03T08:28:36.188+0000] {spark_submit.py:579} INFO - at org.apache.spark.sql.execution.datasources.DataSource.createInMemoryFileIndex(DataSource.scala:568)
[2026-04-03T08:28:36.188+0000] {spark_submit.py:579} INFO - at org.apache.spark.sql.execution.datasources.DataSource.resolveRelation(DataSource.scala:423)
[2026-04-03T08:28:36.189+0000] {spark_submit.py:579} INFO - at org.apache.spark.sql.catalyst.analysis.ResolveDataSource.org$apache$spark$sql$catalyst$analysis$ResolveDataSource$$loadV1BatchSource(ResolveDataSource.scala:143)
[2026-04-03T08:28:36.189+0000] {spark_submit.py:579} INFO - at org.apache.spark.sql.catalyst.analysis.ResolveDataSource$$anonfun$apply$1.$anonfun$applyOrElse$2(ResolveDataSource.scala:61)
[2026-04-03T08:28:36.189+0000] {spark_submit.py:579} INFO - at scala.Option.getOrElse(Option.scala:201)
[2026-04-03T08:28:36.189+0000] {spark_submit.py:579} INFO - at org.apache.spark.sql.catalyst.analysis.ResolveDataSource$$anonfun$apply$1.applyOrElse(ResolveDataSource.scala:61)
[2026-04-03T08:28:36.190+0000] {spark_submit.py:579} INFO - at org.apache.spark.sql.catalyst.analysis.ResolveDataSource$$anonfun$apply$1.applyOrElse(ResolveDataSource.scala:45)
[2026-04-03T08:28:36.190+0000] {spark_submit.py:579} INFO - at org.apache.spark.sql.catalyst.plans.logical.AnalysisHelper.$anonfun$resolveOperatorsUpWithPruning$3(AnalysisHelper.scala:139)
[2026-04-03T08:28:36.190+0000] {spark_submit.py:579} INFO - at org.apache.spark.sql.catalyst.trees.CurrentOrigin$.withOrigin(origin.scala:107)
[2026-04-03T08:28:36.190+0000] {spark_submit.py:579} INFO - at org.apache.spark.sql.catalyst.plans.logical.AnalysisHelper.$anonfun$resolveOperatorsUpWithPruning$1(AnalysisHelper.scala:139)
[2026-04-03T08:28:36.191+0000] {spark_submit.py:579} INFO - at org.apache.spark.sql.catalyst.plans.logical.AnalysisHelper$.allowInvokingTransformsInAnalyzer(AnalysisHelper.scala:416)
[2026-04-03T08:28:36.191+0000] {spark_submit.py:579} INFO - at org.apache.spark.sql.catalyst.plans.logical.AnalysisHelper.resolveOperatorsUpWithPruning(AnalysisHelper.scala:135)
[2026-04-03T08:28:36.191+0000] {spark_submit.py:579} INFO - at org.apache.spark.sql.catalyst.plans.logical.AnalysisHelper.resolveOperatorsUpWithPruning$(AnalysisHelper.scala:131)
[2026-04-03T08:28:36.191+0000] {spark_submit.py:579} INFO - at org.apache.spark.sql.catalyst.plans.logical.LogicalPlan.resolveOperatorsUpWithPruning(LogicalPlan.scala:37)
[2026-04-03T08:28:36.191+0000] {spark_submit.py:579} INFO - at org.apache.spark.sql.catalyst.plans.logical.AnalysisHelper.resolveOperatorsUp(AnalysisHelper.scala:112)
[2026-04-03T08:28:36.192+0000] {spark_submit.py:579} INFO - at org.apache.spark.sql.catalyst.plans.logical.AnalysisHelper.resolveOperatorsUp$(AnalysisHelper.scala:111)
[2026-04-03T08:28:36.192+0000] {spark_submit.py:579} INFO - at org.apache.spark.sql.catalyst.plans.logical.LogicalPlan.resolveOperatorsUp(LogicalPlan.scala:37)
[2026-04-03T08:28:36.192+0000] {spark_submit.py:579} INFO - at org.apache.spark.sql.catalyst.analysis.ResolveDataSource.apply(ResolveDataSource.scala:45)
[2026-04-03T08:28:36.192+0000] {spark_submit.py:579} INFO - at org.apache.spark.sql.catalyst.analysis.ResolveDataSource.apply(ResolveDataSource.scala:43)
[2026-04-03T08:28:36.192+0000] {spark_submit.py:579} INFO - at org.apache.spark.sql.catalyst.rules.RuleExecutor.$anonfun$execute$2(RuleExecutor.scala:248)
[2026-04-03T08:28:36.193+0000] {spark_submit.py:579} INFO - at scala.collection.LinearSeqOps.foldLeft(LinearSeq.scala:183)
[2026-04-03T08:28:36.193+0000] {spark_submit.py:579} INFO - at scala.collection.LinearSeqOps.foldLeft$(LinearSeq.scala:179)
[2026-04-03T08:28:36.193+0000] {spark_submit.py:579} INFO - at scala.collection.immutable.List.foldLeft(List.scala:79)
[2026-04-03T08:28:36.193+0000] {spark_submit.py:579} INFO - at org.apache.spark.sql.catalyst.rules.RuleExecutor.$anonfun$execute$1(RuleExecutor.scala:245)
[2026-04-03T08:28:36.194+0000] {spark_submit.py:579} INFO - at org.apache.spark.sql.catalyst.rules.RuleExecutor.$anonfun$execute$1$adapted(RuleExecutor.scala:237)
[2026-04-03T08:28:36.194+0000] {spark_submit.py:579} INFO - at scala.collection.immutable.List.foreach(List.scala:323)
[2026-04-03T08:28:36.194+0000] {spark_submit.py:579} INFO - at org.apache.spark.sql.catalyst.rules.RuleExecutor.execute(RuleExecutor.scala:237)
[2026-04-03T08:28:36.194+0000] {spark_submit.py:579} INFO - at org.apache.spark.sql.catalyst.analysis.Analyzer.org$apache$spark$sql$catalyst$analysis$Analyzer$$executeSameContext(Analyzer.scala:343)
[2026-04-03T08:28:36.194+0000] {spark_submit.py:579} INFO - at org.apache.spark.sql.catalyst.analysis.Analyzer.$anonfun$execute$1(Analyzer.scala:339)
[2026-04-03T08:28:36.195+0000] {spark_submit.py:579} INFO - at org.apache.spark.sql.catalyst.analysis.AnalysisContext$.withNewAnalysisContext(Analyzer.scala:224)
[2026-04-03T08:28:36.195+0000] {spark_submit.py:579} INFO - at org.apache.spark.sql.catalyst.analysis.Analyzer.execute(Analyzer.scala:339)
[2026-04-03T08:28:36.195+0000] {spark_submit.py:579} INFO - at org.apache.spark.sql.catalyst.analysis.Analyzer.execute(Analyzer.scala:289)
[2026-04-03T08:28:36.195+0000] {spark_submit.py:579} INFO - at org.apache.spark.sql.catalyst.rules.RuleExecutor.$anonfun$executeAndTrack$1(RuleExecutor.scala:207)
[2026-04-03T08:28:36.196+0000] {spark_submit.py:579} INFO - at org.apache.spark.sql.catalyst.QueryPlanningTracker$.withTracker(QueryPlanningTracker.scala:89)
[2026-04-03T08:28:36.196+0000] {spark_submit.py:579} INFO - at org.apache.spark.sql.catalyst.rules.RuleExecutor.executeAndTrack(RuleExecutor.scala:207)
[2026-04-03T08:28:36.196+0000] {spark_submit.py:579} INFO - at org.apache.spark.sql.catalyst.analysis.resolver.HybridAnalyzer.resolveInFixedPoint(HybridAnalyzer.scala:236)
[2026-04-03T08:28:36.196+0000] {spark_submit.py:579} INFO - at org.apache.spark.sql.catalyst.analysis.resolver.HybridAnalyzer.$anonfun$apply$1(HybridAnalyzer.scala:91)
[2026-04-03T08:28:36.196+0000] {spark_submit.py:579} INFO - at org.apache.spark.sql.catalyst.analysis.resolver.HybridAnalyzer.withTrackedAnalyzerBridgeState(HybridAnalyzer.scala:122)
[2026-04-03T08:28:36.197+0000] {spark_submit.py:579} INFO - at org.apache.spark.sql.catalyst.analysis.resolver.HybridAnalyzer.apply(HybridAnalyzer.scala:84)
[2026-04-03T08:28:36.197+0000] {spark_submit.py:579} INFO - at org.apache.spark.sql.catalyst.analysis.Analyzer.$anonfun$executeAndCheck$1(Analyzer.scala:322)
[2026-04-03T08:28:36.197+0000] {spark_submit.py:579} INFO - at org.apache.spark.sql.catalyst.plans.logical.AnalysisHelper$.markInAnalyzer(AnalysisHelper.scala:423)
[2026-04-03T08:28:36.197+0000] {spark_submit.py:579} INFO - at org.apache.spark.sql.catalyst.analysis.Analyzer.executeAndCheck(Analyzer.scala:322)
[2026-04-03T08:28:36.198+0000] {spark_submit.py:579} INFO - at org.apache.spark.sql.execution.QueryExecution.$anonfun$lazyAnalyzed$2(QueryExecution.scala:139)
[2026-04-03T08:28:36.198+0000] {spark_submit.py:579} INFO - at org.apache.spark.sql.catalyst.QueryPlanningTracker.measurePhase(QueryPlanningTracker.scala:148)
[2026-04-03T08:28:36.198+0000] {spark_submit.py:579} INFO - at org.apache.spark.sql.execution.QueryExecution.$anonfun$executePhase$2(QueryExecution.scala:330)
[2026-04-03T08:28:36.198+0000] {spark_submit.py:579} INFO - at org.apache.spark.sql.execution.QueryExecution$.withInternalError(QueryExecution.scala:717)
[2026-04-03T08:28:36.198+0000] {spark_submit.py:579} INFO - at org.apache.spark.sql.execution.QueryExecution.$anonfun$executePhase$1(QueryExecution.scala:330)
[2026-04-03T08:28:36.199+0000] {spark_submit.py:579} INFO - at org.apache.spark.sql.SparkSession.withActive(SparkSession.scala:804)
[2026-04-03T08:28:36.199+0000] {spark_submit.py:579} INFO - at org.apache.spark.sql.execution.QueryExecution.executePhase(QueryExecution.scala:329)
[2026-04-03T08:28:36.199+0000] {spark_submit.py:579} INFO - at org.apache.spark.sql.execution.QueryExecution.$anonfun$lazyAnalyzed$1(QueryExecution.scala:139)
[2026-04-03T08:28:36.199+0000] {spark_submit.py:579} INFO - at scala.util.Try$.apply(Try.scala:217)
[2026-04-03T08:28:36.199+0000] {spark_submit.py:579} INFO - at org.apache.spark.util.Utils$.doTryWithCallerStacktrace(Utils.scala:1392)
[2026-04-03T08:28:36.200+0000] {spark_submit.py:579} INFO - at org.apache.spark.util.LazyTry.tryT$lzycompute(LazyTry.scala:46)
[2026-04-03T08:28:36.200+0000] {spark_submit.py:579} INFO - at org.apache.spark.util.LazyTry.tryT(LazyTry.scala:46)
[2026-04-03T08:28:36.200+0000] {spark_submit.py:579} INFO - ... 22 more
[2026-04-03T08:28:36.200+0000] {spark_submit.py:579} INFO - 
[2026-04-03T08:28:36.201+0000] {spark_submit.py:579} INFO - 26/04/03 08:28:36 INFO SparkContext: SparkContext is stopping with exitCode 0 from stop at NativeMethodAccessorImpl.java:0.
[2026-04-03T08:28:36.201+0000] {spark_submit.py:579} INFO - 26/04/03 08:28:36 INFO SparkContext: SparkContext already stopped.
[2026-04-03T08:28:36.242+0000] {spark_submit.py:579} INFO - Traceback (most recent call last):
[2026-04-03T08:28:36.243+0000] {spark_submit.py:579} INFO - File "/opt/***/scripts/process_data.py", line 44, in <module>
[2026-04-03T08:28:36.243+0000] {spark_submit.py:579} INFO - raise e
[2026-04-03T08:28:36.243+0000] {spark_submit.py:579} INFO - File "/opt/***/scripts/process_data.py", line 13, in <module>
[2026-04-03T08:28:36.243+0000] {spark_submit.py:579} INFO - df_bronze = spark.read.json("/data/raw/sensors/*.json")
[2026-04-03T08:28:36.244+0000] {spark_submit.py:579} INFO - ^^^^^^^^^^^^^^^^^^^^^^^^^^^^^^^^^^^^^^^^^^^
[2026-04-03T08:28:36.244+0000] {spark_submit.py:579} INFO - File "/opt/spark_dist/python/lib/pyspark.zip/pyspark/sql/readwriter.py", line 468, in json
[2026-04-03T08:28:36.244+0000] {spark_submit.py:579} INFO - File "/opt/spark_dist/python/lib/py4j-0.10.9.9-src.zip/py4j/java_gateway.py", line 1362, in __call__
[2026-04-03T08:28:36.244+0000] {spark_submit.py:579} INFO - File "/opt/spark_dist/python/lib/pyspark.zip/pyspark/errors/exceptions/captured.py", line 263, in deco
[2026-04-03T08:28:36.245+0000] {spark_submit.py:579} INFO - File "/opt/spark_dist/python/lib/py4j-0.10.9.9-src.zip/py4j/protocol.py", line 327, in get_return_value
[2026-04-03T08:28:36.285+0000] {spark_submit.py:579} INFO - py4j.protocol.Py4JJavaError: An error occurred while calling o37.json.
[2026-04-03T08:28:36.286+0000] {spark_submit.py:579} INFO - : org.apache.spark.SparkException: Job aborted due to stage failure: Master removed our application: KILLED
[2026-04-03T08:28:36.286+0000] {spark_submit.py:579} INFO - at org.apache.spark.scheduler.DAGScheduler.$anonfun$abortStage$3(DAGScheduler.scala:3122)
[2026-04-03T08:28:36.287+0000] {spark_submit.py:579} INFO - at scala.Option.getOrElse(Option.scala:201)
[2026-04-03T08:28:36.287+0000] {spark_submit.py:579} INFO - at org.apache.spark.scheduler.DAGScheduler.$anonfun$abortStage$2(DAGScheduler.scala:3122)
[2026-04-03T08:28:36.287+0000] {spark_submit.py:579} INFO - at org.apache.spark.scheduler.DAGScheduler.$anonfun$abortStage$2$adapted(DAGScheduler.scala:3114)
[2026-04-03T08:28:36.287+0000] {spark_submit.py:579} INFO - at scala.collection.immutable.List.foreach(List.scala:323)
[2026-04-03T08:28:36.288+0000] {spark_submit.py:579} INFO - at org.apache.spark.scheduler.DAGScheduler.abortStage(DAGScheduler.scala:3114)
[2026-04-03T08:28:36.288+0000] {spark_submit.py:579} INFO - at org.apache.spark.scheduler.DAGScheduler.$anonfun$handleTaskSetFailed$1(DAGScheduler.scala:1303)
[2026-04-03T08:28:36.288+0000] {spark_submit.py:579} INFO - at org.apache.spark.scheduler.DAGScheduler.$anonfun$handleTaskSetFailed$1$adapted(DAGScheduler.scala:1303)
[2026-04-03T08:28:36.288+0000] {spark_submit.py:579} INFO - at scala.Option.foreach(Option.scala:437)
[2026-04-03T08:28:36.288+0000] {spark_submit.py:579} INFO - at org.apache.spark.scheduler.DAGScheduler.handleTaskSetFailed(DAGScheduler.scala:1303)
[2026-04-03T08:28:36.289+0000] {spark_submit.py:579} INFO - at org.apache.spark.scheduler.DAGSchedulerEventProcessLoop.doOnReceive(DAGScheduler.scala:3397)
[2026-04-03T08:28:36.289+0000] {spark_submit.py:579} INFO - at org.apache.spark.scheduler.DAGSchedulerEventProcessLoop.onReceive(DAGScheduler.scala:3328)
[2026-04-03T08:28:36.289+0000] {spark_submit.py:579} INFO - at org.apache.spark.scheduler.DAGSchedulerEventProcessLoop.onReceive(DAGScheduler.scala:3317)
[2026-04-03T08:28:36.289+0000] {spark_submit.py:579} INFO - at org.apache.spark.util.EventLoop$$anon$1.run(EventLoop.scala:50)
[2026-04-03T08:28:36.290+0000] {spark_submit.py:579} INFO - at org.apache.spark.scheduler.DAGScheduler.runJob(DAGScheduler.scala:1017)
[2026-04-03T08:28:36.290+0000] {spark_submit.py:579} INFO - at org.apache.spark.SparkContext.runJob(SparkContext.scala:2496)
[2026-04-03T08:28:36.290+0000] {spark_submit.py:579} INFO - at org.apache.spark.SparkContext.runJob(SparkContext.scala:2517)
[2026-04-03T08:28:36.290+0000] {spark_submit.py:579} INFO - at org.apache.spark.SparkContext.runJob(SparkContext.scala:2536)
[2026-04-03T08:28:36.291+0000] {spark_submit.py:579} INFO - at org.apache.spark.SparkContext.runJob(SparkContext.scala:2561)
[2026-04-03T08:28:36.291+0000] {spark_submit.py:579} INFO - at org.apache.spark.rdd.RDD.$anonfun$collect$1(RDD.scala:1057)
[2026-04-03T08:28:36.291+0000] {spark_submit.py:579} INFO - at org.apache.spark.rdd.RDDOperationScope$.withScope(RDDOperationScope.scala:151)
[2026-04-03T08:28:36.291+0000] {spark_submit.py:579} INFO - at org.apache.spark.rdd.RDDOperationScope$.withScope(RDDOperationScope.scala:112)
[2026-04-03T08:28:36.292+0000] {spark_submit.py:579} INFO - at org.apache.spark.rdd.RDD.withScope(RDD.scala:417)
[2026-04-03T08:28:36.292+0000] {spark_submit.py:579} INFO - at org.apache.spark.rdd.RDD.collect(RDD.scala:1056)
[2026-04-03T08:28:36.292+0000] {spark_submit.py:579} INFO - at org.apache.spark.util.HadoopFSUtils$.parallelListLeafFilesInternal(HadoopFSUtils.scala:160)
[2026-04-03T08:28:36.292+0000] {spark_submit.py:579} INFO - at org.apache.spark.util.HadoopFSUtils$.parallelListLeafFiles(HadoopFSUtils.scala:72)
[2026-04-03T08:28:36.293+0000] {spark_submit.py:579} INFO - at org.apache.spark.sql.execution.datasources.InMemoryFileIndex$.bulkListLeafFiles(InMemoryFileIndex.scala:179)
[2026-04-03T08:28:36.293+0000] {spark_submit.py:579} INFO - at org.apache.spark.sql.execution.datasources.InMemoryFileIndex.listLeafFiles(InMemoryFileIndex.scala:135)
[2026-04-03T08:28:36.293+0000] {spark_submit.py:579} INFO - at org.apache.spark.sql.execution.datasources.InMemoryFileIndex.refresh0(InMemoryFileIndex.scala:98)
[2026-04-03T08:28:36.293+0000] {spark_submit.py:579} INFO - at org.apache.spark.sql.execution.datasources.InMemoryFileIndex.<init>(InMemoryFileIndex.scala:70)
[2026-04-03T08:28:36.293+0000] {spark_submit.py:579} INFO - at org.apache.spark.sql.execution.datasources.DataSource.createInMemoryFileIndex(DataSource.scala:568)
[2026-04-03T08:28:36.294+0000] {spark_submit.py:579} INFO - at org.apache.spark.sql.execution.datasources.DataSource.resolveRelation(DataSource.scala:423)
[2026-04-03T08:28:36.294+0000] {spark_submit.py:579} INFO - at org.apache.spark.sql.catalyst.analysis.ResolveDataSource.org$apache$spark$sql$catalyst$analysis$ResolveDataSource$$loadV1BatchSource(ResolveDataSource.scala:143)
[2026-04-03T08:28:36.294+0000] {spark_submit.py:579} INFO - at org.apache.spark.sql.catalyst.analysis.ResolveDataSource$$anonfun$apply$1.$anonfun$applyOrElse$2(ResolveDataSource.scala:61)
[2026-04-03T08:28:36.294+0000] {spark_submit.py:579} INFO - at scala.Option.getOrElse(Option.scala:201)
[2026-04-03T08:28:36.295+0000] {spark_submit.py:579} INFO - at org.apache.spark.sql.catalyst.analysis.ResolveDataSource$$anonfun$apply$1.applyOrElse(ResolveDataSource.scala:61)
[2026-04-03T08:28:36.295+0000] {spark_submit.py:579} INFO - at org.apache.spark.sql.catalyst.analysis.ResolveDataSource$$anonfun$apply$1.applyOrElse(ResolveDataSource.scala:45)
[2026-04-03T08:28:36.295+0000] {spark_submit.py:579} INFO - at org.apache.spark.sql.catalyst.plans.logical.AnalysisHelper.$anonfun$resolveOperatorsUpWithPruning$3(AnalysisHelper.scala:139)
[2026-04-03T08:28:36.295+0000] {spark_submit.py:579} INFO - at org.apache.spark.sql.catalyst.trees.CurrentOrigin$.withOrigin(origin.scala:107)
[2026-04-03T08:28:36.295+0000] {spark_submit.py:579} INFO - at org.apache.spark.sql.catalyst.plans.logical.AnalysisHelper.$anonfun$resolveOperatorsUpWithPruning$1(AnalysisHelper.scala:139)
[2026-04-03T08:28:36.296+0000] {spark_submit.py:579} INFO - at org.apache.spark.sql.catalyst.plans.logical.AnalysisHelper$.allowInvokingTransformsInAnalyzer(AnalysisHelper.scala:416)
[2026-04-03T08:28:36.296+0000] {spark_submit.py:579} INFO - at org.apache.spark.sql.catalyst.plans.logical.AnalysisHelper.resolveOperatorsUpWithPruning(AnalysisHelper.scala:135)
[2026-04-03T08:28:36.296+0000] {spark_submit.py:579} INFO - at org.apache.spark.sql.catalyst.plans.logical.AnalysisHelper.resolveOperatorsUpWithPruning$(AnalysisHelper.scala:131)
[2026-04-03T08:28:36.296+0000] {spark_submit.py:579} INFO - at org.apache.spark.sql.catalyst.plans.logical.LogicalPlan.resolveOperatorsUpWithPruning(LogicalPlan.scala:37)
[2026-04-03T08:28:36.297+0000] {spark_submit.py:579} INFO - at org.apache.spark.sql.catalyst.plans.logical.AnalysisHelper.resolveOperatorsUp(AnalysisHelper.scala:112)
[2026-04-03T08:28:36.297+0000] {spark_submit.py:579} INFO - at org.apache.spark.sql.catalyst.plans.logical.AnalysisHelper.resolveOperatorsUp$(AnalysisHelper.scala:111)
[2026-04-03T08:28:36.297+0000] {spark_submit.py:579} INFO - at org.apache.spark.sql.catalyst.plans.logical.LogicalPlan.resolveOperatorsUp(LogicalPlan.scala:37)
[2026-04-03T08:28:36.297+0000] {spark_submit.py:579} INFO - at org.apache.spark.sql.catalyst.analysis.ResolveDataSource.apply(ResolveDataSource.scala:45)
[2026-04-03T08:28:36.298+0000] {spark_submit.py:579} INFO - at org.apache.spark.sql.catalyst.analysis.ResolveDataSource.apply(ResolveDataSource.scala:43)
[2026-04-03T08:28:36.298+0000] {spark_submit.py:579} INFO - at org.apache.spark.sql.catalyst.rules.RuleExecutor.$anonfun$execute$2(RuleExecutor.scala:248)
[2026-04-03T08:28:36.298+0000] {spark_submit.py:579} INFO - at scala.collection.LinearSeqOps.foldLeft(LinearSeq.scala:183)
[2026-04-03T08:28:36.298+0000] {spark_submit.py:579} INFO - at scala.collection.LinearSeqOps.foldLeft$(LinearSeq.scala:179)
[2026-04-03T08:28:36.298+0000] {spark_submit.py:579} INFO - at scala.collection.immutable.List.foldLeft(List.scala:79)
[2026-04-03T08:28:36.299+0000] {spark_submit.py:579} INFO - at org.apache.spark.sql.catalyst.rules.RuleExecutor.$anonfun$execute$1(RuleExecutor.scala:245)
[2026-04-03T08:28:36.299+0000] {spark_submit.py:579} INFO - at org.apache.spark.sql.catalyst.rules.RuleExecutor.$anonfun$execute$1$adapted(RuleExecutor.scala:237)
[2026-04-03T08:28:36.299+0000] {spark_submit.py:579} INFO - at scala.collection.immutable.List.foreach(List.scala:323)
[2026-04-03T08:28:36.299+0000] {spark_submit.py:579} INFO - at org.apache.spark.sql.catalyst.rules.RuleExecutor.execute(RuleExecutor.scala:237)
[2026-04-03T08:28:36.300+0000] {spark_submit.py:579} INFO - at org.apache.spark.sql.catalyst.analysis.Analyzer.org$apache$spark$sql$catalyst$analysis$Analyzer$$executeSameContext(Analyzer.scala:343)
[2026-04-03T08:28:36.300+0000] {spark_submit.py:579} INFO - at org.apache.spark.sql.catalyst.analysis.Analyzer.$anonfun$execute$1(Analyzer.scala:339)
[2026-04-03T08:28:36.300+0000] {spark_submit.py:579} INFO - at org.apache.spark.sql.catalyst.analysis.AnalysisContext$.withNewAnalysisContext(Analyzer.scala:224)
[2026-04-03T08:28:36.301+0000] {spark_submit.py:579} INFO - at org.apache.spark.sql.catalyst.analysis.Analyzer.execute(Analyzer.scala:339)
[2026-04-03T08:28:36.301+0000] {spark_submit.py:579} INFO - at org.apache.spark.sql.catalyst.analysis.Analyzer.execute(Analyzer.scala:289)
[2026-04-03T08:28:36.302+0000] {spark_submit.py:579} INFO - at org.apache.spark.sql.catalyst.rules.RuleExecutor.$anonfun$executeAndTrack$1(RuleExecutor.scala:207)
[2026-04-03T08:28:36.302+0000] {spark_submit.py:579} INFO - at org.apache.spark.sql.catalyst.QueryPlanningTracker$.withTracker(QueryPlanningTracker.scala:89)
[2026-04-03T08:28:36.303+0000] {spark_submit.py:579} INFO - at org.apache.spark.sql.catalyst.rules.RuleExecutor.executeAndTrack(RuleExecutor.scala:207)
[2026-04-03T08:28:36.303+0000] {spark_submit.py:579} INFO - at org.apache.spark.sql.catalyst.analysis.resolver.HybridAnalyzer.resolveInFixedPoint(HybridAnalyzer.scala:236)
[2026-04-03T08:28:36.304+0000] {spark_submit.py:579} INFO - at org.apache.spark.sql.catalyst.analysis.resolver.HybridAnalyzer.$anonfun$apply$1(HybridAnalyzer.scala:91)
[2026-04-03T08:28:36.304+0000] {spark_submit.py:579} INFO - at org.apache.spark.sql.catalyst.analysis.resolver.HybridAnalyzer.withTrackedAnalyzerBridgeState(HybridAnalyzer.scala:122)
[2026-04-03T08:28:36.304+0000] {spark_submit.py:579} INFO - at org.apache.spark.sql.catalyst.analysis.resolver.HybridAnalyzer.apply(HybridAnalyzer.scala:84)
[2026-04-03T08:28:36.305+0000] {spark_submit.py:579} INFO - at org.apache.spark.sql.catalyst.analysis.Analyzer.$anonfun$executeAndCheck$1(Analyzer.scala:322)
[2026-04-03T08:28:36.305+0000] {spark_submit.py:579} INFO - at org.apache.spark.sql.catalyst.plans.logical.AnalysisHelper$.markInAnalyzer(AnalysisHelper.scala:423)
[2026-04-03T08:28:36.305+0000] {spark_submit.py:579} INFO - at org.apache.spark.sql.catalyst.analysis.Analyzer.executeAndCheck(Analyzer.scala:322)
[2026-04-03T08:28:36.305+0000] {spark_submit.py:579} INFO - at org.apache.spark.sql.execution.QueryExecution.$anonfun$lazyAnalyzed$2(QueryExecution.scala:139)
[2026-04-03T08:28:36.306+0000] {spark_submit.py:579} INFO - at org.apache.spark.sql.catalyst.QueryPlanningTracker.measurePhase(QueryPlanningTracker.scala:148)
[2026-04-03T08:28:36.306+0000] {spark_submit.py:579} INFO - at org.apache.spark.sql.execution.QueryExecution.$anonfun$executePhase$2(QueryExecution.scala:330)
[2026-04-03T08:28:36.306+0000] {spark_submit.py:579} INFO - at org.apache.spark.sql.execution.QueryExecution$.withInternalError(QueryExecution.scala:717)
[2026-04-03T08:28:36.307+0000] {spark_submit.py:579} INFO - at org.apache.spark.sql.execution.QueryExecution.$anonfun$executePhase$1(QueryExecution.scala:330)
[2026-04-03T08:28:36.307+0000] {spark_submit.py:579} INFO - at org.apache.spark.sql.SparkSession.withActive(SparkSession.scala:804)
[2026-04-03T08:28:36.307+0000] {spark_submit.py:579} INFO - at org.apache.spark.sql.execution.QueryExecution.executePhase(QueryExecution.scala:329)
[2026-04-03T08:28:36.307+0000] {spark_submit.py:579} INFO - at org.apache.spark.sql.execution.QueryExecution.$anonfun$lazyAnalyzed$1(QueryExecution.scala:139)
[2026-04-03T08:28:36.307+0000] {spark_submit.py:579} INFO - at scala.util.Try$.apply(Try.scala:217)
[2026-04-03T08:28:36.308+0000] {spark_submit.py:579} INFO - at org.apache.spark.util.Utils$.doTryWithCallerStacktrace(Utils.scala:1392)
[2026-04-03T08:28:36.308+0000] {spark_submit.py:579} INFO - at org.apache.spark.util.Utils$.getTryWithCallerStacktrace(Utils.scala:1453)
[2026-04-03T08:28:36.308+0000] {spark_submit.py:579} INFO - at org.apache.spark.util.LazyTry.get(LazyTry.scala:58)
[2026-04-03T08:28:36.308+0000] {spark_submit.py:579} INFO - at org.apache.spark.sql.execution.QueryExecution.analyzed(QueryExecution.scala:150)
[2026-04-03T08:28:36.309+0000] {spark_submit.py:579} INFO - at org.apache.spark.sql.execution.QueryExecution.assertAnalyzed(QueryExecution.scala:90)
[2026-04-03T08:28:36.309+0000] {spark_submit.py:579} INFO - at org.apache.spark.sql.classic.Dataset$.$anonfun$ofRows$1(Dataset.scala:114)
[2026-04-03T08:28:36.309+0000] {spark_submit.py:579} INFO - at org.apache.spark.sql.SparkSession.withActive(SparkSession.scala:804)
[2026-04-03T08:28:36.309+0000] {spark_submit.py:579} INFO - at org.apache.spark.sql.classic.Dataset$.ofRows(Dataset.scala:112)
[2026-04-03T08:28:36.310+0000] {spark_submit.py:579} INFO - at org.apache.spark.sql.classic.DataFrameReader.load(DataFrameReader.scala:108)
[2026-04-03T08:28:36.310+0000] {spark_submit.py:579} INFO - at org.apache.spark.sql.classic.DataFrameReader.load(DataFrameReader.scala:57)
[2026-04-03T08:28:36.310+0000] {spark_submit.py:579} INFO - at org.apache.spark.sql.DataFrameReader.json(DataFrameReader.scala:296)
[2026-04-03T08:28:36.310+0000] {spark_submit.py:579} INFO - at org.apache.spark.sql.classic.DataFrameReader.json(DataFrameReader.scala:149)
[2026-04-03T08:28:36.310+0000] {spark_submit.py:579} INFO - at java.base/jdk.internal.reflect.NativeMethodAccessorImpl.invoke0(Native Method)
[2026-04-03T08:28:36.311+0000] {spark_submit.py:579} INFO - at java.base/jdk.internal.reflect.NativeMethodAccessorImpl.invoke(NativeMethodAccessorImpl.java:77)
[2026-04-03T08:28:36.311+0000] {spark_submit.py:579} INFO - at java.base/jdk.internal.reflect.DelegatingMethodAccessorImpl.invoke(DelegatingMethodAccessorImpl.java:43)
[2026-04-03T08:28:36.311+0000] {spark_submit.py:579} INFO - at java.base/java.lang.reflect.Method.invoke(Method.java:569)
[2026-04-03T08:28:36.311+0000] {spark_submit.py:579} INFO - at py4j.reflection.MethodInvoker.invoke(MethodInvoker.java:244)
[2026-04-03T08:28:36.312+0000] {spark_submit.py:579} INFO - at py4j.reflection.ReflectionEngine.invoke(ReflectionEngine.java:374)
[2026-04-03T08:28:36.312+0000] {spark_submit.py:579} INFO - at py4j.Gateway.invoke(Gateway.java:282)
[2026-04-03T08:28:36.312+0000] {spark_submit.py:579} INFO - at py4j.commands.AbstractCommand.invokeMethod(AbstractCommand.java:132)
[2026-04-03T08:28:36.312+0000] {spark_submit.py:579} INFO - at py4j.commands.CallCommand.execute(CallCommand.java:79)
[2026-04-03T08:28:36.312+0000] {spark_submit.py:579} INFO - at py4j.ClientServerConnection.waitForCommands(ClientServerConnection.java:184)
[2026-04-03T08:28:36.313+0000] {spark_submit.py:579} INFO - at py4j.ClientServerConnection.run(ClientServerConnection.java:108)
[2026-04-03T08:28:36.313+0000] {spark_submit.py:579} INFO - at java.base/java.lang.Thread.run(Thread.java:840)
[2026-04-03T08:28:36.313+0000] {spark_submit.py:579} INFO - Suppressed: org.apache.spark.util.Utils$OriginalTryStackTraceException: Full stacktrace of original doTryWithCallerStacktrace caller
[2026-04-03T08:28:36.313+0000] {spark_submit.py:579} INFO - at org.apache.spark.scheduler.DAGScheduler.$anonfun$abortStage$3(DAGScheduler.scala:3122)
[2026-04-03T08:28:36.314+0000] {spark_submit.py:579} INFO - at scala.Option.getOrElse(Option.scala:201)
[2026-04-03T08:28:36.314+0000] {spark_submit.py:579} INFO - at org.apache.spark.scheduler.DAGScheduler.$anonfun$abortStage$2(DAGScheduler.scala:3122)
[2026-04-03T08:28:36.314+0000] {spark_submit.py:579} INFO - at org.apache.spark.scheduler.DAGScheduler.$anonfun$abortStage$2$adapted(DAGScheduler.scala:3114)
[2026-04-03T08:28:36.314+0000] {spark_submit.py:579} INFO - at scala.collection.immutable.List.foreach(List.scala:323)
[2026-04-03T08:28:36.315+0000] {spark_submit.py:579} INFO - at org.apache.spark.scheduler.DAGScheduler.abortStage(DAGScheduler.scala:3114)
[2026-04-03T08:28:36.315+0000] {spark_submit.py:579} INFO - at org.apache.spark.scheduler.DAGScheduler.$anonfun$handleTaskSetFailed$1(DAGScheduler.scala:1303)
[2026-04-03T08:28:36.315+0000] {spark_submit.py:579} INFO - at org.apache.spark.scheduler.DAGScheduler.$anonfun$handleTaskSetFailed$1$adapted(DAGScheduler.scala:1303)
[2026-04-03T08:28:36.315+0000] {spark_submit.py:579} INFO - at scala.Option.foreach(Option.scala:437)
[2026-04-03T08:28:36.315+0000] {spark_submit.py:579} INFO - at org.apache.spark.scheduler.DAGScheduler.handleTaskSetFailed(DAGScheduler.scala:1303)
[2026-04-03T08:28:36.316+0000] {spark_submit.py:579} INFO - at org.apache.spark.scheduler.DAGSchedulerEventProcessLoop.doOnReceive(DAGScheduler.scala:3397)
[2026-04-03T08:28:36.316+0000] {spark_submit.py:579} INFO - at org.apache.spark.scheduler.DAGSchedulerEventProcessLoop.onReceive(DAGScheduler.scala:3328)
[2026-04-03T08:28:36.316+0000] {spark_submit.py:579} INFO - at org.apache.spark.scheduler.DAGSchedulerEventProcessLoop.onReceive(DAGScheduler.scala:3317)
[2026-04-03T08:28:36.316+0000] {spark_submit.py:579} INFO - at org.apache.spark.util.EventLoop$$anon$1.run(EventLoop.scala:50)
[2026-04-03T08:28:36.317+0000] {spark_submit.py:579} INFO - at org.apache.spark.scheduler.DAGScheduler.runJob(DAGScheduler.scala:1017)
[2026-04-03T08:28:36.317+0000] {spark_submit.py:579} INFO - at org.apache.spark.SparkContext.runJob(SparkContext.scala:2496)
[2026-04-03T08:28:36.317+0000] {spark_submit.py:579} INFO - at org.apache.spark.SparkContext.runJob(SparkContext.scala:2517)
[2026-04-03T08:28:36.317+0000] {spark_submit.py:579} INFO - at org.apache.spark.SparkContext.runJob(SparkContext.scala:2536)
[2026-04-03T08:28:36.317+0000] {spark_submit.py:579} INFO - at org.apache.spark.SparkContext.runJob(SparkContext.scala:2561)
[2026-04-03T08:28:36.318+0000] {spark_submit.py:579} INFO - at org.apache.spark.rdd.RDD.$anonfun$collect$1(RDD.scala:1057)
[2026-04-03T08:28:36.318+0000] {spark_submit.py:579} INFO - at org.apache.spark.rdd.RDDOperationScope$.withScope(RDDOperationScope.scala:151)
[2026-04-03T08:28:36.318+0000] {spark_submit.py:579} INFO - at org.apache.spark.rdd.RDDOperationScope$.withScope(RDDOperationScope.scala:112)
[2026-04-03T08:28:36.319+0000] {spark_submit.py:579} INFO - at org.apache.spark.rdd.RDD.withScope(RDD.scala:417)
[2026-04-03T08:28:36.319+0000] {spark_submit.py:579} INFO - at org.apache.spark.rdd.RDD.collect(RDD.scala:1056)
[2026-04-03T08:28:36.319+0000] {spark_submit.py:579} INFO - at org.apache.spark.util.HadoopFSUtils$.parallelListLeafFilesInternal(HadoopFSUtils.scala:160)
[2026-04-03T08:28:36.319+0000] {spark_submit.py:579} INFO - at org.apache.spark.util.HadoopFSUtils$.parallelListLeafFiles(HadoopFSUtils.scala:72)
[2026-04-03T08:28:36.320+0000] {spark_submit.py:579} INFO - at org.apache.spark.sql.execution.datasources.InMemoryFileIndex$.bulkListLeafFiles(InMemoryFileIndex.scala:179)
[2026-04-03T08:28:36.320+0000] {spark_submit.py:579} INFO - at org.apache.spark.sql.execution.datasources.InMemoryFileIndex.listLeafFiles(InMemoryFileIndex.scala:135)
[2026-04-03T08:28:36.320+0000] {spark_submit.py:579} INFO - at org.apache.spark.sql.execution.datasources.InMemoryFileIndex.refresh0(InMemoryFileIndex.scala:98)
[2026-04-03T08:28:36.320+0000] {spark_submit.py:579} INFO - at org.apache.spark.sql.execution.datasources.InMemoryFileIndex.<init>(InMemoryFileIndex.scala:70)
[2026-04-03T08:28:36.321+0000] {spark_submit.py:579} INFO - at org.apache.spark.sql.execution.datasources.DataSource.createInMemoryFileIndex(DataSource.scala:568)
[2026-04-03T08:28:36.321+0000] {spark_submit.py:579} INFO - at org.apache.spark.sql.execution.datasources.DataSource.resolveRelation(DataSource.scala:423)
[2026-04-03T08:28:36.321+0000] {spark_submit.py:579} INFO - at org.apache.spark.sql.catalyst.analysis.ResolveDataSource.org$apache$spark$sql$catalyst$analysis$ResolveDataSource$$loadV1BatchSource(ResolveDataSource.scala:143)
[2026-04-03T08:28:36.321+0000] {spark_submit.py:579} INFO - at org.apache.spark.sql.catalyst.analysis.ResolveDataSource$$anonfun$apply$1.$anonfun$applyOrElse$2(ResolveDataSource.scala:61)
[2026-04-03T08:28:36.321+0000] {spark_submit.py:579} INFO - at scala.Option.getOrElse(Option.scala:201)
[2026-04-03T08:28:36.322+0000] {spark_submit.py:579} INFO - at org.apache.spark.sql.catalyst.analysis.ResolveDataSource$$anonfun$apply$1.applyOrElse(ResolveDataSource.scala:61)
[2026-04-03T08:28:36.322+0000] {spark_submit.py:579} INFO - at org.apache.spark.sql.catalyst.analysis.ResolveDataSource$$anonfun$apply$1.applyOrElse(ResolveDataSource.scala:45)
[2026-04-03T08:28:36.322+0000] {spark_submit.py:579} INFO - at org.apache.spark.sql.catalyst.plans.logical.AnalysisHelper.$anonfun$resolveOperatorsUpWithPruning$3(AnalysisHelper.scala:139)
[2026-04-03T08:28:36.322+0000] {spark_submit.py:579} INFO - at org.apache.spark.sql.catalyst.trees.CurrentOrigin$.withOrigin(origin.scala:107)
[2026-04-03T08:28:36.323+0000] {spark_submit.py:579} INFO - at org.apache.spark.sql.catalyst.plans.logical.AnalysisHelper.$anonfun$resolveOperatorsUpWithPruning$1(AnalysisHelper.scala:139)
[2026-04-03T08:28:36.323+0000] {spark_submit.py:579} INFO - at org.apache.spark.sql.catalyst.plans.logical.AnalysisHelper$.allowInvokingTransformsInAnalyzer(AnalysisHelper.scala:416)
[2026-04-03T08:28:36.323+0000] {spark_submit.py:579} INFO - at org.apache.spark.sql.catalyst.plans.logical.AnalysisHelper.resolveOperatorsUpWithPruning(AnalysisHelper.scala:135)
[2026-04-03T08:28:36.323+0000] {spark_submit.py:579} INFO - at org.apache.spark.sql.catalyst.plans.logical.AnalysisHelper.resolveOperatorsUpWithPruning$(AnalysisHelper.scala:131)
[2026-04-03T08:28:36.324+0000] {spark_submit.py:579} INFO - at org.apache.spark.sql.catalyst.plans.logical.LogicalPlan.resolveOperatorsUpWithPruning(LogicalPlan.scala:37)
[2026-04-03T08:28:36.324+0000] {spark_submit.py:579} INFO - at org.apache.spark.sql.catalyst.plans.logical.AnalysisHelper.resolveOperatorsUp(AnalysisHelper.scala:112)
[2026-04-03T08:28:36.324+0000] {spark_submit.py:579} INFO - at org.apache.spark.sql.catalyst.plans.logical.AnalysisHelper.resolveOperatorsUp$(AnalysisHelper.scala:111)
[2026-04-03T08:28:36.324+0000] {spark_submit.py:579} INFO - at org.apache.spark.sql.catalyst.plans.logical.LogicalPlan.resolveOperatorsUp(LogicalPlan.scala:37)
[2026-04-03T08:28:36.325+0000] {spark_submit.py:579} INFO - at org.apache.spark.sql.catalyst.analysis.ResolveDataSource.apply(ResolveDataSource.scala:45)
[2026-04-03T08:28:36.325+0000] {spark_submit.py:579} INFO - at org.apache.spark.sql.catalyst.analysis.ResolveDataSource.apply(ResolveDataSource.scala:43)
[2026-04-03T08:28:36.325+0000] {spark_submit.py:579} INFO - at org.apache.spark.sql.catalyst.rules.RuleExecutor.$anonfun$execute$2(RuleExecutor.scala:248)
[2026-04-03T08:28:36.325+0000] {spark_submit.py:579} INFO - at scala.collection.LinearSeqOps.foldLeft(LinearSeq.scala:183)
[2026-04-03T08:28:36.326+0000] {spark_submit.py:579} INFO - at scala.collection.LinearSeqOps.foldLeft$(LinearSeq.scala:179)
[2026-04-03T08:28:36.326+0000] {spark_submit.py:579} INFO - at scala.collection.immutable.List.foldLeft(List.scala:79)
[2026-04-03T08:28:36.326+0000] {spark_submit.py:579} INFO - at org.apache.spark.sql.catalyst.rules.RuleExecutor.$anonfun$execute$1(RuleExecutor.scala:245)
[2026-04-03T08:28:36.326+0000] {spark_submit.py:579} INFO - at org.apache.spark.sql.catalyst.rules.RuleExecutor.$anonfun$execute$1$adapted(RuleExecutor.scala:237)
[2026-04-03T08:28:36.326+0000] {spark_submit.py:579} INFO - at scala.collection.immutable.List.foreach(List.scala:323)
[2026-04-03T08:28:36.327+0000] {spark_submit.py:579} INFO - at org.apache.spark.sql.catalyst.rules.RuleExecutor.execute(RuleExecutor.scala:237)
[2026-04-03T08:28:36.327+0000] {spark_submit.py:579} INFO - at org.apache.spark.sql.catalyst.analysis.Analyzer.org$apache$spark$sql$catalyst$analysis$Analyzer$$executeSameContext(Analyzer.scala:343)
[2026-04-03T08:28:36.327+0000] {spark_submit.py:579} INFO - at org.apache.spark.sql.catalyst.analysis.Analyzer.$anonfun$execute$1(Analyzer.scala:339)
[2026-04-03T08:28:36.327+0000] {spark_submit.py:579} INFO - at org.apache.spark.sql.catalyst.analysis.AnalysisContext$.withNewAnalysisContext(Analyzer.scala:224)
[2026-04-03T08:28:36.327+0000] {spark_submit.py:579} INFO - at org.apache.spark.sql.catalyst.analysis.Analyzer.execute(Analyzer.scala:339)
[2026-04-03T08:28:36.328+0000] {spark_submit.py:579} INFO - at org.apache.spark.sql.catalyst.analysis.Analyzer.execute(Analyzer.scala:289)
[2026-04-03T08:28:36.328+0000] {spark_submit.py:579} INFO - at org.apache.spark.sql.catalyst.rules.RuleExecutor.$anonfun$executeAndTrack$1(RuleExecutor.scala:207)
[2026-04-03T08:28:36.328+0000] {spark_submit.py:579} INFO - at org.apache.spark.sql.catalyst.QueryPlanningTracker$.withTracker(QueryPlanningTracker.scala:89)
[2026-04-03T08:28:36.328+0000] {spark_submit.py:579} INFO - at org.apache.spark.sql.catalyst.rules.RuleExecutor.executeAndTrack(RuleExecutor.scala:207)
[2026-04-03T08:28:36.329+0000] {spark_submit.py:579} INFO - at org.apache.spark.sql.catalyst.analysis.resolver.HybridAnalyzer.resolveInFixedPoint(HybridAnalyzer.scala:236)
[2026-04-03T08:28:36.329+0000] {spark_submit.py:579} INFO - at org.apache.spark.sql.catalyst.analysis.resolver.HybridAnalyzer.$anonfun$apply$1(HybridAnalyzer.scala:91)
[2026-04-03T08:28:36.329+0000] {spark_submit.py:579} INFO - at org.apache.spark.sql.catalyst.analysis.resolver.HybridAnalyzer.withTrackedAnalyzerBridgeState(HybridAnalyzer.scala:122)
[2026-04-03T08:28:36.329+0000] {spark_submit.py:579} INFO - at org.apache.spark.sql.catalyst.analysis.resolver.HybridAnalyzer.apply(HybridAnalyzer.scala:84)
[2026-04-03T08:28:36.329+0000] {spark_submit.py:579} INFO - at org.apache.spark.sql.catalyst.analysis.Analyzer.$anonfun$executeAndCheck$1(Analyzer.scala:322)
[2026-04-03T08:28:36.330+0000] {spark_submit.py:579} INFO - at org.apache.spark.sql.catalyst.plans.logical.AnalysisHelper$.markInAnalyzer(AnalysisHelper.scala:423)
[2026-04-03T08:28:36.330+0000] {spark_submit.py:579} INFO - at org.apache.spark.sql.catalyst.analysis.Analyzer.executeAndCheck(Analyzer.scala:322)
[2026-04-03T08:28:36.330+0000] {spark_submit.py:579} INFO - at org.apache.spark.sql.execution.QueryExecution.$anonfun$lazyAnalyzed$2(QueryExecution.scala:139)
[2026-04-03T08:28:36.330+0000] {spark_submit.py:579} INFO - at org.apache.spark.sql.catalyst.QueryPlanningTracker.measurePhase(QueryPlanningTracker.scala:148)
[2026-04-03T08:28:36.331+0000] {spark_submit.py:579} INFO - at org.apache.spark.sql.execution.QueryExecution.$anonfun$executePhase$2(QueryExecution.scala:330)
[2026-04-03T08:28:36.331+0000] {spark_submit.py:579} INFO - at org.apache.spark.sql.execution.QueryExecution$.withInternalError(QueryExecution.scala:717)
[2026-04-03T08:28:36.331+0000] {spark_submit.py:579} INFO - at org.apache.spark.sql.execution.QueryExecution.$anonfun$executePhase$1(QueryExecution.scala:330)
[2026-04-03T08:28:36.331+0000] {spark_submit.py:579} INFO - at org.apache.spark.sql.SparkSession.withActive(SparkSession.scala:804)
[2026-04-03T08:28:36.332+0000] {spark_submit.py:579} INFO - at org.apache.spark.sql.execution.QueryExecution.executePhase(QueryExecution.scala:329)
[2026-04-03T08:28:36.332+0000] {spark_submit.py:579} INFO - at org.apache.spark.sql.execution.QueryExecution.$anonfun$lazyAnalyzed$1(QueryExecution.scala:139)
[2026-04-03T08:28:36.332+0000] {spark_submit.py:579} INFO - at scala.util.Try$.apply(Try.scala:217)
[2026-04-03T08:28:36.332+0000] {spark_submit.py:579} INFO - at org.apache.spark.util.Utils$.doTryWithCallerStacktrace(Utils.scala:1392)
[2026-04-03T08:28:36.333+0000] {spark_submit.py:579} INFO - at org.apache.spark.util.LazyTry.tryT$lzycompute(LazyTry.scala:46)
[2026-04-03T08:28:36.333+0000] {spark_submit.py:579} INFO - at org.apache.spark.util.LazyTry.tryT(LazyTry.scala:46)
[2026-04-03T08:28:36.333+0000] {spark_submit.py:579} INFO - ... 22 more
[2026-04-03T08:28:36.333+0000] {spark_submit.py:579} INFO - 
[2026-04-03T08:28:36.574+0000] {taskinstance.py:3313} ERROR - Task failed with exception
Traceback (most recent call last):
  File "/home/airflow/.local/lib/python3.12/site-packages/airflow/models/taskinstance.py", line 768, in _execute_task
    result = _execute_callable(context=context, **execute_callable_kwargs)
             ^^^^^^^^^^^^^^^^^^^^^^^^^^^^^^^^^^^^^^^^^^^^^^^^^^^^^^^^^^^^^
  File "/home/airflow/.local/lib/python3.12/site-packages/airflow/models/taskinstance.py", line 734, in _execute_callable
    return ExecutionCallableRunner(
           ^^^^^^^^^^^^^^^^^^^^^^^^
  File "/home/airflow/.local/lib/python3.12/site-packages/airflow/utils/operator_helpers.py", line 252, in run
    return self.func(*args, **kwargs)
           ^^^^^^^^^^^^^^^^^^^^^^^^^^
  File "/home/airflow/.local/lib/python3.12/site-packages/airflow/models/baseoperator.py", line 424, in wrapper
    return func(self, *args, **kwargs)
           ^^^^^^^^^^^^^^^^^^^^^^^^^^^
  File "/home/airflow/.local/lib/python3.12/site-packages/airflow/providers/apache/spark/operators/spark_submit.py", line 174, in execute
    self._hook.submit(self.application)
  File "/home/airflow/.local/lib/python3.12/site-packages/airflow/providers/apache/spark/hooks/spark_submit.py", line 505, in submit
    raise AirflowException(
airflow.exceptions.AirflowException: Cannot execute: /opt/spark_dist/bin/spark-submit --master spark://spark-master:7077 --conf spark.driver.extraClassPath=/opt/***/plugins/postgresql-42.7.2.jar --conf spark.executor.extraClassPath=/opt/bitnami/spark/extra-jars/postgresql-42.7.2.jar --conf spark.driver.host=***_scheduler --conf spark.driver.bindAddress=0.0.0.0 --conf spark.sql.shuffle.partitions=2 --conf spark.default.parallelism=2 --conf spark.driver.extraJavaOptions=-Dderby.system.home=/tmp --jars /opt/***/plugins/postgresql-42.7.2.jar --name sensor_elt_job --verbose --deploy-mode client /opt/***/scripts/process_data.py. Error code is: 1.
[2026-04-03T08:28:36.588+0000] {taskinstance.py:1226} INFO - Marking task as UP_FOR_RETRY. dag_id=02_industrial_sensor_elt, task_id=run_sensor_elt, run_id=manual__2026-04-03T08:24:07.384605+00:00, execution_date=20260403T082407, start_date=20260403T082408, end_date=20260403T082836
[2026-04-03T08:28:36.675+0000] {taskinstance.py:341} INFO - ::group::Post task execution logs
[2026-04-03T08:28:36.676+0000] {standard_task_runner.py:124} ERROR - Failed to execute job 10 for task run_sensor_elt (Cannot execute: /opt/spark_dist/bin/spark-submit --master spark://spark-master:7077 --conf spark.driver.extraClassPath=/opt/***/plugins/postgresql-42.7.2.jar --conf spark.executor.extraClassPath=/opt/bitnami/spark/extra-jars/postgresql-42.7.2.jar --conf spark.driver.host=***_scheduler --conf spark.driver.bindAddress=0.0.0.0 --conf spark.sql.shuffle.partitions=2 --conf spark.default.parallelism=2 --conf spark.driver.extraJavaOptions=-Dderby.system.home=/tmp --jars /opt/***/plugins/postgresql-42.7.2.jar --name sensor_elt_job --verbose --deploy-mode client /opt/***/scripts/process_data.py. Error code is: 1.; 936)
Traceback (most recent call last):
  File "/home/airflow/.local/lib/python3.12/site-packages/airflow/task/task_runner/standard_task_runner.py", line 117, in _start_by_fork
    ret = args.func(args, dag=self.dag)
          ^^^^^^^^^^^^^^^^^^^^^^^^^^^^^
  File "/home/airflow/.local/lib/python3.12/site-packages/airflow/cli/cli_config.py", line 49, in command
    return func(*args, **kwargs)
           ^^^^^^^^^^^^^^^^^^^^^
  File "/home/airflow/.local/lib/python3.12/site-packages/airflow/utils/cli.py", line 116, in wrapper
    return f(*args, **kwargs)
           ^^^^^^^^^^^^^^^^^^
  File "/home/airflow/.local/lib/python3.12/site-packages/airflow/cli/commands/task_command.py", line 483, in task_run
    task_return_code = _run_task_by_selected_method(args, _dag, ti)
                       ^^^^^^^^^^^^^^^^^^^^^^^^^^^^^^^^^^^^^^^^^^^^
  File "/home/airflow/.local/lib/python3.12/site-packages/airflow/cli/commands/task_command.py", line 256, in _run_task_by_selected_method
    return _run_raw_task(args, ti)
           ^^^^^^^^^^^^^^^^^^^^^^^
  File "/home/airflow/.local/lib/python3.12/site-packages/airflow/cli/commands/task_command.py", line 341, in _run_raw_task
    return ti._run_raw_task(
           ^^^^^^^^^^^^^^^^^
  File "/home/airflow/.local/lib/python3.12/site-packages/airflow/utils/session.py", line 97, in wrapper
    return func(*args, session=session, **kwargs)
           ^^^^^^^^^^^^^^^^^^^^^^^^^^^^^^^^^^^^^^
  File "/home/airflow/.local/lib/python3.12/site-packages/airflow/models/taskinstance.py", line 3006, in _run_raw_task
    return _run_raw_task(
           ^^^^^^^^^^^^^^
  File "/home/airflow/.local/lib/python3.12/site-packages/airflow/models/taskinstance.py", line 274, in _run_raw_task
    TaskInstance._execute_task_with_callbacks(
  File "/home/airflow/.local/lib/python3.12/site-packages/airflow/models/taskinstance.py", line 3161, in _execute_task_with_callbacks
    result = self._execute_task(context, task_orig)
             ^^^^^^^^^^^^^^^^^^^^^^^^^^^^^^^^^^^^^^
  File "/home/airflow/.local/lib/python3.12/site-packages/airflow/models/taskinstance.py", line 3185, in _execute_task
    return _execute_task(self, context, task_orig)
           ^^^^^^^^^^^^^^^^^^^^^^^^^^^^^^^^^^^^^^^
  File "/home/airflow/.local/lib/python3.12/site-packages/airflow/models/taskinstance.py", line 768, in _execute_task
    result = _execute_callable(context=context, **execute_callable_kwargs)
             ^^^^^^^^^^^^^^^^^^^^^^^^^^^^^^^^^^^^^^^^^^^^^^^^^^^^^^^^^^^^^
  File "/home/airflow/.local/lib/python3.12/site-packages/airflow/models/taskinstance.py", line 734, in _execute_callable
    return ExecutionCallableRunner(
           ^^^^^^^^^^^^^^^^^^^^^^^^
  File "/home/airflow/.local/lib/python3.12/site-packages/airflow/utils/operator_helpers.py", line 252, in run
    return self.func(*args, **kwargs)
           ^^^^^^^^^^^^^^^^^^^^^^^^^^
  File "/home/airflow/.local/lib/python3.12/site-packages/airflow/models/baseoperator.py", line 424, in wrapper
    return func(self, *args, **kwargs)
           ^^^^^^^^^^^^^^^^^^^^^^^^^^^
  File "/home/airflow/.local/lib/python3.12/site-packages/airflow/providers/apache/spark/operators/spark_submit.py", line 174, in execute
    self._hook.submit(self.application)
  File "/home/airflow/.local/lib/python3.12/site-packages/airflow/providers/apache/spark/hooks/spark_submit.py", line 505, in submit
    raise AirflowException(
airflow.exceptions.AirflowException: Cannot execute: /opt/spark_dist/bin/spark-submit --master spark://spark-master:7077 --conf spark.driver.extraClassPath=/opt/***/plugins/postgresql-42.7.2.jar --conf spark.executor.extraClassPath=/opt/bitnami/spark/extra-jars/postgresql-42.7.2.jar --conf spark.driver.host=***_scheduler --conf spark.driver.bindAddress=0.0.0.0 --conf spark.sql.shuffle.partitions=2 --conf spark.default.parallelism=2 --conf spark.driver.extraJavaOptions=-Dderby.system.home=/tmp --jars /opt/***/plugins/postgresql-42.7.2.jar --name sensor_elt_job --verbose --deploy-mode client /opt/***/scripts/process_data.py. Error code is: 1.
[2026-04-03T08:28:36.724+0000] {local_task_job_runner.py:266} INFO - Task exited with return code 1
[2026-04-03T08:28:36.775+0000] {taskinstance.py:3901} INFO - 0 downstream tasks scheduled from follow-on schedule check
[2026-04-03T08:28:36.782+0000] {local_task_job_runner.py:245} INFO - ::endgroup::
