[2026-04-03T08:30:02.942+0000] {local_task_job_runner.py:123} INFO - ::group::Pre task execution logs
[2026-04-03T08:30:02.990+0000] {taskinstance.py:2614} INFO - Dependencies all met for dep_context=non-requeueable deps ti=<TaskInstance: 02_industrial_sensor_elt.run_sensor_elt manual__2026-04-03T08:30:01.862371+00:00 [queued]>
[2026-04-03T08:30:03.008+0000] {taskinstance.py:2614} INFO - Dependencies all met for dep_context=requeueable deps ti=<TaskInstance: 02_industrial_sensor_elt.run_sensor_elt manual__2026-04-03T08:30:01.862371+00:00 [queued]>
[2026-04-03T08:30:03.009+0000] {taskinstance.py:2867} INFO - Starting attempt 1 of 2
[2026-04-03T08:30:03.041+0000] {taskinstance.py:2890} INFO - Executing <Task(SparkSubmitOperator): run_sensor_elt> on 2026-04-03 08:30:01.862371+00:00
[2026-04-03T08:30:03.060+0000] {standard_task_runner.py:104} INFO - Running: ['***', 'tasks', 'run', '02_industrial_sensor_elt', 'run_sensor_elt', 'manual__2026-04-03T08:30:01.862371+00:00', '--job-id', '11', '--raw', '--subdir', 'DAGS_FOLDER/dag_datalab_main.py', '--cfg-path', '/tmp/tmp6igd4l3b']
[2026-04-03T08:30:03.064+0000] {standard_task_runner.py:105} INFO - Job 11: Subtask run_sensor_elt
[2026-04-03T08:30:03.067+0000] {logging_mixin.py:190} WARNING - /home/***/.local/lib/python3.12/site-packages/***/task/task_runner/standard_task_runner.py:70 DeprecationWarning: This process (pid=3951) is multi-threaded, use of fork() may lead to deadlocks in the child.
[2026-04-03T08:30:03.068+0000] {standard_task_runner.py:72} INFO - Started process 3952 to run task
[2026-04-03T08:30:03.177+0000] {task_command.py:467} INFO - Running <TaskInstance: 02_industrial_sensor_elt.run_sensor_elt manual__2026-04-03T08:30:01.862371+00:00 [running]> on host 2b08f200a2f3
[2026-04-03T08:30:03.394+0000] {taskinstance.py:3134} INFO - Exporting env vars: AIRFLOW_CTX_DAG_OWNER='juan_pablo' AIRFLOW_CTX_DAG_ID='02_industrial_sensor_elt' AIRFLOW_CTX_TASK_ID='run_sensor_elt' AIRFLOW_CTX_EXECUTION_DATE='2026-04-03T08:30:01.862371+00:00' AIRFLOW_CTX_TRY_NUMBER='1' AIRFLOW_CTX_DAG_RUN_ID='manual__2026-04-03T08:30:01.862371+00:00'
[2026-04-03T08:30:03.395+0000] {taskinstance.py:732} INFO - ::endgroup::
[2026-04-03T08:30:03.452+0000] {base.py:84} INFO - Retrieving connection 'spark_new'
[2026-04-03T08:30:03.455+0000] {spark_submit.py:403} INFO - Spark-Submit cmd: /opt/spark_dist/bin/spark-submit --master spark://spark-master:7077 --conf spark.driver.extraClassPath=/opt/***/plugins/postgresql-42.7.2.jar --conf spark.executor.extraClassPath=/opt/bitnami/spark/extra-jars/postgresql-42.7.2.jar --conf spark.driver.host=***_scheduler --conf spark.driver.bindAddress=0.0.0.0 --conf spark.sql.shuffle.partitions=2 --conf spark.default.parallelism=2 --conf spark.driver.extraJavaOptions=-Dderby.system.home=/tmp --jars /opt/***/plugins/postgresql-42.7.2.jar --name sensor_elt_job --verbose --deploy-mode client /opt/***/scripts/process_data.py
[2026-04-03T08:30:04.076+0000] {spark_submit.py:579} INFO - WARNING: Using incubator modules: jdk.incubator.vector
[2026-04-03T08:30:05.779+0000] {spark_submit.py:579} INFO - Using properties file: /opt/spark_dist/conf/spark-defaults.conf
[2026-04-03T08:30:06.317+0000] {spark_submit.py:579} INFO - Parsed arguments:
[2026-04-03T08:30:06.318+0000] {spark_submit.py:579} INFO - master                  spark://spark-master:7077
[2026-04-03T08:30:06.318+0000] {spark_submit.py:579} INFO - remote                  null
[2026-04-03T08:30:06.319+0000] {spark_submit.py:579} INFO - deployMode              client
[2026-04-03T08:30:06.319+0000] {spark_submit.py:579} INFO - executorMemory          null
[2026-04-03T08:30:06.319+0000] {spark_submit.py:579} INFO - executorCores           null
[2026-04-03T08:30:06.319+0000] {spark_submit.py:579} INFO - totalExecutorCores      null
[2026-04-03T08:30:06.320+0000] {spark_submit.py:579} INFO - propertiesFile          null
[2026-04-03T08:30:06.320+0000] {spark_submit.py:579} INFO - driverMemory            null
[2026-04-03T08:30:06.320+0000] {spark_submit.py:579} INFO - driverCores             null
[2026-04-03T08:30:06.320+0000] {spark_submit.py:579} INFO - driverExtraClassPath    /opt/***/plugins/postgresql-42.7.2.jar
[2026-04-03T08:30:06.321+0000] {spark_submit.py:579} INFO - driverExtraLibraryPath  null
[2026-04-03T08:30:06.321+0000] {spark_submit.py:579} INFO - driverExtraJavaOptions  -Dderby.system.home=/tmp
[2026-04-03T08:30:06.321+0000] {spark_submit.py:579} INFO - supervise               false
[2026-04-03T08:30:06.322+0000] {spark_submit.py:579} INFO - queue                   null
[2026-04-03T08:30:06.322+0000] {spark_submit.py:579} INFO - numExecutors            null
[2026-04-03T08:30:06.322+0000] {spark_submit.py:579} INFO - files                   null
[2026-04-03T08:30:06.322+0000] {spark_submit.py:579} INFO - pyFiles                 null
[2026-04-03T08:30:06.322+0000] {spark_submit.py:579} INFO - archives                null
[2026-04-03T08:30:06.323+0000] {spark_submit.py:579} INFO - mainClass               null
[2026-04-03T08:30:06.323+0000] {spark_submit.py:579} INFO - primaryResource         file:/opt/***/scripts/process_data.py
[2026-04-03T08:30:06.323+0000] {spark_submit.py:579} INFO - name                    sensor_elt_job
[2026-04-03T08:30:06.324+0000] {spark_submit.py:579} INFO - childArgs               []
[2026-04-03T08:30:06.324+0000] {spark_submit.py:579} INFO - jars                    file:/opt/***/plugins/postgresql-42.7.2.jar
[2026-04-03T08:30:06.324+0000] {spark_submit.py:579} INFO - packages                null
[2026-04-03T08:30:06.324+0000] {spark_submit.py:579} INFO - packagesExclusions      null
[2026-04-03T08:30:06.325+0000] {spark_submit.py:579} INFO - repositories            null
[2026-04-03T08:30:06.325+0000] {spark_submit.py:579} INFO - verbose                 true
[2026-04-03T08:30:06.325+0000] {spark_submit.py:579} INFO - 
[2026-04-03T08:30:06.325+0000] {spark_submit.py:579} INFO - Spark properties used, including those specified through
[2026-04-03T08:30:06.325+0000] {spark_submit.py:579} INFO - --conf and those from the properties file null:
[2026-04-03T08:30:06.326+0000] {spark_submit.py:579} INFO - (spark.default.parallelism,2)
[2026-04-03T08:30:06.328+0000] {spark_submit.py:579} INFO - (spark.driver.bindAddress,0.0.0.0)
[2026-04-03T08:30:06.329+0000] {spark_submit.py:579} INFO - (spark.driver.extraClassPath,/opt/***/plugins/postgresql-42.7.2.jar)
[2026-04-03T08:30:06.329+0000] {spark_submit.py:579} INFO - (spark.driver.extraJavaOptions,-Dderby.system.home=/tmp)
[2026-04-03T08:30:06.329+0000] {spark_submit.py:579} INFO - (spark.driver.host,***_scheduler)
[2026-04-03T08:30:06.330+0000] {spark_submit.py:579} INFO - (spark.executor.extraClassPath,/opt/bitnami/spark/extra-jars/postgresql-42.7.2.jar)
[2026-04-03T08:30:06.330+0000] {spark_submit.py:579} INFO - (spark.sql.shuffle.partitions,2)
[2026-04-03T08:30:06.330+0000] {spark_submit.py:579} INFO - 
[2026-04-03T08:30:06.330+0000] {spark_submit.py:579} INFO - 
[2026-04-03T08:30:06.793+0000] {spark_submit.py:579} INFO - 26/04/03 08:30:06 WARN NativeCodeLoader: Unable to load native-hadoop library for your platform... using builtin-java classes where applicable
[2026-04-03T08:30:07.021+0000] {spark_submit.py:579} INFO - Main class:
[2026-04-03T08:30:07.022+0000] {spark_submit.py:579} INFO - org.apache.spark.deploy.PythonRunner
[2026-04-03T08:30:07.022+0000] {spark_submit.py:579} INFO - Arguments:
[2026-04-03T08:30:07.023+0000] {spark_submit.py:579} INFO - file:/opt/***/scripts/process_data.py
[2026-04-03T08:30:07.023+0000] {spark_submit.py:579} INFO - null
[2026-04-03T08:30:07.025+0000] {spark_submit.py:579} INFO - Spark config:
[2026-04-03T08:30:07.025+0000] {spark_submit.py:579} INFO - (spark.app.name,sensor_elt_job)
[2026-04-03T08:30:07.025+0000] {spark_submit.py:579} INFO - (spark.app.submitTime,1775205006983)
[2026-04-03T08:30:07.026+0000] {spark_submit.py:579} INFO - (spark.default.parallelism,2)
[2026-04-03T08:30:07.026+0000] {spark_submit.py:579} INFO - (spark.driver.bindAddress,0.0.0.0)
[2026-04-03T08:30:07.026+0000] {spark_submit.py:579} INFO - (spark.driver.extraClassPath,/opt/***/plugins/postgresql-42.7.2.jar)
[2026-04-03T08:30:07.027+0000] {spark_submit.py:579} INFO - (spark.driver.extraJavaOptions,-Dderby.system.home=/tmp)
[2026-04-03T08:30:07.027+0000] {spark_submit.py:579} INFO - (spark.driver.host,***_scheduler)
[2026-04-03T08:30:07.029+0000] {spark_submit.py:579} INFO - (spark.executor.extraClassPath,/opt/bitnami/spark/extra-jars/postgresql-42.7.2.jar)
[2026-04-03T08:30:07.029+0000] {spark_submit.py:579} INFO - (spark.jars,file:///opt/***/plugins/postgresql-42.7.2.jar)
[2026-04-03T08:30:07.030+0000] {spark_submit.py:579} INFO - (spark.master,spark://spark-master:7077)
[2026-04-03T08:30:07.030+0000] {spark_submit.py:579} INFO - (spark.repl.local.jars,file:///opt/***/plugins/postgresql-42.7.2.jar)
[2026-04-03T08:30:07.030+0000] {spark_submit.py:579} INFO - (spark.sql.shuffle.partitions,2)
[2026-04-03T08:30:07.031+0000] {spark_submit.py:579} INFO - (spark.submit.deployMode,client)
[2026-04-03T08:30:07.031+0000] {spark_submit.py:579} INFO - (spark.submit.pyFiles,)
[2026-04-03T08:30:07.032+0000] {spark_submit.py:579} INFO - Classpath elements:
[2026-04-03T08:30:07.032+0000] {spark_submit.py:579} INFO - file:///opt/***/plugins/postgresql-42.7.2.jar
[2026-04-03T08:30:07.032+0000] {spark_submit.py:579} INFO - 
[2026-04-03T08:30:07.033+0000] {spark_submit.py:579} INFO - 
[2026-04-03T08:30:08.339+0000] {spark_submit.py:579} INFO - Using Spark's default log4j profile: org/apache/spark/log4j2-defaults.properties
[2026-04-03T08:30:08.348+0000] {spark_submit.py:579} INFO - 26/04/03 08:30:08 INFO SparkContext: Running Spark version 4.1.1
[2026-04-03T08:30:08.350+0000] {spark_submit.py:579} INFO - 26/04/03 08:30:08 INFO SparkContext: OS info Linux, 6.18.13-200.fc43.x86_64, amd64
[2026-04-03T08:30:08.351+0000] {spark_submit.py:579} INFO - 26/04/03 08:30:08 INFO SparkContext: Java version 17.0.18+8-Debian-1deb12u1
[2026-04-03T08:30:08.397+0000] {spark_submit.py:579} INFO - 26/04/03 08:30:08 INFO ResourceUtils: ==============================================================
[2026-04-03T08:30:08.397+0000] {spark_submit.py:579} INFO - 26/04/03 08:30:08 INFO ResourceUtils: No custom resources configured for spark.driver.
[2026-04-03T08:30:08.398+0000] {spark_submit.py:579} INFO - 26/04/03 08:30:08 INFO ResourceUtils: ==============================================================
[2026-04-03T08:30:08.399+0000] {spark_submit.py:579} INFO - 26/04/03 08:30:08 INFO SparkContext: Submitted application: Industrial-ELT-Pipeline
[2026-04-03T08:30:08.502+0000] {spark_submit.py:579} INFO - 26/04/03 08:30:08 INFO SecurityManager: Changing view acls to: default
[2026-04-03T08:30:08.504+0000] {spark_submit.py:579} INFO - 26/04/03 08:30:08 INFO SecurityManager: Changing modify acls to: default
[2026-04-03T08:30:08.505+0000] {spark_submit.py:579} INFO - 26/04/03 08:30:08 INFO SecurityManager: Changing view acls groups to: default
[2026-04-03T08:30:08.505+0000] {spark_submit.py:579} INFO - 26/04/03 08:30:08 INFO SecurityManager: Changing modify acls groups to: default
[2026-04-03T08:30:08.507+0000] {spark_submit.py:579} INFO - 26/04/03 08:30:08 INFO SecurityManager: SecurityManager: authentication disabled; ui acls disabled; users with view permissions: default groups with view permissions: EMPTY; users with modify permissions: default; groups with modify permissions: EMPTY; RPC SSL disabled
[2026-04-03T08:30:09.052+0000] {spark_submit.py:579} INFO - 26/04/03 08:30:09 INFO Utils: Successfully started service 'sparkDriver' on port 34333.
[2026-04-03T08:30:09.102+0000] {spark_submit.py:579} INFO - 26/04/03 08:30:09 INFO SparkEnv: Registering MapOutputTracker
[2026-04-03T08:30:09.124+0000] {spark_submit.py:579} INFO - 26/04/03 08:30:09 INFO SparkEnv: Registering BlockManagerMaster
[2026-04-03T08:30:09.156+0000] {spark_submit.py:579} INFO - 26/04/03 08:30:09 INFO BlockManagerMasterEndpoint: Using org.apache.spark.storage.DefaultTopologyMapper for getting topology information
[2026-04-03T08:30:09.157+0000] {spark_submit.py:579} INFO - 26/04/03 08:30:09 INFO BlockManagerMasterEndpoint: BlockManagerMasterEndpoint up
[2026-04-03T08:30:09.164+0000] {spark_submit.py:579} INFO - 26/04/03 08:30:09 INFO SparkEnv: Registering BlockManagerMasterHeartbeat
[2026-04-03T08:30:09.214+0000] {spark_submit.py:579} INFO - 26/04/03 08:30:09 INFO DiskBlockManager: Created local directory at /tmp/blockmgr-bf736e00-330f-4f7e-91d6-94dd3baee704
[2026-04-03T08:30:09.259+0000] {spark_submit.py:579} INFO - 26/04/03 08:30:09 INFO SparkEnv: Registering OutputCommitCoordinator
[2026-04-03T08:30:09.518+0000] {spark_submit.py:579} INFO - 26/04/03 08:30:09 INFO JettyUtils: Start Jetty 0.0.0.0:4040 for SparkUI
[2026-04-03T08:30:09.660+0000] {spark_submit.py:579} INFO - 26/04/03 08:30:09 INFO Utils: Successfully started service 'SparkUI' on port 4040.
[2026-04-03T08:30:09.734+0000] {spark_submit.py:579} INFO - 26/04/03 08:30:09 ERROR SparkContext: Failed to add /opt/bitnami/spark/extra-jars/postgresql-42.7.2.jar to Spark environment
[2026-04-03T08:30:09.734+0000] {spark_submit.py:579} INFO - java.io.FileNotFoundException: Jar /opt/bitnami/spark/extra-jars/postgresql-42.7.2.jar not found
[2026-04-03T08:30:09.735+0000] {spark_submit.py:579} INFO - at org.apache.spark.SparkContext.addLocalJarFile$1(SparkContext.scala:2185)
[2026-04-03T08:30:09.735+0000] {spark_submit.py:579} INFO - at org.apache.spark.SparkContext.addJar(SparkContext.scala:2241)
[2026-04-03T08:30:09.735+0000] {spark_submit.py:579} INFO - at org.apache.spark.SparkContext.$anonfun$new$16(SparkContext.scala:544)
[2026-04-03T08:30:09.736+0000] {spark_submit.py:579} INFO - at org.apache.spark.SparkContext.$anonfun$new$16$adapted(SparkContext.scala:544)
[2026-04-03T08:30:09.736+0000] {spark_submit.py:579} INFO - at scala.collection.IterableOnceOps.foreach(IterableOnce.scala:630)
[2026-04-03T08:30:09.736+0000] {spark_submit.py:579} INFO - at scala.collection.IterableOnceOps.foreach$(IterableOnce.scala:628)
[2026-04-03T08:30:09.736+0000] {spark_submit.py:579} INFO - at scala.collection.AbstractIterable.foreach(Iterable.scala:936)
[2026-04-03T08:30:09.736+0000] {spark_submit.py:579} INFO - at org.apache.spark.SparkContext.<init>(SparkContext.scala:544)
[2026-04-03T08:30:09.737+0000] {spark_submit.py:579} INFO - at org.apache.spark.api.java.JavaSparkContext.<init>(JavaSparkContext.scala:59)
[2026-04-03T08:30:09.737+0000] {spark_submit.py:579} INFO - at java.base/jdk.internal.reflect.NativeConstructorAccessorImpl.newInstance0(Native Method)
[2026-04-03T08:30:09.737+0000] {spark_submit.py:579} INFO - at java.base/jdk.internal.reflect.NativeConstructorAccessorImpl.newInstance(NativeConstructorAccessorImpl.java:77)
[2026-04-03T08:30:09.737+0000] {spark_submit.py:579} INFO - at java.base/jdk.internal.reflect.DelegatingConstructorAccessorImpl.newInstance(DelegatingConstructorAccessorImpl.java:45)
[2026-04-03T08:30:09.738+0000] {spark_submit.py:579} INFO - at java.base/java.lang.reflect.Constructor.newInstanceWithCaller(Constructor.java:500)
[2026-04-03T08:30:09.738+0000] {spark_submit.py:579} INFO - at java.base/java.lang.reflect.Constructor.newInstance(Constructor.java:481)
[2026-04-03T08:30:09.738+0000] {spark_submit.py:579} INFO - at py4j.reflection.MethodInvoker.invoke(MethodInvoker.java:247)
[2026-04-03T08:30:09.738+0000] {spark_submit.py:579} INFO - at py4j.reflection.ReflectionEngine.invoke(ReflectionEngine.java:374)
[2026-04-03T08:30:09.739+0000] {spark_submit.py:579} INFO - at py4j.Gateway.invoke(Gateway.java:238)
[2026-04-03T08:30:09.739+0000] {spark_submit.py:579} INFO - at py4j.commands.ConstructorCommand.invokeConstructor(ConstructorCommand.java:80)
[2026-04-03T08:30:09.739+0000] {spark_submit.py:579} INFO - at py4j.commands.ConstructorCommand.execute(ConstructorCommand.java:69)
[2026-04-03T08:30:09.740+0000] {spark_submit.py:579} INFO - at py4j.ClientServerConnection.waitForCommands(ClientServerConnection.java:184)
[2026-04-03T08:30:09.740+0000] {spark_submit.py:579} INFO - at py4j.ClientServerConnection.run(ClientServerConnection.java:108)
[2026-04-03T08:30:09.740+0000] {spark_submit.py:579} INFO - at java.base/java.lang.Thread.run(Thread.java:840)
[2026-04-03T08:30:09.786+0000] {spark_submit.py:579} INFO - 26/04/03 08:30:09 INFO ResourceProfile: Default ResourceProfile created, executor resources: Map(memory -> name: memory, amount: 1024, script: , vendor: , offHeap -> name: offHeap, amount: 0, script: , vendor: ), task resources: Map(cpus -> name: cpus, amount: 1.0)
[2026-04-03T08:30:09.789+0000] {spark_submit.py:579} INFO - 26/04/03 08:30:09 INFO ResourceProfile: Limiting resource is cpu
[2026-04-03T08:30:09.790+0000] {spark_submit.py:579} INFO - 26/04/03 08:30:09 INFO ResourceProfileManager: Added ResourceProfile id: 0
[2026-04-03T08:30:09.813+0000] {spark_submit.py:579} INFO - 26/04/03 08:30:09 INFO SecurityManager: Changing view acls to: default
[2026-04-03T08:30:09.813+0000] {spark_submit.py:579} INFO - 26/04/03 08:30:09 INFO SecurityManager: Changing modify acls to: default
[2026-04-03T08:30:09.814+0000] {spark_submit.py:579} INFO - 26/04/03 08:30:09 INFO SecurityManager: Changing view acls groups to: default
[2026-04-03T08:30:09.814+0000] {spark_submit.py:579} INFO - 26/04/03 08:30:09 INFO SecurityManager: Changing modify acls groups to: default
[2026-04-03T08:30:09.814+0000] {spark_submit.py:579} INFO - 26/04/03 08:30:09 INFO SecurityManager: SecurityManager: authentication disabled; ui acls disabled; users with view permissions: default groups with view permissions: EMPTY; users with modify permissions: default; groups with modify permissions: EMPTY; RPC SSL disabled
[2026-04-03T08:30:10.064+0000] {spark_submit.py:579} INFO - 26/04/03 08:30:10 INFO StandaloneAppClient$ClientEndpoint: Connecting to master spark://spark-master:7077...
[2026-04-03T08:30:10.157+0000] {spark_submit.py:579} INFO - 26/04/03 08:30:10 INFO TransportClientFactory: Successfully created connection to spark-master/172.20.0.4:7077 after 47 ms (0 ms spent in bootstraps)
[2026-04-03T08:30:10.415+0000] {spark_submit.py:579} INFO - 26/04/03 08:30:10 INFO StandaloneSchedulerBackend: Connected to Spark cluster with app ID app-20260403083010-0009
[2026-04-03T08:30:10.420+0000] {spark_submit.py:579} INFO - 26/04/03 08:30:10 INFO StandaloneAppClient$ClientEndpoint: Executor added: app-20260403083010-0009/0 on worker-20260403082953-172.20.0.2-43901 (172.20.0.2:43901) with 2 core(s)
[2026-04-03T08:30:10.423+0000] {spark_submit.py:579} INFO - 26/04/03 08:30:10 INFO StandaloneSchedulerBackend: Granted executor ID app-20260403083010-0009/0 on hostPort 172.20.0.2:43901 with 2 core(s), 1024.0 MiB RAM
[2026-04-03T08:30:10.430+0000] {spark_submit.py:579} INFO - 26/04/03 08:30:10 INFO Utils: Successfully started service 'org.apache.spark.network.netty.NettyBlockTransferService' on port 43355.
[2026-04-03T08:30:10.431+0000] {spark_submit.py:579} INFO - 26/04/03 08:30:10 INFO NettyBlockTransferService: Server created on ***_scheduler 0.0.0.0:43355
[2026-04-03T08:30:10.435+0000] {spark_submit.py:579} INFO - 26/04/03 08:30:10 INFO BlockManager: Using org.apache.spark.storage.RandomBlockReplicationPolicy for block replication policy
[2026-04-03T08:30:10.470+0000] {spark_submit.py:579} INFO - 26/04/03 08:30:10 INFO BlockManagerMaster: Registering BlockManager BlockManagerId(driver, ***_scheduler, 43355, None)
[2026-04-03T08:30:10.480+0000] {spark_submit.py:579} INFO - 26/04/03 08:30:10 INFO BlockManagerMasterEndpoint: Registering block manager ***_scheduler:43355 with 434.4 MiB RAM, BlockManagerId(driver, ***_scheduler, 43355, None)
[2026-04-03T08:30:10.484+0000] {spark_submit.py:579} INFO - 26/04/03 08:30:10 INFO BlockManagerMaster: Registered BlockManager BlockManagerId(driver, ***_scheduler, 43355, None)
[2026-04-03T08:30:10.487+0000] {spark_submit.py:579} INFO - 26/04/03 08:30:10 INFO BlockManager: Initialized BlockManager: BlockManagerId(driver, ***_scheduler, 43355, None)
[2026-04-03T08:30:10.638+0000] {spark_submit.py:579} INFO - 26/04/03 08:30:10 INFO StandaloneAppClient$ClientEndpoint: Executor updated: app-20260403083010-0009/0 is now RUNNING
[2026-04-03T08:30:10.786+0000] {spark_submit.py:579} INFO - 26/04/03 08:30:10 INFO StandaloneSchedulerBackend: SchedulerBackend is ready for scheduling beginning after reached minRegisteredResourcesRatio: 0.0
[2026-04-03T08:30:14.072+0000] {spark_submit.py:579} INFO - 26/04/03 08:30:14 INFO StandaloneAppClient$ClientEndpoint: Executor updated: app-20260403083010-0009/0 is now EXITED (Command exited with code 1)
[2026-04-03T08:30:14.075+0000] {spark_submit.py:579} INFO - 26/04/03 08:30:14 INFO StandaloneSchedulerBackend: Executor app-20260403083010-0009/0 removed: Command exited with code 1
[2026-04-03T08:30:14.076+0000] {spark_submit.py:579} INFO - 26/04/03 08:30:14 INFO StandaloneAppClient$ClientEndpoint: Executor added: app-20260403083010-0009/1 on worker-20260403082953-172.20.0.2-43901 (172.20.0.2:43901) with 2 core(s)
[2026-04-03T08:30:14.077+0000] {spark_submit.py:579} INFO - 26/04/03 08:30:14 INFO StandaloneSchedulerBackend: Granted executor ID app-20260403083010-0009/1 on hostPort 172.20.0.2:43901 with 2 core(s), 1024.0 MiB RAM
[2026-04-03T08:30:14.084+0000] {spark_submit.py:579} INFO - 26/04/03 08:30:14 INFO BlockManagerMaster: Removal of executor 0 requested
[2026-04-03T08:30:14.085+0000] {spark_submit.py:579} INFO - 26/04/03 08:30:14 INFO StandaloneSchedulerBackend$StandaloneDriverEndpoint: Asked to remove non-existent executor 0
[2026-04-03T08:30:14.097+0000] {spark_submit.py:579} INFO - 26/04/03 08:30:14 INFO BlockManagerMasterEndpoint: Trying to remove executor 0 from BlockManagerMaster.
[2026-04-03T08:30:14.100+0000] {spark_submit.py:579} INFO - 26/04/03 08:30:14 INFO BlockManagerMasterEndpoint: Removed 0 successfully in removeExecutor
[2026-04-03T08:30:14.110+0000] {spark_submit.py:579} INFO - 26/04/03 08:30:14 INFO StandaloneAppClient$ClientEndpoint: Executor updated: app-20260403083010-0009/1 is now RUNNING
[2026-04-03T08:30:15.588+0000] {spark_submit.py:579} INFO - 26/04/03 08:30:15 INFO SharedState: Setting hive.metastore.warehouse.dir ('null') to the value of spark.sql.warehouse.dir.
[2026-04-03T08:30:15.593+0000] {spark_submit.py:579} INFO - 26/04/03 08:30:15 INFO SharedState: Warehouse path is 'file:/opt/***/spark-warehouse'.
[2026-04-03T08:30:16.872+0000] {spark_submit.py:579} INFO - 26/04/03 08:30:16 WARN FileStreamSink: Assume no metadata directory. Error while looking for metadata directory in the path: /data/raw/sensors/*.json.
[2026-04-03T08:30:16.873+0000] {spark_submit.py:579} INFO - java.io.FileNotFoundException: File /data/raw/sensors/*.json does not exist
[2026-04-03T08:30:16.873+0000] {spark_submit.py:579} INFO - at org.apache.hadoop.fs.RawLocalFileSystem.deprecatedGetFileStatus(RawLocalFileSystem.java:980)
[2026-04-03T08:30:16.874+0000] {spark_submit.py:579} INFO - at org.apache.hadoop.fs.RawLocalFileSystem.getFileLinkStatusInternal(RawLocalFileSystem.java:1301)
[2026-04-03T08:30:16.874+0000] {spark_submit.py:579} INFO - at org.apache.hadoop.fs.RawLocalFileSystem.getFileStatus(RawLocalFileSystem.java:970)
[2026-04-03T08:30:16.874+0000] {spark_submit.py:579} INFO - at org.apache.hadoop.fs.FilterFileSystem.getFileStatus(FilterFileSystem.java:462)
[2026-04-03T08:30:16.874+0000] {spark_submit.py:579} INFO - at org.apache.spark.sql.execution.streaming.sinks.FileStreamSink$.hasMetadata(FileStreamSink.scala:58)
[2026-04-03T08:30:16.875+0000] {spark_submit.py:579} INFO - at org.apache.spark.sql.execution.datasources.DataSource.resolveRelation(DataSource.scala:384)
[2026-04-03T08:30:16.875+0000] {spark_submit.py:579} INFO - at org.apache.spark.sql.catalyst.analysis.ResolveDataSource.org$apache$spark$sql$catalyst$analysis$ResolveDataSource$$loadV1BatchSource(ResolveDataSource.scala:143)
[2026-04-03T08:30:16.875+0000] {spark_submit.py:579} INFO - at org.apache.spark.sql.catalyst.analysis.ResolveDataSource$$anonfun$apply$1.$anonfun$applyOrElse$2(ResolveDataSource.scala:61)
[2026-04-03T08:30:16.875+0000] {spark_submit.py:579} INFO - at scala.Option.getOrElse(Option.scala:201)
[2026-04-03T08:30:16.876+0000] {spark_submit.py:579} INFO - at org.apache.spark.sql.catalyst.analysis.ResolveDataSource$$anonfun$apply$1.applyOrElse(ResolveDataSource.scala:61)
[2026-04-03T08:30:16.876+0000] {spark_submit.py:579} INFO - at org.apache.spark.sql.catalyst.analysis.ResolveDataSource$$anonfun$apply$1.applyOrElse(ResolveDataSource.scala:45)
[2026-04-03T08:30:16.876+0000] {spark_submit.py:579} INFO - at org.apache.spark.sql.catalyst.plans.logical.AnalysisHelper.$anonfun$resolveOperatorsUpWithPruning$3(AnalysisHelper.scala:139)
[2026-04-03T08:30:16.876+0000] {spark_submit.py:579} INFO - at org.apache.spark.sql.catalyst.trees.CurrentOrigin$.withOrigin(origin.scala:107)
[2026-04-03T08:30:16.877+0000] {spark_submit.py:579} INFO - at org.apache.spark.sql.catalyst.plans.logical.AnalysisHelper.$anonfun$resolveOperatorsUpWithPruning$1(AnalysisHelper.scala:139)
[2026-04-03T08:30:16.877+0000] {spark_submit.py:579} INFO - at org.apache.spark.sql.catalyst.plans.logical.AnalysisHelper$.allowInvokingTransformsInAnalyzer(AnalysisHelper.scala:416)
[2026-04-03T08:30:16.877+0000] {spark_submit.py:579} INFO - at org.apache.spark.sql.catalyst.plans.logical.AnalysisHelper.resolveOperatorsUpWithPruning(AnalysisHelper.scala:135)
[2026-04-03T08:30:16.877+0000] {spark_submit.py:579} INFO - at org.apache.spark.sql.catalyst.plans.logical.AnalysisHelper.resolveOperatorsUpWithPruning$(AnalysisHelper.scala:131)
[2026-04-03T08:30:16.878+0000] {spark_submit.py:579} INFO - at org.apache.spark.sql.catalyst.plans.logical.LogicalPlan.resolveOperatorsUpWithPruning(LogicalPlan.scala:37)
[2026-04-03T08:30:16.878+0000] {spark_submit.py:579} INFO - at org.apache.spark.sql.catalyst.plans.logical.AnalysisHelper.resolveOperatorsUp(AnalysisHelper.scala:112)
[2026-04-03T08:30:16.878+0000] {spark_submit.py:579} INFO - at org.apache.spark.sql.catalyst.plans.logical.AnalysisHelper.resolveOperatorsUp$(AnalysisHelper.scala:111)
[2026-04-03T08:30:16.878+0000] {spark_submit.py:579} INFO - at org.apache.spark.sql.catalyst.plans.logical.LogicalPlan.resolveOperatorsUp(LogicalPlan.scala:37)
[2026-04-03T08:30:16.879+0000] {spark_submit.py:579} INFO - at org.apache.spark.sql.catalyst.analysis.ResolveDataSource.apply(ResolveDataSource.scala:45)
[2026-04-03T08:30:16.879+0000] {spark_submit.py:579} INFO - at org.apache.spark.sql.catalyst.analysis.ResolveDataSource.apply(ResolveDataSource.scala:43)
[2026-04-03T08:30:16.879+0000] {spark_submit.py:579} INFO - at org.apache.spark.sql.catalyst.rules.RuleExecutor.$anonfun$execute$2(RuleExecutor.scala:248)
[2026-04-03T08:30:16.879+0000] {spark_submit.py:579} INFO - at scala.collection.LinearSeqOps.foldLeft(LinearSeq.scala:183)
[2026-04-03T08:30:16.880+0000] {spark_submit.py:579} INFO - at scala.collection.LinearSeqOps.foldLeft$(LinearSeq.scala:179)
[2026-04-03T08:30:16.880+0000] {spark_submit.py:579} INFO - at scala.collection.immutable.List.foldLeft(List.scala:79)
[2026-04-03T08:30:16.880+0000] {spark_submit.py:579} INFO - at org.apache.spark.sql.catalyst.rules.RuleExecutor.$anonfun$execute$1(RuleExecutor.scala:245)
[2026-04-03T08:30:16.880+0000] {spark_submit.py:579} INFO - at org.apache.spark.sql.catalyst.rules.RuleExecutor.$anonfun$execute$1$adapted(RuleExecutor.scala:237)
[2026-04-03T08:30:16.881+0000] {spark_submit.py:579} INFO - at scala.collection.immutable.List.foreach(List.scala:323)
[2026-04-03T08:30:16.881+0000] {spark_submit.py:579} INFO - at org.apache.spark.sql.catalyst.rules.RuleExecutor.execute(RuleExecutor.scala:237)
[2026-04-03T08:30:16.881+0000] {spark_submit.py:579} INFO - at org.apache.spark.sql.catalyst.analysis.Analyzer.org$apache$spark$sql$catalyst$analysis$Analyzer$$executeSameContext(Analyzer.scala:343)
[2026-04-03T08:30:16.881+0000] {spark_submit.py:579} INFO - at org.apache.spark.sql.catalyst.analysis.Analyzer.$anonfun$execute$1(Analyzer.scala:339)
[2026-04-03T08:30:16.882+0000] {spark_submit.py:579} INFO - at org.apache.spark.sql.catalyst.analysis.AnalysisContext$.withNewAnalysisContext(Analyzer.scala:224)
[2026-04-03T08:30:16.882+0000] {spark_submit.py:579} INFO - at org.apache.spark.sql.catalyst.analysis.Analyzer.execute(Analyzer.scala:339)
[2026-04-03T08:30:16.882+0000] {spark_submit.py:579} INFO - at org.apache.spark.sql.catalyst.analysis.Analyzer.execute(Analyzer.scala:289)
[2026-04-03T08:30:16.882+0000] {spark_submit.py:579} INFO - at org.apache.spark.sql.catalyst.rules.RuleExecutor.$anonfun$executeAndTrack$1(RuleExecutor.scala:207)
[2026-04-03T08:30:16.882+0000] {spark_submit.py:579} INFO - at org.apache.spark.sql.catalyst.QueryPlanningTracker$.withTracker(QueryPlanningTracker.scala:89)
[2026-04-03T08:30:16.883+0000] {spark_submit.py:579} INFO - at org.apache.spark.sql.catalyst.rules.RuleExecutor.executeAndTrack(RuleExecutor.scala:207)
[2026-04-03T08:30:16.883+0000] {spark_submit.py:579} INFO - at org.apache.spark.sql.catalyst.analysis.resolver.HybridAnalyzer.resolveInFixedPoint(HybridAnalyzer.scala:236)
[2026-04-03T08:30:16.883+0000] {spark_submit.py:579} INFO - at org.apache.spark.sql.catalyst.analysis.resolver.HybridAnalyzer.$anonfun$apply$1(HybridAnalyzer.scala:91)
[2026-04-03T08:30:16.883+0000] {spark_submit.py:579} INFO - at org.apache.spark.sql.catalyst.analysis.resolver.HybridAnalyzer.withTrackedAnalyzerBridgeState(HybridAnalyzer.scala:122)
[2026-04-03T08:30:16.884+0000] {spark_submit.py:579} INFO - at org.apache.spark.sql.catalyst.analysis.resolver.HybridAnalyzer.apply(HybridAnalyzer.scala:84)
[2026-04-03T08:30:16.884+0000] {spark_submit.py:579} INFO - at org.apache.spark.sql.catalyst.analysis.Analyzer.$anonfun$executeAndCheck$1(Analyzer.scala:322)
[2026-04-03T08:30:16.884+0000] {spark_submit.py:579} INFO - at org.apache.spark.sql.catalyst.plans.logical.AnalysisHelper$.markInAnalyzer(AnalysisHelper.scala:423)
[2026-04-03T08:30:16.884+0000] {spark_submit.py:579} INFO - at org.apache.spark.sql.catalyst.analysis.Analyzer.executeAndCheck(Analyzer.scala:322)
[2026-04-03T08:30:16.885+0000] {spark_submit.py:579} INFO - at org.apache.spark.sql.execution.QueryExecution.$anonfun$lazyAnalyzed$2(QueryExecution.scala:139)
[2026-04-03T08:30:16.885+0000] {spark_submit.py:579} INFO - at org.apache.spark.sql.catalyst.QueryPlanningTracker.measurePhase(QueryPlanningTracker.scala:148)
[2026-04-03T08:30:16.885+0000] {spark_submit.py:579} INFO - at org.apache.spark.sql.execution.QueryExecution.$anonfun$executePhase$2(QueryExecution.scala:330)
[2026-04-03T08:30:16.885+0000] {spark_submit.py:579} INFO - at org.apache.spark.sql.execution.QueryExecution$.withInternalError(QueryExecution.scala:717)
[2026-04-03T08:30:16.885+0000] {spark_submit.py:579} INFO - at org.apache.spark.sql.execution.QueryExecution.$anonfun$executePhase$1(QueryExecution.scala:330)
[2026-04-03T08:30:16.886+0000] {spark_submit.py:579} INFO - at org.apache.spark.sql.SparkSession.withActive(SparkSession.scala:804)
[2026-04-03T08:30:16.886+0000] {spark_submit.py:579} INFO - at org.apache.spark.sql.execution.QueryExecution.executePhase(QueryExecution.scala:329)
[2026-04-03T08:30:16.886+0000] {spark_submit.py:579} INFO - at org.apache.spark.sql.execution.QueryExecution.$anonfun$lazyAnalyzed$1(QueryExecution.scala:139)
[2026-04-03T08:30:16.886+0000] {spark_submit.py:579} INFO - at scala.util.Try$.apply(Try.scala:217)
[2026-04-03T08:30:16.887+0000] {spark_submit.py:579} INFO - at org.apache.spark.util.Utils$.doTryWithCallerStacktrace(Utils.scala:1392)
[2026-04-03T08:30:16.887+0000] {spark_submit.py:579} INFO - at org.apache.spark.util.LazyTry.tryT$lzycompute(LazyTry.scala:46)
[2026-04-03T08:30:16.887+0000] {spark_submit.py:579} INFO - at org.apache.spark.util.LazyTry.tryT(LazyTry.scala:46)
[2026-04-03T08:30:16.887+0000] {spark_submit.py:579} INFO - at org.apache.spark.util.LazyTry.get(LazyTry.scala:58)
[2026-04-03T08:30:16.887+0000] {spark_submit.py:579} INFO - at org.apache.spark.sql.execution.QueryExecution.analyzed(QueryExecution.scala:150)
[2026-04-03T08:30:16.888+0000] {spark_submit.py:579} INFO - at org.apache.spark.sql.execution.QueryExecution.assertAnalyzed(QueryExecution.scala:90)
[2026-04-03T08:30:16.888+0000] {spark_submit.py:579} INFO - at org.apache.spark.sql.classic.Dataset$.$anonfun$ofRows$1(Dataset.scala:114)
[2026-04-03T08:30:16.889+0000] {spark_submit.py:579} INFO - at org.apache.spark.sql.SparkSession.withActive(SparkSession.scala:804)
[2026-04-03T08:30:16.889+0000] {spark_submit.py:579} INFO - at org.apache.spark.sql.classic.Dataset$.ofRows(Dataset.scala:112)
[2026-04-03T08:30:16.890+0000] {spark_submit.py:579} INFO - at org.apache.spark.sql.classic.DataFrameReader.load(DataFrameReader.scala:108)
[2026-04-03T08:30:16.890+0000] {spark_submit.py:579} INFO - at org.apache.spark.sql.classic.DataFrameReader.load(DataFrameReader.scala:57)
[2026-04-03T08:30:16.891+0000] {spark_submit.py:579} INFO - at org.apache.spark.sql.DataFrameReader.json(DataFrameReader.scala:296)
[2026-04-03T08:30:16.891+0000] {spark_submit.py:579} INFO - at org.apache.spark.sql.classic.DataFrameReader.json(DataFrameReader.scala:149)
[2026-04-03T08:30:16.892+0000] {spark_submit.py:579} INFO - at java.base/jdk.internal.reflect.NativeMethodAccessorImpl.invoke0(Native Method)
[2026-04-03T08:30:16.892+0000] {spark_submit.py:579} INFO - at java.base/jdk.internal.reflect.NativeMethodAccessorImpl.invoke(NativeMethodAccessorImpl.java:77)
[2026-04-03T08:30:16.893+0000] {spark_submit.py:579} INFO - at java.base/jdk.internal.reflect.DelegatingMethodAccessorImpl.invoke(DelegatingMethodAccessorImpl.java:43)
[2026-04-03T08:30:16.894+0000] {spark_submit.py:579} INFO - at java.base/java.lang.reflect.Method.invoke(Method.java:569)
[2026-04-03T08:30:16.894+0000] {spark_submit.py:579} INFO - at py4j.reflection.MethodInvoker.invoke(MethodInvoker.java:244)
[2026-04-03T08:30:16.895+0000] {spark_submit.py:579} INFO - at py4j.reflection.ReflectionEngine.invoke(ReflectionEngine.java:374)
[2026-04-03T08:30:16.895+0000] {spark_submit.py:579} INFO - at py4j.Gateway.invoke(Gateway.java:282)
[2026-04-03T08:30:16.896+0000] {spark_submit.py:579} INFO - at py4j.commands.AbstractCommand.invokeMethod(AbstractCommand.java:132)
[2026-04-03T08:30:16.896+0000] {spark_submit.py:579} INFO - at py4j.commands.CallCommand.execute(CallCommand.java:79)
[2026-04-03T08:30:16.897+0000] {spark_submit.py:579} INFO - at py4j.ClientServerConnection.waitForCommands(ClientServerConnection.java:184)
[2026-04-03T08:30:16.897+0000] {spark_submit.py:579} INFO - at py4j.ClientServerConnection.run(ClientServerConnection.java:108)
[2026-04-03T08:30:16.898+0000] {spark_submit.py:579} INFO - at java.base/java.lang.Thread.run(Thread.java:840)
[2026-04-03T08:30:17.001+0000] {spark_submit.py:579} INFO - 26/04/03 08:30:17 INFO HadoopFSUtils: Listing leaf files and directories in parallel under50 paths. The first several paths are: file:/data/raw/sensors/log_00562d.json, file:/data/raw/sensors/log_0170c3.json, file:/data/raw/sensors/log_028779.json, file:/data/raw/sensors/log_0394c3.json, file:/data/raw/sensors/log_16ba56.json, file:/data/raw/sensors/log_1f5f24.json, file:/data/raw/sensors/log_213236.json, file:/data/raw/sensors/log_25cef9.json, file:/data/raw/sensors/log_2b3ddf.json, file:/data/raw/sensors/log_32bc05.json.
[2026-04-03T08:30:17.340+0000] {spark_submit.py:579} INFO - 26/04/03 08:30:17 INFO SparkContext: Starting job: json at NativeMethodAccessorImpl.java:0
[2026-04-03T08:30:17.371+0000] {spark_submit.py:579} INFO - 26/04/03 08:30:17 INFO DAGScheduler: Got job 0 (json at NativeMethodAccessorImpl.java:0) with 50 output partitions
[2026-04-03T08:30:17.372+0000] {spark_submit.py:579} INFO - 26/04/03 08:30:17 INFO DAGScheduler: Final stage: ResultStage 0 (json at NativeMethodAccessorImpl.java:0)
[2026-04-03T08:30:17.373+0000] {spark_submit.py:579} INFO - 26/04/03 08:30:17 INFO DAGScheduler: Parents of final stage: List()
[2026-04-03T08:30:17.378+0000] {spark_submit.py:579} INFO - 26/04/03 08:30:17 INFO DAGScheduler: Missing parents: List()
[2026-04-03T08:30:17.385+0000] {spark_submit.py:579} INFO - 26/04/03 08:30:17 INFO DAGScheduler: Missing parents found for ResultStage 0: List()
[2026-04-03T08:30:17.388+0000] {spark_submit.py:579} INFO - 26/04/03 08:30:17 INFO DAGScheduler: Submitting ResultStage 0 (MapPartitionsRDD[1] at json at NativeMethodAccessorImpl.java:0), which has no missing parents
[2026-04-03T08:30:17.461+0000] {spark_submit.py:579} INFO - 26/04/03 08:30:17 INFO MemoryStore: MemoryStore started with capacity 434.4 MiB
[2026-04-03T08:30:17.499+0000] {spark_submit.py:579} INFO - 26/04/03 08:30:17 INFO MemoryStore: Block broadcast_0 stored as values in memory (estimated size 115.0 KiB, free 434.3 MiB)
[2026-04-03T08:30:17.564+0000] {spark_submit.py:579} INFO - 26/04/03 08:30:17 INFO StandaloneAppClient$ClientEndpoint: Executor updated: app-20260403083010-0009/1 is now EXITED (Command exited with code 1)
[2026-04-03T08:30:17.565+0000] {spark_submit.py:579} INFO - 26/04/03 08:30:17 INFO StandaloneSchedulerBackend: Executor app-20260403083010-0009/1 removed: Command exited with code 1
[2026-04-03T08:30:17.567+0000] {spark_submit.py:579} INFO - 26/04/03 08:30:17 INFO MemoryStore: Block broadcast_0_piece0 stored as bytes in memory (estimated size 41.4 KiB, free 434.2 MiB)
[2026-04-03T08:30:17.567+0000] {spark_submit.py:579} INFO - 26/04/03 08:30:17 INFO BlockManagerMasterEndpoint: Trying to remove executor 1 from BlockManagerMaster.
[2026-04-03T08:30:17.568+0000] {spark_submit.py:579} INFO - 26/04/03 08:30:17 INFO BlockManagerMaster: Removal of executor 1 requested
[2026-04-03T08:30:17.568+0000] {spark_submit.py:579} INFO - 26/04/03 08:30:17 INFO BlockManagerMasterEndpoint: Removed 1 successfully in removeExecutor
[2026-04-03T08:30:17.569+0000] {spark_submit.py:579} INFO - 26/04/03 08:30:17 INFO StandaloneAppClient$ClientEndpoint: Executor added: app-20260403083010-0009/2 on worker-20260403082953-172.20.0.2-43901 (172.20.0.2:43901) with 2 core(s)
[2026-04-03T08:30:17.569+0000] {spark_submit.py:579} INFO - 26/04/03 08:30:17 INFO StandaloneSchedulerBackend$StandaloneDriverEndpoint: Asked to remove non-existent executor 1
[2026-04-03T08:30:17.570+0000] {spark_submit.py:579} INFO - 26/04/03 08:30:17 INFO StandaloneSchedulerBackend: Granted executor ID app-20260403083010-0009/2 on hostPort 172.20.0.2:43901 with 2 core(s), 1024.0 MiB RAM
[2026-04-03T08:30:17.586+0000] {spark_submit.py:579} INFO - 26/04/03 08:30:17 INFO SparkContext: Created broadcast 0 from broadcast at DAGScheduler.scala:1686
[2026-04-03T08:30:17.618+0000] {spark_submit.py:579} INFO - 26/04/03 08:30:17 INFO StandaloneAppClient$ClientEndpoint: Executor updated: app-20260403083010-0009/2 is now RUNNING
[2026-04-03T08:30:17.634+0000] {spark_submit.py:579} INFO - 26/04/03 08:30:17 INFO DAGScheduler: Submitting 50 missing tasks from ResultStage 0 (MapPartitionsRDD[1] at json at NativeMethodAccessorImpl.java:0) (first 15 tasks are for partitions Vector(0, 1, 2, 3, 4, 5, 6, 7, 8, 9, 10, 11, 12, 13, 14))
[2026-04-03T08:30:17.639+0000] {spark_submit.py:579} INFO - 26/04/03 08:30:17 INFO TaskSchedulerImpl: Adding task set 0.0 with 50 tasks resource profile 0
[2026-04-03T08:30:20.787+0000] {spark_submit.py:579} INFO - 26/04/03 08:30:20 INFO StandaloneAppClient$ClientEndpoint: Executor updated: app-20260403083010-0009/2 is now EXITED (Command exited with code 1)
[2026-04-03T08:30:20.787+0000] {spark_submit.py:579} INFO - 26/04/03 08:30:20 INFO StandaloneSchedulerBackend: Executor app-20260403083010-0009/2 removed: Command exited with code 1
[2026-04-03T08:30:20.788+0000] {spark_submit.py:579} INFO - 26/04/03 08:30:20 INFO StandaloneAppClient$ClientEndpoint: Executor added: app-20260403083010-0009/3 on worker-20260403082953-172.20.0.2-43901 (172.20.0.2:43901) with 2 core(s)
[2026-04-03T08:30:20.788+0000] {spark_submit.py:579} INFO - 26/04/03 08:30:20 INFO BlockManagerMasterEndpoint: Trying to remove executor 2 from BlockManagerMaster.
[2026-04-03T08:30:20.789+0000] {spark_submit.py:579} INFO - 26/04/03 08:30:20 INFO BlockManagerMaster: Removal of executor 2 requested
[2026-04-03T08:30:20.789+0000] {spark_submit.py:579} INFO - 26/04/03 08:30:20 INFO BlockManagerMasterEndpoint: Removed 2 successfully in removeExecutor
[2026-04-03T08:30:20.789+0000] {spark_submit.py:579} INFO - 26/04/03 08:30:20 INFO StandaloneSchedulerBackend$StandaloneDriverEndpoint: Asked to remove non-existent executor 2
[2026-04-03T08:30:20.789+0000] {spark_submit.py:579} INFO - 26/04/03 08:30:20 INFO StandaloneSchedulerBackend: Granted executor ID app-20260403083010-0009/3 on hostPort 172.20.0.2:43901 with 2 core(s), 1024.0 MiB RAM
[2026-04-03T08:30:20.823+0000] {spark_submit.py:579} INFO - 26/04/03 08:30:20 INFO StandaloneAppClient$ClientEndpoint: Executor updated: app-20260403083010-0009/3 is now RUNNING
[2026-04-03T08:30:24.036+0000] {spark_submit.py:579} INFO - 26/04/03 08:30:24 INFO StandaloneAppClient$ClientEndpoint: Executor updated: app-20260403083010-0009/3 is now EXITED (Command exited with code 1)
[2026-04-03T08:30:24.036+0000] {spark_submit.py:579} INFO - 26/04/03 08:30:24 INFO StandaloneSchedulerBackend: Executor app-20260403083010-0009/3 removed: Command exited with code 1
[2026-04-03T08:30:24.037+0000] {spark_submit.py:579} INFO - 26/04/03 08:30:24 INFO StandaloneAppClient$ClientEndpoint: Executor added: app-20260403083010-0009/4 on worker-20260403082953-172.20.0.2-43901 (172.20.0.2:43901) with 2 core(s)
[2026-04-03T08:30:24.037+0000] {spark_submit.py:579} INFO - 26/04/03 08:30:24 INFO BlockManagerMaster: Removal of executor 3 requested
[2026-04-03T08:30:24.038+0000] {spark_submit.py:579} INFO - 26/04/03 08:30:24 INFO BlockManagerMasterEndpoint: Trying to remove executor 3 from BlockManagerMaster.
[2026-04-03T08:30:24.038+0000] {spark_submit.py:579} INFO - 26/04/03 08:30:24 INFO BlockManagerMasterEndpoint: Removed 3 successfully in removeExecutor
[2026-04-03T08:30:24.039+0000] {spark_submit.py:579} INFO - 26/04/03 08:30:24 INFO StandaloneSchedulerBackend: Granted executor ID app-20260403083010-0009/4 on hostPort 172.20.0.2:43901 with 2 core(s), 1024.0 MiB RAM
[2026-04-03T08:30:24.039+0000] {spark_submit.py:579} INFO - 26/04/03 08:30:24 INFO StandaloneSchedulerBackend$StandaloneDriverEndpoint: Asked to remove non-existent executor 3
[2026-04-03T08:30:24.074+0000] {spark_submit.py:579} INFO - 26/04/03 08:30:24 INFO StandaloneAppClient$ClientEndpoint: Executor updated: app-20260403083010-0009/4 is now RUNNING
[2026-04-03T08:30:27.486+0000] {spark_submit.py:579} INFO - 26/04/03 08:30:27 INFO StandaloneAppClient$ClientEndpoint: Executor updated: app-20260403083010-0009/4 is now EXITED (Command exited with code 1)
[2026-04-03T08:30:27.487+0000] {spark_submit.py:579} INFO - 26/04/03 08:30:27 INFO StandaloneSchedulerBackend: Executor app-20260403083010-0009/4 removed: Command exited with code 1
[2026-04-03T08:30:27.487+0000] {spark_submit.py:579} INFO - 26/04/03 08:30:27 INFO StandaloneAppClient$ClientEndpoint: Executor added: app-20260403083010-0009/5 on worker-20260403082953-172.20.0.2-43901 (172.20.0.2:43901) with 2 core(s)
[2026-04-03T08:30:27.488+0000] {spark_submit.py:579} INFO - 26/04/03 08:30:27 INFO BlockManagerMaster: Removal of executor 4 requested
[2026-04-03T08:30:27.489+0000] {spark_submit.py:579} INFO - 26/04/03 08:30:27 INFO BlockManagerMasterEndpoint: Trying to remove executor 4 from BlockManagerMaster.
[2026-04-03T08:30:27.489+0000] {spark_submit.py:579} INFO - 26/04/03 08:30:27 INFO StandaloneSchedulerBackend: Granted executor ID app-20260403083010-0009/5 on hostPort 172.20.0.2:43901 with 2 core(s), 1024.0 MiB RAM
[2026-04-03T08:30:27.490+0000] {spark_submit.py:579} INFO - 26/04/03 08:30:27 INFO BlockManagerMasterEndpoint: Removed 4 successfully in removeExecutor
[2026-04-03T08:30:27.490+0000] {spark_submit.py:579} INFO - 26/04/03 08:30:27 INFO StandaloneSchedulerBackend$StandaloneDriverEndpoint: Asked to remove non-existent executor 4
[2026-04-03T08:30:27.526+0000] {spark_submit.py:579} INFO - 26/04/03 08:30:27 INFO StandaloneAppClient$ClientEndpoint: Executor updated: app-20260403083010-0009/5 is now RUNNING
[2026-04-03T08:30:31.181+0000] {spark_submit.py:579} INFO - 26/04/03 08:30:31 INFO StandaloneAppClient$ClientEndpoint: Executor updated: app-20260403083010-0009/5 is now EXITED (Command exited with code 1)
[2026-04-03T08:30:31.182+0000] {spark_submit.py:579} INFO - 26/04/03 08:30:31 INFO StandaloneSchedulerBackend: Executor app-20260403083010-0009/5 removed: Command exited with code 1
[2026-04-03T08:30:31.183+0000] {spark_submit.py:579} INFO - 26/04/03 08:30:31 INFO StandaloneAppClient$ClientEndpoint: Executor added: app-20260403083010-0009/6 on worker-20260403082953-172.20.0.2-43901 (172.20.0.2:43901) with 2 core(s)
[2026-04-03T08:30:31.183+0000] {spark_submit.py:579} INFO - 26/04/03 08:30:31 INFO BlockManagerMaster: Removal of executor 5 requested
[2026-04-03T08:30:31.184+0000] {spark_submit.py:579} INFO - 26/04/03 08:30:31 INFO BlockManagerMasterEndpoint: Trying to remove executor 5 from BlockManagerMaster.
[2026-04-03T08:30:31.184+0000] {spark_submit.py:579} INFO - 26/04/03 08:30:31 INFO BlockManagerMasterEndpoint: Removed 5 successfully in removeExecutor
[2026-04-03T08:30:31.185+0000] {spark_submit.py:579} INFO - 26/04/03 08:30:31 INFO StandaloneSchedulerBackend$StandaloneDriverEndpoint: Asked to remove non-existent executor 5
[2026-04-03T08:30:31.185+0000] {spark_submit.py:579} INFO - 26/04/03 08:30:31 INFO StandaloneSchedulerBackend: Granted executor ID app-20260403083010-0009/6 on hostPort 172.20.0.2:43901 with 2 core(s), 1024.0 MiB RAM
[2026-04-03T08:30:31.220+0000] {spark_submit.py:579} INFO - 26/04/03 08:30:31 INFO StandaloneAppClient$ClientEndpoint: Executor updated: app-20260403083010-0009/6 is now RUNNING
[2026-04-03T08:30:32.669+0000] {spark_submit.py:579} INFO - 26/04/03 08:30:32 WARN TaskSchedulerImpl: Initial job has not accepted any resources; check your cluster UI to ensure that workers are registered and have sufficient resources
[2026-04-03T08:30:34.373+0000] {spark_submit.py:579} INFO - 26/04/03 08:30:34 INFO StandaloneAppClient$ClientEndpoint: Executor updated: app-20260403083010-0009/6 is now EXITED (Command exited with code 1)
[2026-04-03T08:30:34.374+0000] {spark_submit.py:579} INFO - 26/04/03 08:30:34 INFO StandaloneSchedulerBackend: Executor app-20260403083010-0009/6 removed: Command exited with code 1
[2026-04-03T08:30:34.374+0000] {spark_submit.py:579} INFO - 26/04/03 08:30:34 INFO BlockManagerMasterEndpoint: Trying to remove executor 6 from BlockManagerMaster.
[2026-04-03T08:30:34.375+0000] {spark_submit.py:579} INFO - 26/04/03 08:30:34 INFO BlockManagerMaster: Removal of executor 6 requested
[2026-04-03T08:30:34.376+0000] {spark_submit.py:579} INFO - 26/04/03 08:30:34 INFO BlockManagerMasterEndpoint: Removed 6 successfully in removeExecutor
[2026-04-03T08:30:34.376+0000] {spark_submit.py:579} INFO - 26/04/03 08:30:34 INFO StandaloneAppClient$ClientEndpoint: Executor added: app-20260403083010-0009/7 on worker-20260403082953-172.20.0.2-43901 (172.20.0.2:43901) with 2 core(s)
[2026-04-03T08:30:34.377+0000] {spark_submit.py:579} INFO - 26/04/03 08:30:34 INFO StandaloneSchedulerBackend: Granted executor ID app-20260403083010-0009/7 on hostPort 172.20.0.2:43901 with 2 core(s), 1024.0 MiB RAM
[2026-04-03T08:30:34.377+0000] {spark_submit.py:579} INFO - 26/04/03 08:30:34 INFO StandaloneSchedulerBackend$StandaloneDriverEndpoint: Asked to remove non-existent executor 6
[2026-04-03T08:30:34.417+0000] {spark_submit.py:579} INFO - 26/04/03 08:30:34 INFO StandaloneAppClient$ClientEndpoint: Executor updated: app-20260403083010-0009/7 is now RUNNING
[2026-04-03T08:30:37.416+0000] {spark_submit.py:579} INFO - 26/04/03 08:30:37 INFO StandaloneAppClient$ClientEndpoint: Executor updated: app-20260403083010-0009/7 is now EXITED (Command exited with code 1)
[2026-04-03T08:30:37.417+0000] {spark_submit.py:579} INFO - 26/04/03 08:30:37 INFO StandaloneSchedulerBackend: Executor app-20260403083010-0009/7 removed: Command exited with code 1
[2026-04-03T08:30:37.418+0000] {spark_submit.py:579} INFO - 26/04/03 08:30:37 INFO BlockManagerMasterEndpoint: Trying to remove executor 7 from BlockManagerMaster.
[2026-04-03T08:30:37.419+0000] {spark_submit.py:579} INFO - 26/04/03 08:30:37 INFO BlockManagerMaster: Removal of executor 7 requested
[2026-04-03T08:30:37.419+0000] {spark_submit.py:579} INFO - 26/04/03 08:30:37 INFO StandaloneAppClient$ClientEndpoint: Executor added: app-20260403083010-0009/8 on worker-20260403082953-172.20.0.2-43901 (172.20.0.2:43901) with 2 core(s)
[2026-04-03T08:30:37.420+0000] {spark_submit.py:579} INFO - 26/04/03 08:30:37 INFO BlockManagerMasterEndpoint: Removed 7 successfully in removeExecutor
[2026-04-03T08:30:37.420+0000] {spark_submit.py:579} INFO - 26/04/03 08:30:37 INFO StandaloneSchedulerBackend$StandaloneDriverEndpoint: Asked to remove non-existent executor 7
[2026-04-03T08:30:37.421+0000] {spark_submit.py:579} INFO - 26/04/03 08:30:37 INFO StandaloneSchedulerBackend: Granted executor ID app-20260403083010-0009/8 on hostPort 172.20.0.2:43901 with 2 core(s), 1024.0 MiB RAM
[2026-04-03T08:30:37.459+0000] {spark_submit.py:579} INFO - 26/04/03 08:30:37 INFO StandaloneAppClient$ClientEndpoint: Executor updated: app-20260403083010-0009/8 is now RUNNING
[2026-04-03T08:30:40.680+0000] {spark_submit.py:579} INFO - 26/04/03 08:30:40 INFO StandaloneAppClient$ClientEndpoint: Executor updated: app-20260403083010-0009/8 is now EXITED (Command exited with code 1)
[2026-04-03T08:30:40.681+0000] {spark_submit.py:579} INFO - 26/04/03 08:30:40 INFO StandaloneSchedulerBackend: Executor app-20260403083010-0009/8 removed: Command exited with code 1
[2026-04-03T08:30:40.681+0000] {spark_submit.py:579} INFO - 26/04/03 08:30:40 INFO BlockManagerMasterEndpoint: Trying to remove executor 8 from BlockManagerMaster.
[2026-04-03T08:30:40.682+0000] {spark_submit.py:579} INFO - 26/04/03 08:30:40 INFO BlockManagerMaster: Removal of executor 8 requested
[2026-04-03T08:30:40.682+0000] {spark_submit.py:579} INFO - 26/04/03 08:30:40 INFO BlockManagerMasterEndpoint: Removed 8 successfully in removeExecutor
[2026-04-03T08:30:40.682+0000] {spark_submit.py:579} INFO - 26/04/03 08:30:40 INFO StandaloneSchedulerBackend$StandaloneDriverEndpoint: Asked to remove non-existent executor 8
[2026-04-03T08:30:40.683+0000] {spark_submit.py:579} INFO - 26/04/03 08:30:40 INFO StandaloneAppClient$ClientEndpoint: Executor added: app-20260403083010-0009/9 on worker-20260403082953-172.20.0.2-43901 (172.20.0.2:43901) with 2 core(s)
[2026-04-03T08:30:40.683+0000] {spark_submit.py:579} INFO - 26/04/03 08:30:40 INFO StandaloneSchedulerBackend: Granted executor ID app-20260403083010-0009/9 on hostPort 172.20.0.2:43901 with 2 core(s), 1024.0 MiB RAM
[2026-04-03T08:30:40.718+0000] {spark_submit.py:579} INFO - 26/04/03 08:30:40 INFO StandaloneAppClient$ClientEndpoint: Executor updated: app-20260403083010-0009/9 is now RUNNING
[2026-04-03T08:30:43.768+0000] {spark_submit.py:579} INFO - 26/04/03 08:30:43 INFO StandaloneAppClient$ClientEndpoint: Executor updated: app-20260403083010-0009/9 is now EXITED (Command exited with code 1)
[2026-04-03T08:30:43.769+0000] {spark_submit.py:579} INFO - 26/04/03 08:30:43 INFO StandaloneSchedulerBackend: Executor app-20260403083010-0009/9 removed: Command exited with code 1
[2026-04-03T08:30:43.769+0000] {spark_submit.py:579} INFO - 26/04/03 08:30:43 INFO BlockManagerMasterEndpoint: Trying to remove executor 9 from BlockManagerMaster.
[2026-04-03T08:30:43.770+0000] {spark_submit.py:579} INFO - 26/04/03 08:30:43 INFO BlockManagerMaster: Removal of executor 9 requested
[2026-04-03T08:30:43.770+0000] {spark_submit.py:579} INFO - 26/04/03 08:30:43 INFO StandaloneAppClient$ClientEndpoint: Executor added: app-20260403083010-0009/10 on worker-20260403082953-172.20.0.2-43901 (172.20.0.2:43901) with 2 core(s)
[2026-04-03T08:30:43.771+0000] {spark_submit.py:579} INFO - 26/04/03 08:30:43 INFO BlockManagerMasterEndpoint: Removed 9 successfully in removeExecutor
[2026-04-03T08:30:43.771+0000] {spark_submit.py:579} INFO - 26/04/03 08:30:43 INFO StandaloneSchedulerBackend$StandaloneDriverEndpoint: Asked to remove non-existent executor 9
[2026-04-03T08:30:43.771+0000] {spark_submit.py:579} INFO - 26/04/03 08:30:43 INFO StandaloneSchedulerBackend: Granted executor ID app-20260403083010-0009/10 on hostPort 172.20.0.2:43901 with 2 core(s), 1024.0 MiB RAM
[2026-04-03T08:30:43.804+0000] {spark_submit.py:579} INFO - 26/04/03 08:30:43 INFO StandaloneAppClient$ClientEndpoint: Executor updated: app-20260403083010-0009/10 is now RUNNING
[2026-04-03T08:30:46.945+0000] {spark_submit.py:579} INFO - 26/04/03 08:30:46 INFO StandaloneAppClient$ClientEndpoint: Executor updated: app-20260403083010-0009/10 is now EXITED (Command exited with code 1)
[2026-04-03T08:30:46.945+0000] {spark_submit.py:579} INFO - 26/04/03 08:30:46 INFO StandaloneSchedulerBackend: Executor app-20260403083010-0009/10 removed: Command exited with code 1
[2026-04-03T08:30:46.946+0000] {spark_submit.py:579} INFO - 26/04/03 08:30:46 INFO StandaloneAppClient$ClientEndpoint: Executor added: app-20260403083010-0009/11 on worker-20260403082953-172.20.0.2-43901 (172.20.0.2:43901) with 2 core(s)
[2026-04-03T08:30:46.946+0000] {spark_submit.py:579} INFO - 26/04/03 08:30:46 INFO BlockManagerMaster: Removal of executor 10 requested
[2026-04-03T08:30:46.947+0000] {spark_submit.py:579} INFO - 26/04/03 08:30:46 INFO BlockManagerMasterEndpoint: Trying to remove executor 10 from BlockManagerMaster.
[2026-04-03T08:30:46.947+0000] {spark_submit.py:579} INFO - 26/04/03 08:30:46 INFO BlockManagerMasterEndpoint: Removed 10 successfully in removeExecutor
[2026-04-03T08:30:46.947+0000] {spark_submit.py:579} INFO - 26/04/03 08:30:46 INFO StandaloneSchedulerBackend: Granted executor ID app-20260403083010-0009/11 on hostPort 172.20.0.2:43901 with 2 core(s), 1024.0 MiB RAM
[2026-04-03T08:30:46.948+0000] {spark_submit.py:579} INFO - 26/04/03 08:30:46 INFO StandaloneSchedulerBackend$StandaloneDriverEndpoint: Asked to remove non-existent executor 10
[2026-04-03T08:30:46.979+0000] {spark_submit.py:579} INFO - 26/04/03 08:30:46 INFO StandaloneAppClient$ClientEndpoint: Executor updated: app-20260403083010-0009/11 is now RUNNING
[2026-04-03T08:30:47.667+0000] {spark_submit.py:579} INFO - 26/04/03 08:30:47 WARN TaskSchedulerImpl: Initial job has not accepted any resources; check your cluster UI to ensure that workers are registered and have sufficient resources
[2026-04-03T08:30:50.226+0000] {spark_submit.py:579} INFO - 26/04/03 08:30:50 INFO StandaloneAppClient$ClientEndpoint: Executor updated: app-20260403083010-0009/11 is now EXITED (Command exited with code 1)
[2026-04-03T08:30:50.227+0000] {spark_submit.py:579} INFO - 26/04/03 08:30:50 INFO StandaloneSchedulerBackend: Executor app-20260403083010-0009/11 removed: Command exited with code 1
[2026-04-03T08:30:50.228+0000] {spark_submit.py:579} INFO - 26/04/03 08:30:50 INFO StandaloneAppClient$ClientEndpoint: Executor added: app-20260403083010-0009/12 on worker-20260403082953-172.20.0.2-43901 (172.20.0.2:43901) with 2 core(s)
[2026-04-03T08:30:50.228+0000] {spark_submit.py:579} INFO - 26/04/03 08:30:50 INFO StandaloneSchedulerBackend: Granted executor ID app-20260403083010-0009/12 on hostPort 172.20.0.2:43901 with 2 core(s), 1024.0 MiB RAM
[2026-04-03T08:30:50.229+0000] {spark_submit.py:579} INFO - 26/04/03 08:30:50 INFO BlockManagerMasterEndpoint: Trying to remove executor 11 from BlockManagerMaster.
[2026-04-03T08:30:50.229+0000] {spark_submit.py:579} INFO - 26/04/03 08:30:50 INFO BlockManagerMaster: Removal of executor 11 requested
[2026-04-03T08:30:50.230+0000] {spark_submit.py:579} INFO - 26/04/03 08:30:50 INFO BlockManagerMasterEndpoint: Removed 11 successfully in removeExecutor
[2026-04-03T08:30:50.230+0000] {spark_submit.py:579} INFO - 26/04/03 08:30:50 INFO StandaloneSchedulerBackend$StandaloneDriverEndpoint: Asked to remove non-existent executor 11
[2026-04-03T08:30:50.260+0000] {spark_submit.py:579} INFO - 26/04/03 08:30:50 INFO StandaloneAppClient$ClientEndpoint: Executor updated: app-20260403083010-0009/12 is now RUNNING
[2026-04-03T08:30:53.412+0000] {spark_submit.py:579} INFO - 26/04/03 08:30:53 INFO StandaloneAppClient$ClientEndpoint: Executor updated: app-20260403083010-0009/12 is now EXITED (Command exited with code 1)
[2026-04-03T08:30:53.413+0000] {spark_submit.py:579} INFO - 26/04/03 08:30:53 INFO StandaloneSchedulerBackend: Executor app-20260403083010-0009/12 removed: Command exited with code 1
[2026-04-03T08:30:53.413+0000] {spark_submit.py:579} INFO - 26/04/03 08:30:53 INFO StandaloneAppClient$ClientEndpoint: Executor added: app-20260403083010-0009/13 on worker-20260403082953-172.20.0.2-43901 (172.20.0.2:43901) with 2 core(s)
[2026-04-03T08:30:53.414+0000] {spark_submit.py:579} INFO - 26/04/03 08:30:53 INFO BlockManagerMaster: Removal of executor 12 requested
[2026-04-03T08:30:53.414+0000] {spark_submit.py:579} INFO - 26/04/03 08:30:53 INFO StandaloneSchedulerBackend$StandaloneDriverEndpoint: Asked to remove non-existent executor 12
[2026-04-03T08:30:53.415+0000] {spark_submit.py:579} INFO - 26/04/03 08:30:53 INFO BlockManagerMasterEndpoint: Trying to remove executor 12 from BlockManagerMaster.
[2026-04-03T08:30:53.415+0000] {spark_submit.py:579} INFO - 26/04/03 08:30:53 INFO BlockManagerMasterEndpoint: Removed 12 successfully in removeExecutor
[2026-04-03T08:30:53.416+0000] {spark_submit.py:579} INFO - 26/04/03 08:30:53 INFO StandaloneSchedulerBackend: Granted executor ID app-20260403083010-0009/13 on hostPort 172.20.0.2:43901 with 2 core(s), 1024.0 MiB RAM
[2026-04-03T08:30:53.446+0000] {spark_submit.py:579} INFO - 26/04/03 08:30:53 INFO StandaloneAppClient$ClientEndpoint: Executor updated: app-20260403083010-0009/13 is now RUNNING
[2026-04-03T08:30:56.608+0000] {spark_submit.py:579} INFO - 26/04/03 08:30:56 INFO StandaloneAppClient$ClientEndpoint: Executor updated: app-20260403083010-0009/13 is now EXITED (Command exited with code 1)
[2026-04-03T08:30:56.609+0000] {spark_submit.py:579} INFO - 26/04/03 08:30:56 INFO StandaloneSchedulerBackend: Executor app-20260403083010-0009/13 removed: Command exited with code 1
[2026-04-03T08:30:56.610+0000] {spark_submit.py:579} INFO - 26/04/03 08:30:56 INFO StandaloneAppClient$ClientEndpoint: Executor added: app-20260403083010-0009/14 on worker-20260403082953-172.20.0.2-43901 (172.20.0.2:43901) with 2 core(s)
[2026-04-03T08:30:56.610+0000] {spark_submit.py:579} INFO - 26/04/03 08:30:56 INFO BlockManagerMaster: Removal of executor 13 requested
[2026-04-03T08:30:56.610+0000] {spark_submit.py:579} INFO - 26/04/03 08:30:56 INFO BlockManagerMasterEndpoint: Trying to remove executor 13 from BlockManagerMaster.
[2026-04-03T08:30:56.611+0000] {spark_submit.py:579} INFO - 26/04/03 08:30:56 INFO BlockManagerMasterEndpoint: Removed 13 successfully in removeExecutor
[2026-04-03T08:30:56.611+0000] {spark_submit.py:579} INFO - 26/04/03 08:30:56 INFO StandaloneSchedulerBackend$StandaloneDriverEndpoint: Asked to remove non-existent executor 13
[2026-04-03T08:30:56.611+0000] {spark_submit.py:579} INFO - 26/04/03 08:30:56 INFO StandaloneSchedulerBackend: Granted executor ID app-20260403083010-0009/14 on hostPort 172.20.0.2:43901 with 2 core(s), 1024.0 MiB RAM
[2026-04-03T08:30:56.643+0000] {spark_submit.py:579} INFO - 26/04/03 08:30:56 INFO StandaloneAppClient$ClientEndpoint: Executor updated: app-20260403083010-0009/14 is now RUNNING
[2026-04-03T08:30:59.622+0000] {spark_submit.py:579} INFO - 26/04/03 08:30:59 INFO StandaloneAppClient$ClientEndpoint: Executor updated: app-20260403083010-0009/14 is now EXITED (Command exited with code 1)
[2026-04-03T08:30:59.623+0000] {spark_submit.py:579} INFO - 26/04/03 08:30:59 INFO StandaloneSchedulerBackend: Executor app-20260403083010-0009/14 removed: Command exited with code 1
[2026-04-03T08:30:59.623+0000] {spark_submit.py:579} INFO - 26/04/03 08:30:59 INFO StandaloneAppClient$ClientEndpoint: Executor added: app-20260403083010-0009/15 on worker-20260403082953-172.20.0.2-43901 (172.20.0.2:43901) with 2 core(s)
[2026-04-03T08:30:59.624+0000] {spark_submit.py:579} INFO - 26/04/03 08:30:59 INFO BlockManagerMaster: Removal of executor 14 requested
[2026-04-03T08:30:59.625+0000] {spark_submit.py:579} INFO - 26/04/03 08:30:59 INFO BlockManagerMasterEndpoint: Trying to remove executor 14 from BlockManagerMaster.
[2026-04-03T08:30:59.625+0000] {spark_submit.py:579} INFO - 26/04/03 08:30:59 INFO StandaloneSchedulerBackend: Granted executor ID app-20260403083010-0009/15 on hostPort 172.20.0.2:43901 with 2 core(s), 1024.0 MiB RAM
[2026-04-03T08:30:59.625+0000] {spark_submit.py:579} INFO - 26/04/03 08:30:59 INFO BlockManagerMasterEndpoint: Removed 14 successfully in removeExecutor
[2026-04-03T08:30:59.626+0000] {spark_submit.py:579} INFO - 26/04/03 08:30:59 INFO StandaloneSchedulerBackend$StandaloneDriverEndpoint: Asked to remove non-existent executor 14
[2026-04-03T08:30:59.656+0000] {spark_submit.py:579} INFO - 26/04/03 08:30:59 INFO StandaloneAppClient$ClientEndpoint: Executor updated: app-20260403083010-0009/15 is now RUNNING
[2026-04-03T08:31:02.667+0000] {spark_submit.py:579} INFO - 26/04/03 08:31:02 WARN TaskSchedulerImpl: Initial job has not accepted any resources; check your cluster UI to ensure that workers are registered and have sufficient resources
[2026-04-03T08:31:02.817+0000] {spark_submit.py:579} INFO - 26/04/03 08:31:02 INFO StandaloneAppClient$ClientEndpoint: Executor updated: app-20260403083010-0009/15 is now EXITED (Command exited with code 1)
[2026-04-03T08:31:02.818+0000] {spark_submit.py:579} INFO - 26/04/03 08:31:02 INFO StandaloneSchedulerBackend: Executor app-20260403083010-0009/15 removed: Command exited with code 1
[2026-04-03T08:31:02.818+0000] {spark_submit.py:579} INFO - 26/04/03 08:31:02 INFO StandaloneAppClient$ClientEndpoint: Executor added: app-20260403083010-0009/16 on worker-20260403082953-172.20.0.2-43901 (172.20.0.2:43901) with 2 core(s)
[2026-04-03T08:31:02.819+0000] {spark_submit.py:579} INFO - 26/04/03 08:31:02 INFO BlockManagerMaster: Removal of executor 15 requested
[2026-04-03T08:31:02.819+0000] {spark_submit.py:579} INFO - 26/04/03 08:31:02 INFO BlockManagerMasterEndpoint: Trying to remove executor 15 from BlockManagerMaster.
[2026-04-03T08:31:02.820+0000] {spark_submit.py:579} INFO - 26/04/03 08:31:02 INFO StandaloneSchedulerBackend: Granted executor ID app-20260403083010-0009/16 on hostPort 172.20.0.2:43901 with 2 core(s), 1024.0 MiB RAM
[2026-04-03T08:31:02.820+0000] {spark_submit.py:579} INFO - 26/04/03 08:31:02 INFO StandaloneSchedulerBackend$StandaloneDriverEndpoint: Asked to remove non-existent executor 15
[2026-04-03T08:31:02.820+0000] {spark_submit.py:579} INFO - 26/04/03 08:31:02 INFO BlockManagerMasterEndpoint: Removed 15 successfully in removeExecutor
[2026-04-03T08:31:02.846+0000] {spark_submit.py:579} INFO - 26/04/03 08:31:02 INFO StandaloneAppClient$ClientEndpoint: Executor updated: app-20260403083010-0009/16 is now RUNNING
[2026-04-03T08:31:06.088+0000] {spark_submit.py:579} INFO - 26/04/03 08:31:06 INFO StandaloneAppClient$ClientEndpoint: Executor updated: app-20260403083010-0009/16 is now EXITED (Command exited with code 1)
[2026-04-03T08:31:06.091+0000] {spark_submit.py:579} INFO - 26/04/03 08:31:06 INFO StandaloneSchedulerBackend: Executor app-20260403083010-0009/16 removed: Command exited with code 1
[2026-04-03T08:31:06.091+0000] {spark_submit.py:579} INFO - 26/04/03 08:31:06 INFO StandaloneAppClient$ClientEndpoint: Executor added: app-20260403083010-0009/17 on worker-20260403082953-172.20.0.2-43901 (172.20.0.2:43901) with 2 core(s)
[2026-04-03T08:31:06.091+0000] {spark_submit.py:579} INFO - 26/04/03 08:31:06 INFO BlockManagerMaster: Removal of executor 16 requested
[2026-04-03T08:31:06.092+0000] {spark_submit.py:579} INFO - 26/04/03 08:31:06 INFO BlockManagerMasterEndpoint: Trying to remove executor 16 from BlockManagerMaster.
[2026-04-03T08:31:06.092+0000] {spark_submit.py:579} INFO - 26/04/03 08:31:06 INFO BlockManagerMasterEndpoint: Removed 16 successfully in removeExecutor
[2026-04-03T08:31:06.092+0000] {spark_submit.py:579} INFO - 26/04/03 08:31:06 INFO StandaloneSchedulerBackend$StandaloneDriverEndpoint: Asked to remove non-existent executor 16
[2026-04-03T08:31:06.092+0000] {spark_submit.py:579} INFO - 26/04/03 08:31:06 INFO StandaloneSchedulerBackend: Granted executor ID app-20260403083010-0009/17 on hostPort 172.20.0.2:43901 with 2 core(s), 1024.0 MiB RAM
[2026-04-03T08:31:06.121+0000] {spark_submit.py:579} INFO - 26/04/03 08:31:06 INFO StandaloneAppClient$ClientEndpoint: Executor updated: app-20260403083010-0009/17 is now RUNNING
[2026-04-03T08:31:09.453+0000] {spark_submit.py:579} INFO - 26/04/03 08:31:09 INFO StandaloneAppClient$ClientEndpoint: Executor updated: app-20260403083010-0009/17 is now EXITED (Command exited with code 1)
[2026-04-03T08:31:09.454+0000] {spark_submit.py:579} INFO - 26/04/03 08:31:09 INFO StandaloneSchedulerBackend: Executor app-20260403083010-0009/17 removed: Command exited with code 1
[2026-04-03T08:31:09.454+0000] {spark_submit.py:579} INFO - 26/04/03 08:31:09 INFO StandaloneAppClient$ClientEndpoint: Executor added: app-20260403083010-0009/18 on worker-20260403082953-172.20.0.2-43901 (172.20.0.2:43901) with 2 core(s)
[2026-04-03T08:31:09.455+0000] {spark_submit.py:579} INFO - 26/04/03 08:31:09 INFO BlockManagerMaster: Removal of executor 17 requested
[2026-04-03T08:31:09.455+0000] {spark_submit.py:579} INFO - 26/04/03 08:31:09 INFO StandaloneSchedulerBackend: Granted executor ID app-20260403083010-0009/18 on hostPort 172.20.0.2:43901 with 2 core(s), 1024.0 MiB RAM
[2026-04-03T08:31:09.456+0000] {spark_submit.py:579} INFO - 26/04/03 08:31:09 INFO StandaloneSchedulerBackend$StandaloneDriverEndpoint: Asked to remove non-existent executor 17
[2026-04-03T08:31:09.456+0000] {spark_submit.py:579} INFO - 26/04/03 08:31:09 INFO BlockManagerMasterEndpoint: Trying to remove executor 17 from BlockManagerMaster.
[2026-04-03T08:31:09.456+0000] {spark_submit.py:579} INFO - 26/04/03 08:31:09 INFO BlockManagerMasterEndpoint: Removed 17 successfully in removeExecutor
[2026-04-03T08:31:09.487+0000] {spark_submit.py:579} INFO - 26/04/03 08:31:09 INFO StandaloneAppClient$ClientEndpoint: Executor updated: app-20260403083010-0009/18 is now RUNNING
[2026-04-03T08:31:10.261+0000] {spark_submit.py:579} INFO - 26/04/03 08:31:10 ERROR StandaloneSchedulerBackend: Application has been killed. Reason: Master removed our application: KILLED
[2026-04-03T08:31:10.266+0000] {spark_submit.py:579} INFO - 26/04/03 08:31:10 INFO TaskSchedulerImpl: Removed TaskSet 0.0 whose tasks have all completed, from pool
[2026-04-03T08:31:10.273+0000] {spark_submit.py:579} INFO - 26/04/03 08:31:10 INFO SparkContext: SparkContext is stopping with exitCode 0 from run at <unknown>:0.
[2026-04-03T08:31:10.293+0000] {spark_submit.py:579} INFO - 26/04/03 08:31:10 INFO TaskSchedulerImpl: Canceling stage 0
[2026-04-03T08:31:10.296+0000] {spark_submit.py:579} INFO - 26/04/03 08:31:10 INFO TaskSchedulerImpl: Killing all running tasks in stage 0: Job aborted due to stage failure: Master removed our application: KILLED
[2026-04-03T08:31:10.299+0000] {spark_submit.py:579} INFO - 26/04/03 08:31:10 INFO DAGScheduler: ResultStage 0 (json at NativeMethodAccessorImpl.java:0) failed in 52882 ms due to Job aborted due to stage failure: Master removed our application: KILLED
[2026-04-03T08:31:10.305+0000] {spark_submit.py:579} INFO - 26/04/03 08:31:10 INFO DAGScheduler: Job 0 failed: json at NativeMethodAccessorImpl.java:0, took 52964.61706 ms
[2026-04-03T08:31:10.306+0000] {spark_submit.py:579} INFO - 26/04/03 08:31:10 INFO SparkUI: Stopped Spark web UI at http://***_scheduler:4040
[2026-04-03T08:31:10.316+0000] {spark_submit.py:579} INFO - 26/04/03 08:31:10 INFO StandaloneSchedulerBackend: Shutting down all executors
[2026-04-03T08:31:10.325+0000] {spark_submit.py:579} INFO - 26/04/03 08:31:10 INFO StandaloneSchedulerBackend$StandaloneDriverEndpoint: Asking each executor to shut down
[2026-04-03T08:31:10.335+0000] {spark_submit.py:579} INFO - 26/04/03 08:31:10 ERROR Utils: Uncaught exception in thread stop-spark-context
[2026-04-03T08:31:10.335+0000] {spark_submit.py:579} INFO - org.apache.spark.SparkException: Exception thrown in awaitResult:
[2026-04-03T08:31:10.336+0000] {spark_submit.py:579} INFO - at org.apache.spark.util.SparkThreadUtils$.awaitResult(SparkThreadUtils.scala:53)
[2026-04-03T08:31:10.336+0000] {spark_submit.py:579} INFO - at org.apache.spark.util.ThreadUtils$.awaitResult(ThreadUtils.scala:359)
[2026-04-03T08:31:10.337+0000] {spark_submit.py:579} INFO - at org.apache.spark.rpc.RpcTimeout.awaitResult(RpcTimeout.scala:75)
[2026-04-03T08:31:10.337+0000] {spark_submit.py:579} INFO - at org.apache.spark.deploy.client.StandaloneAppClient.stop(StandaloneAppClient.scala:298)
[2026-04-03T08:31:10.337+0000] {spark_submit.py:579} INFO - at org.apache.spark.scheduler.cluster.StandaloneSchedulerBackend.org$apache$spark$scheduler$cluster$StandaloneSchedulerBackend$$stop(StandaloneSchedulerBackend.scala:285)
[2026-04-03T08:31:10.337+0000] {spark_submit.py:579} INFO - at org.apache.spark.scheduler.cluster.StandaloneSchedulerBackend.stop(StandaloneSchedulerBackend.scala:143)
[2026-04-03T08:31:10.338+0000] {spark_submit.py:579} INFO - at org.apache.spark.scheduler.SchedulerBackend.stop(SchedulerBackend.scala:34)
[2026-04-03T08:31:10.338+0000] {spark_submit.py:579} INFO - at org.apache.spark.scheduler.SchedulerBackend.stop$(SchedulerBackend.scala:34)
[2026-04-03T08:31:10.338+0000] {spark_submit.py:579} INFO - at org.apache.spark.scheduler.cluster.CoarseGrainedSchedulerBackend.stop(CoarseGrainedSchedulerBackend.scala:58)
[2026-04-03T08:31:10.339+0000] {spark_submit.py:579} INFO - at org.apache.spark.scheduler.TaskSchedulerImpl.$anonfun$stop$2(TaskSchedulerImpl.scala:933)
[2026-04-03T08:31:10.339+0000] {spark_submit.py:579} INFO - at org.apache.spark.util.Utils$.tryLogNonFatalError(Utils.scala:1314)
[2026-04-03T08:31:10.339+0000] {spark_submit.py:579} INFO - at org.apache.spark.scheduler.TaskSchedulerImpl.stop(TaskSchedulerImpl.scala:933)
[2026-04-03T08:31:10.339+0000] {spark_submit.py:579} INFO - at org.apache.spark.scheduler.DAGScheduler.$anonfun$stop$4(DAGScheduler.scala:3310)
[2026-04-03T08:31:10.340+0000] {spark_submit.py:579} INFO - at org.apache.spark.util.Utils$.tryLogNonFatalError(Utils.scala:1314)
[2026-04-03T08:31:10.340+0000] {spark_submit.py:579} INFO - at org.apache.spark.scheduler.DAGScheduler.stop(DAGScheduler.scala:3310)
[2026-04-03T08:31:10.340+0000] {spark_submit.py:579} INFO - at org.apache.spark.SparkContext.$anonfun$stop$12(SparkContext.scala:2357)
[2026-04-03T08:31:10.340+0000] {spark_submit.py:579} INFO - at org.apache.spark.util.Utils$.tryLogNonFatalError(Utils.scala:1314)
[2026-04-03T08:31:10.341+0000] {spark_submit.py:579} INFO - at org.apache.spark.SparkContext.stop(SparkContext.scala:2357)
[2026-04-03T08:31:10.341+0000] {spark_submit.py:579} INFO - at org.apache.spark.SparkContext.stop(SparkContext.scala:2308)
[2026-04-03T08:31:10.341+0000] {spark_submit.py:579} INFO - at org.apache.spark.SparkContext$$anon$3.run(SparkContext.scala:2295)
[2026-04-03T08:31:10.341+0000] {spark_submit.py:579} INFO - Caused by: org.apache.spark.SparkException: Could not find AppClient.
[2026-04-03T08:31:10.342+0000] {spark_submit.py:579} INFO - at org.apache.spark.rpc.netty.Dispatcher.postMessage(Dispatcher.scala:181)
[2026-04-03T08:31:10.342+0000] {spark_submit.py:579} INFO - at org.apache.spark.rpc.netty.Dispatcher.postLocalMessage(Dispatcher.scala:146)
[2026-04-03T08:31:10.342+0000] {spark_submit.py:579} INFO - at org.apache.spark.rpc.netty.NettyRpcEnv.askAbortable(NettyRpcEnv.scala:245)
[2026-04-03T08:31:10.343+0000] {spark_submit.py:579} INFO - at org.apache.spark.rpc.netty.NettyRpcEndpointRef.askAbortable(NettyRpcEnv.scala:561)
[2026-04-03T08:31:10.343+0000] {spark_submit.py:579} INFO - at org.apache.spark.rpc.netty.NettyRpcEndpointRef.ask(NettyRpcEnv.scala:565)
[2026-04-03T08:31:10.343+0000] {spark_submit.py:579} INFO - at org.apache.spark.rpc.RpcEndpointRef.ask(RpcEndpointRef.scala:72)
[2026-04-03T08:31:10.343+0000] {spark_submit.py:579} INFO - ... 17 more
[2026-04-03T08:31:10.352+0000] {spark_submit.py:579} INFO - 26/04/03 08:31:10 INFO MapOutputTrackerMasterEndpoint: MapOutputTrackerMasterEndpoint stopped!
[2026-04-03T08:31:10.386+0000] {spark_submit.py:579} INFO - 26/04/03 08:31:10 INFO MemoryStore: MemoryStore cleared
[2026-04-03T08:31:10.386+0000] {spark_submit.py:579} INFO - 26/04/03 08:31:10 INFO BlockManager: BlockManager stopped
[2026-04-03T08:31:10.400+0000] {spark_submit.py:579} INFO - 26/04/03 08:31:10 INFO BlockManagerMaster: BlockManagerMaster stopped
[2026-04-03T08:31:10.407+0000] {spark_submit.py:579} INFO - 26/04/03 08:31:10 INFO OutputCommitCoordinator$OutputCommitCoordinatorEndpoint: OutputCommitCoordinator stopped!
[2026-04-03T08:31:10.438+0000] {spark_submit.py:579} INFO - 26/04/03 08:31:10 INFO SparkContext: Successfully stopped SparkContext (Uptime: 62113 ms)
[2026-04-03T08:31:10.486+0000] {spark_submit.py:579} INFO - Error detectado: An error occurred while calling o37.json.
[2026-04-03T08:31:10.487+0000] {spark_submit.py:579} INFO - : org.apache.spark.SparkException: Job aborted due to stage failure: Master removed our application: KILLED
[2026-04-03T08:31:10.487+0000] {spark_submit.py:579} INFO - at org.apache.spark.scheduler.DAGScheduler.$anonfun$abortStage$3(DAGScheduler.scala:3122)
[2026-04-03T08:31:10.487+0000] {spark_submit.py:579} INFO - at scala.Option.getOrElse(Option.scala:201)
[2026-04-03T08:31:10.488+0000] {spark_submit.py:579} INFO - at org.apache.spark.scheduler.DAGScheduler.$anonfun$abortStage$2(DAGScheduler.scala:3122)
[2026-04-03T08:31:10.488+0000] {spark_submit.py:579} INFO - at org.apache.spark.scheduler.DAGScheduler.$anonfun$abortStage$2$adapted(DAGScheduler.scala:3114)
[2026-04-03T08:31:10.488+0000] {spark_submit.py:579} INFO - at scala.collection.immutable.List.foreach(List.scala:323)
[2026-04-03T08:31:10.488+0000] {spark_submit.py:579} INFO - at org.apache.spark.scheduler.DAGScheduler.abortStage(DAGScheduler.scala:3114)
[2026-04-03T08:31:10.489+0000] {spark_submit.py:579} INFO - at org.apache.spark.scheduler.DAGScheduler.$anonfun$handleTaskSetFailed$1(DAGScheduler.scala:1303)
[2026-04-03T08:31:10.489+0000] {spark_submit.py:579} INFO - at org.apache.spark.scheduler.DAGScheduler.$anonfun$handleTaskSetFailed$1$adapted(DAGScheduler.scala:1303)
[2026-04-03T08:31:10.489+0000] {spark_submit.py:579} INFO - at scala.Option.foreach(Option.scala:437)
[2026-04-03T08:31:10.489+0000] {spark_submit.py:579} INFO - at org.apache.spark.scheduler.DAGScheduler.handleTaskSetFailed(DAGScheduler.scala:1303)
[2026-04-03T08:31:10.489+0000] {spark_submit.py:579} INFO - at org.apache.spark.scheduler.DAGSchedulerEventProcessLoop.doOnReceive(DAGScheduler.scala:3397)
[2026-04-03T08:31:10.490+0000] {spark_submit.py:579} INFO - at org.apache.spark.scheduler.DAGSchedulerEventProcessLoop.onReceive(DAGScheduler.scala:3328)
[2026-04-03T08:31:10.490+0000] {spark_submit.py:579} INFO - at org.apache.spark.scheduler.DAGSchedulerEventProcessLoop.onReceive(DAGScheduler.scala:3317)
[2026-04-03T08:31:10.490+0000] {spark_submit.py:579} INFO - at org.apache.spark.util.EventLoop$$anon$1.run(EventLoop.scala:50)
[2026-04-03T08:31:10.490+0000] {spark_submit.py:579} INFO - at org.apache.spark.scheduler.DAGScheduler.runJob(DAGScheduler.scala:1017)
[2026-04-03T08:31:10.491+0000] {spark_submit.py:579} INFO - at org.apache.spark.SparkContext.runJob(SparkContext.scala:2496)
[2026-04-03T08:31:10.491+0000] {spark_submit.py:579} INFO - at org.apache.spark.SparkContext.runJob(SparkContext.scala:2517)
[2026-04-03T08:31:10.491+0000] {spark_submit.py:579} INFO - at org.apache.spark.SparkContext.runJob(SparkContext.scala:2536)
[2026-04-03T08:31:10.491+0000] {spark_submit.py:579} INFO - at org.apache.spark.SparkContext.runJob(SparkContext.scala:2561)
[2026-04-03T08:31:10.492+0000] {spark_submit.py:579} INFO - at org.apache.spark.rdd.RDD.$anonfun$collect$1(RDD.scala:1057)
[2026-04-03T08:31:10.492+0000] {spark_submit.py:579} INFO - at org.apache.spark.rdd.RDDOperationScope$.withScope(RDDOperationScope.scala:151)
[2026-04-03T08:31:10.492+0000] {spark_submit.py:579} INFO - at org.apache.spark.rdd.RDDOperationScope$.withScope(RDDOperationScope.scala:112)
[2026-04-03T08:31:10.492+0000] {spark_submit.py:579} INFO - at org.apache.spark.rdd.RDD.withScope(RDD.scala:417)
[2026-04-03T08:31:10.492+0000] {spark_submit.py:579} INFO - at org.apache.spark.rdd.RDD.collect(RDD.scala:1056)
[2026-04-03T08:31:10.493+0000] {spark_submit.py:579} INFO - at org.apache.spark.util.HadoopFSUtils$.parallelListLeafFilesInternal(HadoopFSUtils.scala:160)
[2026-04-03T08:31:10.493+0000] {spark_submit.py:579} INFO - at org.apache.spark.util.HadoopFSUtils$.parallelListLeafFiles(HadoopFSUtils.scala:72)
[2026-04-03T08:31:10.493+0000] {spark_submit.py:579} INFO - at org.apache.spark.sql.execution.datasources.InMemoryFileIndex$.bulkListLeafFiles(InMemoryFileIndex.scala:179)
[2026-04-03T08:31:10.493+0000] {spark_submit.py:579} INFO - at org.apache.spark.sql.execution.datasources.InMemoryFileIndex.listLeafFiles(InMemoryFileIndex.scala:135)
[2026-04-03T08:31:10.494+0000] {spark_submit.py:579} INFO - at org.apache.spark.sql.execution.datasources.InMemoryFileIndex.refresh0(InMemoryFileIndex.scala:98)
[2026-04-03T08:31:10.494+0000] {spark_submit.py:579} INFO - at org.apache.spark.sql.execution.datasources.InMemoryFileIndex.<init>(InMemoryFileIndex.scala:70)
[2026-04-03T08:31:10.494+0000] {spark_submit.py:579} INFO - at org.apache.spark.sql.execution.datasources.DataSource.createInMemoryFileIndex(DataSource.scala:568)
[2026-04-03T08:31:10.494+0000] {spark_submit.py:579} INFO - at org.apache.spark.sql.execution.datasources.DataSource.resolveRelation(DataSource.scala:423)
[2026-04-03T08:31:10.494+0000] {spark_submit.py:579} INFO - at org.apache.spark.sql.catalyst.analysis.ResolveDataSource.org$apache$spark$sql$catalyst$analysis$ResolveDataSource$$loadV1BatchSource(ResolveDataSource.scala:143)
[2026-04-03T08:31:10.495+0000] {spark_submit.py:579} INFO - at org.apache.spark.sql.catalyst.analysis.ResolveDataSource$$anonfun$apply$1.$anonfun$applyOrElse$2(ResolveDataSource.scala:61)
[2026-04-03T08:31:10.495+0000] {spark_submit.py:579} INFO - at scala.Option.getOrElse(Option.scala:201)
[2026-04-03T08:31:10.495+0000] {spark_submit.py:579} INFO - at org.apache.spark.sql.catalyst.analysis.ResolveDataSource$$anonfun$apply$1.applyOrElse(ResolveDataSource.scala:61)
[2026-04-03T08:31:10.495+0000] {spark_submit.py:579} INFO - at org.apache.spark.sql.catalyst.analysis.ResolveDataSource$$anonfun$apply$1.applyOrElse(ResolveDataSource.scala:45)
[2026-04-03T08:31:10.496+0000] {spark_submit.py:579} INFO - at org.apache.spark.sql.catalyst.plans.logical.AnalysisHelper.$anonfun$resolveOperatorsUpWithPruning$3(AnalysisHelper.scala:139)
[2026-04-03T08:31:10.496+0000] {spark_submit.py:579} INFO - at org.apache.spark.sql.catalyst.trees.CurrentOrigin$.withOrigin(origin.scala:107)
[2026-04-03T08:31:10.496+0000] {spark_submit.py:579} INFO - at org.apache.spark.sql.catalyst.plans.logical.AnalysisHelper.$anonfun$resolveOperatorsUpWithPruning$1(AnalysisHelper.scala:139)
[2026-04-03T08:31:10.496+0000] {spark_submit.py:579} INFO - at org.apache.spark.sql.catalyst.plans.logical.AnalysisHelper$.allowInvokingTransformsInAnalyzer(AnalysisHelper.scala:416)
[2026-04-03T08:31:10.497+0000] {spark_submit.py:579} INFO - at org.apache.spark.sql.catalyst.plans.logical.AnalysisHelper.resolveOperatorsUpWithPruning(AnalysisHelper.scala:135)
[2026-04-03T08:31:10.497+0000] {spark_submit.py:579} INFO - at org.apache.spark.sql.catalyst.plans.logical.AnalysisHelper.resolveOperatorsUpWithPruning$(AnalysisHelper.scala:131)
[2026-04-03T08:31:10.497+0000] {spark_submit.py:579} INFO - at org.apache.spark.sql.catalyst.plans.logical.LogicalPlan.resolveOperatorsUpWithPruning(LogicalPlan.scala:37)
[2026-04-03T08:31:10.497+0000] {spark_submit.py:579} INFO - at org.apache.spark.sql.catalyst.plans.logical.AnalysisHelper.resolveOperatorsUp(AnalysisHelper.scala:112)
[2026-04-03T08:31:10.497+0000] {spark_submit.py:579} INFO - at org.apache.spark.sql.catalyst.plans.logical.AnalysisHelper.resolveOperatorsUp$(AnalysisHelper.scala:111)
[2026-04-03T08:31:10.498+0000] {spark_submit.py:579} INFO - at org.apache.spark.sql.catalyst.plans.logical.LogicalPlan.resolveOperatorsUp(LogicalPlan.scala:37)
[2026-04-03T08:31:10.498+0000] {spark_submit.py:579} INFO - at org.apache.spark.sql.catalyst.analysis.ResolveDataSource.apply(ResolveDataSource.scala:45)
[2026-04-03T08:31:10.498+0000] {spark_submit.py:579} INFO - at org.apache.spark.sql.catalyst.analysis.ResolveDataSource.apply(ResolveDataSource.scala:43)
[2026-04-03T08:31:10.498+0000] {spark_submit.py:579} INFO - at org.apache.spark.sql.catalyst.rules.RuleExecutor.$anonfun$execute$2(RuleExecutor.scala:248)
[2026-04-03T08:31:10.499+0000] {spark_submit.py:579} INFO - at scala.collection.LinearSeqOps.foldLeft(LinearSeq.scala:183)
[2026-04-03T08:31:10.499+0000] {spark_submit.py:579} INFO - at scala.collection.LinearSeqOps.foldLeft$(LinearSeq.scala:179)
[2026-04-03T08:31:10.499+0000] {spark_submit.py:579} INFO - at scala.collection.immutable.List.foldLeft(List.scala:79)
[2026-04-03T08:31:10.499+0000] {spark_submit.py:579} INFO - at org.apache.spark.sql.catalyst.rules.RuleExecutor.$anonfun$execute$1(RuleExecutor.scala:245)
[2026-04-03T08:31:10.500+0000] {spark_submit.py:579} INFO - at org.apache.spark.sql.catalyst.rules.RuleExecutor.$anonfun$execute$1$adapted(RuleExecutor.scala:237)
[2026-04-03T08:31:10.500+0000] {spark_submit.py:579} INFO - at scala.collection.immutable.List.foreach(List.scala:323)
[2026-04-03T08:31:10.500+0000] {spark_submit.py:579} INFO - at org.apache.spark.sql.catalyst.rules.RuleExecutor.execute(RuleExecutor.scala:237)
[2026-04-03T08:31:10.500+0000] {spark_submit.py:579} INFO - at org.apache.spark.sql.catalyst.analysis.Analyzer.org$apache$spark$sql$catalyst$analysis$Analyzer$$executeSameContext(Analyzer.scala:343)
[2026-04-03T08:31:10.501+0000] {spark_submit.py:579} INFO - at org.apache.spark.sql.catalyst.analysis.Analyzer.$anonfun$execute$1(Analyzer.scala:339)
[2026-04-03T08:31:10.501+0000] {spark_submit.py:579} INFO - at org.apache.spark.sql.catalyst.analysis.AnalysisContext$.withNewAnalysisContext(Analyzer.scala:224)
[2026-04-03T08:31:10.501+0000] {spark_submit.py:579} INFO - at org.apache.spark.sql.catalyst.analysis.Analyzer.execute(Analyzer.scala:339)
[2026-04-03T08:31:10.501+0000] {spark_submit.py:579} INFO - at org.apache.spark.sql.catalyst.analysis.Analyzer.execute(Analyzer.scala:289)
[2026-04-03T08:31:10.501+0000] {spark_submit.py:579} INFO - at org.apache.spark.sql.catalyst.rules.RuleExecutor.$anonfun$executeAndTrack$1(RuleExecutor.scala:207)
[2026-04-03T08:31:10.502+0000] {spark_submit.py:579} INFO - at org.apache.spark.sql.catalyst.QueryPlanningTracker$.withTracker(QueryPlanningTracker.scala:89)
[2026-04-03T08:31:10.502+0000] {spark_submit.py:579} INFO - at org.apache.spark.sql.catalyst.rules.RuleExecutor.executeAndTrack(RuleExecutor.scala:207)
[2026-04-03T08:31:10.502+0000] {spark_submit.py:579} INFO - at org.apache.spark.sql.catalyst.analysis.resolver.HybridAnalyzer.resolveInFixedPoint(HybridAnalyzer.scala:236)
[2026-04-03T08:31:10.502+0000] {spark_submit.py:579} INFO - at org.apache.spark.sql.catalyst.analysis.resolver.HybridAnalyzer.$anonfun$apply$1(HybridAnalyzer.scala:91)
[2026-04-03T08:31:10.503+0000] {spark_submit.py:579} INFO - at org.apache.spark.sql.catalyst.analysis.resolver.HybridAnalyzer.withTrackedAnalyzerBridgeState(HybridAnalyzer.scala:122)
[2026-04-03T08:31:10.503+0000] {spark_submit.py:579} INFO - at org.apache.spark.sql.catalyst.analysis.resolver.HybridAnalyzer.apply(HybridAnalyzer.scala:84)
[2026-04-03T08:31:10.503+0000] {spark_submit.py:579} INFO - at org.apache.spark.sql.catalyst.analysis.Analyzer.$anonfun$executeAndCheck$1(Analyzer.scala:322)
[2026-04-03T08:31:10.503+0000] {spark_submit.py:579} INFO - at org.apache.spark.sql.catalyst.plans.logical.AnalysisHelper$.markInAnalyzer(AnalysisHelper.scala:423)
[2026-04-03T08:31:10.503+0000] {spark_submit.py:579} INFO - at org.apache.spark.sql.catalyst.analysis.Analyzer.executeAndCheck(Analyzer.scala:322)
[2026-04-03T08:31:10.504+0000] {spark_submit.py:579} INFO - at org.apache.spark.sql.execution.QueryExecution.$anonfun$lazyAnalyzed$2(QueryExecution.scala:139)
[2026-04-03T08:31:10.504+0000] {spark_submit.py:579} INFO - at org.apache.spark.sql.catalyst.QueryPlanningTracker.measurePhase(QueryPlanningTracker.scala:148)
[2026-04-03T08:31:10.504+0000] {spark_submit.py:579} INFO - at org.apache.spark.sql.execution.QueryExecution.$anonfun$executePhase$2(QueryExecution.scala:330)
[2026-04-03T08:31:10.504+0000] {spark_submit.py:579} INFO - at org.apache.spark.sql.execution.QueryExecution$.withInternalError(QueryExecution.scala:717)
[2026-04-03T08:31:10.505+0000] {spark_submit.py:579} INFO - at org.apache.spark.sql.execution.QueryExecution.$anonfun$executePhase$1(QueryExecution.scala:330)
[2026-04-03T08:31:10.505+0000] {spark_submit.py:579} INFO - at org.apache.spark.sql.SparkSession.withActive(SparkSession.scala:804)
[2026-04-03T08:31:10.505+0000] {spark_submit.py:579} INFO - at org.apache.spark.sql.execution.QueryExecution.executePhase(QueryExecution.scala:329)
[2026-04-03T08:31:10.505+0000] {spark_submit.py:579} INFO - at org.apache.spark.sql.execution.QueryExecution.$anonfun$lazyAnalyzed$1(QueryExecution.scala:139)
[2026-04-03T08:31:10.505+0000] {spark_submit.py:579} INFO - at scala.util.Try$.apply(Try.scala:217)
[2026-04-03T08:31:10.506+0000] {spark_submit.py:579} INFO - at org.apache.spark.util.Utils$.doTryWithCallerStacktrace(Utils.scala:1392)
[2026-04-03T08:31:10.506+0000] {spark_submit.py:579} INFO - at org.apache.spark.util.Utils$.getTryWithCallerStacktrace(Utils.scala:1453)
[2026-04-03T08:31:10.506+0000] {spark_submit.py:579} INFO - at org.apache.spark.util.LazyTry.get(LazyTry.scala:58)
[2026-04-03T08:31:10.506+0000] {spark_submit.py:579} INFO - at org.apache.spark.sql.execution.QueryExecution.analyzed(QueryExecution.scala:150)
[2026-04-03T08:31:10.507+0000] {spark_submit.py:579} INFO - at org.apache.spark.sql.execution.QueryExecution.assertAnalyzed(QueryExecution.scala:90)
[2026-04-03T08:31:10.507+0000] {spark_submit.py:579} INFO - at org.apache.spark.sql.classic.Dataset$.$anonfun$ofRows$1(Dataset.scala:114)
[2026-04-03T08:31:10.507+0000] {spark_submit.py:579} INFO - at org.apache.spark.sql.SparkSession.withActive(SparkSession.scala:804)
[2026-04-03T08:31:10.507+0000] {spark_submit.py:579} INFO - at org.apache.spark.sql.classic.Dataset$.ofRows(Dataset.scala:112)
[2026-04-03T08:31:10.508+0000] {spark_submit.py:579} INFO - at org.apache.spark.sql.classic.DataFrameReader.load(DataFrameReader.scala:108)
[2026-04-03T08:31:10.508+0000] {spark_submit.py:579} INFO - at org.apache.spark.sql.classic.DataFrameReader.load(DataFrameReader.scala:57)
[2026-04-03T08:31:10.508+0000] {spark_submit.py:579} INFO - at org.apache.spark.sql.DataFrameReader.json(DataFrameReader.scala:296)
[2026-04-03T08:31:10.509+0000] {spark_submit.py:579} INFO - at org.apache.spark.sql.classic.DataFrameReader.json(DataFrameReader.scala:149)
[2026-04-03T08:31:10.509+0000] {spark_submit.py:579} INFO - at java.base/jdk.internal.reflect.NativeMethodAccessorImpl.invoke0(Native Method)
[2026-04-03T08:31:10.509+0000] {spark_submit.py:579} INFO - at java.base/jdk.internal.reflect.NativeMethodAccessorImpl.invoke(NativeMethodAccessorImpl.java:77)
[2026-04-03T08:31:10.509+0000] {spark_submit.py:579} INFO - at java.base/jdk.internal.reflect.DelegatingMethodAccessorImpl.invoke(DelegatingMethodAccessorImpl.java:43)
[2026-04-03T08:31:10.510+0000] {spark_submit.py:579} INFO - at java.base/java.lang.reflect.Method.invoke(Method.java:569)
[2026-04-03T08:31:10.510+0000] {spark_submit.py:579} INFO - at py4j.reflection.MethodInvoker.invoke(MethodInvoker.java:244)
[2026-04-03T08:31:10.510+0000] {spark_submit.py:579} INFO - at py4j.reflection.ReflectionEngine.invoke(ReflectionEngine.java:374)
[2026-04-03T08:31:10.510+0000] {spark_submit.py:579} INFO - at py4j.Gateway.invoke(Gateway.java:282)
[2026-04-03T08:31:10.510+0000] {spark_submit.py:579} INFO - at py4j.commands.AbstractCommand.invokeMethod(AbstractCommand.java:132)
[2026-04-03T08:31:10.511+0000] {spark_submit.py:579} INFO - at py4j.commands.CallCommand.execute(CallCommand.java:79)
[2026-04-03T08:31:10.511+0000] {spark_submit.py:579} INFO - at py4j.ClientServerConnection.waitForCommands(ClientServerConnection.java:184)
[2026-04-03T08:31:10.511+0000] {spark_submit.py:579} INFO - at py4j.ClientServerConnection.run(ClientServerConnection.java:108)
[2026-04-03T08:31:10.511+0000] {spark_submit.py:579} INFO - at java.base/java.lang.Thread.run(Thread.java:840)
[2026-04-03T08:31:10.512+0000] {spark_submit.py:579} INFO - Suppressed: org.apache.spark.util.Utils$OriginalTryStackTraceException: Full stacktrace of original doTryWithCallerStacktrace caller
[2026-04-03T08:31:10.512+0000] {spark_submit.py:579} INFO - at org.apache.spark.scheduler.DAGScheduler.$anonfun$abortStage$3(DAGScheduler.scala:3122)
[2026-04-03T08:31:10.512+0000] {spark_submit.py:579} INFO - at scala.Option.getOrElse(Option.scala:201)
[2026-04-03T08:31:10.512+0000] {spark_submit.py:579} INFO - at org.apache.spark.scheduler.DAGScheduler.$anonfun$abortStage$2(DAGScheduler.scala:3122)
[2026-04-03T08:31:10.512+0000] {spark_submit.py:579} INFO - at org.apache.spark.scheduler.DAGScheduler.$anonfun$abortStage$2$adapted(DAGScheduler.scala:3114)
[2026-04-03T08:31:10.513+0000] {spark_submit.py:579} INFO - at scala.collection.immutable.List.foreach(List.scala:323)
[2026-04-03T08:31:10.513+0000] {spark_submit.py:579} INFO - at org.apache.spark.scheduler.DAGScheduler.abortStage(DAGScheduler.scala:3114)
[2026-04-03T08:31:10.513+0000] {spark_submit.py:579} INFO - at org.apache.spark.scheduler.DAGScheduler.$anonfun$handleTaskSetFailed$1(DAGScheduler.scala:1303)
[2026-04-03T08:31:10.513+0000] {spark_submit.py:579} INFO - at org.apache.spark.scheduler.DAGScheduler.$anonfun$handleTaskSetFailed$1$adapted(DAGScheduler.scala:1303)
[2026-04-03T08:31:10.514+0000] {spark_submit.py:579} INFO - at scala.Option.foreach(Option.scala:437)
[2026-04-03T08:31:10.514+0000] {spark_submit.py:579} INFO - at org.apache.spark.scheduler.DAGScheduler.handleTaskSetFailed(DAGScheduler.scala:1303)
[2026-04-03T08:31:10.514+0000] {spark_submit.py:579} INFO - at org.apache.spark.scheduler.DAGSchedulerEventProcessLoop.doOnReceive(DAGScheduler.scala:3397)
[2026-04-03T08:31:10.514+0000] {spark_submit.py:579} INFO - at org.apache.spark.scheduler.DAGSchedulerEventProcessLoop.onReceive(DAGScheduler.scala:3328)
[2026-04-03T08:31:10.515+0000] {spark_submit.py:579} INFO - at org.apache.spark.scheduler.DAGSchedulerEventProcessLoop.onReceive(DAGScheduler.scala:3317)
[2026-04-03T08:31:10.515+0000] {spark_submit.py:579} INFO - at org.apache.spark.util.EventLoop$$anon$1.run(EventLoop.scala:50)
[2026-04-03T08:31:10.515+0000] {spark_submit.py:579} INFO - at org.apache.spark.scheduler.DAGScheduler.runJob(DAGScheduler.scala:1017)
[2026-04-03T08:31:10.515+0000] {spark_submit.py:579} INFO - at org.apache.spark.SparkContext.runJob(SparkContext.scala:2496)
[2026-04-03T08:31:10.516+0000] {spark_submit.py:579} INFO - at org.apache.spark.SparkContext.runJob(SparkContext.scala:2517)
[2026-04-03T08:31:10.516+0000] {spark_submit.py:579} INFO - at org.apache.spark.SparkContext.runJob(SparkContext.scala:2536)
[2026-04-03T08:31:10.516+0000] {spark_submit.py:579} INFO - at org.apache.spark.SparkContext.runJob(SparkContext.scala:2561)
[2026-04-03T08:31:10.516+0000] {spark_submit.py:579} INFO - at org.apache.spark.rdd.RDD.$anonfun$collect$1(RDD.scala:1057)
[2026-04-03T08:31:10.516+0000] {spark_submit.py:579} INFO - at org.apache.spark.rdd.RDDOperationScope$.withScope(RDDOperationScope.scala:151)
[2026-04-03T08:31:10.517+0000] {spark_submit.py:579} INFO - at org.apache.spark.rdd.RDDOperationScope$.withScope(RDDOperationScope.scala:112)
[2026-04-03T08:31:10.517+0000] {spark_submit.py:579} INFO - at org.apache.spark.rdd.RDD.withScope(RDD.scala:417)
[2026-04-03T08:31:10.517+0000] {spark_submit.py:579} INFO - at org.apache.spark.rdd.RDD.collect(RDD.scala:1056)
[2026-04-03T08:31:10.517+0000] {spark_submit.py:579} INFO - at org.apache.spark.util.HadoopFSUtils$.parallelListLeafFilesInternal(HadoopFSUtils.scala:160)
[2026-04-03T08:31:10.517+0000] {spark_submit.py:579} INFO - at org.apache.spark.util.HadoopFSUtils$.parallelListLeafFiles(HadoopFSUtils.scala:72)
[2026-04-03T08:31:10.518+0000] {spark_submit.py:579} INFO - at org.apache.spark.sql.execution.datasources.InMemoryFileIndex$.bulkListLeafFiles(InMemoryFileIndex.scala:179)
[2026-04-03T08:31:10.518+0000] {spark_submit.py:579} INFO - at org.apache.spark.sql.execution.datasources.InMemoryFileIndex.listLeafFiles(InMemoryFileIndex.scala:135)
[2026-04-03T08:31:10.518+0000] {spark_submit.py:579} INFO - at org.apache.spark.sql.execution.datasources.InMemoryFileIndex.refresh0(InMemoryFileIndex.scala:98)
[2026-04-03T08:31:10.518+0000] {spark_submit.py:579} INFO - at org.apache.spark.sql.execution.datasources.InMemoryFileIndex.<init>(InMemoryFileIndex.scala:70)
[2026-04-03T08:31:10.519+0000] {spark_submit.py:579} INFO - at org.apache.spark.sql.execution.datasources.DataSource.createInMemoryFileIndex(DataSource.scala:568)
[2026-04-03T08:31:10.519+0000] {spark_submit.py:579} INFO - at org.apache.spark.sql.execution.datasources.DataSource.resolveRelation(DataSource.scala:423)
[2026-04-03T08:31:10.519+0000] {spark_submit.py:579} INFO - at org.apache.spark.sql.catalyst.analysis.ResolveDataSource.org$apache$spark$sql$catalyst$analysis$ResolveDataSource$$loadV1BatchSource(ResolveDataSource.scala:143)
[2026-04-03T08:31:10.519+0000] {spark_submit.py:579} INFO - at org.apache.spark.sql.catalyst.analysis.ResolveDataSource$$anonfun$apply$1.$anonfun$applyOrElse$2(ResolveDataSource.scala:61)
[2026-04-03T08:31:10.520+0000] {spark_submit.py:579} INFO - at scala.Option.getOrElse(Option.scala:201)
[2026-04-03T08:31:10.520+0000] {spark_submit.py:579} INFO - at org.apache.spark.sql.catalyst.analysis.ResolveDataSource$$anonfun$apply$1.applyOrElse(ResolveDataSource.scala:61)
[2026-04-03T08:31:10.520+0000] {spark_submit.py:579} INFO - at org.apache.spark.sql.catalyst.analysis.ResolveDataSource$$anonfun$apply$1.applyOrElse(ResolveDataSource.scala:45)
[2026-04-03T08:31:10.520+0000] {spark_submit.py:579} INFO - at org.apache.spark.sql.catalyst.plans.logical.AnalysisHelper.$anonfun$resolveOperatorsUpWithPruning$3(AnalysisHelper.scala:139)
[2026-04-03T08:31:10.520+0000] {spark_submit.py:579} INFO - at org.apache.spark.sql.catalyst.trees.CurrentOrigin$.withOrigin(origin.scala:107)
[2026-04-03T08:31:10.521+0000] {spark_submit.py:579} INFO - at org.apache.spark.sql.catalyst.plans.logical.AnalysisHelper.$anonfun$resolveOperatorsUpWithPruning$1(AnalysisHelper.scala:139)
[2026-04-03T08:31:10.521+0000] {spark_submit.py:579} INFO - at org.apache.spark.sql.catalyst.plans.logical.AnalysisHelper$.allowInvokingTransformsInAnalyzer(AnalysisHelper.scala:416)
[2026-04-03T08:31:10.521+0000] {spark_submit.py:579} INFO - at org.apache.spark.sql.catalyst.plans.logical.AnalysisHelper.resolveOperatorsUpWithPruning(AnalysisHelper.scala:135)
[2026-04-03T08:31:10.521+0000] {spark_submit.py:579} INFO - at org.apache.spark.sql.catalyst.plans.logical.AnalysisHelper.resolveOperatorsUpWithPruning$(AnalysisHelper.scala:131)
[2026-04-03T08:31:10.522+0000] {spark_submit.py:579} INFO - at org.apache.spark.sql.catalyst.plans.logical.LogicalPlan.resolveOperatorsUpWithPruning(LogicalPlan.scala:37)
[2026-04-03T08:31:10.522+0000] {spark_submit.py:579} INFO - at org.apache.spark.sql.catalyst.plans.logical.AnalysisHelper.resolveOperatorsUp(AnalysisHelper.scala:112)
[2026-04-03T08:31:10.522+0000] {spark_submit.py:579} INFO - at org.apache.spark.sql.catalyst.plans.logical.AnalysisHelper.resolveOperatorsUp$(AnalysisHelper.scala:111)
[2026-04-03T08:31:10.522+0000] {spark_submit.py:579} INFO - at org.apache.spark.sql.catalyst.plans.logical.LogicalPlan.resolveOperatorsUp(LogicalPlan.scala:37)
[2026-04-03T08:31:10.523+0000] {spark_submit.py:579} INFO - at org.apache.spark.sql.catalyst.analysis.ResolveDataSource.apply(ResolveDataSource.scala:45)
[2026-04-03T08:31:10.523+0000] {spark_submit.py:579} INFO - at org.apache.spark.sql.catalyst.analysis.ResolveDataSource.apply(ResolveDataSource.scala:43)
[2026-04-03T08:31:10.523+0000] {spark_submit.py:579} INFO - at org.apache.spark.sql.catalyst.rules.RuleExecutor.$anonfun$execute$2(RuleExecutor.scala:248)
[2026-04-03T08:31:10.523+0000] {spark_submit.py:579} INFO - at scala.collection.LinearSeqOps.foldLeft(LinearSeq.scala:183)
[2026-04-03T08:31:10.523+0000] {spark_submit.py:579} INFO - at scala.collection.LinearSeqOps.foldLeft$(LinearSeq.scala:179)
[2026-04-03T08:31:10.524+0000] {spark_submit.py:579} INFO - at scala.collection.immutable.List.foldLeft(List.scala:79)
[2026-04-03T08:31:10.524+0000] {spark_submit.py:579} INFO - at org.apache.spark.sql.catalyst.rules.RuleExecutor.$anonfun$execute$1(RuleExecutor.scala:245)
[2026-04-03T08:31:10.524+0000] {spark_submit.py:579} INFO - at org.apache.spark.sql.catalyst.rules.RuleExecutor.$anonfun$execute$1$adapted(RuleExecutor.scala:237)
[2026-04-03T08:31:10.525+0000] {spark_submit.py:579} INFO - at scala.collection.immutable.List.foreach(List.scala:323)
[2026-04-03T08:31:10.525+0000] {spark_submit.py:579} INFO - at org.apache.spark.sql.catalyst.rules.RuleExecutor.execute(RuleExecutor.scala:237)
[2026-04-03T08:31:10.525+0000] {spark_submit.py:579} INFO - at org.apache.spark.sql.catalyst.analysis.Analyzer.org$apache$spark$sql$catalyst$analysis$Analyzer$$executeSameContext(Analyzer.scala:343)
[2026-04-03T08:31:10.525+0000] {spark_submit.py:579} INFO - at org.apache.spark.sql.catalyst.analysis.Analyzer.$anonfun$execute$1(Analyzer.scala:339)
[2026-04-03T08:31:10.526+0000] {spark_submit.py:579} INFO - at org.apache.spark.sql.catalyst.analysis.AnalysisContext$.withNewAnalysisContext(Analyzer.scala:224)
[2026-04-03T08:31:10.526+0000] {spark_submit.py:579} INFO - at org.apache.spark.sql.catalyst.analysis.Analyzer.execute(Analyzer.scala:339)
[2026-04-03T08:31:10.526+0000] {spark_submit.py:579} INFO - at org.apache.spark.sql.catalyst.analysis.Analyzer.execute(Analyzer.scala:289)
[2026-04-03T08:31:10.527+0000] {spark_submit.py:579} INFO - at org.apache.spark.sql.catalyst.rules.RuleExecutor.$anonfun$executeAndTrack$1(RuleExecutor.scala:207)
[2026-04-03T08:31:10.527+0000] {spark_submit.py:579} INFO - at org.apache.spark.sql.catalyst.QueryPlanningTracker$.withTracker(QueryPlanningTracker.scala:89)
[2026-04-03T08:31:10.528+0000] {spark_submit.py:579} INFO - at org.apache.spark.sql.catalyst.rules.RuleExecutor.executeAndTrack(RuleExecutor.scala:207)
[2026-04-03T08:31:10.528+0000] {spark_submit.py:579} INFO - at org.apache.spark.sql.catalyst.analysis.resolver.HybridAnalyzer.resolveInFixedPoint(HybridAnalyzer.scala:236)
[2026-04-03T08:31:10.529+0000] {spark_submit.py:579} INFO - at org.apache.spark.sql.catalyst.analysis.resolver.HybridAnalyzer.$anonfun$apply$1(HybridAnalyzer.scala:91)
[2026-04-03T08:31:10.529+0000] {spark_submit.py:579} INFO - at org.apache.spark.sql.catalyst.analysis.resolver.HybridAnalyzer.withTrackedAnalyzerBridgeState(HybridAnalyzer.scala:122)
[2026-04-03T08:31:10.529+0000] {spark_submit.py:579} INFO - at org.apache.spark.sql.catalyst.analysis.resolver.HybridAnalyzer.apply(HybridAnalyzer.scala:84)
[2026-04-03T08:31:10.530+0000] {spark_submit.py:579} INFO - at org.apache.spark.sql.catalyst.analysis.Analyzer.$anonfun$executeAndCheck$1(Analyzer.scala:322)
[2026-04-03T08:31:10.530+0000] {spark_submit.py:579} INFO - at org.apache.spark.sql.catalyst.plans.logical.AnalysisHelper$.markInAnalyzer(AnalysisHelper.scala:423)
[2026-04-03T08:31:10.531+0000] {spark_submit.py:579} INFO - at org.apache.spark.sql.catalyst.analysis.Analyzer.executeAndCheck(Analyzer.scala:322)
[2026-04-03T08:31:10.531+0000] {spark_submit.py:579} INFO - at org.apache.spark.sql.execution.QueryExecution.$anonfun$lazyAnalyzed$2(QueryExecution.scala:139)
[2026-04-03T08:31:10.532+0000] {spark_submit.py:579} INFO - at org.apache.spark.sql.catalyst.QueryPlanningTracker.measurePhase(QueryPlanningTracker.scala:148)
[2026-04-03T08:31:10.532+0000] {spark_submit.py:579} INFO - at org.apache.spark.sql.execution.QueryExecution.$anonfun$executePhase$2(QueryExecution.scala:330)
[2026-04-03T08:31:10.532+0000] {spark_submit.py:579} INFO - at org.apache.spark.sql.execution.QueryExecution$.withInternalError(QueryExecution.scala:717)
[2026-04-03T08:31:10.533+0000] {spark_submit.py:579} INFO - at org.apache.spark.sql.execution.QueryExecution.$anonfun$executePhase$1(QueryExecution.scala:330)
[2026-04-03T08:31:10.533+0000] {spark_submit.py:579} INFO - at org.apache.spark.sql.SparkSession.withActive(SparkSession.scala:804)
[2026-04-03T08:31:10.533+0000] {spark_submit.py:579} INFO - at org.apache.spark.sql.execution.QueryExecution.executePhase(QueryExecution.scala:329)
[2026-04-03T08:31:10.533+0000] {spark_submit.py:579} INFO - at org.apache.spark.sql.execution.QueryExecution.$anonfun$lazyAnalyzed$1(QueryExecution.scala:139)
[2026-04-03T08:31:10.534+0000] {spark_submit.py:579} INFO - at scala.util.Try$.apply(Try.scala:217)
[2026-04-03T08:31:10.534+0000] {spark_submit.py:579} INFO - at org.apache.spark.util.Utils$.doTryWithCallerStacktrace(Utils.scala:1392)
[2026-04-03T08:31:10.534+0000] {spark_submit.py:579} INFO - at org.apache.spark.util.LazyTry.tryT$lzycompute(LazyTry.scala:46)
[2026-04-03T08:31:10.534+0000] {spark_submit.py:579} INFO - at org.apache.spark.util.LazyTry.tryT(LazyTry.scala:46)
[2026-04-03T08:31:10.535+0000] {spark_submit.py:579} INFO - ... 22 more
[2026-04-03T08:31:10.535+0000] {spark_submit.py:579} INFO - 
[2026-04-03T08:31:10.535+0000] {spark_submit.py:579} INFO - 26/04/03 08:31:10 INFO SparkContext: SparkContext is stopping with exitCode 0 from stop at NativeMethodAccessorImpl.java:0.
[2026-04-03T08:31:10.536+0000] {spark_submit.py:579} INFO - 26/04/03 08:31:10 INFO SparkContext: SparkContext already stopped.
[2026-04-03T08:31:10.926+0000] {spark_submit.py:579} INFO - Traceback (most recent call last):
[2026-04-03T08:31:10.926+0000] {spark_submit.py:579} INFO - File "/opt/***/scripts/process_data.py", line 44, in <module>
[2026-04-03T08:31:10.927+0000] {spark_submit.py:579} INFO - raise e
[2026-04-03T08:31:10.927+0000] {spark_submit.py:579} INFO - File "/opt/***/scripts/process_data.py", line 13, in <module>
[2026-04-03T08:31:10.927+0000] {spark_submit.py:579} INFO - df_bronze = spark.read.json("/data/raw/sensors/*.json")
[2026-04-03T08:31:10.928+0000] {spark_submit.py:579} INFO - ^^^^^^^^^^^^^^^^^^^^^^^^^^^^^^^^^^^^^^^^^^^
[2026-04-03T08:31:10.928+0000] {spark_submit.py:579} INFO - File "/opt/spark_dist/python/lib/pyspark.zip/pyspark/sql/readwriter.py", line 468, in json
[2026-04-03T08:31:10.928+0000] {spark_submit.py:579} INFO - File "/opt/spark_dist/python/lib/py4j-0.10.9.9-src.zip/py4j/java_gateway.py", line 1362, in __call__
[2026-04-03T08:31:10.929+0000] {spark_submit.py:579} INFO - File "/opt/spark_dist/python/lib/pyspark.zip/pyspark/errors/exceptions/captured.py", line 263, in deco
[2026-04-03T08:31:10.929+0000] {spark_submit.py:579} INFO - File "/opt/spark_dist/python/lib/py4j-0.10.9.9-src.zip/py4j/protocol.py", line 327, in get_return_value
[2026-04-03T08:31:10.971+0000] {spark_submit.py:579} INFO - py4j.protocol.Py4JJavaError: An error occurred while calling o37.json.
[2026-04-03T08:31:10.971+0000] {spark_submit.py:579} INFO - : org.apache.spark.SparkException: Job aborted due to stage failure: Master removed our application: KILLED
[2026-04-03T08:31:10.972+0000] {spark_submit.py:579} INFO - at org.apache.spark.scheduler.DAGScheduler.$anonfun$abortStage$3(DAGScheduler.scala:3122)
[2026-04-03T08:31:10.972+0000] {spark_submit.py:579} INFO - at scala.Option.getOrElse(Option.scala:201)
[2026-04-03T08:31:10.972+0000] {spark_submit.py:579} INFO - at org.apache.spark.scheduler.DAGScheduler.$anonfun$abortStage$2(DAGScheduler.scala:3122)
[2026-04-03T08:31:10.973+0000] {spark_submit.py:579} INFO - at org.apache.spark.scheduler.DAGScheduler.$anonfun$abortStage$2$adapted(DAGScheduler.scala:3114)
[2026-04-03T08:31:10.973+0000] {spark_submit.py:579} INFO - at scala.collection.immutable.List.foreach(List.scala:323)
[2026-04-03T08:31:10.973+0000] {spark_submit.py:579} INFO - at org.apache.spark.scheduler.DAGScheduler.abortStage(DAGScheduler.scala:3114)
[2026-04-03T08:31:10.973+0000] {spark_submit.py:579} INFO - at org.apache.spark.scheduler.DAGScheduler.$anonfun$handleTaskSetFailed$1(DAGScheduler.scala:1303)
[2026-04-03T08:31:10.974+0000] {spark_submit.py:579} INFO - at org.apache.spark.scheduler.DAGScheduler.$anonfun$handleTaskSetFailed$1$adapted(DAGScheduler.scala:1303)
[2026-04-03T08:31:10.974+0000] {spark_submit.py:579} INFO - at scala.Option.foreach(Option.scala:437)
[2026-04-03T08:31:10.974+0000] {spark_submit.py:579} INFO - at org.apache.spark.scheduler.DAGScheduler.handleTaskSetFailed(DAGScheduler.scala:1303)
[2026-04-03T08:31:10.974+0000] {spark_submit.py:579} INFO - at org.apache.spark.scheduler.DAGSchedulerEventProcessLoop.doOnReceive(DAGScheduler.scala:3397)
[2026-04-03T08:31:10.975+0000] {spark_submit.py:579} INFO - at org.apache.spark.scheduler.DAGSchedulerEventProcessLoop.onReceive(DAGScheduler.scala:3328)
[2026-04-03T08:31:10.975+0000] {spark_submit.py:579} INFO - at org.apache.spark.scheduler.DAGSchedulerEventProcessLoop.onReceive(DAGScheduler.scala:3317)
[2026-04-03T08:31:10.975+0000] {spark_submit.py:579} INFO - at org.apache.spark.util.EventLoop$$anon$1.run(EventLoop.scala:50)
[2026-04-03T08:31:10.976+0000] {spark_submit.py:579} INFO - at org.apache.spark.scheduler.DAGScheduler.runJob(DAGScheduler.scala:1017)
[2026-04-03T08:31:10.976+0000] {spark_submit.py:579} INFO - at org.apache.spark.SparkContext.runJob(SparkContext.scala:2496)
[2026-04-03T08:31:10.976+0000] {spark_submit.py:579} INFO - at org.apache.spark.SparkContext.runJob(SparkContext.scala:2517)
[2026-04-03T08:31:10.976+0000] {spark_submit.py:579} INFO - at org.apache.spark.SparkContext.runJob(SparkContext.scala:2536)
[2026-04-03T08:31:10.976+0000] {spark_submit.py:579} INFO - at org.apache.spark.SparkContext.runJob(SparkContext.scala:2561)
[2026-04-03T08:31:10.977+0000] {spark_submit.py:579} INFO - at org.apache.spark.rdd.RDD.$anonfun$collect$1(RDD.scala:1057)
[2026-04-03T08:31:10.977+0000] {spark_submit.py:579} INFO - at org.apache.spark.rdd.RDDOperationScope$.withScope(RDDOperationScope.scala:151)
[2026-04-03T08:31:10.977+0000] {spark_submit.py:579} INFO - at org.apache.spark.rdd.RDDOperationScope$.withScope(RDDOperationScope.scala:112)
[2026-04-03T08:31:10.977+0000] {spark_submit.py:579} INFO - at org.apache.spark.rdd.RDD.withScope(RDD.scala:417)
[2026-04-03T08:31:10.978+0000] {spark_submit.py:579} INFO - at org.apache.spark.rdd.RDD.collect(RDD.scala:1056)
[2026-04-03T08:31:10.978+0000] {spark_submit.py:579} INFO - at org.apache.spark.util.HadoopFSUtils$.parallelListLeafFilesInternal(HadoopFSUtils.scala:160)
[2026-04-03T08:31:10.978+0000] {spark_submit.py:579} INFO - at org.apache.spark.util.HadoopFSUtils$.parallelListLeafFiles(HadoopFSUtils.scala:72)
[2026-04-03T08:31:10.978+0000] {spark_submit.py:579} INFO - at org.apache.spark.sql.execution.datasources.InMemoryFileIndex$.bulkListLeafFiles(InMemoryFileIndex.scala:179)
[2026-04-03T08:31:10.979+0000] {spark_submit.py:579} INFO - at org.apache.spark.sql.execution.datasources.InMemoryFileIndex.listLeafFiles(InMemoryFileIndex.scala:135)
[2026-04-03T08:31:10.979+0000] {spark_submit.py:579} INFO - at org.apache.spark.sql.execution.datasources.InMemoryFileIndex.refresh0(InMemoryFileIndex.scala:98)
[2026-04-03T08:31:10.979+0000] {spark_submit.py:579} INFO - at org.apache.spark.sql.execution.datasources.InMemoryFileIndex.<init>(InMemoryFileIndex.scala:70)
[2026-04-03T08:31:10.979+0000] {spark_submit.py:579} INFO - at org.apache.spark.sql.execution.datasources.DataSource.createInMemoryFileIndex(DataSource.scala:568)
[2026-04-03T08:31:10.979+0000] {spark_submit.py:579} INFO - at org.apache.spark.sql.execution.datasources.DataSource.resolveRelation(DataSource.scala:423)
[2026-04-03T08:31:10.980+0000] {spark_submit.py:579} INFO - at org.apache.spark.sql.catalyst.analysis.ResolveDataSource.org$apache$spark$sql$catalyst$analysis$ResolveDataSource$$loadV1BatchSource(ResolveDataSource.scala:143)
[2026-04-03T08:31:10.980+0000] {spark_submit.py:579} INFO - at org.apache.spark.sql.catalyst.analysis.ResolveDataSource$$anonfun$apply$1.$anonfun$applyOrElse$2(ResolveDataSource.scala:61)
[2026-04-03T08:31:10.980+0000] {spark_submit.py:579} INFO - at scala.Option.getOrElse(Option.scala:201)
[2026-04-03T08:31:10.980+0000] {spark_submit.py:579} INFO - at org.apache.spark.sql.catalyst.analysis.ResolveDataSource$$anonfun$apply$1.applyOrElse(ResolveDataSource.scala:61)
[2026-04-03T08:31:10.981+0000] {spark_submit.py:579} INFO - at org.apache.spark.sql.catalyst.analysis.ResolveDataSource$$anonfun$apply$1.applyOrElse(ResolveDataSource.scala:45)
[2026-04-03T08:31:10.981+0000] {spark_submit.py:579} INFO - at org.apache.spark.sql.catalyst.plans.logical.AnalysisHelper.$anonfun$resolveOperatorsUpWithPruning$3(AnalysisHelper.scala:139)
[2026-04-03T08:31:10.981+0000] {spark_submit.py:579} INFO - at org.apache.spark.sql.catalyst.trees.CurrentOrigin$.withOrigin(origin.scala:107)
[2026-04-03T08:31:10.981+0000] {spark_submit.py:579} INFO - at org.apache.spark.sql.catalyst.plans.logical.AnalysisHelper.$anonfun$resolveOperatorsUpWithPruning$1(AnalysisHelper.scala:139)
[2026-04-03T08:31:10.981+0000] {spark_submit.py:579} INFO - at org.apache.spark.sql.catalyst.plans.logical.AnalysisHelper$.allowInvokingTransformsInAnalyzer(AnalysisHelper.scala:416)
[2026-04-03T08:31:10.982+0000] {spark_submit.py:579} INFO - at org.apache.spark.sql.catalyst.plans.logical.AnalysisHelper.resolveOperatorsUpWithPruning(AnalysisHelper.scala:135)
[2026-04-03T08:31:10.982+0000] {spark_submit.py:579} INFO - at org.apache.spark.sql.catalyst.plans.logical.AnalysisHelper.resolveOperatorsUpWithPruning$(AnalysisHelper.scala:131)
[2026-04-03T08:31:10.982+0000] {spark_submit.py:579} INFO - at org.apache.spark.sql.catalyst.plans.logical.LogicalPlan.resolveOperatorsUpWithPruning(LogicalPlan.scala:37)
[2026-04-03T08:31:10.982+0000] {spark_submit.py:579} INFO - at org.apache.spark.sql.catalyst.plans.logical.AnalysisHelper.resolveOperatorsUp(AnalysisHelper.scala:112)
[2026-04-03T08:31:10.983+0000] {spark_submit.py:579} INFO - at org.apache.spark.sql.catalyst.plans.logical.AnalysisHelper.resolveOperatorsUp$(AnalysisHelper.scala:111)
[2026-04-03T08:31:10.983+0000] {spark_submit.py:579} INFO - at org.apache.spark.sql.catalyst.plans.logical.LogicalPlan.resolveOperatorsUp(LogicalPlan.scala:37)
[2026-04-03T08:31:10.983+0000] {spark_submit.py:579} INFO - at org.apache.spark.sql.catalyst.analysis.ResolveDataSource.apply(ResolveDataSource.scala:45)
[2026-04-03T08:31:10.983+0000] {spark_submit.py:579} INFO - at org.apache.spark.sql.catalyst.analysis.ResolveDataSource.apply(ResolveDataSource.scala:43)
[2026-04-03T08:31:10.984+0000] {spark_submit.py:579} INFO - at org.apache.spark.sql.catalyst.rules.RuleExecutor.$anonfun$execute$2(RuleExecutor.scala:248)
[2026-04-03T08:31:10.984+0000] {spark_submit.py:579} INFO - at scala.collection.LinearSeqOps.foldLeft(LinearSeq.scala:183)
[2026-04-03T08:31:10.984+0000] {spark_submit.py:579} INFO - at scala.collection.LinearSeqOps.foldLeft$(LinearSeq.scala:179)
[2026-04-03T08:31:10.984+0000] {spark_submit.py:579} INFO - at scala.collection.immutable.List.foldLeft(List.scala:79)
[2026-04-03T08:31:10.984+0000] {spark_submit.py:579} INFO - at org.apache.spark.sql.catalyst.rules.RuleExecutor.$anonfun$execute$1(RuleExecutor.scala:245)
[2026-04-03T08:31:10.985+0000] {spark_submit.py:579} INFO - at org.apache.spark.sql.catalyst.rules.RuleExecutor.$anonfun$execute$1$adapted(RuleExecutor.scala:237)
[2026-04-03T08:31:10.985+0000] {spark_submit.py:579} INFO - at scala.collection.immutable.List.foreach(List.scala:323)
[2026-04-03T08:31:10.985+0000] {spark_submit.py:579} INFO - at org.apache.spark.sql.catalyst.rules.RuleExecutor.execute(RuleExecutor.scala:237)
[2026-04-03T08:31:10.985+0000] {spark_submit.py:579} INFO - at org.apache.spark.sql.catalyst.analysis.Analyzer.org$apache$spark$sql$catalyst$analysis$Analyzer$$executeSameContext(Analyzer.scala:343)
[2026-04-03T08:31:10.986+0000] {spark_submit.py:579} INFO - at org.apache.spark.sql.catalyst.analysis.Analyzer.$anonfun$execute$1(Analyzer.scala:339)
[2026-04-03T08:31:10.986+0000] {spark_submit.py:579} INFO - at org.apache.spark.sql.catalyst.analysis.AnalysisContext$.withNewAnalysisContext(Analyzer.scala:224)
[2026-04-03T08:31:10.986+0000] {spark_submit.py:579} INFO - at org.apache.spark.sql.catalyst.analysis.Analyzer.execute(Analyzer.scala:339)
[2026-04-03T08:31:10.986+0000] {spark_submit.py:579} INFO - at org.apache.spark.sql.catalyst.analysis.Analyzer.execute(Analyzer.scala:289)
[2026-04-03T08:31:10.986+0000] {spark_submit.py:579} INFO - at org.apache.spark.sql.catalyst.rules.RuleExecutor.$anonfun$executeAndTrack$1(RuleExecutor.scala:207)
[2026-04-03T08:31:10.987+0000] {spark_submit.py:579} INFO - at org.apache.spark.sql.catalyst.QueryPlanningTracker$.withTracker(QueryPlanningTracker.scala:89)
[2026-04-03T08:31:10.987+0000] {spark_submit.py:579} INFO - at org.apache.spark.sql.catalyst.rules.RuleExecutor.executeAndTrack(RuleExecutor.scala:207)
[2026-04-03T08:31:10.987+0000] {spark_submit.py:579} INFO - at org.apache.spark.sql.catalyst.analysis.resolver.HybridAnalyzer.resolveInFixedPoint(HybridAnalyzer.scala:236)
[2026-04-03T08:31:10.987+0000] {spark_submit.py:579} INFO - at org.apache.spark.sql.catalyst.analysis.resolver.HybridAnalyzer.$anonfun$apply$1(HybridAnalyzer.scala:91)
[2026-04-03T08:31:10.988+0000] {spark_submit.py:579} INFO - at org.apache.spark.sql.catalyst.analysis.resolver.HybridAnalyzer.withTrackedAnalyzerBridgeState(HybridAnalyzer.scala:122)
[2026-04-03T08:31:10.988+0000] {spark_submit.py:579} INFO - at org.apache.spark.sql.catalyst.analysis.resolver.HybridAnalyzer.apply(HybridAnalyzer.scala:84)
[2026-04-03T08:31:10.988+0000] {spark_submit.py:579} INFO - at org.apache.spark.sql.catalyst.analysis.Analyzer.$anonfun$executeAndCheck$1(Analyzer.scala:322)
[2026-04-03T08:31:10.988+0000] {spark_submit.py:579} INFO - at org.apache.spark.sql.catalyst.plans.logical.AnalysisHelper$.markInAnalyzer(AnalysisHelper.scala:423)
[2026-04-03T08:31:10.988+0000] {spark_submit.py:579} INFO - at org.apache.spark.sql.catalyst.analysis.Analyzer.executeAndCheck(Analyzer.scala:322)
[2026-04-03T08:31:10.989+0000] {spark_submit.py:579} INFO - at org.apache.spark.sql.execution.QueryExecution.$anonfun$lazyAnalyzed$2(QueryExecution.scala:139)
[2026-04-03T08:31:10.989+0000] {spark_submit.py:579} INFO - at org.apache.spark.sql.catalyst.QueryPlanningTracker.measurePhase(QueryPlanningTracker.scala:148)
[2026-04-03T08:31:10.989+0000] {spark_submit.py:579} INFO - at org.apache.spark.sql.execution.QueryExecution.$anonfun$executePhase$2(QueryExecution.scala:330)
[2026-04-03T08:31:10.990+0000] {spark_submit.py:579} INFO - at org.apache.spark.sql.execution.QueryExecution$.withInternalError(QueryExecution.scala:717)
[2026-04-03T08:31:10.990+0000] {spark_submit.py:579} INFO - at org.apache.spark.sql.execution.QueryExecution.$anonfun$executePhase$1(QueryExecution.scala:330)
[2026-04-03T08:31:10.990+0000] {spark_submit.py:579} INFO - at org.apache.spark.sql.SparkSession.withActive(SparkSession.scala:804)
[2026-04-03T08:31:10.990+0000] {spark_submit.py:579} INFO - at org.apache.spark.sql.execution.QueryExecution.executePhase(QueryExecution.scala:329)
[2026-04-03T08:31:10.991+0000] {spark_submit.py:579} INFO - at org.apache.spark.sql.execution.QueryExecution.$anonfun$lazyAnalyzed$1(QueryExecution.scala:139)
[2026-04-03T08:31:10.991+0000] {spark_submit.py:579} INFO - at scala.util.Try$.apply(Try.scala:217)
[2026-04-03T08:31:10.991+0000] {spark_submit.py:579} INFO - at org.apache.spark.util.Utils$.doTryWithCallerStacktrace(Utils.scala:1392)
[2026-04-03T08:31:10.991+0000] {spark_submit.py:579} INFO - at org.apache.spark.util.Utils$.getTryWithCallerStacktrace(Utils.scala:1453)
[2026-04-03T08:31:10.991+0000] {spark_submit.py:579} INFO - at org.apache.spark.util.LazyTry.get(LazyTry.scala:58)
[2026-04-03T08:31:10.992+0000] {spark_submit.py:579} INFO - at org.apache.spark.sql.execution.QueryExecution.analyzed(QueryExecution.scala:150)
[2026-04-03T08:31:10.992+0000] {spark_submit.py:579} INFO - at org.apache.spark.sql.execution.QueryExecution.assertAnalyzed(QueryExecution.scala:90)
[2026-04-03T08:31:10.993+0000] {spark_submit.py:579} INFO - at org.apache.spark.sql.classic.Dataset$.$anonfun$ofRows$1(Dataset.scala:114)
[2026-04-03T08:31:10.993+0000] {spark_submit.py:579} INFO - at org.apache.spark.sql.SparkSession.withActive(SparkSession.scala:804)
[2026-04-03T08:31:10.993+0000] {spark_submit.py:579} INFO - at org.apache.spark.sql.classic.Dataset$.ofRows(Dataset.scala:112)
[2026-04-03T08:31:10.993+0000] {spark_submit.py:579} INFO - at org.apache.spark.sql.classic.DataFrameReader.load(DataFrameReader.scala:108)
[2026-04-03T08:31:10.994+0000] {spark_submit.py:579} INFO - at org.apache.spark.sql.classic.DataFrameReader.load(DataFrameReader.scala:57)
[2026-04-03T08:31:10.994+0000] {spark_submit.py:579} INFO - at org.apache.spark.sql.DataFrameReader.json(DataFrameReader.scala:296)
[2026-04-03T08:31:10.994+0000] {spark_submit.py:579} INFO - at org.apache.spark.sql.classic.DataFrameReader.json(DataFrameReader.scala:149)
[2026-04-03T08:31:10.994+0000] {spark_submit.py:579} INFO - at java.base/jdk.internal.reflect.NativeMethodAccessorImpl.invoke0(Native Method)
[2026-04-03T08:31:10.995+0000] {spark_submit.py:579} INFO - at java.base/jdk.internal.reflect.NativeMethodAccessorImpl.invoke(NativeMethodAccessorImpl.java:77)
[2026-04-03T08:31:10.995+0000] {spark_submit.py:579} INFO - at java.base/jdk.internal.reflect.DelegatingMethodAccessorImpl.invoke(DelegatingMethodAccessorImpl.java:43)
[2026-04-03T08:31:10.995+0000] {spark_submit.py:579} INFO - at java.base/java.lang.reflect.Method.invoke(Method.java:569)
[2026-04-03T08:31:10.995+0000] {spark_submit.py:579} INFO - at py4j.reflection.MethodInvoker.invoke(MethodInvoker.java:244)
[2026-04-03T08:31:10.995+0000] {spark_submit.py:579} INFO - at py4j.reflection.ReflectionEngine.invoke(ReflectionEngine.java:374)
[2026-04-03T08:31:10.996+0000] {spark_submit.py:579} INFO - at py4j.Gateway.invoke(Gateway.java:282)
[2026-04-03T08:31:10.996+0000] {spark_submit.py:579} INFO - at py4j.commands.AbstractCommand.invokeMethod(AbstractCommand.java:132)
[2026-04-03T08:31:10.996+0000] {spark_submit.py:579} INFO - at py4j.commands.CallCommand.execute(CallCommand.java:79)
[2026-04-03T08:31:10.996+0000] {spark_submit.py:579} INFO - at py4j.ClientServerConnection.waitForCommands(ClientServerConnection.java:184)
[2026-04-03T08:31:10.997+0000] {spark_submit.py:579} INFO - at py4j.ClientServerConnection.run(ClientServerConnection.java:108)
[2026-04-03T08:31:10.997+0000] {spark_submit.py:579} INFO - at java.base/java.lang.Thread.run(Thread.java:840)
[2026-04-03T08:31:10.997+0000] {spark_submit.py:579} INFO - Suppressed: org.apache.spark.util.Utils$OriginalTryStackTraceException: Full stacktrace of original doTryWithCallerStacktrace caller
[2026-04-03T08:31:10.997+0000] {spark_submit.py:579} INFO - at org.apache.spark.scheduler.DAGScheduler.$anonfun$abortStage$3(DAGScheduler.scala:3122)
[2026-04-03T08:31:10.997+0000] {spark_submit.py:579} INFO - at scala.Option.getOrElse(Option.scala:201)
[2026-04-03T08:31:10.998+0000] {spark_submit.py:579} INFO - at org.apache.spark.scheduler.DAGScheduler.$anonfun$abortStage$2(DAGScheduler.scala:3122)
[2026-04-03T08:31:10.998+0000] {spark_submit.py:579} INFO - at org.apache.spark.scheduler.DAGScheduler.$anonfun$abortStage$2$adapted(DAGScheduler.scala:3114)
[2026-04-03T08:31:10.998+0000] {spark_submit.py:579} INFO - at scala.collection.immutable.List.foreach(List.scala:323)
[2026-04-03T08:31:10.998+0000] {spark_submit.py:579} INFO - at org.apache.spark.scheduler.DAGScheduler.abortStage(DAGScheduler.scala:3114)
[2026-04-03T08:31:10.999+0000] {spark_submit.py:579} INFO - at org.apache.spark.scheduler.DAGScheduler.$anonfun$handleTaskSetFailed$1(DAGScheduler.scala:1303)
[2026-04-03T08:31:10.999+0000] {spark_submit.py:579} INFO - at org.apache.spark.scheduler.DAGScheduler.$anonfun$handleTaskSetFailed$1$adapted(DAGScheduler.scala:1303)
[2026-04-03T08:31:10.999+0000] {spark_submit.py:579} INFO - at scala.Option.foreach(Option.scala:437)
[2026-04-03T08:31:10.999+0000] {spark_submit.py:579} INFO - at org.apache.spark.scheduler.DAGScheduler.handleTaskSetFailed(DAGScheduler.scala:1303)
[2026-04-03T08:31:11.000+0000] {spark_submit.py:579} INFO - at org.apache.spark.scheduler.DAGSchedulerEventProcessLoop.doOnReceive(DAGScheduler.scala:3397)
[2026-04-03T08:31:11.000+0000] {spark_submit.py:579} INFO - at org.apache.spark.scheduler.DAGSchedulerEventProcessLoop.onReceive(DAGScheduler.scala:3328)
[2026-04-03T08:31:11.000+0000] {spark_submit.py:579} INFO - at org.apache.spark.scheduler.DAGSchedulerEventProcessLoop.onReceive(DAGScheduler.scala:3317)
[2026-04-03T08:31:11.000+0000] {spark_submit.py:579} INFO - at org.apache.spark.util.EventLoop$$anon$1.run(EventLoop.scala:50)
[2026-04-03T08:31:11.000+0000] {spark_submit.py:579} INFO - at org.apache.spark.scheduler.DAGScheduler.runJob(DAGScheduler.scala:1017)
[2026-04-03T08:31:11.001+0000] {spark_submit.py:579} INFO - at org.apache.spark.SparkContext.runJob(SparkContext.scala:2496)
[2026-04-03T08:31:11.001+0000] {spark_submit.py:579} INFO - at org.apache.spark.SparkContext.runJob(SparkContext.scala:2517)
[2026-04-03T08:31:11.001+0000] {spark_submit.py:579} INFO - at org.apache.spark.SparkContext.runJob(SparkContext.scala:2536)
[2026-04-03T08:31:11.001+0000] {spark_submit.py:579} INFO - at org.apache.spark.SparkContext.runJob(SparkContext.scala:2561)
[2026-04-03T08:31:11.002+0000] {spark_submit.py:579} INFO - at org.apache.spark.rdd.RDD.$anonfun$collect$1(RDD.scala:1057)
[2026-04-03T08:31:11.002+0000] {spark_submit.py:579} INFO - at org.apache.spark.rdd.RDDOperationScope$.withScope(RDDOperationScope.scala:151)
[2026-04-03T08:31:11.002+0000] {spark_submit.py:579} INFO - at org.apache.spark.rdd.RDDOperationScope$.withScope(RDDOperationScope.scala:112)
[2026-04-03T08:31:11.002+0000] {spark_submit.py:579} INFO - at org.apache.spark.rdd.RDD.withScope(RDD.scala:417)
[2026-04-03T08:31:11.002+0000] {spark_submit.py:579} INFO - at org.apache.spark.rdd.RDD.collect(RDD.scala:1056)
[2026-04-03T08:31:11.003+0000] {spark_submit.py:579} INFO - at org.apache.spark.util.HadoopFSUtils$.parallelListLeafFilesInternal(HadoopFSUtils.scala:160)
[2026-04-03T08:31:11.003+0000] {spark_submit.py:579} INFO - at org.apache.spark.util.HadoopFSUtils$.parallelListLeafFiles(HadoopFSUtils.scala:72)
[2026-04-03T08:31:11.003+0000] {spark_submit.py:579} INFO - at org.apache.spark.sql.execution.datasources.InMemoryFileIndex$.bulkListLeafFiles(InMemoryFileIndex.scala:179)
[2026-04-03T08:31:11.003+0000] {spark_submit.py:579} INFO - at org.apache.spark.sql.execution.datasources.InMemoryFileIndex.listLeafFiles(InMemoryFileIndex.scala:135)
[2026-04-03T08:31:11.004+0000] {spark_submit.py:579} INFO - at org.apache.spark.sql.execution.datasources.InMemoryFileIndex.refresh0(InMemoryFileIndex.scala:98)
[2026-04-03T08:31:11.004+0000] {spark_submit.py:579} INFO - at org.apache.spark.sql.execution.datasources.InMemoryFileIndex.<init>(InMemoryFileIndex.scala:70)
[2026-04-03T08:31:11.004+0000] {spark_submit.py:579} INFO - at org.apache.spark.sql.execution.datasources.DataSource.createInMemoryFileIndex(DataSource.scala:568)
[2026-04-03T08:31:11.004+0000] {spark_submit.py:579} INFO - at org.apache.spark.sql.execution.datasources.DataSource.resolveRelation(DataSource.scala:423)
[2026-04-03T08:31:11.005+0000] {spark_submit.py:579} INFO - at org.apache.spark.sql.catalyst.analysis.ResolveDataSource.org$apache$spark$sql$catalyst$analysis$ResolveDataSource$$loadV1BatchSource(ResolveDataSource.scala:143)
[2026-04-03T08:31:11.005+0000] {spark_submit.py:579} INFO - at org.apache.spark.sql.catalyst.analysis.ResolveDataSource$$anonfun$apply$1.$anonfun$applyOrElse$2(ResolveDataSource.scala:61)
[2026-04-03T08:31:11.005+0000] {spark_submit.py:579} INFO - at scala.Option.getOrElse(Option.scala:201)
[2026-04-03T08:31:11.005+0000] {spark_submit.py:579} INFO - at org.apache.spark.sql.catalyst.analysis.ResolveDataSource$$anonfun$apply$1.applyOrElse(ResolveDataSource.scala:61)
[2026-04-03T08:31:11.005+0000] {spark_submit.py:579} INFO - at org.apache.spark.sql.catalyst.analysis.ResolveDataSource$$anonfun$apply$1.applyOrElse(ResolveDataSource.scala:45)
[2026-04-03T08:31:11.006+0000] {spark_submit.py:579} INFO - at org.apache.spark.sql.catalyst.plans.logical.AnalysisHelper.$anonfun$resolveOperatorsUpWithPruning$3(AnalysisHelper.scala:139)
[2026-04-03T08:31:11.006+0000] {spark_submit.py:579} INFO - at org.apache.spark.sql.catalyst.trees.CurrentOrigin$.withOrigin(origin.scala:107)
[2026-04-03T08:31:11.006+0000] {spark_submit.py:579} INFO - at org.apache.spark.sql.catalyst.plans.logical.AnalysisHelper.$anonfun$resolveOperatorsUpWithPruning$1(AnalysisHelper.scala:139)
[2026-04-03T08:31:11.006+0000] {spark_submit.py:579} INFO - at org.apache.spark.sql.catalyst.plans.logical.AnalysisHelper$.allowInvokingTransformsInAnalyzer(AnalysisHelper.scala:416)
[2026-04-03T08:31:11.007+0000] {spark_submit.py:579} INFO - at org.apache.spark.sql.catalyst.plans.logical.AnalysisHelper.resolveOperatorsUpWithPruning(AnalysisHelper.scala:135)
[2026-04-03T08:31:11.007+0000] {spark_submit.py:579} INFO - at org.apache.spark.sql.catalyst.plans.logical.AnalysisHelper.resolveOperatorsUpWithPruning$(AnalysisHelper.scala:131)
[2026-04-03T08:31:11.007+0000] {spark_submit.py:579} INFO - at org.apache.spark.sql.catalyst.plans.logical.LogicalPlan.resolveOperatorsUpWithPruning(LogicalPlan.scala:37)
[2026-04-03T08:31:11.007+0000] {spark_submit.py:579} INFO - at org.apache.spark.sql.catalyst.plans.logical.AnalysisHelper.resolveOperatorsUp(AnalysisHelper.scala:112)
[2026-04-03T08:31:11.008+0000] {spark_submit.py:579} INFO - at org.apache.spark.sql.catalyst.plans.logical.AnalysisHelper.resolveOperatorsUp$(AnalysisHelper.scala:111)
[2026-04-03T08:31:11.008+0000] {spark_submit.py:579} INFO - at org.apache.spark.sql.catalyst.plans.logical.LogicalPlan.resolveOperatorsUp(LogicalPlan.scala:37)
[2026-04-03T08:31:11.008+0000] {spark_submit.py:579} INFO - at org.apache.spark.sql.catalyst.analysis.ResolveDataSource.apply(ResolveDataSource.scala:45)
[2026-04-03T08:31:11.008+0000] {spark_submit.py:579} INFO - at org.apache.spark.sql.catalyst.analysis.ResolveDataSource.apply(ResolveDataSource.scala:43)
[2026-04-03T08:31:11.009+0000] {spark_submit.py:579} INFO - at org.apache.spark.sql.catalyst.rules.RuleExecutor.$anonfun$execute$2(RuleExecutor.scala:248)
[2026-04-03T08:31:11.009+0000] {spark_submit.py:579} INFO - at scala.collection.LinearSeqOps.foldLeft(LinearSeq.scala:183)
[2026-04-03T08:31:11.009+0000] {spark_submit.py:579} INFO - at scala.collection.LinearSeqOps.foldLeft$(LinearSeq.scala:179)
[2026-04-03T08:31:11.009+0000] {spark_submit.py:579} INFO - at scala.collection.immutable.List.foldLeft(List.scala:79)
[2026-04-03T08:31:11.010+0000] {spark_submit.py:579} INFO - at org.apache.spark.sql.catalyst.rules.RuleExecutor.$anonfun$execute$1(RuleExecutor.scala:245)
[2026-04-03T08:31:11.010+0000] {spark_submit.py:579} INFO - at org.apache.spark.sql.catalyst.rules.RuleExecutor.$anonfun$execute$1$adapted(RuleExecutor.scala:237)
[2026-04-03T08:31:11.010+0000] {spark_submit.py:579} INFO - at scala.collection.immutable.List.foreach(List.scala:323)
[2026-04-03T08:31:11.010+0000] {spark_submit.py:579} INFO - at org.apache.spark.sql.catalyst.rules.RuleExecutor.execute(RuleExecutor.scala:237)
[2026-04-03T08:31:11.011+0000] {spark_submit.py:579} INFO - at org.apache.spark.sql.catalyst.analysis.Analyzer.org$apache$spark$sql$catalyst$analysis$Analyzer$$executeSameContext(Analyzer.scala:343)
[2026-04-03T08:31:11.011+0000] {spark_submit.py:579} INFO - at org.apache.spark.sql.catalyst.analysis.Analyzer.$anonfun$execute$1(Analyzer.scala:339)
[2026-04-03T08:31:11.011+0000] {spark_submit.py:579} INFO - at org.apache.spark.sql.catalyst.analysis.AnalysisContext$.withNewAnalysisContext(Analyzer.scala:224)
[2026-04-03T08:31:11.011+0000] {spark_submit.py:579} INFO - at org.apache.spark.sql.catalyst.analysis.Analyzer.execute(Analyzer.scala:339)
[2026-04-03T08:31:11.011+0000] {spark_submit.py:579} INFO - at org.apache.spark.sql.catalyst.analysis.Analyzer.execute(Analyzer.scala:289)
[2026-04-03T08:31:11.012+0000] {spark_submit.py:579} INFO - at org.apache.spark.sql.catalyst.rules.RuleExecutor.$anonfun$executeAndTrack$1(RuleExecutor.scala:207)
[2026-04-03T08:31:11.012+0000] {spark_submit.py:579} INFO - at org.apache.spark.sql.catalyst.QueryPlanningTracker$.withTracker(QueryPlanningTracker.scala:89)
[2026-04-03T08:31:11.012+0000] {spark_submit.py:579} INFO - at org.apache.spark.sql.catalyst.rules.RuleExecutor.executeAndTrack(RuleExecutor.scala:207)
[2026-04-03T08:31:11.012+0000] {spark_submit.py:579} INFO - at org.apache.spark.sql.catalyst.analysis.resolver.HybridAnalyzer.resolveInFixedPoint(HybridAnalyzer.scala:236)
[2026-04-03T08:31:11.013+0000] {spark_submit.py:579} INFO - at org.apache.spark.sql.catalyst.analysis.resolver.HybridAnalyzer.$anonfun$apply$1(HybridAnalyzer.scala:91)
[2026-04-03T08:31:11.013+0000] {spark_submit.py:579} INFO - at org.apache.spark.sql.catalyst.analysis.resolver.HybridAnalyzer.withTrackedAnalyzerBridgeState(HybridAnalyzer.scala:122)
[2026-04-03T08:31:11.013+0000] {spark_submit.py:579} INFO - at org.apache.spark.sql.catalyst.analysis.resolver.HybridAnalyzer.apply(HybridAnalyzer.scala:84)
[2026-04-03T08:31:11.013+0000] {spark_submit.py:579} INFO - at org.apache.spark.sql.catalyst.analysis.Analyzer.$anonfun$executeAndCheck$1(Analyzer.scala:322)
[2026-04-03T08:31:11.014+0000] {spark_submit.py:579} INFO - at org.apache.spark.sql.catalyst.plans.logical.AnalysisHelper$.markInAnalyzer(AnalysisHelper.scala:423)
[2026-04-03T08:31:11.014+0000] {spark_submit.py:579} INFO - at org.apache.spark.sql.catalyst.analysis.Analyzer.executeAndCheck(Analyzer.scala:322)
[2026-04-03T08:31:11.014+0000] {spark_submit.py:579} INFO - at org.apache.spark.sql.execution.QueryExecution.$anonfun$lazyAnalyzed$2(QueryExecution.scala:139)
[2026-04-03T08:31:11.014+0000] {spark_submit.py:579} INFO - at org.apache.spark.sql.catalyst.QueryPlanningTracker.measurePhase(QueryPlanningTracker.scala:148)
[2026-04-03T08:31:11.014+0000] {spark_submit.py:579} INFO - at org.apache.spark.sql.execution.QueryExecution.$anonfun$executePhase$2(QueryExecution.scala:330)
[2026-04-03T08:31:11.015+0000] {spark_submit.py:579} INFO - at org.apache.spark.sql.execution.QueryExecution$.withInternalError(QueryExecution.scala:717)
[2026-04-03T08:31:11.015+0000] {spark_submit.py:579} INFO - at org.apache.spark.sql.execution.QueryExecution.$anonfun$executePhase$1(QueryExecution.scala:330)
[2026-04-03T08:31:11.015+0000] {spark_submit.py:579} INFO - at org.apache.spark.sql.SparkSession.withActive(SparkSession.scala:804)
[2026-04-03T08:31:11.015+0000] {spark_submit.py:579} INFO - at org.apache.spark.sql.execution.QueryExecution.executePhase(QueryExecution.scala:329)
[2026-04-03T08:31:11.016+0000] {spark_submit.py:579} INFO - at org.apache.spark.sql.execution.QueryExecution.$anonfun$lazyAnalyzed$1(QueryExecution.scala:139)
[2026-04-03T08:31:11.016+0000] {spark_submit.py:579} INFO - at scala.util.Try$.apply(Try.scala:217)
[2026-04-03T08:31:11.016+0000] {spark_submit.py:579} INFO - at org.apache.spark.util.Utils$.doTryWithCallerStacktrace(Utils.scala:1392)
[2026-04-03T08:31:11.016+0000] {spark_submit.py:579} INFO - at org.apache.spark.util.LazyTry.tryT$lzycompute(LazyTry.scala:46)
[2026-04-03T08:31:11.017+0000] {spark_submit.py:579} INFO - at org.apache.spark.util.LazyTry.tryT(LazyTry.scala:46)
[2026-04-03T08:31:11.017+0000] {spark_submit.py:579} INFO - ... 22 more
[2026-04-03T08:31:11.017+0000] {spark_submit.py:579} INFO - 
[2026-04-03T08:31:11.220+0000] {taskinstance.py:3313} ERROR - Task failed with exception
Traceback (most recent call last):
  File "/home/airflow/.local/lib/python3.12/site-packages/airflow/models/taskinstance.py", line 768, in _execute_task
    result = _execute_callable(context=context, **execute_callable_kwargs)
             ^^^^^^^^^^^^^^^^^^^^^^^^^^^^^^^^^^^^^^^^^^^^^^^^^^^^^^^^^^^^^
  File "/home/airflow/.local/lib/python3.12/site-packages/airflow/models/taskinstance.py", line 734, in _execute_callable
    return ExecutionCallableRunner(
           ^^^^^^^^^^^^^^^^^^^^^^^^
  File "/home/airflow/.local/lib/python3.12/site-packages/airflow/utils/operator_helpers.py", line 252, in run
    return self.func(*args, **kwargs)
           ^^^^^^^^^^^^^^^^^^^^^^^^^^
  File "/home/airflow/.local/lib/python3.12/site-packages/airflow/models/baseoperator.py", line 424, in wrapper
    return func(self, *args, **kwargs)
           ^^^^^^^^^^^^^^^^^^^^^^^^^^^
  File "/home/airflow/.local/lib/python3.12/site-packages/airflow/providers/apache/spark/operators/spark_submit.py", line 174, in execute
    self._hook.submit(self.application)
  File "/home/airflow/.local/lib/python3.12/site-packages/airflow/providers/apache/spark/hooks/spark_submit.py", line 505, in submit
    raise AirflowException(
airflow.exceptions.AirflowException: Cannot execute: /opt/spark_dist/bin/spark-submit --master spark://spark-master:7077 --conf spark.driver.extraClassPath=/opt/***/plugins/postgresql-42.7.2.jar --conf spark.executor.extraClassPath=/opt/bitnami/spark/extra-jars/postgresql-42.7.2.jar --conf spark.driver.host=***_scheduler --conf spark.driver.bindAddress=0.0.0.0 --conf spark.sql.shuffle.partitions=2 --conf spark.default.parallelism=2 --conf spark.driver.extraJavaOptions=-Dderby.system.home=/tmp --jars /opt/***/plugins/postgresql-42.7.2.jar --name sensor_elt_job --verbose --deploy-mode client /opt/***/scripts/process_data.py. Error code is: 1.
[2026-04-03T08:31:11.239+0000] {taskinstance.py:1226} INFO - Marking task as UP_FOR_RETRY. dag_id=02_industrial_sensor_elt, task_id=run_sensor_elt, run_id=manual__2026-04-03T08:30:01.862371+00:00, execution_date=20260403T083001, start_date=20260403T083002, end_date=20260403T083111
[2026-04-03T08:31:11.334+0000] {taskinstance.py:341} INFO - ::group::Post task execution logs
[2026-04-03T08:31:11.334+0000] {standard_task_runner.py:124} ERROR - Failed to execute job 11 for task run_sensor_elt (Cannot execute: /opt/spark_dist/bin/spark-submit --master spark://spark-master:7077 --conf spark.driver.extraClassPath=/opt/***/plugins/postgresql-42.7.2.jar --conf spark.executor.extraClassPath=/opt/bitnami/spark/extra-jars/postgresql-42.7.2.jar --conf spark.driver.host=***_scheduler --conf spark.driver.bindAddress=0.0.0.0 --conf spark.sql.shuffle.partitions=2 --conf spark.default.parallelism=2 --conf spark.driver.extraJavaOptions=-Dderby.system.home=/tmp --jars /opt/***/plugins/postgresql-42.7.2.jar --name sensor_elt_job --verbose --deploy-mode client /opt/***/scripts/process_data.py. Error code is: 1.; 3952)
Traceback (most recent call last):
  File "/home/airflow/.local/lib/python3.12/site-packages/airflow/task/task_runner/standard_task_runner.py", line 117, in _start_by_fork
    ret = args.func(args, dag=self.dag)
          ^^^^^^^^^^^^^^^^^^^^^^^^^^^^^
  File "/home/airflow/.local/lib/python3.12/site-packages/airflow/cli/cli_config.py", line 49, in command
    return func(*args, **kwargs)
           ^^^^^^^^^^^^^^^^^^^^^
  File "/home/airflow/.local/lib/python3.12/site-packages/airflow/utils/cli.py", line 116, in wrapper
    return f(*args, **kwargs)
           ^^^^^^^^^^^^^^^^^^
  File "/home/airflow/.local/lib/python3.12/site-packages/airflow/cli/commands/task_command.py", line 483, in task_run
    task_return_code = _run_task_by_selected_method(args, _dag, ti)
                       ^^^^^^^^^^^^^^^^^^^^^^^^^^^^^^^^^^^^^^^^^^^^
  File "/home/airflow/.local/lib/python3.12/site-packages/airflow/cli/commands/task_command.py", line 256, in _run_task_by_selected_method
    return _run_raw_task(args, ti)
           ^^^^^^^^^^^^^^^^^^^^^^^
  File "/home/airflow/.local/lib/python3.12/site-packages/airflow/cli/commands/task_command.py", line 341, in _run_raw_task
    return ti._run_raw_task(
           ^^^^^^^^^^^^^^^^^
  File "/home/airflow/.local/lib/python3.12/site-packages/airflow/utils/session.py", line 97, in wrapper
    return func(*args, session=session, **kwargs)
           ^^^^^^^^^^^^^^^^^^^^^^^^^^^^^^^^^^^^^^
  File "/home/airflow/.local/lib/python3.12/site-packages/airflow/models/taskinstance.py", line 3006, in _run_raw_task
    return _run_raw_task(
           ^^^^^^^^^^^^^^
  File "/home/airflow/.local/lib/python3.12/site-packages/airflow/models/taskinstance.py", line 274, in _run_raw_task
    TaskInstance._execute_task_with_callbacks(
  File "/home/airflow/.local/lib/python3.12/site-packages/airflow/models/taskinstance.py", line 3161, in _execute_task_with_callbacks
    result = self._execute_task(context, task_orig)
             ^^^^^^^^^^^^^^^^^^^^^^^^^^^^^^^^^^^^^^
  File "/home/airflow/.local/lib/python3.12/site-packages/airflow/models/taskinstance.py", line 3185, in _execute_task
    return _execute_task(self, context, task_orig)
           ^^^^^^^^^^^^^^^^^^^^^^^^^^^^^^^^^^^^^^^
  File "/home/airflow/.local/lib/python3.12/site-packages/airflow/models/taskinstance.py", line 768, in _execute_task
    result = _execute_callable(context=context, **execute_callable_kwargs)
             ^^^^^^^^^^^^^^^^^^^^^^^^^^^^^^^^^^^^^^^^^^^^^^^^^^^^^^^^^^^^^
  File "/home/airflow/.local/lib/python3.12/site-packages/airflow/models/taskinstance.py", line 734, in _execute_callable
    return ExecutionCallableRunner(
           ^^^^^^^^^^^^^^^^^^^^^^^^
  File "/home/airflow/.local/lib/python3.12/site-packages/airflow/utils/operator_helpers.py", line 252, in run
    return self.func(*args, **kwargs)
           ^^^^^^^^^^^^^^^^^^^^^^^^^^
  File "/home/airflow/.local/lib/python3.12/site-packages/airflow/models/baseoperator.py", line 424, in wrapper
    return func(self, *args, **kwargs)
           ^^^^^^^^^^^^^^^^^^^^^^^^^^^
  File "/home/airflow/.local/lib/python3.12/site-packages/airflow/providers/apache/spark/operators/spark_submit.py", line 174, in execute
    self._hook.submit(self.application)
  File "/home/airflow/.local/lib/python3.12/site-packages/airflow/providers/apache/spark/hooks/spark_submit.py", line 505, in submit
    raise AirflowException(
airflow.exceptions.AirflowException: Cannot execute: /opt/spark_dist/bin/spark-submit --master spark://spark-master:7077 --conf spark.driver.extraClassPath=/opt/***/plugins/postgresql-42.7.2.jar --conf spark.executor.extraClassPath=/opt/bitnami/spark/extra-jars/postgresql-42.7.2.jar --conf spark.driver.host=***_scheduler --conf spark.driver.bindAddress=0.0.0.0 --conf spark.sql.shuffle.partitions=2 --conf spark.default.parallelism=2 --conf spark.driver.extraJavaOptions=-Dderby.system.home=/tmp --jars /opt/***/plugins/postgresql-42.7.2.jar --name sensor_elt_job --verbose --deploy-mode client /opt/***/scripts/process_data.py. Error code is: 1.
[2026-04-03T08:31:11.374+0000] {local_task_job_runner.py:266} INFO - Task exited with return code 1
[2026-04-03T08:31:11.424+0000] {taskinstance.py:3901} INFO - 0 downstream tasks scheduled from follow-on schedule check
[2026-04-03T08:31:11.428+0000] {local_task_job_runner.py:245} INFO - ::endgroup::
