[2026-04-03T07:58:40.431+0000] {local_task_job_runner.py:123} INFO - ::group::Pre task execution logs
[2026-04-03T07:58:40.477+0000] {taskinstance.py:2614} INFO - Dependencies all met for dep_context=non-requeueable deps ti=<TaskInstance: 02_industrial_sensor_elt.run_sensor_elt manual__2026-04-03T07:49:33.294184+00:00 [queued]>
[2026-04-03T07:58:40.497+0000] {taskinstance.py:2614} INFO - Dependencies all met for dep_context=requeueable deps ti=<TaskInstance: 02_industrial_sensor_elt.run_sensor_elt manual__2026-04-03T07:49:33.294184+00:00 [queued]>
[2026-04-03T07:58:40.497+0000] {taskinstance.py:2867} INFO - Starting attempt 2 of 2
[2026-04-03T07:58:40.528+0000] {taskinstance.py:2890} INFO - Executing <Task(SparkSubmitOperator): run_sensor_elt> on 2026-04-03 07:49:33.294184+00:00
[2026-04-03T07:58:40.547+0000] {standard_task_runner.py:104} INFO - Running: ['***', 'tasks', 'run', '02_industrial_sensor_elt', 'run_sensor_elt', 'manual__2026-04-03T07:49:33.294184+00:00', '--job-id', '4', '--raw', '--subdir', 'DAGS_FOLDER/dag_datalab_main.py', '--cfg-path', '/tmp/tmp9o1h4p9l']
[2026-04-03T07:58:40.551+0000] {standard_task_runner.py:105} INFO - Job 4: Subtask run_sensor_elt
[2026-04-03T07:58:40.553+0000] {logging_mixin.py:190} WARNING - /home/***/.local/lib/python3.12/site-packages/***/task/task_runner/standard_task_runner.py:70 DeprecationWarning: This process (pid=1115) is multi-threaded, use of fork() may lead to deadlocks in the child.
[2026-04-03T07:58:40.554+0000] {standard_task_runner.py:72} INFO - Started process 1116 to run task
[2026-04-03T07:58:40.663+0000] {task_command.py:467} INFO - Running <TaskInstance: 02_industrial_sensor_elt.run_sensor_elt manual__2026-04-03T07:49:33.294184+00:00 [running]> on host fc8b7795bdf4
[2026-04-03T07:58:40.866+0000] {taskinstance.py:3134} INFO - Exporting env vars: AIRFLOW_CTX_DAG_OWNER='juan_pablo' AIRFLOW_CTX_DAG_ID='02_industrial_sensor_elt' AIRFLOW_CTX_TASK_ID='run_sensor_elt' AIRFLOW_CTX_EXECUTION_DATE='2026-04-03T07:49:33.294184+00:00' AIRFLOW_CTX_TRY_NUMBER='2' AIRFLOW_CTX_DAG_RUN_ID='manual__2026-04-03T07:49:33.294184+00:00'
[2026-04-03T07:58:40.867+0000] {taskinstance.py:732} INFO - ::endgroup::
[2026-04-03T07:58:40.931+0000] {base.py:84} INFO - Retrieving connection 'spark_new'
[2026-04-03T07:58:40.934+0000] {spark_submit.py:403} INFO - Spark-Submit cmd: /opt/spark_dist/bin/spark-submit --master spark://spark-master:7077 --conf spark.driver.extraClassPath=/opt/***/plugins/postgresql-42.7.2.jar --conf spark.executor.extraClassPath=/opt/bitnami/spark/extra-jars/postgresql-42.7.2.jar --conf spark.driver.host=***_scheduler --conf spark.driver.bindAddress=0.0.0.0 --jars /opt/***/plugins/postgresql-42.7.2.jar --name sensor_elt_job --verbose --deploy-mode client /opt/***/scripts/process_data.py
[2026-04-03T07:58:41.782+0000] {spark_submit.py:579} INFO - WARNING: Using incubator modules: jdk.incubator.vector
[2026-04-03T07:58:43.635+0000] {spark_submit.py:579} INFO - Using properties file: /opt/spark_dist/conf/spark-defaults.conf
[2026-04-03T07:58:44.173+0000] {spark_submit.py:579} INFO - Parsed arguments:
[2026-04-03T07:58:44.173+0000] {spark_submit.py:579} INFO - master                  spark://spark-master:7077
[2026-04-03T07:58:44.174+0000] {spark_submit.py:579} INFO - remote                  null
[2026-04-03T07:58:44.174+0000] {spark_submit.py:579} INFO - deployMode              client
[2026-04-03T07:58:44.175+0000] {spark_submit.py:579} INFO - executorMemory          null
[2026-04-03T07:58:44.175+0000] {spark_submit.py:579} INFO - executorCores           null
[2026-04-03T07:58:44.175+0000] {spark_submit.py:579} INFO - totalExecutorCores      null
[2026-04-03T07:58:44.176+0000] {spark_submit.py:579} INFO - propertiesFile          null
[2026-04-03T07:58:44.176+0000] {spark_submit.py:579} INFO - driverMemory            null
[2026-04-03T07:58:44.177+0000] {spark_submit.py:579} INFO - driverCores             null
[2026-04-03T07:58:44.177+0000] {spark_submit.py:579} INFO - driverExtraClassPath    /opt/***/plugins/postgresql-42.7.2.jar
[2026-04-03T07:58:44.177+0000] {spark_submit.py:579} INFO - driverExtraLibraryPath  null
[2026-04-03T07:58:44.178+0000] {spark_submit.py:579} INFO - driverExtraJavaOptions  --add-exports java.base/sun.nio.ch=ALL-UNNAMED
[2026-04-03T07:58:44.178+0000] {spark_submit.py:579} INFO - supervise               false
[2026-04-03T07:58:44.178+0000] {spark_submit.py:579} INFO - queue                   null
[2026-04-03T07:58:44.179+0000] {spark_submit.py:579} INFO - numExecutors            null
[2026-04-03T07:58:44.179+0000] {spark_submit.py:579} INFO - files                   null
[2026-04-03T07:58:44.179+0000] {spark_submit.py:579} INFO - pyFiles                 null
[2026-04-03T07:58:44.179+0000] {spark_submit.py:579} INFO - archives                null
[2026-04-03T07:58:44.180+0000] {spark_submit.py:579} INFO - mainClass               null
[2026-04-03T07:58:44.180+0000] {spark_submit.py:579} INFO - primaryResource         file:/opt/***/scripts/process_data.py
[2026-04-03T07:58:44.180+0000] {spark_submit.py:579} INFO - name                    sensor_elt_job
[2026-04-03T07:58:44.181+0000] {spark_submit.py:579} INFO - childArgs               []
[2026-04-03T07:58:44.181+0000] {spark_submit.py:579} INFO - jars                    file:/opt/***/plugins/postgresql-42.7.2.jar
[2026-04-03T07:58:44.182+0000] {spark_submit.py:579} INFO - packages                null
[2026-04-03T07:58:44.182+0000] {spark_submit.py:579} INFO - packagesExclusions      null
[2026-04-03T07:58:44.182+0000] {spark_submit.py:579} INFO - repositories            null
[2026-04-03T07:58:44.183+0000] {spark_submit.py:579} INFO - verbose                 true
[2026-04-03T07:58:44.183+0000] {spark_submit.py:579} INFO - 
[2026-04-03T07:58:44.183+0000] {spark_submit.py:579} INFO - Spark properties used, including those specified through
[2026-04-03T07:58:44.184+0000] {spark_submit.py:579} INFO - --conf and those from the properties file null:
[2026-04-03T07:58:44.184+0000] {spark_submit.py:579} INFO - (spark.driver.bindAddress,0.0.0.0)
[2026-04-03T07:58:44.184+0000] {spark_submit.py:579} INFO - (spark.driver.extraClassPath,/opt/***/plugins/postgresql-42.7.2.jar)
[2026-04-03T07:58:44.185+0000] {spark_submit.py:579} INFO - (spark.driver.extraJavaOptions,--add-exports java.base/sun.nio.ch=ALL-UNNAMED)
[2026-04-03T07:58:44.185+0000] {spark_submit.py:579} INFO - (spark.driver.host,***_scheduler)
[2026-04-03T07:58:44.185+0000] {spark_submit.py:579} INFO - (spark.executor.extraClassPath,/opt/bitnami/spark/extra-jars/postgresql-42.7.2.jar)
[2026-04-03T07:58:44.186+0000] {spark_submit.py:579} INFO - 
[2026-04-03T07:58:44.186+0000] {spark_submit.py:579} INFO - 
[2026-04-03T07:58:44.848+0000] {spark_submit.py:579} INFO - 26/04/03 07:58:44 WARN NativeCodeLoader: Unable to load native-hadoop library for your platform... using builtin-java classes where applicable
[2026-04-03T07:58:45.114+0000] {spark_submit.py:579} INFO - Main class:
[2026-04-03T07:58:45.114+0000] {spark_submit.py:579} INFO - org.apache.spark.deploy.PythonRunner
[2026-04-03T07:58:45.115+0000] {spark_submit.py:579} INFO - Arguments:
[2026-04-03T07:58:45.115+0000] {spark_submit.py:579} INFO - file:/opt/***/scripts/process_data.py
[2026-04-03T07:58:45.115+0000] {spark_submit.py:579} INFO - null
[2026-04-03T07:58:45.117+0000] {spark_submit.py:579} INFO - Spark config:
[2026-04-03T07:58:45.117+0000] {spark_submit.py:579} INFO - (spark.app.name,sensor_elt_job)
[2026-04-03T07:58:45.118+0000] {spark_submit.py:579} INFO - (spark.app.submitTime,1775203125079)
[2026-04-03T07:58:45.118+0000] {spark_submit.py:579} INFO - (spark.driver.bindAddress,0.0.0.0)
[2026-04-03T07:58:45.119+0000] {spark_submit.py:579} INFO - (spark.driver.extraClassPath,/opt/***/plugins/postgresql-42.7.2.jar)
[2026-04-03T07:58:45.119+0000] {spark_submit.py:579} INFO - (spark.driver.extraJavaOptions,--add-exports java.base/sun.nio.ch=ALL-UNNAMED)
[2026-04-03T07:58:45.120+0000] {spark_submit.py:579} INFO - (spark.driver.host,***_scheduler)
[2026-04-03T07:58:45.120+0000] {spark_submit.py:579} INFO - (spark.executor.extraClassPath,/opt/bitnami/spark/extra-jars/postgresql-42.7.2.jar)
[2026-04-03T07:58:45.121+0000] {spark_submit.py:579} INFO - (spark.jars,file:///opt/***/plugins/postgresql-42.7.2.jar)
[2026-04-03T07:58:45.122+0000] {spark_submit.py:579} INFO - (spark.master,spark://spark-master:7077)
[2026-04-03T07:58:45.122+0000] {spark_submit.py:579} INFO - (spark.repl.local.jars,file:///opt/***/plugins/postgresql-42.7.2.jar)
[2026-04-03T07:58:45.123+0000] {spark_submit.py:579} INFO - (spark.submit.deployMode,client)
[2026-04-03T07:58:45.123+0000] {spark_submit.py:579} INFO - (spark.submit.pyFiles,)
[2026-04-03T07:58:45.123+0000] {spark_submit.py:579} INFO - Classpath elements:
[2026-04-03T07:58:45.124+0000] {spark_submit.py:579} INFO - file:///opt/***/plugins/postgresql-42.7.2.jar
[2026-04-03T07:58:45.124+0000] {spark_submit.py:579} INFO - 
[2026-04-03T07:58:45.125+0000] {spark_submit.py:579} INFO - 
[2026-04-03T07:58:46.573+0000] {spark_submit.py:579} INFO - Using Spark's default log4j profile: org/apache/spark/log4j2-defaults.properties
[2026-04-03T07:58:46.582+0000] {spark_submit.py:579} INFO - 26/04/03 07:58:46 INFO SparkContext: Running Spark version 4.1.1
[2026-04-03T07:58:46.584+0000] {spark_submit.py:579} INFO - 26/04/03 07:58:46 INFO SparkContext: OS info Linux, 6.18.13-200.fc43.x86_64, amd64
[2026-04-03T07:58:46.585+0000] {spark_submit.py:579} INFO - 26/04/03 07:58:46 INFO SparkContext: Java version 17.0.18+8-Debian-1deb12u1
[2026-04-03T07:58:46.634+0000] {spark_submit.py:579} INFO - 26/04/03 07:58:46 INFO ResourceUtils: ==============================================================
[2026-04-03T07:58:46.635+0000] {spark_submit.py:579} INFO - 26/04/03 07:58:46 INFO ResourceUtils: No custom resources configured for spark.driver.
[2026-04-03T07:58:46.635+0000] {spark_submit.py:579} INFO - 26/04/03 07:58:46 INFO ResourceUtils: ==============================================================
[2026-04-03T07:58:46.636+0000] {spark_submit.py:579} INFO - 26/04/03 07:58:46 INFO SparkContext: Submitted application: Industrial-ELT-Pipeline
[2026-04-03T07:58:46.744+0000] {spark_submit.py:579} INFO - 26/04/03 07:58:46 INFO SecurityManager: Changing view acls to: default
[2026-04-03T07:58:46.745+0000] {spark_submit.py:579} INFO - 26/04/03 07:58:46 INFO SecurityManager: Changing modify acls to: default
[2026-04-03T07:58:46.746+0000] {spark_submit.py:579} INFO - 26/04/03 07:58:46 INFO SecurityManager: Changing view acls groups to: default
[2026-04-03T07:58:46.746+0000] {spark_submit.py:579} INFO - 26/04/03 07:58:46 INFO SecurityManager: Changing modify acls groups to: default
[2026-04-03T07:58:46.747+0000] {spark_submit.py:579} INFO - 26/04/03 07:58:46 INFO SecurityManager: SecurityManager: authentication disabled; ui acls disabled; users with view permissions: default groups with view permissions: EMPTY; users with modify permissions: default; groups with modify permissions: EMPTY; RPC SSL disabled
[2026-04-03T07:58:47.257+0000] {spark_submit.py:579} INFO - 26/04/03 07:58:47 INFO Utils: Successfully started service 'sparkDriver' on port 45541.
[2026-04-03T07:58:47.317+0000] {spark_submit.py:579} INFO - 26/04/03 07:58:47 INFO SparkEnv: Registering MapOutputTracker
[2026-04-03T07:58:47.340+0000] {spark_submit.py:579} INFO - 26/04/03 07:58:47 INFO SparkEnv: Registering BlockManagerMaster
[2026-04-03T07:58:47.392+0000] {spark_submit.py:579} INFO - 26/04/03 07:58:47 INFO BlockManagerMasterEndpoint: Using org.apache.spark.storage.DefaultTopologyMapper for getting topology information
[2026-04-03T07:58:47.393+0000] {spark_submit.py:579} INFO - 26/04/03 07:58:47 INFO BlockManagerMasterEndpoint: BlockManagerMasterEndpoint up
[2026-04-03T07:58:47.400+0000] {spark_submit.py:579} INFO - 26/04/03 07:58:47 INFO SparkEnv: Registering BlockManagerMasterHeartbeat
[2026-04-03T07:58:47.441+0000] {spark_submit.py:579} INFO - 26/04/03 07:58:47 INFO DiskBlockManager: Created local directory at /tmp/blockmgr-dfdabd8b-5363-469e-858e-e6de633dac65
[2026-04-03T07:58:47.483+0000] {spark_submit.py:579} INFO - 26/04/03 07:58:47 INFO SparkEnv: Registering OutputCommitCoordinator
[2026-04-03T07:58:47.727+0000] {spark_submit.py:579} INFO - 26/04/03 07:58:47 INFO JettyUtils: Start Jetty 0.0.0.0:4040 for SparkUI
[2026-04-03T07:58:47.875+0000] {spark_submit.py:579} INFO - 26/04/03 07:58:47 INFO Utils: Successfully started service 'SparkUI' on port 4040.
[2026-04-03T07:58:47.960+0000] {spark_submit.py:579} INFO - 26/04/03 07:58:47 ERROR SparkContext: Failed to add /opt/bitnami/spark/extra-jars/postgresql-42.7.2.jar to Spark environment
[2026-04-03T07:58:47.961+0000] {spark_submit.py:579} INFO - java.io.FileNotFoundException: Jar /opt/bitnami/spark/extra-jars/postgresql-42.7.2.jar not found
[2026-04-03T07:58:47.961+0000] {spark_submit.py:579} INFO - at org.apache.spark.SparkContext.addLocalJarFile$1(SparkContext.scala:2185)
[2026-04-03T07:58:47.962+0000] {spark_submit.py:579} INFO - at org.apache.spark.SparkContext.addJar(SparkContext.scala:2241)
[2026-04-03T07:58:47.962+0000] {spark_submit.py:579} INFO - at org.apache.spark.SparkContext.$anonfun$new$16(SparkContext.scala:544)
[2026-04-03T07:58:47.962+0000] {spark_submit.py:579} INFO - at org.apache.spark.SparkContext.$anonfun$new$16$adapted(SparkContext.scala:544)
[2026-04-03T07:58:47.962+0000] {spark_submit.py:579} INFO - at scala.collection.IterableOnceOps.foreach(IterableOnce.scala:630)
[2026-04-03T07:58:47.963+0000] {spark_submit.py:579} INFO - at scala.collection.IterableOnceOps.foreach$(IterableOnce.scala:628)
[2026-04-03T07:58:47.963+0000] {spark_submit.py:579} INFO - at scala.collection.AbstractIterable.foreach(Iterable.scala:936)
[2026-04-03T07:58:47.963+0000] {spark_submit.py:579} INFO - at org.apache.spark.SparkContext.<init>(SparkContext.scala:544)
[2026-04-03T07:58:47.963+0000] {spark_submit.py:579} INFO - at org.apache.spark.api.java.JavaSparkContext.<init>(JavaSparkContext.scala:59)
[2026-04-03T07:58:47.964+0000] {spark_submit.py:579} INFO - at java.base/jdk.internal.reflect.NativeConstructorAccessorImpl.newInstance0(Native Method)
[2026-04-03T07:58:47.964+0000] {spark_submit.py:579} INFO - at java.base/jdk.internal.reflect.NativeConstructorAccessorImpl.newInstance(NativeConstructorAccessorImpl.java:77)
[2026-04-03T07:58:47.964+0000] {spark_submit.py:579} INFO - at java.base/jdk.internal.reflect.DelegatingConstructorAccessorImpl.newInstance(DelegatingConstructorAccessorImpl.java:45)
[2026-04-03T07:58:47.964+0000] {spark_submit.py:579} INFO - at java.base/java.lang.reflect.Constructor.newInstanceWithCaller(Constructor.java:500)
[2026-04-03T07:58:47.965+0000] {spark_submit.py:579} INFO - at java.base/java.lang.reflect.Constructor.newInstance(Constructor.java:481)
[2026-04-03T07:58:47.965+0000] {spark_submit.py:579} INFO - at py4j.reflection.MethodInvoker.invoke(MethodInvoker.java:247)
[2026-04-03T07:58:47.965+0000] {spark_submit.py:579} INFO - at py4j.reflection.ReflectionEngine.invoke(ReflectionEngine.java:374)
[2026-04-03T07:58:47.965+0000] {spark_submit.py:579} INFO - at py4j.Gateway.invoke(Gateway.java:238)
[2026-04-03T07:58:47.965+0000] {spark_submit.py:579} INFO - at py4j.commands.ConstructorCommand.invokeConstructor(ConstructorCommand.java:80)
[2026-04-03T07:58:47.966+0000] {spark_submit.py:579} INFO - at py4j.commands.ConstructorCommand.execute(ConstructorCommand.java:69)
[2026-04-03T07:58:47.966+0000] {spark_submit.py:579} INFO - at py4j.ClientServerConnection.waitForCommands(ClientServerConnection.java:184)
[2026-04-03T07:58:47.966+0000] {spark_submit.py:579} INFO - at py4j.ClientServerConnection.run(ClientServerConnection.java:108)
[2026-04-03T07:58:47.966+0000] {spark_submit.py:579} INFO - at java.base/java.lang.Thread.run(Thread.java:840)
[2026-04-03T07:58:48.021+0000] {spark_submit.py:579} INFO - 26/04/03 07:58:48 INFO ResourceProfile: Default ResourceProfile created, executor resources: Map(memory -> name: memory, amount: 1024, script: , vendor: , offHeap -> name: offHeap, amount: 0, script: , vendor: ), task resources: Map(cpus -> name: cpus, amount: 1.0)
[2026-04-03T07:58:48.025+0000] {spark_submit.py:579} INFO - 26/04/03 07:58:48 INFO ResourceProfile: Limiting resource is cpu
[2026-04-03T07:58:48.026+0000] {spark_submit.py:579} INFO - 26/04/03 07:58:48 INFO ResourceProfileManager: Added ResourceProfile id: 0
[2026-04-03T07:58:48.049+0000] {spark_submit.py:579} INFO - 26/04/03 07:58:48 INFO SecurityManager: Changing view acls to: default
[2026-04-03T07:58:48.049+0000] {spark_submit.py:579} INFO - 26/04/03 07:58:48 INFO SecurityManager: Changing modify acls to: default
[2026-04-03T07:58:48.050+0000] {spark_submit.py:579} INFO - 26/04/03 07:58:48 INFO SecurityManager: Changing view acls groups to: default
[2026-04-03T07:58:48.050+0000] {spark_submit.py:579} INFO - 26/04/03 07:58:48 INFO SecurityManager: Changing modify acls groups to: default
[2026-04-03T07:58:48.050+0000] {spark_submit.py:579} INFO - 26/04/03 07:58:48 INFO SecurityManager: SecurityManager: authentication disabled; ui acls disabled; users with view permissions: default groups with view permissions: EMPTY; users with modify permissions: default; groups with modify permissions: EMPTY; RPC SSL disabled
[2026-04-03T07:58:48.364+0000] {spark_submit.py:579} INFO - 26/04/03 07:58:48 INFO StandaloneAppClient$ClientEndpoint: Connecting to master spark://spark-master:7077...
[2026-04-03T07:58:48.466+0000] {spark_submit.py:579} INFO - 26/04/03 07:58:48 INFO TransportClientFactory: Successfully created connection to spark-master/172.20.0.4:7077 after 53 ms (0 ms spent in bootstraps)
[2026-04-03T07:58:48.740+0000] {spark_submit.py:579} INFO - 26/04/03 07:58:48 INFO StandaloneSchedulerBackend: Connected to Spark cluster with app ID app-20260403075848-0003
[2026-04-03T07:58:48.746+0000] {spark_submit.py:579} INFO - 26/04/03 07:58:48 INFO StandaloneAppClient$ClientEndpoint: Executor added: app-20260403075848-0003/0 on worker-20260403074029-172.20.0.2-43131 (172.20.0.2:43131) with 2 core(s)
[2026-04-03T07:58:48.752+0000] {spark_submit.py:579} INFO - 26/04/03 07:58:48 INFO StandaloneSchedulerBackend: Granted executor ID app-20260403075848-0003/0 on hostPort 172.20.0.2:43131 with 2 core(s), 1024.0 MiB RAM
[2026-04-03T07:58:48.756+0000] {spark_submit.py:579} INFO - 26/04/03 07:58:48 INFO Utils: Successfully started service 'org.apache.spark.network.netty.NettyBlockTransferService' on port 38821.
[2026-04-03T07:58:48.757+0000] {spark_submit.py:579} INFO - 26/04/03 07:58:48 INFO NettyBlockTransferService: Server created on ***_scheduler 0.0.0.0:38821
[2026-04-03T07:58:48.765+0000] {spark_submit.py:579} INFO - 26/04/03 07:58:48 INFO BlockManager: Using org.apache.spark.storage.RandomBlockReplicationPolicy for block replication policy
[2026-04-03T07:58:48.777+0000] {spark_submit.py:579} INFO - 26/04/03 07:58:48 INFO StandaloneAppClient$ClientEndpoint: Executor updated: app-20260403075848-0003/0 is now RUNNING
[2026-04-03T07:58:48.801+0000] {spark_submit.py:579} INFO - 26/04/03 07:58:48 INFO BlockManagerMaster: Registering BlockManager BlockManagerId(driver, ***_scheduler, 38821, None)
[2026-04-03T07:58:48.813+0000] {spark_submit.py:579} INFO - 26/04/03 07:58:48 INFO BlockManagerMasterEndpoint: Registering block manager ***_scheduler:38821 with 434.4 MiB RAM, BlockManagerId(driver, ***_scheduler, 38821, None)
[2026-04-03T07:58:48.817+0000] {spark_submit.py:579} INFO - 26/04/03 07:58:48 INFO BlockManagerMaster: Registered BlockManager BlockManagerId(driver, ***_scheduler, 38821, None)
[2026-04-03T07:58:48.821+0000] {spark_submit.py:579} INFO - 26/04/03 07:58:48 INFO BlockManager: Initialized BlockManager: BlockManagerId(driver, ***_scheduler, 38821, None)
[2026-04-03T07:58:49.124+0000] {spark_submit.py:579} INFO - 26/04/03 07:58:49 INFO StandaloneSchedulerBackend: SchedulerBackend is ready for scheduling beginning after reached minRegisteredResourcesRatio: 0.0
[2026-04-03T07:58:52.312+0000] {spark_submit.py:579} INFO - 26/04/03 07:58:52 INFO StandaloneAppClient$ClientEndpoint: Executor updated: app-20260403075848-0003/0 is now EXITED (Command exited with code 1)
[2026-04-03T07:58:52.315+0000] {spark_submit.py:579} INFO - 26/04/03 07:58:52 INFO StandaloneSchedulerBackend: Executor app-20260403075848-0003/0 removed: Command exited with code 1
[2026-04-03T07:58:52.316+0000] {spark_submit.py:579} INFO - 26/04/03 07:58:52 INFO StandaloneAppClient$ClientEndpoint: Executor added: app-20260403075848-0003/1 on worker-20260403074029-172.20.0.2-43131 (172.20.0.2:43131) with 2 core(s)
[2026-04-03T07:58:52.317+0000] {spark_submit.py:579} INFO - 26/04/03 07:58:52 INFO StandaloneSchedulerBackend: Granted executor ID app-20260403075848-0003/1 on hostPort 172.20.0.2:43131 with 2 core(s), 1024.0 MiB RAM
[2026-04-03T07:58:52.327+0000] {spark_submit.py:579} INFO - 26/04/03 07:58:52 INFO BlockManagerMaster: Removal of executor 0 requested
[2026-04-03T07:58:52.329+0000] {spark_submit.py:579} INFO - 26/04/03 07:58:52 INFO StandaloneSchedulerBackend$StandaloneDriverEndpoint: Asked to remove non-existent executor 0
[2026-04-03T07:58:52.333+0000] {spark_submit.py:579} INFO - 26/04/03 07:58:52 INFO StandaloneAppClient$ClientEndpoint: Executor updated: app-20260403075848-0003/1 is now RUNNING
[2026-04-03T07:58:52.339+0000] {spark_submit.py:579} INFO - 26/04/03 07:58:52 INFO BlockManagerMasterEndpoint: Trying to remove executor 0 from BlockManagerMaster.
[2026-04-03T07:58:52.340+0000] {spark_submit.py:579} INFO - 26/04/03 07:58:52 INFO BlockManagerMasterEndpoint: Removed 0 successfully in removeExecutor
[2026-04-03T07:58:54.107+0000] {spark_submit.py:579} INFO - 26/04/03 07:58:54 INFO SharedState: Setting hive.metastore.warehouse.dir ('null') to the value of spark.sql.warehouse.dir.
[2026-04-03T07:58:54.113+0000] {spark_submit.py:579} INFO - 26/04/03 07:58:54 INFO SharedState: Warehouse path is 'file:/opt/***/spark-warehouse'.
[2026-04-03T07:58:55.496+0000] {spark_submit.py:579} INFO - 26/04/03 07:58:55 WARN FileStreamSink: Assume no metadata directory. Error while looking for metadata directory in the path: /data/raw/sensors/*.json.
[2026-04-03T07:58:55.496+0000] {spark_submit.py:579} INFO - java.io.FileNotFoundException: File /data/raw/sensors/*.json does not exist
[2026-04-03T07:58:55.497+0000] {spark_submit.py:579} INFO - at org.apache.hadoop.fs.RawLocalFileSystem.deprecatedGetFileStatus(RawLocalFileSystem.java:980)
[2026-04-03T07:58:55.497+0000] {spark_submit.py:579} INFO - at org.apache.hadoop.fs.RawLocalFileSystem.getFileLinkStatusInternal(RawLocalFileSystem.java:1301)
[2026-04-03T07:58:55.497+0000] {spark_submit.py:579} INFO - at org.apache.hadoop.fs.RawLocalFileSystem.getFileStatus(RawLocalFileSystem.java:970)
[2026-04-03T07:58:55.497+0000] {spark_submit.py:579} INFO - at org.apache.hadoop.fs.FilterFileSystem.getFileStatus(FilterFileSystem.java:462)
[2026-04-03T07:58:55.498+0000] {spark_submit.py:579} INFO - at org.apache.spark.sql.execution.streaming.sinks.FileStreamSink$.hasMetadata(FileStreamSink.scala:58)
[2026-04-03T07:58:55.498+0000] {spark_submit.py:579} INFO - at org.apache.spark.sql.execution.datasources.DataSource.resolveRelation(DataSource.scala:384)
[2026-04-03T07:58:55.498+0000] {spark_submit.py:579} INFO - at org.apache.spark.sql.catalyst.analysis.ResolveDataSource.org$apache$spark$sql$catalyst$analysis$ResolveDataSource$$loadV1BatchSource(ResolveDataSource.scala:143)
[2026-04-03T07:58:55.498+0000] {spark_submit.py:579} INFO - at org.apache.spark.sql.catalyst.analysis.ResolveDataSource$$anonfun$apply$1.$anonfun$applyOrElse$2(ResolveDataSource.scala:61)
[2026-04-03T07:58:55.499+0000] {spark_submit.py:579} INFO - at scala.Option.getOrElse(Option.scala:201)
[2026-04-03T07:58:55.499+0000] {spark_submit.py:579} INFO - at org.apache.spark.sql.catalyst.analysis.ResolveDataSource$$anonfun$apply$1.applyOrElse(ResolveDataSource.scala:61)
[2026-04-03T07:58:55.499+0000] {spark_submit.py:579} INFO - at org.apache.spark.sql.catalyst.analysis.ResolveDataSource$$anonfun$apply$1.applyOrElse(ResolveDataSource.scala:45)
[2026-04-03T07:58:55.499+0000] {spark_submit.py:579} INFO - at org.apache.spark.sql.catalyst.plans.logical.AnalysisHelper.$anonfun$resolveOperatorsUpWithPruning$3(AnalysisHelper.scala:139)
[2026-04-03T07:58:55.500+0000] {spark_submit.py:579} INFO - at org.apache.spark.sql.catalyst.trees.CurrentOrigin$.withOrigin(origin.scala:107)
[2026-04-03T07:58:55.500+0000] {spark_submit.py:579} INFO - at org.apache.spark.sql.catalyst.plans.logical.AnalysisHelper.$anonfun$resolveOperatorsUpWithPruning$1(AnalysisHelper.scala:139)
[2026-04-03T07:58:55.500+0000] {spark_submit.py:579} INFO - at org.apache.spark.sql.catalyst.plans.logical.AnalysisHelper$.allowInvokingTransformsInAnalyzer(AnalysisHelper.scala:416)
[2026-04-03T07:58:55.500+0000] {spark_submit.py:579} INFO - at org.apache.spark.sql.catalyst.plans.logical.AnalysisHelper.resolveOperatorsUpWithPruning(AnalysisHelper.scala:135)
[2026-04-03T07:58:55.500+0000] {spark_submit.py:579} INFO - at org.apache.spark.sql.catalyst.plans.logical.AnalysisHelper.resolveOperatorsUpWithPruning$(AnalysisHelper.scala:131)
[2026-04-03T07:58:55.501+0000] {spark_submit.py:579} INFO - at org.apache.spark.sql.catalyst.plans.logical.LogicalPlan.resolveOperatorsUpWithPruning(LogicalPlan.scala:37)
[2026-04-03T07:58:55.501+0000] {spark_submit.py:579} INFO - at org.apache.spark.sql.catalyst.plans.logical.AnalysisHelper.resolveOperatorsUp(AnalysisHelper.scala:112)
[2026-04-03T07:58:55.501+0000] {spark_submit.py:579} INFO - at org.apache.spark.sql.catalyst.plans.logical.AnalysisHelper.resolveOperatorsUp$(AnalysisHelper.scala:111)
[2026-04-03T07:58:55.501+0000] {spark_submit.py:579} INFO - at org.apache.spark.sql.catalyst.plans.logical.LogicalPlan.resolveOperatorsUp(LogicalPlan.scala:37)
[2026-04-03T07:58:55.502+0000] {spark_submit.py:579} INFO - at org.apache.spark.sql.catalyst.analysis.ResolveDataSource.apply(ResolveDataSource.scala:45)
[2026-04-03T07:58:55.502+0000] {spark_submit.py:579} INFO - at org.apache.spark.sql.catalyst.analysis.ResolveDataSource.apply(ResolveDataSource.scala:43)
[2026-04-03T07:58:55.502+0000] {spark_submit.py:579} INFO - at org.apache.spark.sql.catalyst.rules.RuleExecutor.$anonfun$execute$2(RuleExecutor.scala:248)
[2026-04-03T07:58:55.502+0000] {spark_submit.py:579} INFO - at scala.collection.LinearSeqOps.foldLeft(LinearSeq.scala:183)
[2026-04-03T07:58:55.502+0000] {spark_submit.py:579} INFO - at scala.collection.LinearSeqOps.foldLeft$(LinearSeq.scala:179)
[2026-04-03T07:58:55.503+0000] {spark_submit.py:579} INFO - at scala.collection.immutable.List.foldLeft(List.scala:79)
[2026-04-03T07:58:55.503+0000] {spark_submit.py:579} INFO - at org.apache.spark.sql.catalyst.rules.RuleExecutor.$anonfun$execute$1(RuleExecutor.scala:245)
[2026-04-03T07:58:55.503+0000] {spark_submit.py:579} INFO - at org.apache.spark.sql.catalyst.rules.RuleExecutor.$anonfun$execute$1$adapted(RuleExecutor.scala:237)
[2026-04-03T07:58:55.503+0000] {spark_submit.py:579} INFO - at scala.collection.immutable.List.foreach(List.scala:323)
[2026-04-03T07:58:55.504+0000] {spark_submit.py:579} INFO - at org.apache.spark.sql.catalyst.rules.RuleExecutor.execute(RuleExecutor.scala:237)
[2026-04-03T07:58:55.504+0000] {spark_submit.py:579} INFO - at org.apache.spark.sql.catalyst.analysis.Analyzer.org$apache$spark$sql$catalyst$analysis$Analyzer$$executeSameContext(Analyzer.scala:343)
[2026-04-03T07:58:55.504+0000] {spark_submit.py:579} INFO - at org.apache.spark.sql.catalyst.analysis.Analyzer.$anonfun$execute$1(Analyzer.scala:339)
[2026-04-03T07:58:55.504+0000] {spark_submit.py:579} INFO - at org.apache.spark.sql.catalyst.analysis.AnalysisContext$.withNewAnalysisContext(Analyzer.scala:224)
[2026-04-03T07:58:55.505+0000] {spark_submit.py:579} INFO - at org.apache.spark.sql.catalyst.analysis.Analyzer.execute(Analyzer.scala:339)
[2026-04-03T07:58:55.505+0000] {spark_submit.py:579} INFO - at org.apache.spark.sql.catalyst.analysis.Analyzer.execute(Analyzer.scala:289)
[2026-04-03T07:58:55.505+0000] {spark_submit.py:579} INFO - at org.apache.spark.sql.catalyst.rules.RuleExecutor.$anonfun$executeAndTrack$1(RuleExecutor.scala:207)
[2026-04-03T07:58:55.505+0000] {spark_submit.py:579} INFO - at org.apache.spark.sql.catalyst.QueryPlanningTracker$.withTracker(QueryPlanningTracker.scala:89)
[2026-04-03T07:58:55.506+0000] {spark_submit.py:579} INFO - at org.apache.spark.sql.catalyst.rules.RuleExecutor.executeAndTrack(RuleExecutor.scala:207)
[2026-04-03T07:58:55.506+0000] {spark_submit.py:579} INFO - at org.apache.spark.sql.catalyst.analysis.resolver.HybridAnalyzer.resolveInFixedPoint(HybridAnalyzer.scala:236)
[2026-04-03T07:58:55.506+0000] {spark_submit.py:579} INFO - at org.apache.spark.sql.catalyst.analysis.resolver.HybridAnalyzer.$anonfun$apply$1(HybridAnalyzer.scala:91)
[2026-04-03T07:58:55.506+0000] {spark_submit.py:579} INFO - at org.apache.spark.sql.catalyst.analysis.resolver.HybridAnalyzer.withTrackedAnalyzerBridgeState(HybridAnalyzer.scala:122)
[2026-04-03T07:58:55.506+0000] {spark_submit.py:579} INFO - at org.apache.spark.sql.catalyst.analysis.resolver.HybridAnalyzer.apply(HybridAnalyzer.scala:84)
[2026-04-03T07:58:55.507+0000] {spark_submit.py:579} INFO - at org.apache.spark.sql.catalyst.analysis.Analyzer.$anonfun$executeAndCheck$1(Analyzer.scala:322)
[2026-04-03T07:58:55.507+0000] {spark_submit.py:579} INFO - at org.apache.spark.sql.catalyst.plans.logical.AnalysisHelper$.markInAnalyzer(AnalysisHelper.scala:423)
[2026-04-03T07:58:55.507+0000] {spark_submit.py:579} INFO - at org.apache.spark.sql.catalyst.analysis.Analyzer.executeAndCheck(Analyzer.scala:322)
[2026-04-03T07:58:55.507+0000] {spark_submit.py:579} INFO - at org.apache.spark.sql.execution.QueryExecution.$anonfun$lazyAnalyzed$2(QueryExecution.scala:139)
[2026-04-03T07:58:55.508+0000] {spark_submit.py:579} INFO - at org.apache.spark.sql.catalyst.QueryPlanningTracker.measurePhase(QueryPlanningTracker.scala:148)
[2026-04-03T07:58:55.508+0000] {spark_submit.py:579} INFO - at org.apache.spark.sql.execution.QueryExecution.$anonfun$executePhase$2(QueryExecution.scala:330)
[2026-04-03T07:58:55.508+0000] {spark_submit.py:579} INFO - at org.apache.spark.sql.execution.QueryExecution$.withInternalError(QueryExecution.scala:717)
[2026-04-03T07:58:55.508+0000] {spark_submit.py:579} INFO - at org.apache.spark.sql.execution.QueryExecution.$anonfun$executePhase$1(QueryExecution.scala:330)
[2026-04-03T07:58:55.508+0000] {spark_submit.py:579} INFO - at org.apache.spark.sql.SparkSession.withActive(SparkSession.scala:804)
[2026-04-03T07:58:55.509+0000] {spark_submit.py:579} INFO - at org.apache.spark.sql.execution.QueryExecution.executePhase(QueryExecution.scala:329)
[2026-04-03T07:58:55.509+0000] {spark_submit.py:579} INFO - at org.apache.spark.sql.execution.QueryExecution.$anonfun$lazyAnalyzed$1(QueryExecution.scala:139)
[2026-04-03T07:58:55.509+0000] {spark_submit.py:579} INFO - at scala.util.Try$.apply(Try.scala:217)
[2026-04-03T07:58:55.509+0000] {spark_submit.py:579} INFO - at org.apache.spark.util.Utils$.doTryWithCallerStacktrace(Utils.scala:1392)
[2026-04-03T07:58:55.510+0000] {spark_submit.py:579} INFO - at org.apache.spark.util.LazyTry.tryT$lzycompute(LazyTry.scala:46)
[2026-04-03T07:58:55.510+0000] {spark_submit.py:579} INFO - at org.apache.spark.util.LazyTry.tryT(LazyTry.scala:46)
[2026-04-03T07:58:55.510+0000] {spark_submit.py:579} INFO - at org.apache.spark.util.LazyTry.get(LazyTry.scala:58)
[2026-04-03T07:58:55.510+0000] {spark_submit.py:579} INFO - at org.apache.spark.sql.execution.QueryExecution.analyzed(QueryExecution.scala:150)
[2026-04-03T07:58:55.511+0000] {spark_submit.py:579} INFO - at org.apache.spark.sql.execution.QueryExecution.assertAnalyzed(QueryExecution.scala:90)
[2026-04-03T07:58:55.511+0000] {spark_submit.py:579} INFO - at org.apache.spark.sql.classic.Dataset$.$anonfun$ofRows$1(Dataset.scala:114)
[2026-04-03T07:58:55.511+0000] {spark_submit.py:579} INFO - at org.apache.spark.sql.SparkSession.withActive(SparkSession.scala:804)
[2026-04-03T07:58:55.511+0000] {spark_submit.py:579} INFO - at org.apache.spark.sql.classic.Dataset$.ofRows(Dataset.scala:112)
[2026-04-03T07:58:55.512+0000] {spark_submit.py:579} INFO - at org.apache.spark.sql.classic.DataFrameReader.load(DataFrameReader.scala:108)
[2026-04-03T07:58:55.512+0000] {spark_submit.py:579} INFO - at org.apache.spark.sql.classic.DataFrameReader.load(DataFrameReader.scala:57)
[2026-04-03T07:58:55.512+0000] {spark_submit.py:579} INFO - at org.apache.spark.sql.DataFrameReader.json(DataFrameReader.scala:296)
[2026-04-03T07:58:55.512+0000] {spark_submit.py:579} INFO - at org.apache.spark.sql.classic.DataFrameReader.json(DataFrameReader.scala:149)
[2026-04-03T07:58:55.512+0000] {spark_submit.py:579} INFO - at java.base/jdk.internal.reflect.NativeMethodAccessorImpl.invoke0(Native Method)
[2026-04-03T07:58:55.513+0000] {spark_submit.py:579} INFO - at java.base/jdk.internal.reflect.NativeMethodAccessorImpl.invoke(NativeMethodAccessorImpl.java:77)
[2026-04-03T07:58:55.513+0000] {spark_submit.py:579} INFO - at java.base/jdk.internal.reflect.DelegatingMethodAccessorImpl.invoke(DelegatingMethodAccessorImpl.java:43)
[2026-04-03T07:58:55.513+0000] {spark_submit.py:579} INFO - at java.base/java.lang.reflect.Method.invoke(Method.java:569)
[2026-04-03T07:58:55.513+0000] {spark_submit.py:579} INFO - at py4j.reflection.MethodInvoker.invoke(MethodInvoker.java:244)
[2026-04-03T07:58:55.514+0000] {spark_submit.py:579} INFO - at py4j.reflection.ReflectionEngine.invoke(ReflectionEngine.java:374)
[2026-04-03T07:58:55.514+0000] {spark_submit.py:579} INFO - at py4j.Gateway.invoke(Gateway.java:282)
[2026-04-03T07:58:55.514+0000] {spark_submit.py:579} INFO - at py4j.commands.AbstractCommand.invokeMethod(AbstractCommand.java:132)
[2026-04-03T07:58:55.514+0000] {spark_submit.py:579} INFO - at py4j.commands.CallCommand.execute(CallCommand.java:79)
[2026-04-03T07:58:55.514+0000] {spark_submit.py:579} INFO - at py4j.ClientServerConnection.waitForCommands(ClientServerConnection.java:184)
[2026-04-03T07:58:55.515+0000] {spark_submit.py:579} INFO - at py4j.ClientServerConnection.run(ClientServerConnection.java:108)
[2026-04-03T07:58:55.515+0000] {spark_submit.py:579} INFO - at java.base/java.lang.Thread.run(Thread.java:840)
[2026-04-03T07:58:55.518+0000] {spark_submit.py:579} INFO - 26/04/03 07:58:55 INFO StandaloneAppClient$ClientEndpoint: Executor updated: app-20260403075848-0003/1 is now EXITED (Command exited with code 1)
[2026-04-03T07:58:55.519+0000] {spark_submit.py:579} INFO - 26/04/03 07:58:55 INFO StandaloneSchedulerBackend: Executor app-20260403075848-0003/1 removed: Command exited with code 1
[2026-04-03T07:58:55.520+0000] {spark_submit.py:579} INFO - 26/04/03 07:58:55 INFO StandaloneAppClient$ClientEndpoint: Executor added: app-20260403075848-0003/2 on worker-20260403074029-172.20.0.2-43131 (172.20.0.2:43131) with 2 core(s)
[2026-04-03T07:58:55.522+0000] {spark_submit.py:579} INFO - 26/04/03 07:58:55 INFO StandaloneSchedulerBackend: Granted executor ID app-20260403075848-0003/2 on hostPort 172.20.0.2:43131 with 2 core(s), 1024.0 MiB RAM
[2026-04-03T07:58:55.523+0000] {spark_submit.py:579} INFO - 26/04/03 07:58:55 INFO BlockManagerMasterEndpoint: Trying to remove executor 1 from BlockManagerMaster.
[2026-04-03T07:58:55.523+0000] {spark_submit.py:579} INFO - 26/04/03 07:58:55 INFO BlockManagerMasterEndpoint: Removed 1 successfully in removeExecutor
[2026-04-03T07:58:55.523+0000] {spark_submit.py:579} INFO - 26/04/03 07:58:55 INFO BlockManagerMaster: Removal of executor 1 requested
[2026-04-03T07:58:55.524+0000] {spark_submit.py:579} INFO - 26/04/03 07:58:55 INFO StandaloneSchedulerBackend$StandaloneDriverEndpoint: Asked to remove non-existent executor 1
[2026-04-03T07:58:55.550+0000] {spark_submit.py:579} INFO - 26/04/03 07:58:55 INFO StandaloneAppClient$ClientEndpoint: Executor updated: app-20260403075848-0003/2 is now RUNNING
[2026-04-03T07:58:55.621+0000] {spark_submit.py:579} INFO - 26/04/03 07:58:55 INFO HadoopFSUtils: Listing leaf files and directories in parallel under50 paths. The first several paths are: file:/data/raw/sensors/log_00562d.json, file:/data/raw/sensors/log_0170c3.json, file:/data/raw/sensors/log_028779.json, file:/data/raw/sensors/log_0394c3.json, file:/data/raw/sensors/log_16ba56.json, file:/data/raw/sensors/log_1f5f24.json, file:/data/raw/sensors/log_213236.json, file:/data/raw/sensors/log_25cef9.json, file:/data/raw/sensors/log_2b3ddf.json, file:/data/raw/sensors/log_32bc05.json.
[2026-04-03T07:58:55.926+0000] {spark_submit.py:579} INFO - 26/04/03 07:58:55 INFO SparkContext: Starting job: json at NativeMethodAccessorImpl.java:0
[2026-04-03T07:58:55.959+0000] {spark_submit.py:579} INFO - 26/04/03 07:58:55 INFO DAGScheduler: Got job 0 (json at NativeMethodAccessorImpl.java:0) with 50 output partitions
[2026-04-03T07:58:55.960+0000] {spark_submit.py:579} INFO - 26/04/03 07:58:55 INFO DAGScheduler: Final stage: ResultStage 0 (json at NativeMethodAccessorImpl.java:0)
[2026-04-03T07:58:55.961+0000] {spark_submit.py:579} INFO - 26/04/03 07:58:55 INFO DAGScheduler: Parents of final stage: List()
[2026-04-03T07:58:55.966+0000] {spark_submit.py:579} INFO - 26/04/03 07:58:55 INFO DAGScheduler: Missing parents: List()
[2026-04-03T07:58:55.972+0000] {spark_submit.py:579} INFO - 26/04/03 07:58:55 INFO DAGScheduler: Missing parents found for ResultStage 0: List()
[2026-04-03T07:58:55.976+0000] {spark_submit.py:579} INFO - 26/04/03 07:58:55 INFO DAGScheduler: Submitting ResultStage 0 (MapPartitionsRDD[1] at json at NativeMethodAccessorImpl.java:0), which has no missing parents
[2026-04-03T07:58:56.084+0000] {spark_submit.py:579} INFO - 26/04/03 07:58:56 INFO MemoryStore: MemoryStore started with capacity 434.4 MiB
[2026-04-03T07:58:56.138+0000] {spark_submit.py:579} INFO - 26/04/03 07:58:56 INFO MemoryStore: Block broadcast_0 stored as values in memory (estimated size 114.9 KiB, free 434.3 MiB)
[2026-04-03T07:58:56.228+0000] {spark_submit.py:579} INFO - 26/04/03 07:58:56 INFO MemoryStore: Block broadcast_0_piece0 stored as bytes in memory (estimated size 41.3 KiB, free 434.2 MiB)
[2026-04-03T07:58:56.248+0000] {spark_submit.py:579} INFO - 26/04/03 07:58:56 INFO SparkContext: Created broadcast 0 from broadcast at DAGScheduler.scala:1686
[2026-04-03T07:58:56.304+0000] {spark_submit.py:579} INFO - 26/04/03 07:58:56 INFO DAGScheduler: Submitting 50 missing tasks from ResultStage 0 (MapPartitionsRDD[1] at json at NativeMethodAccessorImpl.java:0) (first 15 tasks are for partitions Vector(0, 1, 2, 3, 4, 5, 6, 7, 8, 9, 10, 11, 12, 13, 14))
[2026-04-03T07:58:56.310+0000] {spark_submit.py:579} INFO - 26/04/03 07:58:56 INFO TaskSchedulerImpl: Adding task set 0.0 with 50 tasks resource profile 0
[2026-04-03T07:58:58.741+0000] {spark_submit.py:579} INFO - 26/04/03 07:58:58 INFO StandaloneAppClient$ClientEndpoint: Executor updated: app-20260403075848-0003/2 is now EXITED (Command exited with code 1)
[2026-04-03T07:58:58.742+0000] {spark_submit.py:579} INFO - 26/04/03 07:58:58 INFO StandaloneSchedulerBackend: Executor app-20260403075848-0003/2 removed: Command exited with code 1
[2026-04-03T07:58:58.743+0000] {spark_submit.py:579} INFO - 26/04/03 07:58:58 INFO BlockManagerMaster: Removal of executor 2 requested
[2026-04-03T07:58:58.744+0000] {spark_submit.py:579} INFO - 26/04/03 07:58:58 INFO BlockManagerMasterEndpoint: Trying to remove executor 2 from BlockManagerMaster.
[2026-04-03T07:58:58.744+0000] {spark_submit.py:579} INFO - 26/04/03 07:58:58 INFO StandaloneAppClient$ClientEndpoint: Executor added: app-20260403075848-0003/3 on worker-20260403074029-172.20.0.2-43131 (172.20.0.2:43131) with 2 core(s)
[2026-04-03T07:58:58.744+0000] {spark_submit.py:579} INFO - 26/04/03 07:58:58 INFO BlockManagerMasterEndpoint: Removed 2 successfully in removeExecutor
[2026-04-03T07:58:58.744+0000] {spark_submit.py:579} INFO - 26/04/03 07:58:58 INFO StandaloneSchedulerBackend$StandaloneDriverEndpoint: Asked to remove non-existent executor 2
[2026-04-03T07:58:58.744+0000] {spark_submit.py:579} INFO - 26/04/03 07:58:58 INFO StandaloneSchedulerBackend: Granted executor ID app-20260403075848-0003/3 on hostPort 172.20.0.2:43131 with 2 core(s), 1024.0 MiB RAM
[2026-04-03T07:58:58.766+0000] {spark_submit.py:579} INFO - 26/04/03 07:58:58 INFO StandaloneAppClient$ClientEndpoint: Executor updated: app-20260403075848-0003/3 is now RUNNING
[2026-04-03T07:59:01.735+0000] {spark_submit.py:579} INFO - 26/04/03 07:59:01 INFO StandaloneAppClient$ClientEndpoint: Executor updated: app-20260403075848-0003/3 is now EXITED (Command exited with code 1)
[2026-04-03T07:59:01.736+0000] {spark_submit.py:579} INFO - 26/04/03 07:59:01 INFO StandaloneSchedulerBackend: Executor app-20260403075848-0003/3 removed: Command exited with code 1
[2026-04-03T07:59:01.736+0000] {spark_submit.py:579} INFO - 26/04/03 07:59:01 INFO BlockManagerMaster: Removal of executor 3 requested
[2026-04-03T07:59:01.737+0000] {spark_submit.py:579} INFO - 26/04/03 07:59:01 INFO BlockManagerMasterEndpoint: Trying to remove executor 3 from BlockManagerMaster.
[2026-04-03T07:59:01.737+0000] {spark_submit.py:579} INFO - 26/04/03 07:59:01 INFO StandaloneSchedulerBackend$StandaloneDriverEndpoint: Asked to remove non-existent executor 3
[2026-04-03T07:59:01.738+0000] {spark_submit.py:579} INFO - 26/04/03 07:59:01 INFO BlockManagerMasterEndpoint: Removed 3 successfully in removeExecutor
[2026-04-03T07:59:01.739+0000] {spark_submit.py:579} INFO - 26/04/03 07:59:01 INFO StandaloneAppClient$ClientEndpoint: Executor added: app-20260403075848-0003/4 on worker-20260403074029-172.20.0.2-43131 (172.20.0.2:43131) with 2 core(s)
[2026-04-03T07:59:01.739+0000] {spark_submit.py:579} INFO - 26/04/03 07:59:01 INFO StandaloneSchedulerBackend: Granted executor ID app-20260403075848-0003/4 on hostPort 172.20.0.2:43131 with 2 core(s), 1024.0 MiB RAM
[2026-04-03T07:59:01.760+0000] {spark_submit.py:579} INFO - 26/04/03 07:59:01 INFO StandaloneAppClient$ClientEndpoint: Executor updated: app-20260403075848-0003/4 is now RUNNING
[2026-04-03T07:59:04.729+0000] {spark_submit.py:579} INFO - 26/04/03 07:59:04 INFO StandaloneAppClient$ClientEndpoint: Executor updated: app-20260403075848-0003/4 is now EXITED (Command exited with code 1)
[2026-04-03T07:59:04.730+0000] {spark_submit.py:579} INFO - 26/04/03 07:59:04 INFO StandaloneSchedulerBackend: Executor app-20260403075848-0003/4 removed: Command exited with code 1
[2026-04-03T07:59:04.730+0000] {spark_submit.py:579} INFO - 26/04/03 07:59:04 INFO StandaloneAppClient$ClientEndpoint: Executor added: app-20260403075848-0003/5 on worker-20260403074029-172.20.0.2-43131 (172.20.0.2:43131) with 2 core(s)
[2026-04-03T07:59:04.730+0000] {spark_submit.py:579} INFO - 26/04/03 07:59:04 INFO BlockManagerMasterEndpoint: Trying to remove executor 4 from BlockManagerMaster.
[2026-04-03T07:59:04.731+0000] {spark_submit.py:579} INFO - 26/04/03 07:59:04 INFO StandaloneSchedulerBackend: Granted executor ID app-20260403075848-0003/5 on hostPort 172.20.0.2:43131 with 2 core(s), 1024.0 MiB RAM
[2026-04-03T07:59:04.731+0000] {spark_submit.py:579} INFO - 26/04/03 07:59:04 INFO BlockManagerMasterEndpoint: Removed 4 successfully in removeExecutor
[2026-04-03T07:59:04.731+0000] {spark_submit.py:579} INFO - 26/04/03 07:59:04 INFO BlockManagerMaster: Removal of executor 4 requested
[2026-04-03T07:59:04.731+0000] {spark_submit.py:579} INFO - 26/04/03 07:59:04 INFO StandaloneSchedulerBackend$StandaloneDriverEndpoint: Asked to remove non-existent executor 4
[2026-04-03T07:59:04.751+0000] {spark_submit.py:579} INFO - 26/04/03 07:59:04 INFO StandaloneAppClient$ClientEndpoint: Executor updated: app-20260403075848-0003/5 is now RUNNING
[2026-04-03T07:59:07.779+0000] {spark_submit.py:579} INFO - 26/04/03 07:59:07 INFO StandaloneAppClient$ClientEndpoint: Executor updated: app-20260403075848-0003/5 is now EXITED (Command exited with code 1)
[2026-04-03T07:59:07.779+0000] {spark_submit.py:579} INFO - 26/04/03 07:59:07 INFO StandaloneSchedulerBackend: Executor app-20260403075848-0003/5 removed: Command exited with code 1
[2026-04-03T07:59:07.780+0000] {spark_submit.py:579} INFO - 26/04/03 07:59:07 INFO BlockManagerMasterEndpoint: Trying to remove executor 5 from BlockManagerMaster.
[2026-04-03T07:59:07.780+0000] {spark_submit.py:579} INFO - 26/04/03 07:59:07 INFO BlockManagerMaster: Removal of executor 5 requested
[2026-04-03T07:59:07.780+0000] {spark_submit.py:579} INFO - 26/04/03 07:59:07 INFO StandaloneAppClient$ClientEndpoint: Executor added: app-20260403075848-0003/6 on worker-20260403074029-172.20.0.2-43131 (172.20.0.2:43131) with 2 core(s)
[2026-04-03T07:59:07.780+0000] {spark_submit.py:579} INFO - 26/04/03 07:59:07 INFO BlockManagerMasterEndpoint: Removed 5 successfully in removeExecutor
[2026-04-03T07:59:07.781+0000] {spark_submit.py:579} INFO - 26/04/03 07:59:07 INFO StandaloneSchedulerBackend$StandaloneDriverEndpoint: Asked to remove non-existent executor 5
[2026-04-03T07:59:07.781+0000] {spark_submit.py:579} INFO - 26/04/03 07:59:07 INFO StandaloneSchedulerBackend: Granted executor ID app-20260403075848-0003/6 on hostPort 172.20.0.2:43131 with 2 core(s), 1024.0 MiB RAM
[2026-04-03T07:59:07.803+0000] {spark_submit.py:579} INFO - 26/04/03 07:59:07 INFO StandaloneAppClient$ClientEndpoint: Executor updated: app-20260403075848-0003/6 is now RUNNING
[2026-04-03T07:59:10.903+0000] {spark_submit.py:579} INFO - 26/04/03 07:59:10 INFO StandaloneAppClient$ClientEndpoint: Executor updated: app-20260403075848-0003/6 is now EXITED (Command exited with code 1)
[2026-04-03T07:59:10.904+0000] {spark_submit.py:579} INFO - 26/04/03 07:59:10 INFO StandaloneSchedulerBackend: Executor app-20260403075848-0003/6 removed: Command exited with code 1
[2026-04-03T07:59:10.905+0000] {spark_submit.py:579} INFO - 26/04/03 07:59:10 INFO StandaloneAppClient$ClientEndpoint: Executor added: app-20260403075848-0003/7 on worker-20260403074029-172.20.0.2-43131 (172.20.0.2:43131) with 2 core(s)
[2026-04-03T07:59:10.905+0000] {spark_submit.py:579} INFO - 26/04/03 07:59:10 INFO BlockManagerMasterEndpoint: Trying to remove executor 6 from BlockManagerMaster.
[2026-04-03T07:59:10.905+0000] {spark_submit.py:579} INFO - 26/04/03 07:59:10 INFO BlockManagerMaster: Removal of executor 6 requested
[2026-04-03T07:59:10.906+0000] {spark_submit.py:579} INFO - 26/04/03 07:59:10 INFO BlockManagerMasterEndpoint: Removed 6 successfully in removeExecutor
[2026-04-03T07:59:10.906+0000] {spark_submit.py:579} INFO - 26/04/03 07:59:10 INFO StandaloneSchedulerBackend$StandaloneDriverEndpoint: Asked to remove non-existent executor 6
[2026-04-03T07:59:10.906+0000] {spark_submit.py:579} INFO - 26/04/03 07:59:10 INFO StandaloneSchedulerBackend: Granted executor ID app-20260403075848-0003/7 on hostPort 172.20.0.2:43131 with 2 core(s), 1024.0 MiB RAM
[2026-04-03T07:59:10.933+0000] {spark_submit.py:579} INFO - 26/04/03 07:59:10 INFO StandaloneAppClient$ClientEndpoint: Executor updated: app-20260403075848-0003/7 is now RUNNING
[2026-04-03T07:59:11.344+0000] {spark_submit.py:579} INFO - 26/04/03 07:59:11 WARN TaskSchedulerImpl: Initial job has not accepted any resources; check your cluster UI to ensure that workers are registered and have sufficient resources
[2026-04-03T07:59:13.925+0000] {spark_submit.py:579} INFO - 26/04/03 07:59:13 INFO StandaloneAppClient$ClientEndpoint: Executor updated: app-20260403075848-0003/7 is now EXITED (Command exited with code 1)
[2026-04-03T07:59:13.926+0000] {spark_submit.py:579} INFO - 26/04/03 07:59:13 INFO StandaloneSchedulerBackend: Executor app-20260403075848-0003/7 removed: Command exited with code 1
[2026-04-03T07:59:13.926+0000] {spark_submit.py:579} INFO - 26/04/03 07:59:13 INFO BlockManagerMasterEndpoint: Trying to remove executor 7 from BlockManagerMaster.
[2026-04-03T07:59:13.927+0000] {spark_submit.py:579} INFO - 26/04/03 07:59:13 INFO StandaloneAppClient$ClientEndpoint: Executor added: app-20260403075848-0003/8 on worker-20260403074029-172.20.0.2-43131 (172.20.0.2:43131) with 2 core(s)
[2026-04-03T07:59:13.927+0000] {spark_submit.py:579} INFO - 26/04/03 07:59:13 INFO BlockManagerMaster: Removal of executor 7 requested
[2026-04-03T07:59:13.927+0000] {spark_submit.py:579} INFO - 26/04/03 07:59:13 INFO BlockManagerMasterEndpoint: Removed 7 successfully in removeExecutor
[2026-04-03T07:59:13.927+0000] {spark_submit.py:579} INFO - 26/04/03 07:59:13 INFO StandaloneSchedulerBackend$StandaloneDriverEndpoint: Asked to remove non-existent executor 7
[2026-04-03T07:59:13.928+0000] {spark_submit.py:579} INFO - 26/04/03 07:59:13 INFO StandaloneSchedulerBackend: Granted executor ID app-20260403075848-0003/8 on hostPort 172.20.0.2:43131 with 2 core(s), 1024.0 MiB RAM
[2026-04-03T07:59:13.951+0000] {spark_submit.py:579} INFO - 26/04/03 07:59:13 INFO StandaloneAppClient$ClientEndpoint: Executor updated: app-20260403075848-0003/8 is now RUNNING
[2026-04-03T07:59:16.895+0000] {spark_submit.py:579} INFO - 26/04/03 07:59:16 INFO StandaloneAppClient$ClientEndpoint: Executor updated: app-20260403075848-0003/8 is now EXITED (Command exited with code 1)
[2026-04-03T07:59:16.895+0000] {spark_submit.py:579} INFO - 26/04/03 07:59:16 INFO StandaloneSchedulerBackend: Executor app-20260403075848-0003/8 removed: Command exited with code 1
[2026-04-03T07:59:16.896+0000] {spark_submit.py:579} INFO - 26/04/03 07:59:16 INFO BlockManagerMaster: Removal of executor 8 requested
[2026-04-03T07:59:16.896+0000] {spark_submit.py:579} INFO - 26/04/03 07:59:16 INFO BlockManagerMasterEndpoint: Trying to remove executor 8 from BlockManagerMaster.
[2026-04-03T07:59:16.897+0000] {spark_submit.py:579} INFO - 26/04/03 07:59:16 INFO StandaloneAppClient$ClientEndpoint: Executor added: app-20260403075848-0003/9 on worker-20260403074029-172.20.0.2-43131 (172.20.0.2:43131) with 2 core(s)
[2026-04-03T07:59:16.897+0000] {spark_submit.py:579} INFO - 26/04/03 07:59:16 INFO StandaloneSchedulerBackend$StandaloneDriverEndpoint: Asked to remove non-existent executor 8
[2026-04-03T07:59:16.897+0000] {spark_submit.py:579} INFO - 26/04/03 07:59:16 INFO BlockManagerMasterEndpoint: Removed 8 successfully in removeExecutor
[2026-04-03T07:59:16.897+0000] {spark_submit.py:579} INFO - 26/04/03 07:59:16 INFO StandaloneSchedulerBackend: Granted executor ID app-20260403075848-0003/9 on hostPort 172.20.0.2:43131 with 2 core(s), 1024.0 MiB RAM
[2026-04-03T07:59:16.919+0000] {spark_submit.py:579} INFO - 26/04/03 07:59:16 INFO StandaloneAppClient$ClientEndpoint: Executor updated: app-20260403075848-0003/9 is now RUNNING
[2026-04-03T07:59:19.971+0000] {spark_submit.py:579} INFO - 26/04/03 07:59:19 INFO StandaloneAppClient$ClientEndpoint: Executor updated: app-20260403075848-0003/9 is now EXITED (Command exited with code 1)
[2026-04-03T07:59:19.972+0000] {spark_submit.py:579} INFO - 26/04/03 07:59:19 INFO StandaloneSchedulerBackend: Executor app-20260403075848-0003/9 removed: Command exited with code 1
[2026-04-03T07:59:19.972+0000] {spark_submit.py:579} INFO - 26/04/03 07:59:19 INFO BlockManagerMasterEndpoint: Trying to remove executor 9 from BlockManagerMaster.
[2026-04-03T07:59:19.973+0000] {spark_submit.py:579} INFO - 26/04/03 07:59:19 INFO StandaloneAppClient$ClientEndpoint: Executor added: app-20260403075848-0003/10 on worker-20260403074029-172.20.0.2-43131 (172.20.0.2:43131) with 2 core(s)
[2026-04-03T07:59:19.973+0000] {spark_submit.py:579} INFO - 26/04/03 07:59:19 INFO BlockManagerMaster: Removal of executor 9 requested
[2026-04-03T07:59:19.973+0000] {spark_submit.py:579} INFO - 26/04/03 07:59:19 INFO BlockManagerMasterEndpoint: Removed 9 successfully in removeExecutor
[2026-04-03T07:59:19.974+0000] {spark_submit.py:579} INFO - 26/04/03 07:59:19 INFO StandaloneSchedulerBackend$StandaloneDriverEndpoint: Asked to remove non-existent executor 9
[2026-04-03T07:59:19.974+0000] {spark_submit.py:579} INFO - 26/04/03 07:59:19 INFO StandaloneSchedulerBackend: Granted executor ID app-20260403075848-0003/10 on hostPort 172.20.0.2:43131 with 2 core(s), 1024.0 MiB RAM
[2026-04-03T07:59:19.997+0000] {spark_submit.py:579} INFO - 26/04/03 07:59:19 INFO StandaloneAppClient$ClientEndpoint: Executor updated: app-20260403075848-0003/10 is now RUNNING
[2026-04-03T07:59:22.996+0000] {spark_submit.py:579} INFO - 26/04/03 07:59:22 INFO StandaloneAppClient$ClientEndpoint: Executor updated: app-20260403075848-0003/10 is now EXITED (Command exited with code 1)
[2026-04-03T07:59:22.996+0000] {spark_submit.py:579} INFO - 26/04/03 07:59:22 INFO StandaloneSchedulerBackend: Executor app-20260403075848-0003/10 removed: Command exited with code 1
[2026-04-03T07:59:22.997+0000] {spark_submit.py:579} INFO - 26/04/03 07:59:22 INFO BlockManagerMaster: Removal of executor 10 requested
[2026-04-03T07:59:22.997+0000] {spark_submit.py:579} INFO - 26/04/03 07:59:22 INFO BlockManagerMasterEndpoint: Trying to remove executor 10 from BlockManagerMaster.
[2026-04-03T07:59:22.997+0000] {spark_submit.py:579} INFO - 26/04/03 07:59:22 INFO StandaloneAppClient$ClientEndpoint: Executor added: app-20260403075848-0003/11 on worker-20260403074029-172.20.0.2-43131 (172.20.0.2:43131) with 2 core(s)
[2026-04-03T07:59:22.998+0000] {spark_submit.py:579} INFO - 26/04/03 07:59:22 INFO StandaloneSchedulerBackend$StandaloneDriverEndpoint: Asked to remove non-existent executor 10
[2026-04-03T07:59:22.998+0000] {spark_submit.py:579} INFO - 26/04/03 07:59:22 INFO BlockManagerMasterEndpoint: Removed 10 successfully in removeExecutor
[2026-04-03T07:59:22.998+0000] {spark_submit.py:579} INFO - 26/04/03 07:59:22 INFO StandaloneSchedulerBackend: Granted executor ID app-20260403075848-0003/11 on hostPort 172.20.0.2:43131 with 2 core(s), 1024.0 MiB RAM
[2026-04-03T07:59:23.023+0000] {spark_submit.py:579} INFO - 26/04/03 07:59:23 INFO StandaloneAppClient$ClientEndpoint: Executor updated: app-20260403075848-0003/11 is now RUNNING
[2026-04-03T07:59:26.030+0000] {spark_submit.py:579} INFO - 26/04/03 07:59:26 INFO StandaloneAppClient$ClientEndpoint: Executor updated: app-20260403075848-0003/11 is now EXITED (Command exited with code 1)
[2026-04-03T07:59:26.030+0000] {spark_submit.py:579} INFO - 26/04/03 07:59:26 INFO StandaloneSchedulerBackend: Executor app-20260403075848-0003/11 removed: Command exited with code 1
[2026-04-03T07:59:26.031+0000] {spark_submit.py:579} INFO - 26/04/03 07:59:26 INFO StandaloneAppClient$ClientEndpoint: Executor added: app-20260403075848-0003/12 on worker-20260403074029-172.20.0.2-43131 (172.20.0.2:43131) with 2 core(s)
[2026-04-03T07:59:26.031+0000] {spark_submit.py:579} INFO - 26/04/03 07:59:26 INFO BlockManagerMasterEndpoint: Trying to remove executor 11 from BlockManagerMaster.
[2026-04-03T07:59:26.031+0000] {spark_submit.py:579} INFO - 26/04/03 07:59:26 INFO BlockManagerMaster: Removal of executor 11 requested
[2026-04-03T07:59:26.032+0000] {spark_submit.py:579} INFO - 26/04/03 07:59:26 INFO BlockManagerMasterEndpoint: Removed 11 successfully in removeExecutor
[2026-04-03T07:59:26.032+0000] {spark_submit.py:579} INFO - 26/04/03 07:59:26 INFO StandaloneSchedulerBackend: Granted executor ID app-20260403075848-0003/12 on hostPort 172.20.0.2:43131 with 2 core(s), 1024.0 MiB RAM
[2026-04-03T07:59:26.032+0000] {spark_submit.py:579} INFO - 26/04/03 07:59:26 INFO StandaloneSchedulerBackend$StandaloneDriverEndpoint: Asked to remove non-existent executor 11
[2026-04-03T07:59:26.058+0000] {spark_submit.py:579} INFO - 26/04/03 07:59:26 INFO StandaloneAppClient$ClientEndpoint: Executor updated: app-20260403075848-0003/12 is now RUNNING
[2026-04-03T07:59:26.342+0000] {spark_submit.py:579} INFO - 26/04/03 07:59:26 WARN TaskSchedulerImpl: Initial job has not accepted any resources; check your cluster UI to ensure that workers are registered and have sufficient resources
[2026-04-03T07:59:29.060+0000] {spark_submit.py:579} INFO - 26/04/03 07:59:29 INFO StandaloneAppClient$ClientEndpoint: Executor updated: app-20260403075848-0003/12 is now EXITED (Command exited with code 1)
[2026-04-03T07:59:29.060+0000] {spark_submit.py:579} INFO - 26/04/03 07:59:29 INFO StandaloneSchedulerBackend: Executor app-20260403075848-0003/12 removed: Command exited with code 1
[2026-04-03T07:59:29.061+0000] {spark_submit.py:579} INFO - 26/04/03 07:59:29 INFO BlockManagerMaster: Removal of executor 12 requested
[2026-04-03T07:59:29.062+0000] {spark_submit.py:579} INFO - 26/04/03 07:59:29 INFO BlockManagerMasterEndpoint: Trying to remove executor 12 from BlockManagerMaster.
[2026-04-03T07:59:29.062+0000] {spark_submit.py:579} INFO - 26/04/03 07:59:29 INFO StandaloneAppClient$ClientEndpoint: Executor added: app-20260403075848-0003/13 on worker-20260403074029-172.20.0.2-43131 (172.20.0.2:43131) with 2 core(s)
[2026-04-03T07:59:29.062+0000] {spark_submit.py:579} INFO - 26/04/03 07:59:29 INFO StandaloneSchedulerBackend$StandaloneDriverEndpoint: Asked to remove non-existent executor 12
[2026-04-03T07:59:29.063+0000] {spark_submit.py:579} INFO - 26/04/03 07:59:29 INFO BlockManagerMasterEndpoint: Removed 12 successfully in removeExecutor
[2026-04-03T07:59:29.063+0000] {spark_submit.py:579} INFO - 26/04/03 07:59:29 INFO StandaloneSchedulerBackend: Granted executor ID app-20260403075848-0003/13 on hostPort 172.20.0.2:43131 with 2 core(s), 1024.0 MiB RAM
[2026-04-03T07:59:29.084+0000] {spark_submit.py:579} INFO - 26/04/03 07:59:29 INFO StandaloneAppClient$ClientEndpoint: Executor updated: app-20260403075848-0003/13 is now RUNNING
[2026-04-03T07:59:32.231+0000] {spark_submit.py:579} INFO - 26/04/03 07:59:32 INFO StandaloneAppClient$ClientEndpoint: Executor updated: app-20260403075848-0003/13 is now EXITED (Command exited with code 1)
[2026-04-03T07:59:32.232+0000] {spark_submit.py:579} INFO - 26/04/03 07:59:32 INFO StandaloneSchedulerBackend: Executor app-20260403075848-0003/13 removed: Command exited with code 1
[2026-04-03T07:59:32.233+0000] {spark_submit.py:579} INFO - 26/04/03 07:59:32 INFO StandaloneAppClient$ClientEndpoint: Executor added: app-20260403075848-0003/14 on worker-20260403074029-172.20.0.2-43131 (172.20.0.2:43131) with 2 core(s)
[2026-04-03T07:59:32.233+0000] {spark_submit.py:579} INFO - 26/04/03 07:59:32 INFO BlockManagerMaster: Removal of executor 13 requested
[2026-04-03T07:59:32.234+0000] {spark_submit.py:579} INFO - 26/04/03 07:59:32 INFO BlockManagerMasterEndpoint: Trying to remove executor 13 from BlockManagerMaster.
[2026-04-03T07:59:32.234+0000] {spark_submit.py:579} INFO - 26/04/03 07:59:32 INFO BlockManagerMasterEndpoint: Removed 13 successfully in removeExecutor
[2026-04-03T07:59:32.234+0000] {spark_submit.py:579} INFO - 26/04/03 07:59:32 INFO StandaloneSchedulerBackend: Granted executor ID app-20260403075848-0003/14 on hostPort 172.20.0.2:43131 with 2 core(s), 1024.0 MiB RAM
[2026-04-03T07:59:32.235+0000] {spark_submit.py:579} INFO - 26/04/03 07:59:32 INFO StandaloneSchedulerBackend$StandaloneDriverEndpoint: Asked to remove non-existent executor 13
[2026-04-03T07:59:32.260+0000] {spark_submit.py:579} INFO - 26/04/03 07:59:32 INFO StandaloneAppClient$ClientEndpoint: Executor updated: app-20260403075848-0003/14 is now RUNNING
[2026-04-03T07:59:35.407+0000] {spark_submit.py:579} INFO - 26/04/03 07:59:35 INFO StandaloneAppClient$ClientEndpoint: Executor updated: app-20260403075848-0003/14 is now EXITED (Command exited with code 1)
[2026-04-03T07:59:35.407+0000] {spark_submit.py:579} INFO - 26/04/03 07:59:35 INFO StandaloneSchedulerBackend: Executor app-20260403075848-0003/14 removed: Command exited with code 1
[2026-04-03T07:59:35.408+0000] {spark_submit.py:579} INFO - 26/04/03 07:59:35 INFO StandaloneAppClient$ClientEndpoint: Executor added: app-20260403075848-0003/15 on worker-20260403074029-172.20.0.2-43131 (172.20.0.2:43131) with 2 core(s)
[2026-04-03T07:59:35.409+0000] {spark_submit.py:579} INFO - 26/04/03 07:59:35 INFO BlockManagerMasterEndpoint: Trying to remove executor 14 from BlockManagerMaster.
[2026-04-03T07:59:35.409+0000] {spark_submit.py:579} INFO - 26/04/03 07:59:35 INFO BlockManagerMaster: Removal of executor 14 requested
[2026-04-03T07:59:35.410+0000] {spark_submit.py:579} INFO - 26/04/03 07:59:35 INFO BlockManagerMasterEndpoint: Removed 14 successfully in removeExecutor
[2026-04-03T07:59:35.410+0000] {spark_submit.py:579} INFO - 26/04/03 07:59:35 INFO StandaloneSchedulerBackend$StandaloneDriverEndpoint: Asked to remove non-existent executor 14
[2026-04-03T07:59:35.410+0000] {spark_submit.py:579} INFO - 26/04/03 07:59:35 INFO StandaloneSchedulerBackend: Granted executor ID app-20260403075848-0003/15 on hostPort 172.20.0.2:43131 with 2 core(s), 1024.0 MiB RAM
[2026-04-03T07:59:35.440+0000] {spark_submit.py:579} INFO - 26/04/03 07:59:35 INFO StandaloneAppClient$ClientEndpoint: Executor updated: app-20260403075848-0003/15 is now RUNNING
[2026-04-03T07:59:38.502+0000] {spark_submit.py:579} INFO - 26/04/03 07:59:38 INFO StandaloneAppClient$ClientEndpoint: Executor updated: app-20260403075848-0003/15 is now EXITED (Command exited with code 1)
[2026-04-03T07:59:38.503+0000] {spark_submit.py:579} INFO - 26/04/03 07:59:38 INFO StandaloneSchedulerBackend: Executor app-20260403075848-0003/15 removed: Command exited with code 1
[2026-04-03T07:59:38.504+0000] {spark_submit.py:579} INFO - 26/04/03 07:59:38 INFO BlockManagerMaster: Removal of executor 15 requested
[2026-04-03T07:59:38.505+0000] {spark_submit.py:579} INFO - 26/04/03 07:59:38 INFO BlockManagerMasterEndpoint: Trying to remove executor 15 from BlockManagerMaster.
[2026-04-03T07:59:38.505+0000] {spark_submit.py:579} INFO - 26/04/03 07:59:38 INFO StandaloneSchedulerBackend$StandaloneDriverEndpoint: Asked to remove non-existent executor 15
[2026-04-03T07:59:38.505+0000] {spark_submit.py:579} INFO - 26/04/03 07:59:38 INFO StandaloneAppClient$ClientEndpoint: Executor added: app-20260403075848-0003/16 on worker-20260403074029-172.20.0.2-43131 (172.20.0.2:43131) with 2 core(s)
[2026-04-03T07:59:38.505+0000] {spark_submit.py:579} INFO - 26/04/03 07:59:38 INFO BlockManagerMasterEndpoint: Removed 15 successfully in removeExecutor
[2026-04-03T07:59:38.505+0000] {spark_submit.py:579} INFO - 26/04/03 07:59:38 INFO StandaloneSchedulerBackend: Granted executor ID app-20260403075848-0003/16 on hostPort 172.20.0.2:43131 with 2 core(s), 1024.0 MiB RAM
[2026-04-03T07:59:38.528+0000] {spark_submit.py:579} INFO - 26/04/03 07:59:38 INFO StandaloneAppClient$ClientEndpoint: Executor updated: app-20260403075848-0003/16 is now RUNNING
[2026-04-03T07:59:41.342+0000] {spark_submit.py:579} INFO - 26/04/03 07:59:41 WARN TaskSchedulerImpl: Initial job has not accepted any resources; check your cluster UI to ensure that workers are registered and have sufficient resources
[2026-04-03T07:59:41.643+0000] {spark_submit.py:579} INFO - 26/04/03 07:59:41 INFO StandaloneAppClient$ClientEndpoint: Executor updated: app-20260403075848-0003/16 is now EXITED (Command exited with code 1)
[2026-04-03T07:59:41.644+0000] {spark_submit.py:579} INFO - 26/04/03 07:59:41 INFO StandaloneSchedulerBackend: Executor app-20260403075848-0003/16 removed: Command exited with code 1
[2026-04-03T07:59:41.644+0000] {spark_submit.py:579} INFO - 26/04/03 07:59:41 INFO BlockManagerMaster: Removal of executor 16 requested
[2026-04-03T07:59:41.644+0000] {spark_submit.py:579} INFO - 26/04/03 07:59:41 INFO BlockManagerMasterEndpoint: Trying to remove executor 16 from BlockManagerMaster.
[2026-04-03T07:59:41.645+0000] {spark_submit.py:579} INFO - 26/04/03 07:59:41 INFO StandaloneAppClient$ClientEndpoint: Executor added: app-20260403075848-0003/17 on worker-20260403074029-172.20.0.2-43131 (172.20.0.2:43131) with 2 core(s)
[2026-04-03T07:59:41.645+0000] {spark_submit.py:579} INFO - 26/04/03 07:59:41 INFO StandaloneSchedulerBackend$StandaloneDriverEndpoint: Asked to remove non-existent executor 16
[2026-04-03T07:59:41.645+0000] {spark_submit.py:579} INFO - 26/04/03 07:59:41 INFO BlockManagerMasterEndpoint: Removed 16 successfully in removeExecutor
[2026-04-03T07:59:41.645+0000] {spark_submit.py:579} INFO - 26/04/03 07:59:41 INFO StandaloneSchedulerBackend: Granted executor ID app-20260403075848-0003/17 on hostPort 172.20.0.2:43131 with 2 core(s), 1024.0 MiB RAM
[2026-04-03T07:59:41.669+0000] {spark_submit.py:579} INFO - 26/04/03 07:59:41 INFO StandaloneAppClient$ClientEndpoint: Executor updated: app-20260403075848-0003/17 is now RUNNING
[2026-04-03T07:59:44.647+0000] {spark_submit.py:579} INFO - 26/04/03 07:59:44 INFO StandaloneAppClient$ClientEndpoint: Executor updated: app-20260403075848-0003/17 is now EXITED (Command exited with code 1)
[2026-04-03T07:59:44.647+0000] {spark_submit.py:579} INFO - 26/04/03 07:59:44 INFO StandaloneSchedulerBackend: Executor app-20260403075848-0003/17 removed: Command exited with code 1
[2026-04-03T07:59:44.648+0000] {spark_submit.py:579} INFO - 26/04/03 07:59:44 INFO StandaloneAppClient$ClientEndpoint: Executor added: app-20260403075848-0003/18 on worker-20260403074029-172.20.0.2-43131 (172.20.0.2:43131) with 2 core(s)
[2026-04-03T07:59:44.649+0000] {spark_submit.py:579} INFO - 26/04/03 07:59:44 INFO BlockManagerMasterEndpoint: Trying to remove executor 17 from BlockManagerMaster.
[2026-04-03T07:59:44.649+0000] {spark_submit.py:579} INFO - 26/04/03 07:59:44 INFO BlockManagerMaster: Removal of executor 17 requested
[2026-04-03T07:59:44.649+0000] {spark_submit.py:579} INFO - 26/04/03 07:59:44 INFO BlockManagerMasterEndpoint: Removed 17 successfully in removeExecutor
[2026-04-03T07:59:44.650+0000] {spark_submit.py:579} INFO - 26/04/03 07:59:44 INFO StandaloneSchedulerBackend: Granted executor ID app-20260403075848-0003/18 on hostPort 172.20.0.2:43131 with 2 core(s), 1024.0 MiB RAM
[2026-04-03T07:59:44.650+0000] {spark_submit.py:579} INFO - 26/04/03 07:59:44 INFO StandaloneSchedulerBackend$StandaloneDriverEndpoint: Asked to remove non-existent executor 17
[2026-04-03T07:59:44.672+0000] {spark_submit.py:579} INFO - 26/04/03 07:59:44 INFO StandaloneAppClient$ClientEndpoint: Executor updated: app-20260403075848-0003/18 is now RUNNING
[2026-04-03T07:59:47.639+0000] {spark_submit.py:579} INFO - 26/04/03 07:59:47 INFO StandaloneAppClient$ClientEndpoint: Executor updated: app-20260403075848-0003/18 is now EXITED (Command exited with code 1)
[2026-04-03T07:59:47.640+0000] {spark_submit.py:579} INFO - 26/04/03 07:59:47 INFO StandaloneSchedulerBackend: Executor app-20260403075848-0003/18 removed: Command exited with code 1
[2026-04-03T07:59:47.640+0000] {spark_submit.py:579} INFO - 26/04/03 07:59:47 INFO BlockManagerMaster: Removal of executor 18 requested
[2026-04-03T07:59:47.641+0000] {spark_submit.py:579} INFO - 26/04/03 07:59:47 INFO StandaloneAppClient$ClientEndpoint: Executor added: app-20260403075848-0003/19 on worker-20260403074029-172.20.0.2-43131 (172.20.0.2:43131) with 2 core(s)
[2026-04-03T07:59:47.641+0000] {spark_submit.py:579} INFO - 26/04/03 07:59:47 INFO BlockManagerMasterEndpoint: Trying to remove executor 18 from BlockManagerMaster.
[2026-04-03T07:59:47.641+0000] {spark_submit.py:579} INFO - 26/04/03 07:59:47 INFO StandaloneSchedulerBackend$StandaloneDriverEndpoint: Asked to remove non-existent executor 18
[2026-04-03T07:59:47.641+0000] {spark_submit.py:579} INFO - 26/04/03 07:59:47 INFO BlockManagerMasterEndpoint: Removed 18 successfully in removeExecutor
[2026-04-03T07:59:47.642+0000] {spark_submit.py:579} INFO - 26/04/03 07:59:47 INFO StandaloneSchedulerBackend: Granted executor ID app-20260403075848-0003/19 on hostPort 172.20.0.2:43131 with 2 core(s), 1024.0 MiB RAM
[2026-04-03T07:59:47.665+0000] {spark_submit.py:579} INFO - 26/04/03 07:59:47 INFO StandaloneAppClient$ClientEndpoint: Executor updated: app-20260403075848-0003/19 is now RUNNING
[2026-04-03T07:59:50.574+0000] {spark_submit.py:579} INFO - 26/04/03 07:59:50 INFO StandaloneAppClient$ClientEndpoint: Executor updated: app-20260403075848-0003/19 is now EXITED (Command exited with code 1)
[2026-04-03T07:59:50.575+0000] {spark_submit.py:579} INFO - 26/04/03 07:59:50 INFO StandaloneSchedulerBackend: Executor app-20260403075848-0003/19 removed: Command exited with code 1
[2026-04-03T07:59:50.575+0000] {spark_submit.py:579} INFO - 26/04/03 07:59:50 INFO StandaloneAppClient$ClientEndpoint: Executor added: app-20260403075848-0003/20 on worker-20260403074029-172.20.0.2-43131 (172.20.0.2:43131) with 2 core(s)
[2026-04-03T07:59:50.576+0000] {spark_submit.py:579} INFO - 26/04/03 07:59:50 INFO BlockManagerMaster: Removal of executor 19 requested
[2026-04-03T07:59:50.576+0000] {spark_submit.py:579} INFO - 26/04/03 07:59:50 INFO BlockManagerMasterEndpoint: Trying to remove executor 19 from BlockManagerMaster.
[2026-04-03T07:59:50.576+0000] {spark_submit.py:579} INFO - 26/04/03 07:59:50 INFO BlockManagerMasterEndpoint: Removed 19 successfully in removeExecutor
[2026-04-03T07:59:50.576+0000] {spark_submit.py:579} INFO - 26/04/03 07:59:50 INFO StandaloneSchedulerBackend$StandaloneDriverEndpoint: Asked to remove non-existent executor 19
[2026-04-03T07:59:50.577+0000] {spark_submit.py:579} INFO - 26/04/03 07:59:50 INFO StandaloneSchedulerBackend: Granted executor ID app-20260403075848-0003/20 on hostPort 172.20.0.2:43131 with 2 core(s), 1024.0 MiB RAM
[2026-04-03T07:59:50.601+0000] {spark_submit.py:579} INFO - 26/04/03 07:59:50 INFO StandaloneAppClient$ClientEndpoint: Executor updated: app-20260403075848-0003/20 is now RUNNING
[2026-04-03T07:59:53.498+0000] {spark_submit.py:579} INFO - 26/04/03 07:59:53 INFO StandaloneAppClient$ClientEndpoint: Executor updated: app-20260403075848-0003/20 is now EXITED (Command exited with code 1)
[2026-04-03T07:59:53.498+0000] {spark_submit.py:579} INFO - 26/04/03 07:59:53 INFO StandaloneSchedulerBackend: Executor app-20260403075848-0003/20 removed: Command exited with code 1
[2026-04-03T07:59:53.499+0000] {spark_submit.py:579} INFO - 26/04/03 07:59:53 INFO StandaloneAppClient$ClientEndpoint: Executor added: app-20260403075848-0003/21 on worker-20260403074029-172.20.0.2-43131 (172.20.0.2:43131) with 2 core(s)
[2026-04-03T07:59:53.499+0000] {spark_submit.py:579} INFO - 26/04/03 07:59:53 INFO BlockManagerMasterEndpoint: Trying to remove executor 20 from BlockManagerMaster.
[2026-04-03T07:59:53.500+0000] {spark_submit.py:579} INFO - 26/04/03 07:59:53 INFO BlockManagerMaster: Removal of executor 20 requested
[2026-04-03T07:59:53.500+0000] {spark_submit.py:579} INFO - 26/04/03 07:59:53 INFO BlockManagerMasterEndpoint: Removed 20 successfully in removeExecutor
[2026-04-03T07:59:53.500+0000] {spark_submit.py:579} INFO - 26/04/03 07:59:53 INFO StandaloneSchedulerBackend$StandaloneDriverEndpoint: Asked to remove non-existent executor 20
[2026-04-03T07:59:53.500+0000] {spark_submit.py:579} INFO - 26/04/03 07:59:53 INFO StandaloneSchedulerBackend: Granted executor ID app-20260403075848-0003/21 on hostPort 172.20.0.2:43131 with 2 core(s), 1024.0 MiB RAM
[2026-04-03T07:59:53.523+0000] {spark_submit.py:579} INFO - 26/04/03 07:59:53 INFO StandaloneAppClient$ClientEndpoint: Executor updated: app-20260403075848-0003/21 is now RUNNING
[2026-04-03T07:59:56.342+0000] {spark_submit.py:579} INFO - 26/04/03 07:59:56 WARN TaskSchedulerImpl: Initial job has not accepted any resources; check your cluster UI to ensure that workers are registered and have sufficient resources
[2026-04-03T07:59:56.400+0000] {spark_submit.py:579} INFO - 26/04/03 07:59:56 INFO StandaloneAppClient$ClientEndpoint: Executor updated: app-20260403075848-0003/21 is now EXITED (Command exited with code 1)
[2026-04-03T07:59:56.401+0000] {spark_submit.py:579} INFO - 26/04/03 07:59:56 INFO StandaloneSchedulerBackend: Executor app-20260403075848-0003/21 removed: Command exited with code 1
[2026-04-03T07:59:56.401+0000] {spark_submit.py:579} INFO - 26/04/03 07:59:56 INFO StandaloneAppClient$ClientEndpoint: Executor added: app-20260403075848-0003/22 on worker-20260403074029-172.20.0.2-43131 (172.20.0.2:43131) with 2 core(s)
[2026-04-03T07:59:56.402+0000] {spark_submit.py:579} INFO - 26/04/03 07:59:56 INFO BlockManagerMaster: Removal of executor 21 requested
[2026-04-03T07:59:56.402+0000] {spark_submit.py:579} INFO - 26/04/03 07:59:56 INFO BlockManagerMasterEndpoint: Trying to remove executor 21 from BlockManagerMaster.
[2026-04-03T07:59:56.402+0000] {spark_submit.py:579} INFO - 26/04/03 07:59:56 INFO StandaloneSchedulerBackend$StandaloneDriverEndpoint: Asked to remove non-existent executor 21
[2026-04-03T07:59:56.403+0000] {spark_submit.py:579} INFO - 26/04/03 07:59:56 INFO StandaloneSchedulerBackend: Granted executor ID app-20260403075848-0003/22 on hostPort 172.20.0.2:43131 with 2 core(s), 1024.0 MiB RAM
[2026-04-03T07:59:56.403+0000] {spark_submit.py:579} INFO - 26/04/03 07:59:56 INFO BlockManagerMasterEndpoint: Removed 21 successfully in removeExecutor
[2026-04-03T07:59:56.432+0000] {spark_submit.py:579} INFO - 26/04/03 07:59:56 INFO StandaloneAppClient$ClientEndpoint: Executor updated: app-20260403075848-0003/22 is now RUNNING
[2026-04-03T07:59:59.566+0000] {spark_submit.py:579} INFO - 26/04/03 07:59:59 INFO StandaloneAppClient$ClientEndpoint: Executor updated: app-20260403075848-0003/22 is now EXITED (Command exited with code 1)
[2026-04-03T07:59:59.567+0000] {spark_submit.py:579} INFO - 26/04/03 07:59:59 INFO StandaloneSchedulerBackend: Executor app-20260403075848-0003/22 removed: Command exited with code 1
[2026-04-03T07:59:59.568+0000] {spark_submit.py:579} INFO - 26/04/03 07:59:59 INFO BlockManagerMaster: Removal of executor 22 requested
[2026-04-03T07:59:59.568+0000] {spark_submit.py:579} INFO - 26/04/03 07:59:59 INFO StandaloneAppClient$ClientEndpoint: Executor added: app-20260403075848-0003/23 on worker-20260403074029-172.20.0.2-43131 (172.20.0.2:43131) with 2 core(s)
[2026-04-03T07:59:59.569+0000] {spark_submit.py:579} INFO - 26/04/03 07:59:59 INFO BlockManagerMasterEndpoint: Trying to remove executor 22 from BlockManagerMaster.
[2026-04-03T07:59:59.569+0000] {spark_submit.py:579} INFO - 26/04/03 07:59:59 INFO StandaloneSchedulerBackend$StandaloneDriverEndpoint: Asked to remove non-existent executor 22
[2026-04-03T07:59:59.569+0000] {spark_submit.py:579} INFO - 26/04/03 07:59:59 INFO BlockManagerMasterEndpoint: Removed 22 successfully in removeExecutor
[2026-04-03T07:59:59.569+0000] {spark_submit.py:579} INFO - 26/04/03 07:59:59 INFO StandaloneSchedulerBackend: Granted executor ID app-20260403075848-0003/23 on hostPort 172.20.0.2:43131 with 2 core(s), 1024.0 MiB RAM
[2026-04-03T07:59:59.594+0000] {spark_submit.py:579} INFO - 26/04/03 07:59:59 INFO StandaloneAppClient$ClientEndpoint: Executor updated: app-20260403075848-0003/23 is now RUNNING
[2026-04-03T08:00:02.743+0000] {spark_submit.py:579} INFO - 26/04/03 08:00:02 INFO StandaloneAppClient$ClientEndpoint: Executor updated: app-20260403075848-0003/23 is now EXITED (Command exited with code 1)
[2026-04-03T08:00:02.744+0000] {spark_submit.py:579} INFO - 26/04/03 08:00:02 INFO StandaloneSchedulerBackend: Executor app-20260403075848-0003/23 removed: Command exited with code 1
[2026-04-03T08:00:02.745+0000] {spark_submit.py:579} INFO - 26/04/03 08:00:02 INFO StandaloneAppClient$ClientEndpoint: Executor added: app-20260403075848-0003/24 on worker-20260403074029-172.20.0.2-43131 (172.20.0.2:43131) with 2 core(s)
[2026-04-03T08:00:02.745+0000] {spark_submit.py:579} INFO - 26/04/03 08:00:02 INFO BlockManagerMasterEndpoint: Trying to remove executor 23 from BlockManagerMaster.
[2026-04-03T08:00:02.746+0000] {spark_submit.py:579} INFO - 26/04/03 08:00:02 INFO BlockManagerMaster: Removal of executor 23 requested
[2026-04-03T08:00:02.746+0000] {spark_submit.py:579} INFO - 26/04/03 08:00:02 INFO StandaloneSchedulerBackend: Granted executor ID app-20260403075848-0003/24 on hostPort 172.20.0.2:43131 with 2 core(s), 1024.0 MiB RAM
[2026-04-03T08:00:02.746+0000] {spark_submit.py:579} INFO - 26/04/03 08:00:02 INFO BlockManagerMasterEndpoint: Removed 23 successfully in removeExecutor
[2026-04-03T08:00:02.746+0000] {spark_submit.py:579} INFO - 26/04/03 08:00:02 INFO StandaloneSchedulerBackend$StandaloneDriverEndpoint: Asked to remove non-existent executor 23
[2026-04-03T08:00:02.773+0000] {spark_submit.py:579} INFO - 26/04/03 08:00:02 INFO StandaloneAppClient$ClientEndpoint: Executor updated: app-20260403075848-0003/24 is now RUNNING
[2026-04-03T08:00:05.775+0000] {spark_submit.py:579} INFO - 26/04/03 08:00:05 INFO StandaloneAppClient$ClientEndpoint: Executor updated: app-20260403075848-0003/24 is now EXITED (Command exited with code 1)
[2026-04-03T08:00:05.776+0000] {spark_submit.py:579} INFO - 26/04/03 08:00:05 INFO StandaloneSchedulerBackend: Executor app-20260403075848-0003/24 removed: Command exited with code 1
[2026-04-03T08:00:05.776+0000] {spark_submit.py:579} INFO - 26/04/03 08:00:05 INFO StandaloneAppClient$ClientEndpoint: Executor added: app-20260403075848-0003/25 on worker-20260403074029-172.20.0.2-43131 (172.20.0.2:43131) with 2 core(s)
[2026-04-03T08:00:05.777+0000] {spark_submit.py:579} INFO - 26/04/03 08:00:05 INFO BlockManagerMaster: Removal of executor 24 requested
[2026-04-03T08:00:05.777+0000] {spark_submit.py:579} INFO - 26/04/03 08:00:05 INFO StandaloneSchedulerBackend: Granted executor ID app-20260403075848-0003/25 on hostPort 172.20.0.2:43131 with 2 core(s), 1024.0 MiB RAM
[2026-04-03T08:00:05.777+0000] {spark_submit.py:579} INFO - 26/04/03 08:00:05 INFO BlockManagerMasterEndpoint: Trying to remove executor 24 from BlockManagerMaster.
[2026-04-03T08:00:05.777+0000] {spark_submit.py:579} INFO - 26/04/03 08:00:05 INFO StandaloneSchedulerBackend$StandaloneDriverEndpoint: Asked to remove non-existent executor 24
[2026-04-03T08:00:05.777+0000] {spark_submit.py:579} INFO - 26/04/03 08:00:05 INFO BlockManagerMasterEndpoint: Removed 24 successfully in removeExecutor
[2026-04-03T08:00:05.802+0000] {spark_submit.py:579} INFO - 26/04/03 08:00:05 INFO StandaloneAppClient$ClientEndpoint: Executor updated: app-20260403075848-0003/25 is now RUNNING
[2026-04-03T08:00:08.964+0000] {spark_submit.py:579} INFO - 26/04/03 08:00:08 INFO StandaloneAppClient$ClientEndpoint: Executor updated: app-20260403075848-0003/25 is now EXITED (Command exited with code 1)
[2026-04-03T08:00:08.965+0000] {spark_submit.py:579} INFO - 26/04/03 08:00:08 INFO StandaloneSchedulerBackend: Executor app-20260403075848-0003/25 removed: Command exited with code 1
[2026-04-03T08:00:08.966+0000] {spark_submit.py:579} INFO - 26/04/03 08:00:08 INFO StandaloneAppClient$ClientEndpoint: Executor added: app-20260403075848-0003/26 on worker-20260403074029-172.20.0.2-43131 (172.20.0.2:43131) with 2 core(s)
[2026-04-03T08:00:08.966+0000] {spark_submit.py:579} INFO - 26/04/03 08:00:08 INFO BlockManagerMasterEndpoint: Trying to remove executor 25 from BlockManagerMaster.
[2026-04-03T08:00:08.967+0000] {spark_submit.py:579} INFO - 26/04/03 08:00:08 INFO BlockManagerMaster: Removal of executor 25 requested
[2026-04-03T08:00:08.967+0000] {spark_submit.py:579} INFO - 26/04/03 08:00:08 INFO StandaloneSchedulerBackend: Granted executor ID app-20260403075848-0003/26 on hostPort 172.20.0.2:43131 with 2 core(s), 1024.0 MiB RAM
[2026-04-03T08:00:08.967+0000] {spark_submit.py:579} INFO - 26/04/03 08:00:08 INFO BlockManagerMasterEndpoint: Removed 25 successfully in removeExecutor
[2026-04-03T08:00:08.968+0000] {spark_submit.py:579} INFO - 26/04/03 08:00:08 INFO StandaloneSchedulerBackend$StandaloneDriverEndpoint: Asked to remove non-existent executor 25
[2026-04-03T08:00:08.997+0000] {spark_submit.py:579} INFO - 26/04/03 08:00:08 INFO StandaloneAppClient$ClientEndpoint: Executor updated: app-20260403075848-0003/26 is now RUNNING
[2026-04-03T08:00:11.342+0000] {spark_submit.py:579} INFO - 26/04/03 08:00:11 WARN TaskSchedulerImpl: Initial job has not accepted any resources; check your cluster UI to ensure that workers are registered and have sufficient resources
[2026-04-03T08:00:12.050+0000] {spark_submit.py:579} INFO - 26/04/03 08:00:12 INFO StandaloneAppClient$ClientEndpoint: Executor updated: app-20260403075848-0003/26 is now EXITED (Command exited with code 1)
[2026-04-03T08:00:12.051+0000] {spark_submit.py:579} INFO - 26/04/03 08:00:12 INFO StandaloneSchedulerBackend: Executor app-20260403075848-0003/26 removed: Command exited with code 1
[2026-04-03T08:00:12.051+0000] {spark_submit.py:579} INFO - 26/04/03 08:00:12 INFO BlockManagerMaster: Removal of executor 26 requested
[2026-04-03T08:00:12.052+0000] {spark_submit.py:579} INFO - 26/04/03 08:00:12 INFO BlockManagerMasterEndpoint: Trying to remove executor 26 from BlockManagerMaster.
[2026-04-03T08:00:12.052+0000] {spark_submit.py:579} INFO - 26/04/03 08:00:12 INFO StandaloneAppClient$ClientEndpoint: Executor added: app-20260403075848-0003/27 on worker-20260403074029-172.20.0.2-43131 (172.20.0.2:43131) with 2 core(s)
[2026-04-03T08:00:12.053+0000] {spark_submit.py:579} INFO - 26/04/03 08:00:12 INFO BlockManagerMasterEndpoint: Removed 26 successfully in removeExecutor
[2026-04-03T08:00:12.053+0000] {spark_submit.py:579} INFO - 26/04/03 08:00:12 INFO StandaloneSchedulerBackend$StandaloneDriverEndpoint: Asked to remove non-existent executor 26
[2026-04-03T08:00:12.053+0000] {spark_submit.py:579} INFO - 26/04/03 08:00:12 INFO StandaloneSchedulerBackend: Granted executor ID app-20260403075848-0003/27 on hostPort 172.20.0.2:43131 with 2 core(s), 1024.0 MiB RAM
[2026-04-03T08:00:12.075+0000] {spark_submit.py:579} INFO - 26/04/03 08:00:12 INFO StandaloneAppClient$ClientEndpoint: Executor updated: app-20260403075848-0003/27 is now RUNNING
[2026-04-03T08:00:15.071+0000] {spark_submit.py:579} INFO - 26/04/03 08:00:15 INFO StandaloneAppClient$ClientEndpoint: Executor updated: app-20260403075848-0003/27 is now EXITED (Command exited with code 1)
[2026-04-03T08:00:15.072+0000] {spark_submit.py:579} INFO - 26/04/03 08:00:15 INFO StandaloneSchedulerBackend: Executor app-20260403075848-0003/27 removed: Command exited with code 1
[2026-04-03T08:00:15.072+0000] {spark_submit.py:579} INFO - 26/04/03 08:00:15 INFO StandaloneAppClient$ClientEndpoint: Executor added: app-20260403075848-0003/28 on worker-20260403074029-172.20.0.2-43131 (172.20.0.2:43131) with 2 core(s)
[2026-04-03T08:00:15.073+0000] {spark_submit.py:579} INFO - 26/04/03 08:00:15 INFO BlockManagerMaster: Removal of executor 27 requested
[2026-04-03T08:00:15.073+0000] {spark_submit.py:579} INFO - 26/04/03 08:00:15 INFO BlockManagerMasterEndpoint: Trying to remove executor 27 from BlockManagerMaster.
[2026-04-03T08:00:15.073+0000] {spark_submit.py:579} INFO - 26/04/03 08:00:15 INFO StandaloneSchedulerBackend$StandaloneDriverEndpoint: Asked to remove non-existent executor 27
[2026-04-03T08:00:15.073+0000] {spark_submit.py:579} INFO - 26/04/03 08:00:15 INFO BlockManagerMasterEndpoint: Removed 27 successfully in removeExecutor
[2026-04-03T08:00:15.074+0000] {spark_submit.py:579} INFO - 26/04/03 08:00:15 INFO StandaloneSchedulerBackend: Granted executor ID app-20260403075848-0003/28 on hostPort 172.20.0.2:43131 with 2 core(s), 1024.0 MiB RAM
[2026-04-03T08:00:15.097+0000] {spark_submit.py:579} INFO - 26/04/03 08:00:15 INFO StandaloneAppClient$ClientEndpoint: Executor updated: app-20260403075848-0003/28 is now RUNNING
[2026-04-03T08:00:18.058+0000] {spark_submit.py:579} INFO - 26/04/03 08:00:18 INFO StandaloneAppClient$ClientEndpoint: Executor updated: app-20260403075848-0003/28 is now EXITED (Command exited with code 1)
[2026-04-03T08:00:18.059+0000] {spark_submit.py:579} INFO - 26/04/03 08:00:18 INFO StandaloneSchedulerBackend: Executor app-20260403075848-0003/28 removed: Command exited with code 1
[2026-04-03T08:00:18.063+0000] {spark_submit.py:579} INFO - 26/04/03 08:00:18 INFO BlockManagerMaster: Removal of executor 28 requested
[2026-04-03T08:00:18.063+0000] {spark_submit.py:579} INFO - 26/04/03 08:00:18 INFO StandaloneAppClient$ClientEndpoint: Executor added: app-20260403075848-0003/29 on worker-20260403074029-172.20.0.2-43131 (172.20.0.2:43131) with 2 core(s)
[2026-04-03T08:00:18.063+0000] {spark_submit.py:579} INFO - 26/04/03 08:00:18 INFO BlockManagerMasterEndpoint: Trying to remove executor 28 from BlockManagerMaster.
[2026-04-03T08:00:18.064+0000] {spark_submit.py:579} INFO - 26/04/03 08:00:18 INFO StandaloneSchedulerBackend$StandaloneDriverEndpoint: Asked to remove non-existent executor 28
[2026-04-03T08:00:18.064+0000] {spark_submit.py:579} INFO - 26/04/03 08:00:18 INFO BlockManagerMasterEndpoint: Removed 28 successfully in removeExecutor
[2026-04-03T08:00:18.064+0000] {spark_submit.py:579} INFO - 26/04/03 08:00:18 INFO StandaloneSchedulerBackend: Granted executor ID app-20260403075848-0003/29 on hostPort 172.20.0.2:43131 with 2 core(s), 1024.0 MiB RAM
[2026-04-03T08:00:18.086+0000] {spark_submit.py:579} INFO - 26/04/03 08:00:18 INFO StandaloneAppClient$ClientEndpoint: Executor updated: app-20260403075848-0003/29 is now RUNNING
[2026-04-03T08:00:21.093+0000] {spark_submit.py:579} INFO - 26/04/03 08:00:21 INFO StandaloneAppClient$ClientEndpoint: Executor updated: app-20260403075848-0003/29 is now EXITED (Command exited with code 1)
[2026-04-03T08:00:21.093+0000] {spark_submit.py:579} INFO - 26/04/03 08:00:21 INFO StandaloneSchedulerBackend: Executor app-20260403075848-0003/29 removed: Command exited with code 1
[2026-04-03T08:00:21.094+0000] {spark_submit.py:579} INFO - 26/04/03 08:00:21 INFO StandaloneAppClient$ClientEndpoint: Executor added: app-20260403075848-0003/30 on worker-20260403074029-172.20.0.2-43131 (172.20.0.2:43131) with 2 core(s)
[2026-04-03T08:00:21.094+0000] {spark_submit.py:579} INFO - 26/04/03 08:00:21 INFO BlockManagerMasterEndpoint: Trying to remove executor 29 from BlockManagerMaster.
[2026-04-03T08:00:21.094+0000] {spark_submit.py:579} INFO - 26/04/03 08:00:21 INFO BlockManagerMaster: Removal of executor 29 requested
[2026-04-03T08:00:21.094+0000] {spark_submit.py:579} INFO - 26/04/03 08:00:21 INFO BlockManagerMasterEndpoint: Removed 29 successfully in removeExecutor
[2026-04-03T08:00:21.095+0000] {spark_submit.py:579} INFO - 26/04/03 08:00:21 INFO StandaloneSchedulerBackend$StandaloneDriverEndpoint: Asked to remove non-existent executor 29
[2026-04-03T08:00:21.095+0000] {spark_submit.py:579} INFO - 26/04/03 08:00:21 INFO StandaloneSchedulerBackend: Granted executor ID app-20260403075848-0003/30 on hostPort 172.20.0.2:43131 with 2 core(s), 1024.0 MiB RAM
[2026-04-03T08:00:21.118+0000] {spark_submit.py:579} INFO - 26/04/03 08:00:21 INFO StandaloneAppClient$ClientEndpoint: Executor updated: app-20260403075848-0003/30 is now RUNNING
[2026-04-03T08:00:24.261+0000] {spark_submit.py:579} INFO - 26/04/03 08:00:24 INFO StandaloneAppClient$ClientEndpoint: Executor updated: app-20260403075848-0003/30 is now EXITED (Command exited with code 1)
[2026-04-03T08:00:24.262+0000] {spark_submit.py:579} INFO - 26/04/03 08:00:24 INFO StandaloneSchedulerBackend: Executor app-20260403075848-0003/30 removed: Command exited with code 1
[2026-04-03T08:00:24.263+0000] {spark_submit.py:579} INFO - 26/04/03 08:00:24 INFO StandaloneAppClient$ClientEndpoint: Executor added: app-20260403075848-0003/31 on worker-20260403074029-172.20.0.2-43131 (172.20.0.2:43131) with 2 core(s)
[2026-04-03T08:00:24.263+0000] {spark_submit.py:579} INFO - 26/04/03 08:00:24 INFO BlockManagerMaster: Removal of executor 30 requested
[2026-04-03T08:00:24.264+0000] {spark_submit.py:579} INFO - 26/04/03 08:00:24 INFO BlockManagerMasterEndpoint: Trying to remove executor 30 from BlockManagerMaster.
[2026-04-03T08:00:24.264+0000] {spark_submit.py:579} INFO - 26/04/03 08:00:24 INFO StandaloneSchedulerBackend$StandaloneDriverEndpoint: Asked to remove non-existent executor 30
[2026-04-03T08:00:24.265+0000] {spark_submit.py:579} INFO - 26/04/03 08:00:24 INFO BlockManagerMasterEndpoint: Removed 30 successfully in removeExecutor
[2026-04-03T08:00:24.265+0000] {spark_submit.py:579} INFO - 26/04/03 08:00:24 INFO StandaloneSchedulerBackend: Granted executor ID app-20260403075848-0003/31 on hostPort 172.20.0.2:43131 with 2 core(s), 1024.0 MiB RAM
[2026-04-03T08:00:24.287+0000] {spark_submit.py:579} INFO - 26/04/03 08:00:24 INFO StandaloneAppClient$ClientEndpoint: Executor updated: app-20260403075848-0003/31 is now RUNNING
[2026-04-03T08:00:26.157+0000] {spark_submit.py:579} INFO - 26/04/03 08:00:26 ERROR StandaloneSchedulerBackend: Application has been killed. Reason: Master removed our application: KILLED
[2026-04-03T08:00:26.161+0000] {spark_submit.py:579} INFO - 26/04/03 08:00:26 INFO TaskSchedulerImpl: Removed TaskSet 0.0 whose tasks have all completed, from pool
[2026-04-03T08:00:26.165+0000] {spark_submit.py:579} INFO - 26/04/03 08:00:26 INFO SparkContext: SparkContext is stopping with exitCode 0 from run at <unknown>:0.
[2026-04-03T08:00:26.178+0000] {spark_submit.py:579} INFO - 26/04/03 08:00:26 INFO TaskSchedulerImpl: Canceling stage 0
[2026-04-03T08:00:26.179+0000] {spark_submit.py:579} INFO - 26/04/03 08:00:26 INFO TaskSchedulerImpl: Killing all running tasks in stage 0: Job aborted due to stage failure: Master removed our application: KILLED
[2026-04-03T08:00:26.182+0000] {spark_submit.py:579} INFO - 26/04/03 08:00:26 INFO DAGScheduler: ResultStage 0 (json at NativeMethodAccessorImpl.java:0) failed in 90164 ms due to Job aborted due to stage failure: Master removed our application: KILLED
[2026-04-03T08:00:26.185+0000] {spark_submit.py:579} INFO - 26/04/03 08:00:26 INFO SparkUI: Stopped Spark web UI at http://***_scheduler:4040
[2026-04-03T08:00:26.188+0000] {spark_submit.py:579} INFO - 26/04/03 08:00:26 INFO DAGScheduler: Job 0 failed: json at NativeMethodAccessorImpl.java:0, took 90261.746771 ms
[2026-04-03T08:00:26.191+0000] {spark_submit.py:579} INFO - 26/04/03 08:00:26 INFO StandaloneSchedulerBackend: Shutting down all executors
[2026-04-03T08:00:26.198+0000] {spark_submit.py:579} INFO - 26/04/03 08:00:26 INFO StandaloneSchedulerBackend$StandaloneDriverEndpoint: Asking each executor to shut down
[2026-04-03T08:00:26.208+0000] {spark_submit.py:579} INFO - 26/04/03 08:00:26 ERROR Utils: Uncaught exception in thread stop-spark-context
[2026-04-03T08:00:26.208+0000] {spark_submit.py:579} INFO - org.apache.spark.SparkException: Exception thrown in awaitResult:
[2026-04-03T08:00:26.209+0000] {spark_submit.py:579} INFO - at org.apache.spark.util.SparkThreadUtils$.awaitResult(SparkThreadUtils.scala:53)
[2026-04-03T08:00:26.209+0000] {spark_submit.py:579} INFO - at org.apache.spark.util.ThreadUtils$.awaitResult(ThreadUtils.scala:359)
[2026-04-03T08:00:26.209+0000] {spark_submit.py:579} INFO - at org.apache.spark.rpc.RpcTimeout.awaitResult(RpcTimeout.scala:75)
[2026-04-03T08:00:26.210+0000] {spark_submit.py:579} INFO - at org.apache.spark.deploy.client.StandaloneAppClient.stop(StandaloneAppClient.scala:298)
[2026-04-03T08:00:26.210+0000] {spark_submit.py:579} INFO - at org.apache.spark.scheduler.cluster.StandaloneSchedulerBackend.org$apache$spark$scheduler$cluster$StandaloneSchedulerBackend$$stop(StandaloneSchedulerBackend.scala:285)
[2026-04-03T08:00:26.210+0000] {spark_submit.py:579} INFO - at org.apache.spark.scheduler.cluster.StandaloneSchedulerBackend.stop(StandaloneSchedulerBackend.scala:143)
[2026-04-03T08:00:26.210+0000] {spark_submit.py:579} INFO - at org.apache.spark.scheduler.SchedulerBackend.stop(SchedulerBackend.scala:34)
[2026-04-03T08:00:26.211+0000] {spark_submit.py:579} INFO - at org.apache.spark.scheduler.SchedulerBackend.stop$(SchedulerBackend.scala:34)
[2026-04-03T08:00:26.211+0000] {spark_submit.py:579} INFO - at org.apache.spark.scheduler.cluster.CoarseGrainedSchedulerBackend.stop(CoarseGrainedSchedulerBackend.scala:58)
[2026-04-03T08:00:26.211+0000] {spark_submit.py:579} INFO - at org.apache.spark.scheduler.TaskSchedulerImpl.$anonfun$stop$2(TaskSchedulerImpl.scala:933)
[2026-04-03T08:00:26.211+0000] {spark_submit.py:579} INFO - at org.apache.spark.util.Utils$.tryLogNonFatalError(Utils.scala:1314)
[2026-04-03T08:00:26.212+0000] {spark_submit.py:579} INFO - at org.apache.spark.scheduler.TaskSchedulerImpl.stop(TaskSchedulerImpl.scala:933)
[2026-04-03T08:00:26.212+0000] {spark_submit.py:579} INFO - at org.apache.spark.scheduler.DAGScheduler.$anonfun$stop$4(DAGScheduler.scala:3310)
[2026-04-03T08:00:26.212+0000] {spark_submit.py:579} INFO - at org.apache.spark.util.Utils$.tryLogNonFatalError(Utils.scala:1314)
[2026-04-03T08:00:26.213+0000] {spark_submit.py:579} INFO - at org.apache.spark.scheduler.DAGScheduler.stop(DAGScheduler.scala:3310)
[2026-04-03T08:00:26.213+0000] {spark_submit.py:579} INFO - at org.apache.spark.SparkContext.$anonfun$stop$12(SparkContext.scala:2357)
[2026-04-03T08:00:26.213+0000] {spark_submit.py:579} INFO - at org.apache.spark.util.Utils$.tryLogNonFatalError(Utils.scala:1314)
[2026-04-03T08:00:26.213+0000] {spark_submit.py:579} INFO - at org.apache.spark.SparkContext.stop(SparkContext.scala:2357)
[2026-04-03T08:00:26.213+0000] {spark_submit.py:579} INFO - at org.apache.spark.SparkContext.stop(SparkContext.scala:2308)
[2026-04-03T08:00:26.214+0000] {spark_submit.py:579} INFO - at org.apache.spark.SparkContext$$anon$3.run(SparkContext.scala:2295)
[2026-04-03T08:00:26.214+0000] {spark_submit.py:579} INFO - Caused by: org.apache.spark.SparkException: Could not find AppClient.
[2026-04-03T08:00:26.214+0000] {spark_submit.py:579} INFO - at org.apache.spark.rpc.netty.Dispatcher.postMessage(Dispatcher.scala:181)
[2026-04-03T08:00:26.215+0000] {spark_submit.py:579} INFO - at org.apache.spark.rpc.netty.Dispatcher.postLocalMessage(Dispatcher.scala:146)
[2026-04-03T08:00:26.215+0000] {spark_submit.py:579} INFO - at org.apache.spark.rpc.netty.NettyRpcEnv.askAbortable(NettyRpcEnv.scala:245)
[2026-04-03T08:00:26.215+0000] {spark_submit.py:579} INFO - at org.apache.spark.rpc.netty.NettyRpcEndpointRef.askAbortable(NettyRpcEnv.scala:561)
[2026-04-03T08:00:26.215+0000] {spark_submit.py:579} INFO - at org.apache.spark.rpc.netty.NettyRpcEndpointRef.ask(NettyRpcEnv.scala:565)
[2026-04-03T08:00:26.216+0000] {spark_submit.py:579} INFO - at org.apache.spark.rpc.RpcEndpointRef.ask(RpcEndpointRef.scala:72)
[2026-04-03T08:00:26.216+0000] {spark_submit.py:579} INFO - ... 17 more
[2026-04-03T08:00:26.228+0000] {spark_submit.py:579} INFO - 26/04/03 08:00:26 INFO MapOutputTrackerMasterEndpoint: MapOutputTrackerMasterEndpoint stopped!
[2026-04-03T08:00:26.256+0000] {spark_submit.py:579} INFO - 26/04/03 08:00:26 INFO MemoryStore: MemoryStore cleared
[2026-04-03T08:00:26.257+0000] {spark_submit.py:579} INFO - 26/04/03 08:00:26 INFO BlockManager: BlockManager stopped
[2026-04-03T08:00:26.262+0000] {spark_submit.py:579} INFO - 26/04/03 08:00:26 INFO BlockManagerMaster: BlockManagerMaster stopped
[2026-04-03T08:00:26.267+0000] {spark_submit.py:579} INFO - 26/04/03 08:00:26 INFO OutputCommitCoordinator$OutputCommitCoordinatorEndpoint: OutputCommitCoordinator stopped!
[2026-04-03T08:00:26.285+0000] {spark_submit.py:579} INFO - 26/04/03 08:00:26 INFO SparkContext: Successfully stopped SparkContext (Uptime: 99727 ms)
[2026-04-03T08:00:26.361+0000] {spark_submit.py:579} INFO - Error detectado: An error occurred while calling o35.json.
[2026-04-03T08:00:26.362+0000] {spark_submit.py:579} INFO - : org.apache.spark.SparkException: Job aborted due to stage failure: Master removed our application: KILLED
[2026-04-03T08:00:26.362+0000] {spark_submit.py:579} INFO - at org.apache.spark.scheduler.DAGScheduler.$anonfun$abortStage$3(DAGScheduler.scala:3122)
[2026-04-03T08:00:26.363+0000] {spark_submit.py:579} INFO - at scala.Option.getOrElse(Option.scala:201)
[2026-04-03T08:00:26.363+0000] {spark_submit.py:579} INFO - at org.apache.spark.scheduler.DAGScheduler.$anonfun$abortStage$2(DAGScheduler.scala:3122)
[2026-04-03T08:00:26.363+0000] {spark_submit.py:579} INFO - at org.apache.spark.scheduler.DAGScheduler.$anonfun$abortStage$2$adapted(DAGScheduler.scala:3114)
[2026-04-03T08:00:26.364+0000] {spark_submit.py:579} INFO - at scala.collection.immutable.List.foreach(List.scala:323)
[2026-04-03T08:00:26.364+0000] {spark_submit.py:579} INFO - at org.apache.spark.scheduler.DAGScheduler.abortStage(DAGScheduler.scala:3114)
[2026-04-03T08:00:26.364+0000] {spark_submit.py:579} INFO - at org.apache.spark.scheduler.DAGScheduler.$anonfun$handleTaskSetFailed$1(DAGScheduler.scala:1303)
[2026-04-03T08:00:26.365+0000] {spark_submit.py:579} INFO - at org.apache.spark.scheduler.DAGScheduler.$anonfun$handleTaskSetFailed$1$adapted(DAGScheduler.scala:1303)
[2026-04-03T08:00:26.365+0000] {spark_submit.py:579} INFO - at scala.Option.foreach(Option.scala:437)
[2026-04-03T08:00:26.365+0000] {spark_submit.py:579} INFO - at org.apache.spark.scheduler.DAGScheduler.handleTaskSetFailed(DAGScheduler.scala:1303)
[2026-04-03T08:00:26.366+0000] {spark_submit.py:579} INFO - at org.apache.spark.scheduler.DAGSchedulerEventProcessLoop.doOnReceive(DAGScheduler.scala:3397)
[2026-04-03T08:00:26.366+0000] {spark_submit.py:579} INFO - at org.apache.spark.scheduler.DAGSchedulerEventProcessLoop.onReceive(DAGScheduler.scala:3328)
[2026-04-03T08:00:26.366+0000] {spark_submit.py:579} INFO - at org.apache.spark.scheduler.DAGSchedulerEventProcessLoop.onReceive(DAGScheduler.scala:3317)
[2026-04-03T08:00:26.366+0000] {spark_submit.py:579} INFO - at org.apache.spark.util.EventLoop$$anon$1.run(EventLoop.scala:50)
[2026-04-03T08:00:26.367+0000] {spark_submit.py:579} INFO - at org.apache.spark.scheduler.DAGScheduler.runJob(DAGScheduler.scala:1017)
[2026-04-03T08:00:26.367+0000] {spark_submit.py:579} INFO - at org.apache.spark.SparkContext.runJob(SparkContext.scala:2496)
[2026-04-03T08:00:26.367+0000] {spark_submit.py:579} INFO - at org.apache.spark.SparkContext.runJob(SparkContext.scala:2517)
[2026-04-03T08:00:26.367+0000] {spark_submit.py:579} INFO - at org.apache.spark.SparkContext.runJob(SparkContext.scala:2536)
[2026-04-03T08:00:26.368+0000] {spark_submit.py:579} INFO - at org.apache.spark.SparkContext.runJob(SparkContext.scala:2561)
[2026-04-03T08:00:26.368+0000] {spark_submit.py:579} INFO - at org.apache.spark.rdd.RDD.$anonfun$collect$1(RDD.scala:1057)
[2026-04-03T08:00:26.368+0000] {spark_submit.py:579} INFO - at org.apache.spark.rdd.RDDOperationScope$.withScope(RDDOperationScope.scala:151)
[2026-04-03T08:00:26.368+0000] {spark_submit.py:579} INFO - at org.apache.spark.rdd.RDDOperationScope$.withScope(RDDOperationScope.scala:112)
[2026-04-03T08:00:26.369+0000] {spark_submit.py:579} INFO - at org.apache.spark.rdd.RDD.withScope(RDD.scala:417)
[2026-04-03T08:00:26.369+0000] {spark_submit.py:579} INFO - at org.apache.spark.rdd.RDD.collect(RDD.scala:1056)
[2026-04-03T08:00:26.369+0000] {spark_submit.py:579} INFO - at org.apache.spark.util.HadoopFSUtils$.parallelListLeafFilesInternal(HadoopFSUtils.scala:160)
[2026-04-03T08:00:26.369+0000] {spark_submit.py:579} INFO - at org.apache.spark.util.HadoopFSUtils$.parallelListLeafFiles(HadoopFSUtils.scala:72)
[2026-04-03T08:00:26.370+0000] {spark_submit.py:579} INFO - at org.apache.spark.sql.execution.datasources.InMemoryFileIndex$.bulkListLeafFiles(InMemoryFileIndex.scala:179)
[2026-04-03T08:00:26.370+0000] {spark_submit.py:579} INFO - at org.apache.spark.sql.execution.datasources.InMemoryFileIndex.listLeafFiles(InMemoryFileIndex.scala:135)
[2026-04-03T08:00:26.370+0000] {spark_submit.py:579} INFO - at org.apache.spark.sql.execution.datasources.InMemoryFileIndex.refresh0(InMemoryFileIndex.scala:98)
[2026-04-03T08:00:26.370+0000] {spark_submit.py:579} INFO - at org.apache.spark.sql.execution.datasources.InMemoryFileIndex.<init>(InMemoryFileIndex.scala:70)
[2026-04-03T08:00:26.371+0000] {spark_submit.py:579} INFO - at org.apache.spark.sql.execution.datasources.DataSource.createInMemoryFileIndex(DataSource.scala:568)
[2026-04-03T08:00:26.371+0000] {spark_submit.py:579} INFO - at org.apache.spark.sql.execution.datasources.DataSource.resolveRelation(DataSource.scala:423)
[2026-04-03T08:00:26.371+0000] {spark_submit.py:579} INFO - at org.apache.spark.sql.catalyst.analysis.ResolveDataSource.org$apache$spark$sql$catalyst$analysis$ResolveDataSource$$loadV1BatchSource(ResolveDataSource.scala:143)
[2026-04-03T08:00:26.371+0000] {spark_submit.py:579} INFO - at org.apache.spark.sql.catalyst.analysis.ResolveDataSource$$anonfun$apply$1.$anonfun$applyOrElse$2(ResolveDataSource.scala:61)
[2026-04-03T08:00:26.372+0000] {spark_submit.py:579} INFO - at scala.Option.getOrElse(Option.scala:201)
[2026-04-03T08:00:26.372+0000] {spark_submit.py:579} INFO - at org.apache.spark.sql.catalyst.analysis.ResolveDataSource$$anonfun$apply$1.applyOrElse(ResolveDataSource.scala:61)
[2026-04-03T08:00:26.372+0000] {spark_submit.py:579} INFO - at org.apache.spark.sql.catalyst.analysis.ResolveDataSource$$anonfun$apply$1.applyOrElse(ResolveDataSource.scala:45)
[2026-04-03T08:00:26.372+0000] {spark_submit.py:579} INFO - at org.apache.spark.sql.catalyst.plans.logical.AnalysisHelper.$anonfun$resolveOperatorsUpWithPruning$3(AnalysisHelper.scala:139)
[2026-04-03T08:00:26.373+0000] {spark_submit.py:579} INFO - at org.apache.spark.sql.catalyst.trees.CurrentOrigin$.withOrigin(origin.scala:107)
[2026-04-03T08:00:26.373+0000] {spark_submit.py:579} INFO - at org.apache.spark.sql.catalyst.plans.logical.AnalysisHelper.$anonfun$resolveOperatorsUpWithPruning$1(AnalysisHelper.scala:139)
[2026-04-03T08:00:26.373+0000] {spark_submit.py:579} INFO - at org.apache.spark.sql.catalyst.plans.logical.AnalysisHelper$.allowInvokingTransformsInAnalyzer(AnalysisHelper.scala:416)
[2026-04-03T08:00:26.374+0000] {spark_submit.py:579} INFO - at org.apache.spark.sql.catalyst.plans.logical.AnalysisHelper.resolveOperatorsUpWithPruning(AnalysisHelper.scala:135)
[2026-04-03T08:00:26.374+0000] {spark_submit.py:579} INFO - at org.apache.spark.sql.catalyst.plans.logical.AnalysisHelper.resolveOperatorsUpWithPruning$(AnalysisHelper.scala:131)
[2026-04-03T08:00:26.374+0000] {spark_submit.py:579} INFO - at org.apache.spark.sql.catalyst.plans.logical.LogicalPlan.resolveOperatorsUpWithPruning(LogicalPlan.scala:37)
[2026-04-03T08:00:26.374+0000] {spark_submit.py:579} INFO - at org.apache.spark.sql.catalyst.plans.logical.AnalysisHelper.resolveOperatorsUp(AnalysisHelper.scala:112)
[2026-04-03T08:00:26.375+0000] {spark_submit.py:579} INFO - at org.apache.spark.sql.catalyst.plans.logical.AnalysisHelper.resolveOperatorsUp$(AnalysisHelper.scala:111)
[2026-04-03T08:00:26.375+0000] {spark_submit.py:579} INFO - at org.apache.spark.sql.catalyst.plans.logical.LogicalPlan.resolveOperatorsUp(LogicalPlan.scala:37)
[2026-04-03T08:00:26.375+0000] {spark_submit.py:579} INFO - at org.apache.spark.sql.catalyst.analysis.ResolveDataSource.apply(ResolveDataSource.scala:45)
[2026-04-03T08:00:26.375+0000] {spark_submit.py:579} INFO - at org.apache.spark.sql.catalyst.analysis.ResolveDataSource.apply(ResolveDataSource.scala:43)
[2026-04-03T08:00:26.376+0000] {spark_submit.py:579} INFO - at org.apache.spark.sql.catalyst.rules.RuleExecutor.$anonfun$execute$2(RuleExecutor.scala:248)
[2026-04-03T08:00:26.376+0000] {spark_submit.py:579} INFO - at scala.collection.LinearSeqOps.foldLeft(LinearSeq.scala:183)
[2026-04-03T08:00:26.376+0000] {spark_submit.py:579} INFO - at scala.collection.LinearSeqOps.foldLeft$(LinearSeq.scala:179)
[2026-04-03T08:00:26.377+0000] {spark_submit.py:579} INFO - at scala.collection.immutable.List.foldLeft(List.scala:79)
[2026-04-03T08:00:26.377+0000] {spark_submit.py:579} INFO - at org.apache.spark.sql.catalyst.rules.RuleExecutor.$anonfun$execute$1(RuleExecutor.scala:245)
[2026-04-03T08:00:26.378+0000] {spark_submit.py:579} INFO - at org.apache.spark.sql.catalyst.rules.RuleExecutor.$anonfun$execute$1$adapted(RuleExecutor.scala:237)
[2026-04-03T08:00:26.378+0000] {spark_submit.py:579} INFO - at scala.collection.immutable.List.foreach(List.scala:323)
[2026-04-03T08:00:26.378+0000] {spark_submit.py:579} INFO - at org.apache.spark.sql.catalyst.rules.RuleExecutor.execute(RuleExecutor.scala:237)
[2026-04-03T08:00:26.379+0000] {spark_submit.py:579} INFO - at org.apache.spark.sql.catalyst.analysis.Analyzer.org$apache$spark$sql$catalyst$analysis$Analyzer$$executeSameContext(Analyzer.scala:343)
[2026-04-03T08:00:26.379+0000] {spark_submit.py:579} INFO - at org.apache.spark.sql.catalyst.analysis.Analyzer.$anonfun$execute$1(Analyzer.scala:339)
[2026-04-03T08:00:26.379+0000] {spark_submit.py:579} INFO - at org.apache.spark.sql.catalyst.analysis.AnalysisContext$.withNewAnalysisContext(Analyzer.scala:224)
[2026-04-03T08:00:26.380+0000] {spark_submit.py:579} INFO - at org.apache.spark.sql.catalyst.analysis.Analyzer.execute(Analyzer.scala:339)
[2026-04-03T08:00:26.380+0000] {spark_submit.py:579} INFO - at org.apache.spark.sql.catalyst.analysis.Analyzer.execute(Analyzer.scala:289)
[2026-04-03T08:00:26.381+0000] {spark_submit.py:579} INFO - at org.apache.spark.sql.catalyst.rules.RuleExecutor.$anonfun$executeAndTrack$1(RuleExecutor.scala:207)
[2026-04-03T08:00:26.382+0000] {spark_submit.py:579} INFO - at org.apache.spark.sql.catalyst.QueryPlanningTracker$.withTracker(QueryPlanningTracker.scala:89)
[2026-04-03T08:00:26.382+0000] {spark_submit.py:579} INFO - at org.apache.spark.sql.catalyst.rules.RuleExecutor.executeAndTrack(RuleExecutor.scala:207)
[2026-04-03T08:00:26.382+0000] {spark_submit.py:579} INFO - at org.apache.spark.sql.catalyst.analysis.resolver.HybridAnalyzer.resolveInFixedPoint(HybridAnalyzer.scala:236)
[2026-04-03T08:00:26.383+0000] {spark_submit.py:579} INFO - at org.apache.spark.sql.catalyst.analysis.resolver.HybridAnalyzer.$anonfun$apply$1(HybridAnalyzer.scala:91)
[2026-04-03T08:00:26.383+0000] {spark_submit.py:579} INFO - at org.apache.spark.sql.catalyst.analysis.resolver.HybridAnalyzer.withTrackedAnalyzerBridgeState(HybridAnalyzer.scala:122)
[2026-04-03T08:00:26.383+0000] {spark_submit.py:579} INFO - at org.apache.spark.sql.catalyst.analysis.resolver.HybridAnalyzer.apply(HybridAnalyzer.scala:84)
[2026-04-03T08:00:26.384+0000] {spark_submit.py:579} INFO - at org.apache.spark.sql.catalyst.analysis.Analyzer.$anonfun$executeAndCheck$1(Analyzer.scala:322)
[2026-04-03T08:00:26.384+0000] {spark_submit.py:579} INFO - at org.apache.spark.sql.catalyst.plans.logical.AnalysisHelper$.markInAnalyzer(AnalysisHelper.scala:423)
[2026-04-03T08:00:26.384+0000] {spark_submit.py:579} INFO - at org.apache.spark.sql.catalyst.analysis.Analyzer.executeAndCheck(Analyzer.scala:322)
[2026-04-03T08:00:26.385+0000] {spark_submit.py:579} INFO - at org.apache.spark.sql.execution.QueryExecution.$anonfun$lazyAnalyzed$2(QueryExecution.scala:139)
[2026-04-03T08:00:26.385+0000] {spark_submit.py:579} INFO - at org.apache.spark.sql.catalyst.QueryPlanningTracker.measurePhase(QueryPlanningTracker.scala:148)
[2026-04-03T08:00:26.385+0000] {spark_submit.py:579} INFO - at org.apache.spark.sql.execution.QueryExecution.$anonfun$executePhase$2(QueryExecution.scala:330)
[2026-04-03T08:00:26.386+0000] {spark_submit.py:579} INFO - at org.apache.spark.sql.execution.QueryExecution$.withInternalError(QueryExecution.scala:717)
[2026-04-03T08:00:26.386+0000] {spark_submit.py:579} INFO - at org.apache.spark.sql.execution.QueryExecution.$anonfun$executePhase$1(QueryExecution.scala:330)
[2026-04-03T08:00:26.386+0000] {spark_submit.py:579} INFO - at org.apache.spark.sql.SparkSession.withActive(SparkSession.scala:804)
[2026-04-03T08:00:26.387+0000] {spark_submit.py:579} INFO - at org.apache.spark.sql.execution.QueryExecution.executePhase(QueryExecution.scala:329)
[2026-04-03T08:00:26.387+0000] {spark_submit.py:579} INFO - at org.apache.spark.sql.execution.QueryExecution.$anonfun$lazyAnalyzed$1(QueryExecution.scala:139)
[2026-04-03T08:00:26.387+0000] {spark_submit.py:579} INFO - at scala.util.Try$.apply(Try.scala:217)
[2026-04-03T08:00:26.387+0000] {spark_submit.py:579} INFO - at org.apache.spark.util.Utils$.doTryWithCallerStacktrace(Utils.scala:1392)
[2026-04-03T08:00:26.388+0000] {spark_submit.py:579} INFO - at org.apache.spark.util.Utils$.getTryWithCallerStacktrace(Utils.scala:1453)
[2026-04-03T08:00:26.388+0000] {spark_submit.py:579} INFO - at org.apache.spark.util.LazyTry.get(LazyTry.scala:58)
[2026-04-03T08:00:26.388+0000] {spark_submit.py:579} INFO - at org.apache.spark.sql.execution.QueryExecution.analyzed(QueryExecution.scala:150)
[2026-04-03T08:00:26.388+0000] {spark_submit.py:579} INFO - at org.apache.spark.sql.execution.QueryExecution.assertAnalyzed(QueryExecution.scala:90)
[2026-04-03T08:00:26.388+0000] {spark_submit.py:579} INFO - at org.apache.spark.sql.classic.Dataset$.$anonfun$ofRows$1(Dataset.scala:114)
[2026-04-03T08:00:26.389+0000] {spark_submit.py:579} INFO - at org.apache.spark.sql.SparkSession.withActive(SparkSession.scala:804)
[2026-04-03T08:00:26.389+0000] {spark_submit.py:579} INFO - at org.apache.spark.sql.classic.Dataset$.ofRows(Dataset.scala:112)
[2026-04-03T08:00:26.389+0000] {spark_submit.py:579} INFO - at org.apache.spark.sql.classic.DataFrameReader.load(DataFrameReader.scala:108)
[2026-04-03T08:00:26.389+0000] {spark_submit.py:579} INFO - at org.apache.spark.sql.classic.DataFrameReader.load(DataFrameReader.scala:57)
[2026-04-03T08:00:26.390+0000] {spark_submit.py:579} INFO - at org.apache.spark.sql.DataFrameReader.json(DataFrameReader.scala:296)
[2026-04-03T08:00:26.390+0000] {spark_submit.py:579} INFO - at org.apache.spark.sql.classic.DataFrameReader.json(DataFrameReader.scala:149)
[2026-04-03T08:00:26.390+0000] {spark_submit.py:579} INFO - at java.base/jdk.internal.reflect.NativeMethodAccessorImpl.invoke0(Native Method)
[2026-04-03T08:00:26.390+0000] {spark_submit.py:579} INFO - at java.base/jdk.internal.reflect.NativeMethodAccessorImpl.invoke(NativeMethodAccessorImpl.java:77)
[2026-04-03T08:00:26.391+0000] {spark_submit.py:579} INFO - at java.base/jdk.internal.reflect.DelegatingMethodAccessorImpl.invoke(DelegatingMethodAccessorImpl.java:43)
[2026-04-03T08:00:26.391+0000] {spark_submit.py:579} INFO - at java.base/java.lang.reflect.Method.invoke(Method.java:569)
[2026-04-03T08:00:26.391+0000] {spark_submit.py:579} INFO - at py4j.reflection.MethodInvoker.invoke(MethodInvoker.java:244)
[2026-04-03T08:00:26.391+0000] {spark_submit.py:579} INFO - at py4j.reflection.ReflectionEngine.invoke(ReflectionEngine.java:374)
[2026-04-03T08:00:26.392+0000] {spark_submit.py:579} INFO - at py4j.Gateway.invoke(Gateway.java:282)
[2026-04-03T08:00:26.392+0000] {spark_submit.py:579} INFO - at py4j.commands.AbstractCommand.invokeMethod(AbstractCommand.java:132)
[2026-04-03T08:00:26.392+0000] {spark_submit.py:579} INFO - at py4j.commands.CallCommand.execute(CallCommand.java:79)
[2026-04-03T08:00:26.392+0000] {spark_submit.py:579} INFO - at py4j.ClientServerConnection.waitForCommands(ClientServerConnection.java:184)
[2026-04-03T08:00:26.392+0000] {spark_submit.py:579} INFO - at py4j.ClientServerConnection.run(ClientServerConnection.java:108)
[2026-04-03T08:00:26.393+0000] {spark_submit.py:579} INFO - at java.base/java.lang.Thread.run(Thread.java:840)
[2026-04-03T08:00:26.393+0000] {spark_submit.py:579} INFO - Suppressed: org.apache.spark.util.Utils$OriginalTryStackTraceException: Full stacktrace of original doTryWithCallerStacktrace caller
[2026-04-03T08:00:26.393+0000] {spark_submit.py:579} INFO - at org.apache.spark.scheduler.DAGScheduler.$anonfun$abortStage$3(DAGScheduler.scala:3122)
[2026-04-03T08:00:26.393+0000] {spark_submit.py:579} INFO - at scala.Option.getOrElse(Option.scala:201)
[2026-04-03T08:00:26.394+0000] {spark_submit.py:579} INFO - at org.apache.spark.scheduler.DAGScheduler.$anonfun$abortStage$2(DAGScheduler.scala:3122)
[2026-04-03T08:00:26.394+0000] {spark_submit.py:579} INFO - at org.apache.spark.scheduler.DAGScheduler.$anonfun$abortStage$2$adapted(DAGScheduler.scala:3114)
[2026-04-03T08:00:26.394+0000] {spark_submit.py:579} INFO - at scala.collection.immutable.List.foreach(List.scala:323)
[2026-04-03T08:00:26.394+0000] {spark_submit.py:579} INFO - at org.apache.spark.scheduler.DAGScheduler.abortStage(DAGScheduler.scala:3114)
[2026-04-03T08:00:26.394+0000] {spark_submit.py:579} INFO - at org.apache.spark.scheduler.DAGScheduler.$anonfun$handleTaskSetFailed$1(DAGScheduler.scala:1303)
[2026-04-03T08:00:26.395+0000] {spark_submit.py:579} INFO - at org.apache.spark.scheduler.DAGScheduler.$anonfun$handleTaskSetFailed$1$adapted(DAGScheduler.scala:1303)
[2026-04-03T08:00:26.395+0000] {spark_submit.py:579} INFO - at scala.Option.foreach(Option.scala:437)
[2026-04-03T08:00:26.395+0000] {spark_submit.py:579} INFO - at org.apache.spark.scheduler.DAGScheduler.handleTaskSetFailed(DAGScheduler.scala:1303)
[2026-04-03T08:00:26.395+0000] {spark_submit.py:579} INFO - at org.apache.spark.scheduler.DAGSchedulerEventProcessLoop.doOnReceive(DAGScheduler.scala:3397)
[2026-04-03T08:00:26.396+0000] {spark_submit.py:579} INFO - at org.apache.spark.scheduler.DAGSchedulerEventProcessLoop.onReceive(DAGScheduler.scala:3328)
[2026-04-03T08:00:26.396+0000] {spark_submit.py:579} INFO - at org.apache.spark.scheduler.DAGSchedulerEventProcessLoop.onReceive(DAGScheduler.scala:3317)
[2026-04-03T08:00:26.396+0000] {spark_submit.py:579} INFO - at org.apache.spark.util.EventLoop$$anon$1.run(EventLoop.scala:50)
[2026-04-03T08:00:26.396+0000] {spark_submit.py:579} INFO - at org.apache.spark.scheduler.DAGScheduler.runJob(DAGScheduler.scala:1017)
[2026-04-03T08:00:26.397+0000] {spark_submit.py:579} INFO - at org.apache.spark.SparkContext.runJob(SparkContext.scala:2496)
[2026-04-03T08:00:26.397+0000] {spark_submit.py:579} INFO - at org.apache.spark.SparkContext.runJob(SparkContext.scala:2517)
[2026-04-03T08:00:26.398+0000] {spark_submit.py:579} INFO - at org.apache.spark.SparkContext.runJob(SparkContext.scala:2536)
[2026-04-03T08:00:26.398+0000] {spark_submit.py:579} INFO - at org.apache.spark.SparkContext.runJob(SparkContext.scala:2561)
[2026-04-03T08:00:26.398+0000] {spark_submit.py:579} INFO - at org.apache.spark.rdd.RDD.$anonfun$collect$1(RDD.scala:1057)
[2026-04-03T08:00:26.398+0000] {spark_submit.py:579} INFO - at org.apache.spark.rdd.RDDOperationScope$.withScope(RDDOperationScope.scala:151)
[2026-04-03T08:00:26.399+0000] {spark_submit.py:579} INFO - at org.apache.spark.rdd.RDDOperationScope$.withScope(RDDOperationScope.scala:112)
[2026-04-03T08:00:26.399+0000] {spark_submit.py:579} INFO - at org.apache.spark.rdd.RDD.withScope(RDD.scala:417)
[2026-04-03T08:00:26.399+0000] {spark_submit.py:579} INFO - at org.apache.spark.rdd.RDD.collect(RDD.scala:1056)
[2026-04-03T08:00:26.399+0000] {spark_submit.py:579} INFO - at org.apache.spark.util.HadoopFSUtils$.parallelListLeafFilesInternal(HadoopFSUtils.scala:160)
[2026-04-03T08:00:26.399+0000] {spark_submit.py:579} INFO - at org.apache.spark.util.HadoopFSUtils$.parallelListLeafFiles(HadoopFSUtils.scala:72)
[2026-04-03T08:00:26.400+0000] {spark_submit.py:579} INFO - at org.apache.spark.sql.execution.datasources.InMemoryFileIndex$.bulkListLeafFiles(InMemoryFileIndex.scala:179)
[2026-04-03T08:00:26.400+0000] {spark_submit.py:579} INFO - at org.apache.spark.sql.execution.datasources.InMemoryFileIndex.listLeafFiles(InMemoryFileIndex.scala:135)
[2026-04-03T08:00:26.400+0000] {spark_submit.py:579} INFO - at org.apache.spark.sql.execution.datasources.InMemoryFileIndex.refresh0(InMemoryFileIndex.scala:98)
[2026-04-03T08:00:26.400+0000] {spark_submit.py:579} INFO - at org.apache.spark.sql.execution.datasources.InMemoryFileIndex.<init>(InMemoryFileIndex.scala:70)
[2026-04-03T08:00:26.401+0000] {spark_submit.py:579} INFO - at org.apache.spark.sql.execution.datasources.DataSource.createInMemoryFileIndex(DataSource.scala:568)
[2026-04-03T08:00:26.401+0000] {spark_submit.py:579} INFO - at org.apache.spark.sql.execution.datasources.DataSource.resolveRelation(DataSource.scala:423)
[2026-04-03T08:00:26.401+0000] {spark_submit.py:579} INFO - at org.apache.spark.sql.catalyst.analysis.ResolveDataSource.org$apache$spark$sql$catalyst$analysis$ResolveDataSource$$loadV1BatchSource(ResolveDataSource.scala:143)
[2026-04-03T08:00:26.401+0000] {spark_submit.py:579} INFO - at org.apache.spark.sql.catalyst.analysis.ResolveDataSource$$anonfun$apply$1.$anonfun$applyOrElse$2(ResolveDataSource.scala:61)
[2026-04-03T08:00:26.402+0000] {spark_submit.py:579} INFO - at scala.Option.getOrElse(Option.scala:201)
[2026-04-03T08:00:26.402+0000] {spark_submit.py:579} INFO - at org.apache.spark.sql.catalyst.analysis.ResolveDataSource$$anonfun$apply$1.applyOrElse(ResolveDataSource.scala:61)
[2026-04-03T08:00:26.402+0000] {spark_submit.py:579} INFO - at org.apache.spark.sql.catalyst.analysis.ResolveDataSource$$anonfun$apply$1.applyOrElse(ResolveDataSource.scala:45)
[2026-04-03T08:00:26.402+0000] {spark_submit.py:579} INFO - at org.apache.spark.sql.catalyst.plans.logical.AnalysisHelper.$anonfun$resolveOperatorsUpWithPruning$3(AnalysisHelper.scala:139)
[2026-04-03T08:00:26.402+0000] {spark_submit.py:579} INFO - at org.apache.spark.sql.catalyst.trees.CurrentOrigin$.withOrigin(origin.scala:107)
[2026-04-03T08:00:26.403+0000] {spark_submit.py:579} INFO - at org.apache.spark.sql.catalyst.plans.logical.AnalysisHelper.$anonfun$resolveOperatorsUpWithPruning$1(AnalysisHelper.scala:139)
[2026-04-03T08:00:26.403+0000] {spark_submit.py:579} INFO - at org.apache.spark.sql.catalyst.plans.logical.AnalysisHelper$.allowInvokingTransformsInAnalyzer(AnalysisHelper.scala:416)
[2026-04-03T08:00:26.403+0000] {spark_submit.py:579} INFO - at org.apache.spark.sql.catalyst.plans.logical.AnalysisHelper.resolveOperatorsUpWithPruning(AnalysisHelper.scala:135)
[2026-04-03T08:00:26.404+0000] {spark_submit.py:579} INFO - at org.apache.spark.sql.catalyst.plans.logical.AnalysisHelper.resolveOperatorsUpWithPruning$(AnalysisHelper.scala:131)
[2026-04-03T08:00:26.404+0000] {spark_submit.py:579} INFO - at org.apache.spark.sql.catalyst.plans.logical.LogicalPlan.resolveOperatorsUpWithPruning(LogicalPlan.scala:37)
[2026-04-03T08:00:26.404+0000] {spark_submit.py:579} INFO - at org.apache.spark.sql.catalyst.plans.logical.AnalysisHelper.resolveOperatorsUp(AnalysisHelper.scala:112)
[2026-04-03T08:00:26.405+0000] {spark_submit.py:579} INFO - at org.apache.spark.sql.catalyst.plans.logical.AnalysisHelper.resolveOperatorsUp$(AnalysisHelper.scala:111)
[2026-04-03T08:00:26.405+0000] {spark_submit.py:579} INFO - at org.apache.spark.sql.catalyst.plans.logical.LogicalPlan.resolveOperatorsUp(LogicalPlan.scala:37)
[2026-04-03T08:00:26.405+0000] {spark_submit.py:579} INFO - at org.apache.spark.sql.catalyst.analysis.ResolveDataSource.apply(ResolveDataSource.scala:45)
[2026-04-03T08:00:26.405+0000] {spark_submit.py:579} INFO - at org.apache.spark.sql.catalyst.analysis.ResolveDataSource.apply(ResolveDataSource.scala:43)
[2026-04-03T08:00:26.405+0000] {spark_submit.py:579} INFO - at org.apache.spark.sql.catalyst.rules.RuleExecutor.$anonfun$execute$2(RuleExecutor.scala:248)
[2026-04-03T08:00:26.406+0000] {spark_submit.py:579} INFO - at scala.collection.LinearSeqOps.foldLeft(LinearSeq.scala:183)
[2026-04-03T08:00:26.406+0000] {spark_submit.py:579} INFO - at scala.collection.LinearSeqOps.foldLeft$(LinearSeq.scala:179)
[2026-04-03T08:00:26.406+0000] {spark_submit.py:579} INFO - at scala.collection.immutable.List.foldLeft(List.scala:79)
[2026-04-03T08:00:26.407+0000] {spark_submit.py:579} INFO - at org.apache.spark.sql.catalyst.rules.RuleExecutor.$anonfun$execute$1(RuleExecutor.scala:245)
[2026-04-03T08:00:26.407+0000] {spark_submit.py:579} INFO - at org.apache.spark.sql.catalyst.rules.RuleExecutor.$anonfun$execute$1$adapted(RuleExecutor.scala:237)
[2026-04-03T08:00:26.407+0000] {spark_submit.py:579} INFO - at scala.collection.immutable.List.foreach(List.scala:323)
[2026-04-03T08:00:26.407+0000] {spark_submit.py:579} INFO - at org.apache.spark.sql.catalyst.rules.RuleExecutor.execute(RuleExecutor.scala:237)
[2026-04-03T08:00:26.407+0000] {spark_submit.py:579} INFO - at org.apache.spark.sql.catalyst.analysis.Analyzer.org$apache$spark$sql$catalyst$analysis$Analyzer$$executeSameContext(Analyzer.scala:343)
[2026-04-03T08:00:26.408+0000] {spark_submit.py:579} INFO - at org.apache.spark.sql.catalyst.analysis.Analyzer.$anonfun$execute$1(Analyzer.scala:339)
[2026-04-03T08:00:26.408+0000] {spark_submit.py:579} INFO - at org.apache.spark.sql.catalyst.analysis.AnalysisContext$.withNewAnalysisContext(Analyzer.scala:224)
[2026-04-03T08:00:26.408+0000] {spark_submit.py:579} INFO - at org.apache.spark.sql.catalyst.analysis.Analyzer.execute(Analyzer.scala:339)
[2026-04-03T08:00:26.408+0000] {spark_submit.py:579} INFO - at org.apache.spark.sql.catalyst.analysis.Analyzer.execute(Analyzer.scala:289)
[2026-04-03T08:00:26.409+0000] {spark_submit.py:579} INFO - at org.apache.spark.sql.catalyst.rules.RuleExecutor.$anonfun$executeAndTrack$1(RuleExecutor.scala:207)
[2026-04-03T08:00:26.409+0000] {spark_submit.py:579} INFO - at org.apache.spark.sql.catalyst.QueryPlanningTracker$.withTracker(QueryPlanningTracker.scala:89)
[2026-04-03T08:00:26.409+0000] {spark_submit.py:579} INFO - at org.apache.spark.sql.catalyst.rules.RuleExecutor.executeAndTrack(RuleExecutor.scala:207)
[2026-04-03T08:00:26.409+0000] {spark_submit.py:579} INFO - at org.apache.spark.sql.catalyst.analysis.resolver.HybridAnalyzer.resolveInFixedPoint(HybridAnalyzer.scala:236)
[2026-04-03T08:00:26.410+0000] {spark_submit.py:579} INFO - at org.apache.spark.sql.catalyst.analysis.resolver.HybridAnalyzer.$anonfun$apply$1(HybridAnalyzer.scala:91)
[2026-04-03T08:00:26.410+0000] {spark_submit.py:579} INFO - at org.apache.spark.sql.catalyst.analysis.resolver.HybridAnalyzer.withTrackedAnalyzerBridgeState(HybridAnalyzer.scala:122)
[2026-04-03T08:00:26.410+0000] {spark_submit.py:579} INFO - at org.apache.spark.sql.catalyst.analysis.resolver.HybridAnalyzer.apply(HybridAnalyzer.scala:84)
[2026-04-03T08:00:26.410+0000] {spark_submit.py:579} INFO - at org.apache.spark.sql.catalyst.analysis.Analyzer.$anonfun$executeAndCheck$1(Analyzer.scala:322)
[2026-04-03T08:00:26.410+0000] {spark_submit.py:579} INFO - at org.apache.spark.sql.catalyst.plans.logical.AnalysisHelper$.markInAnalyzer(AnalysisHelper.scala:423)
[2026-04-03T08:00:26.411+0000] {spark_submit.py:579} INFO - at org.apache.spark.sql.catalyst.analysis.Analyzer.executeAndCheck(Analyzer.scala:322)
[2026-04-03T08:00:26.411+0000] {spark_submit.py:579} INFO - at org.apache.spark.sql.execution.QueryExecution.$anonfun$lazyAnalyzed$2(QueryExecution.scala:139)
[2026-04-03T08:00:26.411+0000] {spark_submit.py:579} INFO - at org.apache.spark.sql.catalyst.QueryPlanningTracker.measurePhase(QueryPlanningTracker.scala:148)
[2026-04-03T08:00:26.411+0000] {spark_submit.py:579} INFO - at org.apache.spark.sql.execution.QueryExecution.$anonfun$executePhase$2(QueryExecution.scala:330)
[2026-04-03T08:00:26.412+0000] {spark_submit.py:579} INFO - at org.apache.spark.sql.execution.QueryExecution$.withInternalError(QueryExecution.scala:717)
[2026-04-03T08:00:26.412+0000] {spark_submit.py:579} INFO - at org.apache.spark.sql.execution.QueryExecution.$anonfun$executePhase$1(QueryExecution.scala:330)
[2026-04-03T08:00:26.412+0000] {spark_submit.py:579} INFO - at org.apache.spark.sql.SparkSession.withActive(SparkSession.scala:804)
[2026-04-03T08:00:26.412+0000] {spark_submit.py:579} INFO - at org.apache.spark.sql.execution.QueryExecution.executePhase(QueryExecution.scala:329)
[2026-04-03T08:00:26.412+0000] {spark_submit.py:579} INFO - at org.apache.spark.sql.execution.QueryExecution.$anonfun$lazyAnalyzed$1(QueryExecution.scala:139)
[2026-04-03T08:00:26.413+0000] {spark_submit.py:579} INFO - at scala.util.Try$.apply(Try.scala:217)
[2026-04-03T08:00:26.413+0000] {spark_submit.py:579} INFO - at org.apache.spark.util.Utils$.doTryWithCallerStacktrace(Utils.scala:1392)
[2026-04-03T08:00:26.413+0000] {spark_submit.py:579} INFO - at org.apache.spark.util.LazyTry.tryT$lzycompute(LazyTry.scala:46)
[2026-04-03T08:00:26.413+0000] {spark_submit.py:579} INFO - at org.apache.spark.util.LazyTry.tryT(LazyTry.scala:46)
[2026-04-03T08:00:26.414+0000] {spark_submit.py:579} INFO - ... 22 more
[2026-04-03T08:00:26.414+0000] {spark_submit.py:579} INFO - 
[2026-04-03T08:00:26.415+0000] {spark_submit.py:579} INFO - 26/04/03 08:00:26 INFO SparkContext: SparkContext is stopping with exitCode 0 from stop at NativeMethodAccessorImpl.java:0.
[2026-04-03T08:00:26.415+0000] {spark_submit.py:579} INFO - 26/04/03 08:00:26 INFO SparkContext: SparkContext already stopped.
[2026-04-03T08:00:26.783+0000] {spark_submit.py:579} INFO - Traceback (most recent call last):
[2026-04-03T08:00:26.784+0000] {spark_submit.py:579} INFO - File "/opt/***/scripts/process_data.py", line 44, in <module>
[2026-04-03T08:00:26.784+0000] {spark_submit.py:579} INFO - raise e
[2026-04-03T08:00:26.784+0000] {spark_submit.py:579} INFO - File "/opt/***/scripts/process_data.py", line 13, in <module>
[2026-04-03T08:00:26.785+0000] {spark_submit.py:579} INFO - df_bronze = spark.read.json("/data/raw/sensors/*.json")
[2026-04-03T08:00:26.785+0000] {spark_submit.py:579} INFO - ^^^^^^^^^^^^^^^^^^^^^^^^^^^^^^^^^^^^^^^^^^^
[2026-04-03T08:00:26.785+0000] {spark_submit.py:579} INFO - File "/opt/spark_dist/python/lib/pyspark.zip/pyspark/sql/readwriter.py", line 468, in json
[2026-04-03T08:00:26.786+0000] {spark_submit.py:579} INFO - File "/opt/spark_dist/python/lib/py4j-0.10.9.9-src.zip/py4j/java_gateway.py", line 1362, in __call__
[2026-04-03T08:00:26.786+0000] {spark_submit.py:579} INFO - File "/opt/spark_dist/python/lib/pyspark.zip/pyspark/errors/exceptions/captured.py", line 263, in deco
[2026-04-03T08:00:26.786+0000] {spark_submit.py:579} INFO - File "/opt/spark_dist/python/lib/py4j-0.10.9.9-src.zip/py4j/protocol.py", line 327, in get_return_value
[2026-04-03T08:00:26.826+0000] {spark_submit.py:579} INFO - py4j.protocol.Py4JJavaError: An error occurred while calling o35.json.
[2026-04-03T08:00:26.827+0000] {spark_submit.py:579} INFO - : org.apache.spark.SparkException: Job aborted due to stage failure: Master removed our application: KILLED
[2026-04-03T08:00:26.827+0000] {spark_submit.py:579} INFO - at org.apache.spark.scheduler.DAGScheduler.$anonfun$abortStage$3(DAGScheduler.scala:3122)
[2026-04-03T08:00:26.827+0000] {spark_submit.py:579} INFO - at scala.Option.getOrElse(Option.scala:201)
[2026-04-03T08:00:26.828+0000] {spark_submit.py:579} INFO - at org.apache.spark.scheduler.DAGScheduler.$anonfun$abortStage$2(DAGScheduler.scala:3122)
[2026-04-03T08:00:26.828+0000] {spark_submit.py:579} INFO - at org.apache.spark.scheduler.DAGScheduler.$anonfun$abortStage$2$adapted(DAGScheduler.scala:3114)
[2026-04-03T08:00:26.828+0000] {spark_submit.py:579} INFO - at scala.collection.immutable.List.foreach(List.scala:323)
[2026-04-03T08:00:26.828+0000] {spark_submit.py:579} INFO - at org.apache.spark.scheduler.DAGScheduler.abortStage(DAGScheduler.scala:3114)
[2026-04-03T08:00:26.828+0000] {spark_submit.py:579} INFO - at org.apache.spark.scheduler.DAGScheduler.$anonfun$handleTaskSetFailed$1(DAGScheduler.scala:1303)
[2026-04-03T08:00:26.829+0000] {spark_submit.py:579} INFO - at org.apache.spark.scheduler.DAGScheduler.$anonfun$handleTaskSetFailed$1$adapted(DAGScheduler.scala:1303)
[2026-04-03T08:00:26.829+0000] {spark_submit.py:579} INFO - at scala.Option.foreach(Option.scala:437)
[2026-04-03T08:00:26.829+0000] {spark_submit.py:579} INFO - at org.apache.spark.scheduler.DAGScheduler.handleTaskSetFailed(DAGScheduler.scala:1303)
[2026-04-03T08:00:26.830+0000] {spark_submit.py:579} INFO - at org.apache.spark.scheduler.DAGSchedulerEventProcessLoop.doOnReceive(DAGScheduler.scala:3397)
[2026-04-03T08:00:26.830+0000] {spark_submit.py:579} INFO - at org.apache.spark.scheduler.DAGSchedulerEventProcessLoop.onReceive(DAGScheduler.scala:3328)
[2026-04-03T08:00:26.831+0000] {spark_submit.py:579} INFO - at org.apache.spark.scheduler.DAGSchedulerEventProcessLoop.onReceive(DAGScheduler.scala:3317)
[2026-04-03T08:00:26.831+0000] {spark_submit.py:579} INFO - at org.apache.spark.util.EventLoop$$anon$1.run(EventLoop.scala:50)
[2026-04-03T08:00:26.831+0000] {spark_submit.py:579} INFO - at org.apache.spark.scheduler.DAGScheduler.runJob(DAGScheduler.scala:1017)
[2026-04-03T08:00:26.832+0000] {spark_submit.py:579} INFO - at org.apache.spark.SparkContext.runJob(SparkContext.scala:2496)
[2026-04-03T08:00:26.832+0000] {spark_submit.py:579} INFO - at org.apache.spark.SparkContext.runJob(SparkContext.scala:2517)
[2026-04-03T08:00:26.832+0000] {spark_submit.py:579} INFO - at org.apache.spark.SparkContext.runJob(SparkContext.scala:2536)
[2026-04-03T08:00:26.832+0000] {spark_submit.py:579} INFO - at org.apache.spark.SparkContext.runJob(SparkContext.scala:2561)
[2026-04-03T08:00:26.833+0000] {spark_submit.py:579} INFO - at org.apache.spark.rdd.RDD.$anonfun$collect$1(RDD.scala:1057)
[2026-04-03T08:00:26.833+0000] {spark_submit.py:579} INFO - at org.apache.spark.rdd.RDDOperationScope$.withScope(RDDOperationScope.scala:151)
[2026-04-03T08:00:26.833+0000] {spark_submit.py:579} INFO - at org.apache.spark.rdd.RDDOperationScope$.withScope(RDDOperationScope.scala:112)
[2026-04-03T08:00:26.833+0000] {spark_submit.py:579} INFO - at org.apache.spark.rdd.RDD.withScope(RDD.scala:417)
[2026-04-03T08:00:26.833+0000] {spark_submit.py:579} INFO - at org.apache.spark.rdd.RDD.collect(RDD.scala:1056)
[2026-04-03T08:00:26.834+0000] {spark_submit.py:579} INFO - at org.apache.spark.util.HadoopFSUtils$.parallelListLeafFilesInternal(HadoopFSUtils.scala:160)
[2026-04-03T08:00:26.834+0000] {spark_submit.py:579} INFO - at org.apache.spark.util.HadoopFSUtils$.parallelListLeafFiles(HadoopFSUtils.scala:72)
[2026-04-03T08:00:26.834+0000] {spark_submit.py:579} INFO - at org.apache.spark.sql.execution.datasources.InMemoryFileIndex$.bulkListLeafFiles(InMemoryFileIndex.scala:179)
[2026-04-03T08:00:26.834+0000] {spark_submit.py:579} INFO - at org.apache.spark.sql.execution.datasources.InMemoryFileIndex.listLeafFiles(InMemoryFileIndex.scala:135)
[2026-04-03T08:00:26.834+0000] {spark_submit.py:579} INFO - at org.apache.spark.sql.execution.datasources.InMemoryFileIndex.refresh0(InMemoryFileIndex.scala:98)
[2026-04-03T08:00:26.835+0000] {spark_submit.py:579} INFO - at org.apache.spark.sql.execution.datasources.InMemoryFileIndex.<init>(InMemoryFileIndex.scala:70)
[2026-04-03T08:00:26.835+0000] {spark_submit.py:579} INFO - at org.apache.spark.sql.execution.datasources.DataSource.createInMemoryFileIndex(DataSource.scala:568)
[2026-04-03T08:00:26.835+0000] {spark_submit.py:579} INFO - at org.apache.spark.sql.execution.datasources.DataSource.resolveRelation(DataSource.scala:423)
[2026-04-03T08:00:26.835+0000] {spark_submit.py:579} INFO - at org.apache.spark.sql.catalyst.analysis.ResolveDataSource.org$apache$spark$sql$catalyst$analysis$ResolveDataSource$$loadV1BatchSource(ResolveDataSource.scala:143)
[2026-04-03T08:00:26.836+0000] {spark_submit.py:579} INFO - at org.apache.spark.sql.catalyst.analysis.ResolveDataSource$$anonfun$apply$1.$anonfun$applyOrElse$2(ResolveDataSource.scala:61)
[2026-04-03T08:00:26.836+0000] {spark_submit.py:579} INFO - at scala.Option.getOrElse(Option.scala:201)
[2026-04-03T08:00:26.836+0000] {spark_submit.py:579} INFO - at org.apache.spark.sql.catalyst.analysis.ResolveDataSource$$anonfun$apply$1.applyOrElse(ResolveDataSource.scala:61)
[2026-04-03T08:00:26.837+0000] {spark_submit.py:579} INFO - at org.apache.spark.sql.catalyst.analysis.ResolveDataSource$$anonfun$apply$1.applyOrElse(ResolveDataSource.scala:45)
[2026-04-03T08:00:26.837+0000] {spark_submit.py:579} INFO - at org.apache.spark.sql.catalyst.plans.logical.AnalysisHelper.$anonfun$resolveOperatorsUpWithPruning$3(AnalysisHelper.scala:139)
[2026-04-03T08:00:26.837+0000] {spark_submit.py:579} INFO - at org.apache.spark.sql.catalyst.trees.CurrentOrigin$.withOrigin(origin.scala:107)
[2026-04-03T08:00:26.837+0000] {spark_submit.py:579} INFO - at org.apache.spark.sql.catalyst.plans.logical.AnalysisHelper.$anonfun$resolveOperatorsUpWithPruning$1(AnalysisHelper.scala:139)
[2026-04-03T08:00:26.838+0000] {spark_submit.py:579} INFO - at org.apache.spark.sql.catalyst.plans.logical.AnalysisHelper$.allowInvokingTransformsInAnalyzer(AnalysisHelper.scala:416)
[2026-04-03T08:00:26.838+0000] {spark_submit.py:579} INFO - at org.apache.spark.sql.catalyst.plans.logical.AnalysisHelper.resolveOperatorsUpWithPruning(AnalysisHelper.scala:135)
[2026-04-03T08:00:26.838+0000] {spark_submit.py:579} INFO - at org.apache.spark.sql.catalyst.plans.logical.AnalysisHelper.resolveOperatorsUpWithPruning$(AnalysisHelper.scala:131)
[2026-04-03T08:00:26.838+0000] {spark_submit.py:579} INFO - at org.apache.spark.sql.catalyst.plans.logical.LogicalPlan.resolveOperatorsUpWithPruning(LogicalPlan.scala:37)
[2026-04-03T08:00:26.838+0000] {spark_submit.py:579} INFO - at org.apache.spark.sql.catalyst.plans.logical.AnalysisHelper.resolveOperatorsUp(AnalysisHelper.scala:112)
[2026-04-03T08:00:26.839+0000] {spark_submit.py:579} INFO - at org.apache.spark.sql.catalyst.plans.logical.AnalysisHelper.resolveOperatorsUp$(AnalysisHelper.scala:111)
[2026-04-03T08:00:26.839+0000] {spark_submit.py:579} INFO - at org.apache.spark.sql.catalyst.plans.logical.LogicalPlan.resolveOperatorsUp(LogicalPlan.scala:37)
[2026-04-03T08:00:26.839+0000] {spark_submit.py:579} INFO - at org.apache.spark.sql.catalyst.analysis.ResolveDataSource.apply(ResolveDataSource.scala:45)
[2026-04-03T08:00:26.839+0000] {spark_submit.py:579} INFO - at org.apache.spark.sql.catalyst.analysis.ResolveDataSource.apply(ResolveDataSource.scala:43)
[2026-04-03T08:00:26.840+0000] {spark_submit.py:579} INFO - at org.apache.spark.sql.catalyst.rules.RuleExecutor.$anonfun$execute$2(RuleExecutor.scala:248)
[2026-04-03T08:00:26.840+0000] {spark_submit.py:579} INFO - at scala.collection.LinearSeqOps.foldLeft(LinearSeq.scala:183)
[2026-04-03T08:00:26.840+0000] {spark_submit.py:579} INFO - at scala.collection.LinearSeqOps.foldLeft$(LinearSeq.scala:179)
[2026-04-03T08:00:26.840+0000] {spark_submit.py:579} INFO - at scala.collection.immutable.List.foldLeft(List.scala:79)
[2026-04-03T08:00:26.840+0000] {spark_submit.py:579} INFO - at org.apache.spark.sql.catalyst.rules.RuleExecutor.$anonfun$execute$1(RuleExecutor.scala:245)
[2026-04-03T08:00:26.841+0000] {spark_submit.py:579} INFO - at org.apache.spark.sql.catalyst.rules.RuleExecutor.$anonfun$execute$1$adapted(RuleExecutor.scala:237)
[2026-04-03T08:00:26.841+0000] {spark_submit.py:579} INFO - at scala.collection.immutable.List.foreach(List.scala:323)
[2026-04-03T08:00:26.841+0000] {spark_submit.py:579} INFO - at org.apache.spark.sql.catalyst.rules.RuleExecutor.execute(RuleExecutor.scala:237)
[2026-04-03T08:00:26.841+0000] {spark_submit.py:579} INFO - at org.apache.spark.sql.catalyst.analysis.Analyzer.org$apache$spark$sql$catalyst$analysis$Analyzer$$executeSameContext(Analyzer.scala:343)
[2026-04-03T08:00:26.841+0000] {spark_submit.py:579} INFO - at org.apache.spark.sql.catalyst.analysis.Analyzer.$anonfun$execute$1(Analyzer.scala:339)
[2026-04-03T08:00:26.842+0000] {spark_submit.py:579} INFO - at org.apache.spark.sql.catalyst.analysis.AnalysisContext$.withNewAnalysisContext(Analyzer.scala:224)
[2026-04-03T08:00:26.842+0000] {spark_submit.py:579} INFO - at org.apache.spark.sql.catalyst.analysis.Analyzer.execute(Analyzer.scala:339)
[2026-04-03T08:00:26.842+0000] {spark_submit.py:579} INFO - at org.apache.spark.sql.catalyst.analysis.Analyzer.execute(Analyzer.scala:289)
[2026-04-03T08:00:26.842+0000] {spark_submit.py:579} INFO - at org.apache.spark.sql.catalyst.rules.RuleExecutor.$anonfun$executeAndTrack$1(RuleExecutor.scala:207)
[2026-04-03T08:00:26.843+0000] {spark_submit.py:579} INFO - at org.apache.spark.sql.catalyst.QueryPlanningTracker$.withTracker(QueryPlanningTracker.scala:89)
[2026-04-03T08:00:26.843+0000] {spark_submit.py:579} INFO - at org.apache.spark.sql.catalyst.rules.RuleExecutor.executeAndTrack(RuleExecutor.scala:207)
[2026-04-03T08:00:26.843+0000] {spark_submit.py:579} INFO - at org.apache.spark.sql.catalyst.analysis.resolver.HybridAnalyzer.resolveInFixedPoint(HybridAnalyzer.scala:236)
[2026-04-03T08:00:26.843+0000] {spark_submit.py:579} INFO - at org.apache.spark.sql.catalyst.analysis.resolver.HybridAnalyzer.$anonfun$apply$1(HybridAnalyzer.scala:91)
[2026-04-03T08:00:26.843+0000] {spark_submit.py:579} INFO - at org.apache.spark.sql.catalyst.analysis.resolver.HybridAnalyzer.withTrackedAnalyzerBridgeState(HybridAnalyzer.scala:122)
[2026-04-03T08:00:26.844+0000] {spark_submit.py:579} INFO - at org.apache.spark.sql.catalyst.analysis.resolver.HybridAnalyzer.apply(HybridAnalyzer.scala:84)
[2026-04-03T08:00:26.844+0000] {spark_submit.py:579} INFO - at org.apache.spark.sql.catalyst.analysis.Analyzer.$anonfun$executeAndCheck$1(Analyzer.scala:322)
[2026-04-03T08:00:26.844+0000] {spark_submit.py:579} INFO - at org.apache.spark.sql.catalyst.plans.logical.AnalysisHelper$.markInAnalyzer(AnalysisHelper.scala:423)
[2026-04-03T08:00:26.844+0000] {spark_submit.py:579} INFO - at org.apache.spark.sql.catalyst.analysis.Analyzer.executeAndCheck(Analyzer.scala:322)
[2026-04-03T08:00:26.845+0000] {spark_submit.py:579} INFO - at org.apache.spark.sql.execution.QueryExecution.$anonfun$lazyAnalyzed$2(QueryExecution.scala:139)
[2026-04-03T08:00:26.845+0000] {spark_submit.py:579} INFO - at org.apache.spark.sql.catalyst.QueryPlanningTracker.measurePhase(QueryPlanningTracker.scala:148)
[2026-04-03T08:00:26.845+0000] {spark_submit.py:579} INFO - at org.apache.spark.sql.execution.QueryExecution.$anonfun$executePhase$2(QueryExecution.scala:330)
[2026-04-03T08:00:26.845+0000] {spark_submit.py:579} INFO - at org.apache.spark.sql.execution.QueryExecution$.withInternalError(QueryExecution.scala:717)
[2026-04-03T08:00:26.846+0000] {spark_submit.py:579} INFO - at org.apache.spark.sql.execution.QueryExecution.$anonfun$executePhase$1(QueryExecution.scala:330)
[2026-04-03T08:00:26.846+0000] {spark_submit.py:579} INFO - at org.apache.spark.sql.SparkSession.withActive(SparkSession.scala:804)
[2026-04-03T08:00:26.846+0000] {spark_submit.py:579} INFO - at org.apache.spark.sql.execution.QueryExecution.executePhase(QueryExecution.scala:329)
[2026-04-03T08:00:26.847+0000] {spark_submit.py:579} INFO - at org.apache.spark.sql.execution.QueryExecution.$anonfun$lazyAnalyzed$1(QueryExecution.scala:139)
[2026-04-03T08:00:26.847+0000] {spark_submit.py:579} INFO - at scala.util.Try$.apply(Try.scala:217)
[2026-04-03T08:00:26.848+0000] {spark_submit.py:579} INFO - at org.apache.spark.util.Utils$.doTryWithCallerStacktrace(Utils.scala:1392)
[2026-04-03T08:00:26.848+0000] {spark_submit.py:579} INFO - at org.apache.spark.util.Utils$.getTryWithCallerStacktrace(Utils.scala:1453)
[2026-04-03T08:00:26.848+0000] {spark_submit.py:579} INFO - at org.apache.spark.util.LazyTry.get(LazyTry.scala:58)
[2026-04-03T08:00:26.848+0000] {spark_submit.py:579} INFO - at org.apache.spark.sql.execution.QueryExecution.analyzed(QueryExecution.scala:150)
[2026-04-03T08:00:26.848+0000] {spark_submit.py:579} INFO - at org.apache.spark.sql.execution.QueryExecution.assertAnalyzed(QueryExecution.scala:90)
[2026-04-03T08:00:26.849+0000] {spark_submit.py:579} INFO - at org.apache.spark.sql.classic.Dataset$.$anonfun$ofRows$1(Dataset.scala:114)
[2026-04-03T08:00:26.849+0000] {spark_submit.py:579} INFO - at org.apache.spark.sql.SparkSession.withActive(SparkSession.scala:804)
[2026-04-03T08:00:26.849+0000] {spark_submit.py:579} INFO - at org.apache.spark.sql.classic.Dataset$.ofRows(Dataset.scala:112)
[2026-04-03T08:00:26.849+0000] {spark_submit.py:579} INFO - at org.apache.spark.sql.classic.DataFrameReader.load(DataFrameReader.scala:108)
[2026-04-03T08:00:26.850+0000] {spark_submit.py:579} INFO - at org.apache.spark.sql.classic.DataFrameReader.load(DataFrameReader.scala:57)
[2026-04-03T08:00:26.850+0000] {spark_submit.py:579} INFO - at org.apache.spark.sql.DataFrameReader.json(DataFrameReader.scala:296)
[2026-04-03T08:00:26.850+0000] {spark_submit.py:579} INFO - at org.apache.spark.sql.classic.DataFrameReader.json(DataFrameReader.scala:149)
[2026-04-03T08:00:26.850+0000] {spark_submit.py:579} INFO - at java.base/jdk.internal.reflect.NativeMethodAccessorImpl.invoke0(Native Method)
[2026-04-03T08:00:26.851+0000] {spark_submit.py:579} INFO - at java.base/jdk.internal.reflect.NativeMethodAccessorImpl.invoke(NativeMethodAccessorImpl.java:77)
[2026-04-03T08:00:26.851+0000] {spark_submit.py:579} INFO - at java.base/jdk.internal.reflect.DelegatingMethodAccessorImpl.invoke(DelegatingMethodAccessorImpl.java:43)
[2026-04-03T08:00:26.851+0000] {spark_submit.py:579} INFO - at java.base/java.lang.reflect.Method.invoke(Method.java:569)
[2026-04-03T08:00:26.851+0000] {spark_submit.py:579} INFO - at py4j.reflection.MethodInvoker.invoke(MethodInvoker.java:244)
[2026-04-03T08:00:26.851+0000] {spark_submit.py:579} INFO - at py4j.reflection.ReflectionEngine.invoke(ReflectionEngine.java:374)
[2026-04-03T08:00:26.852+0000] {spark_submit.py:579} INFO - at py4j.Gateway.invoke(Gateway.java:282)
[2026-04-03T08:00:26.852+0000] {spark_submit.py:579} INFO - at py4j.commands.AbstractCommand.invokeMethod(AbstractCommand.java:132)
[2026-04-03T08:00:26.852+0000] {spark_submit.py:579} INFO - at py4j.commands.CallCommand.execute(CallCommand.java:79)
[2026-04-03T08:00:26.852+0000] {spark_submit.py:579} INFO - at py4j.ClientServerConnection.waitForCommands(ClientServerConnection.java:184)
[2026-04-03T08:00:26.853+0000] {spark_submit.py:579} INFO - at py4j.ClientServerConnection.run(ClientServerConnection.java:108)
[2026-04-03T08:00:26.853+0000] {spark_submit.py:579} INFO - at java.base/java.lang.Thread.run(Thread.java:840)
[2026-04-03T08:00:26.853+0000] {spark_submit.py:579} INFO - Suppressed: org.apache.spark.util.Utils$OriginalTryStackTraceException: Full stacktrace of original doTryWithCallerStacktrace caller
[2026-04-03T08:00:26.854+0000] {spark_submit.py:579} INFO - at org.apache.spark.scheduler.DAGScheduler.$anonfun$abortStage$3(DAGScheduler.scala:3122)
[2026-04-03T08:00:26.854+0000] {spark_submit.py:579} INFO - at scala.Option.getOrElse(Option.scala:201)
[2026-04-03T08:00:26.854+0000] {spark_submit.py:579} INFO - at org.apache.spark.scheduler.DAGScheduler.$anonfun$abortStage$2(DAGScheduler.scala:3122)
[2026-04-03T08:00:26.854+0000] {spark_submit.py:579} INFO - at org.apache.spark.scheduler.DAGScheduler.$anonfun$abortStage$2$adapted(DAGScheduler.scala:3114)
[2026-04-03T08:00:26.855+0000] {spark_submit.py:579} INFO - at scala.collection.immutable.List.foreach(List.scala:323)
[2026-04-03T08:00:26.855+0000] {spark_submit.py:579} INFO - at org.apache.spark.scheduler.DAGScheduler.abortStage(DAGScheduler.scala:3114)
[2026-04-03T08:00:26.855+0000] {spark_submit.py:579} INFO - at org.apache.spark.scheduler.DAGScheduler.$anonfun$handleTaskSetFailed$1(DAGScheduler.scala:1303)
[2026-04-03T08:00:26.855+0000] {spark_submit.py:579} INFO - at org.apache.spark.scheduler.DAGScheduler.$anonfun$handleTaskSetFailed$1$adapted(DAGScheduler.scala:1303)
[2026-04-03T08:00:26.855+0000] {spark_submit.py:579} INFO - at scala.Option.foreach(Option.scala:437)
[2026-04-03T08:00:26.856+0000] {spark_submit.py:579} INFO - at org.apache.spark.scheduler.DAGScheduler.handleTaskSetFailed(DAGScheduler.scala:1303)
[2026-04-03T08:00:26.856+0000] {spark_submit.py:579} INFO - at org.apache.spark.scheduler.DAGSchedulerEventProcessLoop.doOnReceive(DAGScheduler.scala:3397)
[2026-04-03T08:00:26.856+0000] {spark_submit.py:579} INFO - at org.apache.spark.scheduler.DAGSchedulerEventProcessLoop.onReceive(DAGScheduler.scala:3328)
[2026-04-03T08:00:26.856+0000] {spark_submit.py:579} INFO - at org.apache.spark.scheduler.DAGSchedulerEventProcessLoop.onReceive(DAGScheduler.scala:3317)
[2026-04-03T08:00:26.857+0000] {spark_submit.py:579} INFO - at org.apache.spark.util.EventLoop$$anon$1.run(EventLoop.scala:50)
[2026-04-03T08:00:26.857+0000] {spark_submit.py:579} INFO - at org.apache.spark.scheduler.DAGScheduler.runJob(DAGScheduler.scala:1017)
[2026-04-03T08:00:26.857+0000] {spark_submit.py:579} INFO - at org.apache.spark.SparkContext.runJob(SparkContext.scala:2496)
[2026-04-03T08:00:26.857+0000] {spark_submit.py:579} INFO - at org.apache.spark.SparkContext.runJob(SparkContext.scala:2517)
[2026-04-03T08:00:26.858+0000] {spark_submit.py:579} INFO - at org.apache.spark.SparkContext.runJob(SparkContext.scala:2536)
[2026-04-03T08:00:26.858+0000] {spark_submit.py:579} INFO - at org.apache.spark.SparkContext.runJob(SparkContext.scala:2561)
[2026-04-03T08:00:26.858+0000] {spark_submit.py:579} INFO - at org.apache.spark.rdd.RDD.$anonfun$collect$1(RDD.scala:1057)
[2026-04-03T08:00:26.858+0000] {spark_submit.py:579} INFO - at org.apache.spark.rdd.RDDOperationScope$.withScope(RDDOperationScope.scala:151)
[2026-04-03T08:00:26.859+0000] {spark_submit.py:579} INFO - at org.apache.spark.rdd.RDDOperationScope$.withScope(RDDOperationScope.scala:112)
[2026-04-03T08:00:26.859+0000] {spark_submit.py:579} INFO - at org.apache.spark.rdd.RDD.withScope(RDD.scala:417)
[2026-04-03T08:00:26.859+0000] {spark_submit.py:579} INFO - at org.apache.spark.rdd.RDD.collect(RDD.scala:1056)
[2026-04-03T08:00:26.859+0000] {spark_submit.py:579} INFO - at org.apache.spark.util.HadoopFSUtils$.parallelListLeafFilesInternal(HadoopFSUtils.scala:160)
[2026-04-03T08:00:26.860+0000] {spark_submit.py:579} INFO - at org.apache.spark.util.HadoopFSUtils$.parallelListLeafFiles(HadoopFSUtils.scala:72)
[2026-04-03T08:00:26.860+0000] {spark_submit.py:579} INFO - at org.apache.spark.sql.execution.datasources.InMemoryFileIndex$.bulkListLeafFiles(InMemoryFileIndex.scala:179)
[2026-04-03T08:00:26.860+0000] {spark_submit.py:579} INFO - at org.apache.spark.sql.execution.datasources.InMemoryFileIndex.listLeafFiles(InMemoryFileIndex.scala:135)
[2026-04-03T08:00:26.860+0000] {spark_submit.py:579} INFO - at org.apache.spark.sql.execution.datasources.InMemoryFileIndex.refresh0(InMemoryFileIndex.scala:98)
[2026-04-03T08:00:26.860+0000] {spark_submit.py:579} INFO - at org.apache.spark.sql.execution.datasources.InMemoryFileIndex.<init>(InMemoryFileIndex.scala:70)
[2026-04-03T08:00:26.861+0000] {spark_submit.py:579} INFO - at org.apache.spark.sql.execution.datasources.DataSource.createInMemoryFileIndex(DataSource.scala:568)
[2026-04-03T08:00:26.861+0000] {spark_submit.py:579} INFO - at org.apache.spark.sql.execution.datasources.DataSource.resolveRelation(DataSource.scala:423)
[2026-04-03T08:00:26.861+0000] {spark_submit.py:579} INFO - at org.apache.spark.sql.catalyst.analysis.ResolveDataSource.org$apache$spark$sql$catalyst$analysis$ResolveDataSource$$loadV1BatchSource(ResolveDataSource.scala:143)
[2026-04-03T08:00:26.861+0000] {spark_submit.py:579} INFO - at org.apache.spark.sql.catalyst.analysis.ResolveDataSource$$anonfun$apply$1.$anonfun$applyOrElse$2(ResolveDataSource.scala:61)
[2026-04-03T08:00:26.861+0000] {spark_submit.py:579} INFO - at scala.Option.getOrElse(Option.scala:201)
[2026-04-03T08:00:26.862+0000] {spark_submit.py:579} INFO - at org.apache.spark.sql.catalyst.analysis.ResolveDataSource$$anonfun$apply$1.applyOrElse(ResolveDataSource.scala:61)
[2026-04-03T08:00:26.862+0000] {spark_submit.py:579} INFO - at org.apache.spark.sql.catalyst.analysis.ResolveDataSource$$anonfun$apply$1.applyOrElse(ResolveDataSource.scala:45)
[2026-04-03T08:00:26.862+0000] {spark_submit.py:579} INFO - at org.apache.spark.sql.catalyst.plans.logical.AnalysisHelper.$anonfun$resolveOperatorsUpWithPruning$3(AnalysisHelper.scala:139)
[2026-04-03T08:00:26.863+0000] {spark_submit.py:579} INFO - at org.apache.spark.sql.catalyst.trees.CurrentOrigin$.withOrigin(origin.scala:107)
[2026-04-03T08:00:26.863+0000] {spark_submit.py:579} INFO - at org.apache.spark.sql.catalyst.plans.logical.AnalysisHelper.$anonfun$resolveOperatorsUpWithPruning$1(AnalysisHelper.scala:139)
[2026-04-03T08:00:26.863+0000] {spark_submit.py:579} INFO - at org.apache.spark.sql.catalyst.plans.logical.AnalysisHelper$.allowInvokingTransformsInAnalyzer(AnalysisHelper.scala:416)
[2026-04-03T08:00:26.864+0000] {spark_submit.py:579} INFO - at org.apache.spark.sql.catalyst.plans.logical.AnalysisHelper.resolveOperatorsUpWithPruning(AnalysisHelper.scala:135)
[2026-04-03T08:00:26.864+0000] {spark_submit.py:579} INFO - at org.apache.spark.sql.catalyst.plans.logical.AnalysisHelper.resolveOperatorsUpWithPruning$(AnalysisHelper.scala:131)
[2026-04-03T08:00:26.864+0000] {spark_submit.py:579} INFO - at org.apache.spark.sql.catalyst.plans.logical.LogicalPlan.resolveOperatorsUpWithPruning(LogicalPlan.scala:37)
[2026-04-03T08:00:26.865+0000] {spark_submit.py:579} INFO - at org.apache.spark.sql.catalyst.plans.logical.AnalysisHelper.resolveOperatorsUp(AnalysisHelper.scala:112)
[2026-04-03T08:00:26.865+0000] {spark_submit.py:579} INFO - at org.apache.spark.sql.catalyst.plans.logical.AnalysisHelper.resolveOperatorsUp$(AnalysisHelper.scala:111)
[2026-04-03T08:00:26.865+0000] {spark_submit.py:579} INFO - at org.apache.spark.sql.catalyst.plans.logical.LogicalPlan.resolveOperatorsUp(LogicalPlan.scala:37)
[2026-04-03T08:00:26.865+0000] {spark_submit.py:579} INFO - at org.apache.spark.sql.catalyst.analysis.ResolveDataSource.apply(ResolveDataSource.scala:45)
[2026-04-03T08:00:26.866+0000] {spark_submit.py:579} INFO - at org.apache.spark.sql.catalyst.analysis.ResolveDataSource.apply(ResolveDataSource.scala:43)
[2026-04-03T08:00:26.866+0000] {spark_submit.py:579} INFO - at org.apache.spark.sql.catalyst.rules.RuleExecutor.$anonfun$execute$2(RuleExecutor.scala:248)
[2026-04-03T08:00:26.866+0000] {spark_submit.py:579} INFO - at scala.collection.LinearSeqOps.foldLeft(LinearSeq.scala:183)
[2026-04-03T08:00:26.866+0000] {spark_submit.py:579} INFO - at scala.collection.LinearSeqOps.foldLeft$(LinearSeq.scala:179)
[2026-04-03T08:00:26.866+0000] {spark_submit.py:579} INFO - at scala.collection.immutable.List.foldLeft(List.scala:79)
[2026-04-03T08:00:26.867+0000] {spark_submit.py:579} INFO - at org.apache.spark.sql.catalyst.rules.RuleExecutor.$anonfun$execute$1(RuleExecutor.scala:245)
[2026-04-03T08:00:26.867+0000] {spark_submit.py:579} INFO - at org.apache.spark.sql.catalyst.rules.RuleExecutor.$anonfun$execute$1$adapted(RuleExecutor.scala:237)
[2026-04-03T08:00:26.867+0000] {spark_submit.py:579} INFO - at scala.collection.immutable.List.foreach(List.scala:323)
[2026-04-03T08:00:26.867+0000] {spark_submit.py:579} INFO - at org.apache.spark.sql.catalyst.rules.RuleExecutor.execute(RuleExecutor.scala:237)
[2026-04-03T08:00:26.868+0000] {spark_submit.py:579} INFO - at org.apache.spark.sql.catalyst.analysis.Analyzer.org$apache$spark$sql$catalyst$analysis$Analyzer$$executeSameContext(Analyzer.scala:343)
[2026-04-03T08:00:26.868+0000] {spark_submit.py:579} INFO - at org.apache.spark.sql.catalyst.analysis.Analyzer.$anonfun$execute$1(Analyzer.scala:339)
[2026-04-03T08:00:26.868+0000] {spark_submit.py:579} INFO - at org.apache.spark.sql.catalyst.analysis.AnalysisContext$.withNewAnalysisContext(Analyzer.scala:224)
[2026-04-03T08:00:26.868+0000] {spark_submit.py:579} INFO - at org.apache.spark.sql.catalyst.analysis.Analyzer.execute(Analyzer.scala:339)
[2026-04-03T08:00:26.869+0000] {spark_submit.py:579} INFO - at org.apache.spark.sql.catalyst.analysis.Analyzer.execute(Analyzer.scala:289)
[2026-04-03T08:00:26.869+0000] {spark_submit.py:579} INFO - at org.apache.spark.sql.catalyst.rules.RuleExecutor.$anonfun$executeAndTrack$1(RuleExecutor.scala:207)
[2026-04-03T08:00:26.870+0000] {spark_submit.py:579} INFO - at org.apache.spark.sql.catalyst.QueryPlanningTracker$.withTracker(QueryPlanningTracker.scala:89)
[2026-04-03T08:00:26.870+0000] {spark_submit.py:579} INFO - at org.apache.spark.sql.catalyst.rules.RuleExecutor.executeAndTrack(RuleExecutor.scala:207)
[2026-04-03T08:00:26.870+0000] {spark_submit.py:579} INFO - at org.apache.spark.sql.catalyst.analysis.resolver.HybridAnalyzer.resolveInFixedPoint(HybridAnalyzer.scala:236)
[2026-04-03T08:00:26.871+0000] {spark_submit.py:579} INFO - at org.apache.spark.sql.catalyst.analysis.resolver.HybridAnalyzer.$anonfun$apply$1(HybridAnalyzer.scala:91)
[2026-04-03T08:00:26.871+0000] {spark_submit.py:579} INFO - at org.apache.spark.sql.catalyst.analysis.resolver.HybridAnalyzer.withTrackedAnalyzerBridgeState(HybridAnalyzer.scala:122)
[2026-04-03T08:00:26.871+0000] {spark_submit.py:579} INFO - at org.apache.spark.sql.catalyst.analysis.resolver.HybridAnalyzer.apply(HybridAnalyzer.scala:84)
[2026-04-03T08:00:26.871+0000] {spark_submit.py:579} INFO - at org.apache.spark.sql.catalyst.analysis.Analyzer.$anonfun$executeAndCheck$1(Analyzer.scala:322)
[2026-04-03T08:00:26.872+0000] {spark_submit.py:579} INFO - at org.apache.spark.sql.catalyst.plans.logical.AnalysisHelper$.markInAnalyzer(AnalysisHelper.scala:423)
[2026-04-03T08:00:26.872+0000] {spark_submit.py:579} INFO - at org.apache.spark.sql.catalyst.analysis.Analyzer.executeAndCheck(Analyzer.scala:322)
[2026-04-03T08:00:26.872+0000] {spark_submit.py:579} INFO - at org.apache.spark.sql.execution.QueryExecution.$anonfun$lazyAnalyzed$2(QueryExecution.scala:139)
[2026-04-03T08:00:26.872+0000] {spark_submit.py:579} INFO - at org.apache.spark.sql.catalyst.QueryPlanningTracker.measurePhase(QueryPlanningTracker.scala:148)
[2026-04-03T08:00:26.873+0000] {spark_submit.py:579} INFO - at org.apache.spark.sql.execution.QueryExecution.$anonfun$executePhase$2(QueryExecution.scala:330)
[2026-04-03T08:00:26.873+0000] {spark_submit.py:579} INFO - at org.apache.spark.sql.execution.QueryExecution$.withInternalError(QueryExecution.scala:717)
[2026-04-03T08:00:26.873+0000] {spark_submit.py:579} INFO - at org.apache.spark.sql.execution.QueryExecution.$anonfun$executePhase$1(QueryExecution.scala:330)
[2026-04-03T08:00:26.873+0000] {spark_submit.py:579} INFO - at org.apache.spark.sql.SparkSession.withActive(SparkSession.scala:804)
[2026-04-03T08:00:26.874+0000] {spark_submit.py:579} INFO - at org.apache.spark.sql.execution.QueryExecution.executePhase(QueryExecution.scala:329)
[2026-04-03T08:00:26.874+0000] {spark_submit.py:579} INFO - at org.apache.spark.sql.execution.QueryExecution.$anonfun$lazyAnalyzed$1(QueryExecution.scala:139)
[2026-04-03T08:00:26.874+0000] {spark_submit.py:579} INFO - at scala.util.Try$.apply(Try.scala:217)
[2026-04-03T08:00:26.874+0000] {spark_submit.py:579} INFO - at org.apache.spark.util.Utils$.doTryWithCallerStacktrace(Utils.scala:1392)
[2026-04-03T08:00:26.875+0000] {spark_submit.py:579} INFO - at org.apache.spark.util.LazyTry.tryT$lzycompute(LazyTry.scala:46)
[2026-04-03T08:00:26.875+0000] {spark_submit.py:579} INFO - at org.apache.spark.util.LazyTry.tryT(LazyTry.scala:46)
[2026-04-03T08:00:26.875+0000] {spark_submit.py:579} INFO - ... 22 more
[2026-04-03T08:00:26.875+0000] {spark_submit.py:579} INFO - 
[2026-04-03T08:00:27.086+0000] {taskinstance.py:3313} ERROR - Task failed with exception
Traceback (most recent call last):
  File "/home/airflow/.local/lib/python3.12/site-packages/airflow/models/taskinstance.py", line 768, in _execute_task
    result = _execute_callable(context=context, **execute_callable_kwargs)
             ^^^^^^^^^^^^^^^^^^^^^^^^^^^^^^^^^^^^^^^^^^^^^^^^^^^^^^^^^^^^^
  File "/home/airflow/.local/lib/python3.12/site-packages/airflow/models/taskinstance.py", line 734, in _execute_callable
    return ExecutionCallableRunner(
           ^^^^^^^^^^^^^^^^^^^^^^^^
  File "/home/airflow/.local/lib/python3.12/site-packages/airflow/utils/operator_helpers.py", line 252, in run
    return self.func(*args, **kwargs)
           ^^^^^^^^^^^^^^^^^^^^^^^^^^
  File "/home/airflow/.local/lib/python3.12/site-packages/airflow/models/baseoperator.py", line 424, in wrapper
    return func(self, *args, **kwargs)
           ^^^^^^^^^^^^^^^^^^^^^^^^^^^
  File "/home/airflow/.local/lib/python3.12/site-packages/airflow/providers/apache/spark/operators/spark_submit.py", line 174, in execute
    self._hook.submit(self.application)
  File "/home/airflow/.local/lib/python3.12/site-packages/airflow/providers/apache/spark/hooks/spark_submit.py", line 505, in submit
    raise AirflowException(
airflow.exceptions.AirflowException: Cannot execute: /opt/spark_dist/bin/spark-submit --master spark://spark-master:7077 --conf spark.driver.extraClassPath=/opt/***/plugins/postgresql-42.7.2.jar --conf spark.executor.extraClassPath=/opt/bitnami/spark/extra-jars/postgresql-42.7.2.jar --conf spark.driver.host=***_scheduler --conf spark.driver.bindAddress=0.0.0.0 --jars /opt/***/plugins/postgresql-42.7.2.jar --name sensor_elt_job --verbose --deploy-mode client /opt/***/scripts/process_data.py. Error code is: 1.
[2026-04-03T08:00:27.094+0000] {taskinstance.py:1226} INFO - Marking task as FAILED. dag_id=02_industrial_sensor_elt, task_id=run_sensor_elt, run_id=manual__2026-04-03T07:49:33.294184+00:00, execution_date=20260403T074933, start_date=20260403T075840, end_date=20260403T080027
[2026-04-03T08:00:27.171+0000] {taskinstance.py:341} INFO - ::group::Post task execution logs
[2026-04-03T08:00:27.172+0000] {standard_task_runner.py:124} ERROR - Failed to execute job 4 for task run_sensor_elt (Cannot execute: /opt/spark_dist/bin/spark-submit --master spark://spark-master:7077 --conf spark.driver.extraClassPath=/opt/***/plugins/postgresql-42.7.2.jar --conf spark.executor.extraClassPath=/opt/bitnami/spark/extra-jars/postgresql-42.7.2.jar --conf spark.driver.host=***_scheduler --conf spark.driver.bindAddress=0.0.0.0 --jars /opt/***/plugins/postgresql-42.7.2.jar --name sensor_elt_job --verbose --deploy-mode client /opt/***/scripts/process_data.py. Error code is: 1.; 1116)
Traceback (most recent call last):
  File "/home/airflow/.local/lib/python3.12/site-packages/airflow/task/task_runner/standard_task_runner.py", line 117, in _start_by_fork
    ret = args.func(args, dag=self.dag)
          ^^^^^^^^^^^^^^^^^^^^^^^^^^^^^
  File "/home/airflow/.local/lib/python3.12/site-packages/airflow/cli/cli_config.py", line 49, in command
    return func(*args, **kwargs)
           ^^^^^^^^^^^^^^^^^^^^^
  File "/home/airflow/.local/lib/python3.12/site-packages/airflow/utils/cli.py", line 116, in wrapper
    return f(*args, **kwargs)
           ^^^^^^^^^^^^^^^^^^
  File "/home/airflow/.local/lib/python3.12/site-packages/airflow/cli/commands/task_command.py", line 483, in task_run
    task_return_code = _run_task_by_selected_method(args, _dag, ti)
                       ^^^^^^^^^^^^^^^^^^^^^^^^^^^^^^^^^^^^^^^^^^^^
  File "/home/airflow/.local/lib/python3.12/site-packages/airflow/cli/commands/task_command.py", line 256, in _run_task_by_selected_method
    return _run_raw_task(args, ti)
           ^^^^^^^^^^^^^^^^^^^^^^^
  File "/home/airflow/.local/lib/python3.12/site-packages/airflow/cli/commands/task_command.py", line 341, in _run_raw_task
    return ti._run_raw_task(
           ^^^^^^^^^^^^^^^^^
  File "/home/airflow/.local/lib/python3.12/site-packages/airflow/utils/session.py", line 97, in wrapper
    return func(*args, session=session, **kwargs)
           ^^^^^^^^^^^^^^^^^^^^^^^^^^^^^^^^^^^^^^
  File "/home/airflow/.local/lib/python3.12/site-packages/airflow/models/taskinstance.py", line 3006, in _run_raw_task
    return _run_raw_task(
           ^^^^^^^^^^^^^^
  File "/home/airflow/.local/lib/python3.12/site-packages/airflow/models/taskinstance.py", line 274, in _run_raw_task
    TaskInstance._execute_task_with_callbacks(
  File "/home/airflow/.local/lib/python3.12/site-packages/airflow/models/taskinstance.py", line 3161, in _execute_task_with_callbacks
    result = self._execute_task(context, task_orig)
             ^^^^^^^^^^^^^^^^^^^^^^^^^^^^^^^^^^^^^^
  File "/home/airflow/.local/lib/python3.12/site-packages/airflow/models/taskinstance.py", line 3185, in _execute_task
    return _execute_task(self, context, task_orig)
           ^^^^^^^^^^^^^^^^^^^^^^^^^^^^^^^^^^^^^^^
  File "/home/airflow/.local/lib/python3.12/site-packages/airflow/models/taskinstance.py", line 768, in _execute_task
    result = _execute_callable(context=context, **execute_callable_kwargs)
             ^^^^^^^^^^^^^^^^^^^^^^^^^^^^^^^^^^^^^^^^^^^^^^^^^^^^^^^^^^^^^
  File "/home/airflow/.local/lib/python3.12/site-packages/airflow/models/taskinstance.py", line 734, in _execute_callable
    return ExecutionCallableRunner(
           ^^^^^^^^^^^^^^^^^^^^^^^^
  File "/home/airflow/.local/lib/python3.12/site-packages/airflow/utils/operator_helpers.py", line 252, in run
    return self.func(*args, **kwargs)
           ^^^^^^^^^^^^^^^^^^^^^^^^^^
  File "/home/airflow/.local/lib/python3.12/site-packages/airflow/models/baseoperator.py", line 424, in wrapper
    return func(self, *args, **kwargs)
           ^^^^^^^^^^^^^^^^^^^^^^^^^^^
  File "/home/airflow/.local/lib/python3.12/site-packages/airflow/providers/apache/spark/operators/spark_submit.py", line 174, in execute
    self._hook.submit(self.application)
  File "/home/airflow/.local/lib/python3.12/site-packages/airflow/providers/apache/spark/hooks/spark_submit.py", line 505, in submit
    raise AirflowException(
airflow.exceptions.AirflowException: Cannot execute: /opt/spark_dist/bin/spark-submit --master spark://spark-master:7077 --conf spark.driver.extraClassPath=/opt/***/plugins/postgresql-42.7.2.jar --conf spark.executor.extraClassPath=/opt/bitnami/spark/extra-jars/postgresql-42.7.2.jar --conf spark.driver.host=***_scheduler --conf spark.driver.bindAddress=0.0.0.0 --jars /opt/***/plugins/postgresql-42.7.2.jar --name sensor_elt_job --verbose --deploy-mode client /opt/***/scripts/process_data.py. Error code is: 1.
[2026-04-03T08:00:27.225+0000] {local_task_job_runner.py:266} INFO - Task exited with return code 1
[2026-04-03T08:00:27.267+0000] {taskinstance.py:3901} INFO - 0 downstream tasks scheduled from follow-on schedule check
[2026-04-03T08:00:27.271+0000] {local_task_job_runner.py:245} INFO - ::endgroup::
