[2026-04-03T07:49:34.341+0000] {local_task_job_runner.py:123} INFO - ::group::Pre task execution logs
[2026-04-03T07:49:34.396+0000] {taskinstance.py:2614} INFO - Dependencies all met for dep_context=non-requeueable deps ti=<TaskInstance: 02_industrial_sensor_elt.run_sensor_elt manual__2026-04-03T07:49:33.294184+00:00 [queued]>
[2026-04-03T07:49:34.416+0000] {taskinstance.py:2614} INFO - Dependencies all met for dep_context=requeueable deps ti=<TaskInstance: 02_industrial_sensor_elt.run_sensor_elt manual__2026-04-03T07:49:33.294184+00:00 [queued]>
[2026-04-03T07:49:34.417+0000] {taskinstance.py:2867} INFO - Starting attempt 1 of 2
[2026-04-03T07:49:34.452+0000] {taskinstance.py:2890} INFO - Executing <Task(SparkSubmitOperator): run_sensor_elt> on 2026-04-03 07:49:33.294184+00:00
[2026-04-03T07:49:34.472+0000] {standard_task_runner.py:104} INFO - Running: ['***', 'tasks', 'run', '02_industrial_sensor_elt', 'run_sensor_elt', 'manual__2026-04-03T07:49:33.294184+00:00', '--job-id', '2', '--raw', '--subdir', 'DAGS_FOLDER/dag_datalab_main.py', '--cfg-path', '/tmp/tmpopggh_jf']
[2026-04-03T07:49:34.477+0000] {standard_task_runner.py:105} INFO - Job 2: Subtask run_sensor_elt
[2026-04-03T07:49:34.479+0000] {logging_mixin.py:190} WARNING - /home/***/.local/lib/python3.12/site-packages/***/task/task_runner/standard_task_runner.py:70 DeprecationWarning: This process (pid=545) is multi-threaded, use of fork() may lead to deadlocks in the child.
[2026-04-03T07:49:34.480+0000] {standard_task_runner.py:72} INFO - Started process 547 to run task
[2026-04-03T07:49:34.607+0000] {task_command.py:467} INFO - Running <TaskInstance: 02_industrial_sensor_elt.run_sensor_elt manual__2026-04-03T07:49:33.294184+00:00 [running]> on host fc8b7795bdf4
[2026-04-03T07:49:34.836+0000] {taskinstance.py:3134} INFO - Exporting env vars: AIRFLOW_CTX_DAG_OWNER='juan_pablo' AIRFLOW_CTX_DAG_ID='02_industrial_sensor_elt' AIRFLOW_CTX_TASK_ID='run_sensor_elt' AIRFLOW_CTX_EXECUTION_DATE='2026-04-03T07:49:33.294184+00:00' AIRFLOW_CTX_TRY_NUMBER='1' AIRFLOW_CTX_DAG_RUN_ID='manual__2026-04-03T07:49:33.294184+00:00'
[2026-04-03T07:49:34.838+0000] {taskinstance.py:732} INFO - ::endgroup::
[2026-04-03T07:49:34.902+0000] {base.py:84} INFO - Retrieving connection 'spark_new'
[2026-04-03T07:49:34.906+0000] {spark_submit.py:403} INFO - Spark-Submit cmd: /opt/spark_dist/bin/spark-submit --master spark://spark-master:7077 --conf spark.driver.extraClassPath=/opt/***/plugins/postgresql-42.7.2.jar --conf spark.executor.extraClassPath=/opt/bitnami/spark/extra-jars/postgresql-42.7.2.jar --conf spark.driver.host=***_scheduler --conf spark.driver.bindAddress=0.0.0.0 --jars /opt/***/plugins/postgresql-42.7.2.jar --name sensor_elt_job --verbose --deploy-mode client /opt/***/scripts/process_data.py
[2026-04-03T07:49:35.628+0000] {spark_submit.py:579} INFO - WARNING: Using incubator modules: jdk.incubator.vector
[2026-04-03T07:49:38.125+0000] {spark_submit.py:579} INFO - Using properties file: /opt/spark_dist/conf/spark-defaults.conf
[2026-04-03T07:49:38.888+0000] {spark_submit.py:579} INFO - Parsed arguments:
[2026-04-03T07:49:38.889+0000] {spark_submit.py:579} INFO - master                  spark://spark-master:7077
[2026-04-03T07:49:38.889+0000] {spark_submit.py:579} INFO - remote                  null
[2026-04-03T07:49:38.890+0000] {spark_submit.py:579} INFO - deployMode              client
[2026-04-03T07:49:38.890+0000] {spark_submit.py:579} INFO - executorMemory          null
[2026-04-03T07:49:38.891+0000] {spark_submit.py:579} INFO - executorCores           null
[2026-04-03T07:49:38.892+0000] {spark_submit.py:579} INFO - totalExecutorCores      null
[2026-04-03T07:49:38.892+0000] {spark_submit.py:579} INFO - propertiesFile          null
[2026-04-03T07:49:38.892+0000] {spark_submit.py:579} INFO - driverMemory            null
[2026-04-03T07:49:38.893+0000] {spark_submit.py:579} INFO - driverCores             null
[2026-04-03T07:49:38.893+0000] {spark_submit.py:579} INFO - driverExtraClassPath    /opt/***/plugins/postgresql-42.7.2.jar
[2026-04-03T07:49:38.893+0000] {spark_submit.py:579} INFO - driverExtraLibraryPath  null
[2026-04-03T07:49:38.893+0000] {spark_submit.py:579} INFO - driverExtraJavaOptions  --add-exports java.base/sun.nio.ch=ALL-UNNAMED
[2026-04-03T07:49:38.894+0000] {spark_submit.py:579} INFO - supervise               false
[2026-04-03T07:49:38.894+0000] {spark_submit.py:579} INFO - queue                   null
[2026-04-03T07:49:38.894+0000] {spark_submit.py:579} INFO - numExecutors            null
[2026-04-03T07:49:38.895+0000] {spark_submit.py:579} INFO - files                   null
[2026-04-03T07:49:38.895+0000] {spark_submit.py:579} INFO - pyFiles                 null
[2026-04-03T07:49:38.895+0000] {spark_submit.py:579} INFO - archives                null
[2026-04-03T07:49:38.895+0000] {spark_submit.py:579} INFO - mainClass               null
[2026-04-03T07:49:38.896+0000] {spark_submit.py:579} INFO - primaryResource         file:/opt/***/scripts/process_data.py
[2026-04-03T07:49:38.896+0000] {spark_submit.py:579} INFO - name                    sensor_elt_job
[2026-04-03T07:49:38.896+0000] {spark_submit.py:579} INFO - childArgs               []
[2026-04-03T07:49:38.897+0000] {spark_submit.py:579} INFO - jars                    file:/opt/***/plugins/postgresql-42.7.2.jar
[2026-04-03T07:49:38.897+0000] {spark_submit.py:579} INFO - packages                null
[2026-04-03T07:49:38.897+0000] {spark_submit.py:579} INFO - packagesExclusions      null
[2026-04-03T07:49:38.897+0000] {spark_submit.py:579} INFO - repositories            null
[2026-04-03T07:49:38.898+0000] {spark_submit.py:579} INFO - verbose                 true
[2026-04-03T07:49:38.898+0000] {spark_submit.py:579} INFO - 
[2026-04-03T07:49:38.898+0000] {spark_submit.py:579} INFO - Spark properties used, including those specified through
[2026-04-03T07:49:38.898+0000] {spark_submit.py:579} INFO - --conf and those from the properties file null:
[2026-04-03T07:49:38.899+0000] {spark_submit.py:579} INFO - (spark.driver.bindAddress,0.0.0.0)
[2026-04-03T07:49:38.899+0000] {spark_submit.py:579} INFO - (spark.driver.extraClassPath,/opt/***/plugins/postgresql-42.7.2.jar)
[2026-04-03T07:49:38.899+0000] {spark_submit.py:579} INFO - (spark.driver.extraJavaOptions,--add-exports java.base/sun.nio.ch=ALL-UNNAMED)
[2026-04-03T07:49:38.899+0000] {spark_submit.py:579} INFO - (spark.driver.host,***_scheduler)
[2026-04-03T07:49:38.900+0000] {spark_submit.py:579} INFO - (spark.executor.extraClassPath,/opt/bitnami/spark/extra-jars/postgresql-42.7.2.jar)
[2026-04-03T07:49:38.900+0000] {spark_submit.py:579} INFO - 
[2026-04-03T07:49:38.900+0000] {spark_submit.py:579} INFO - 
[2026-04-03T07:49:39.549+0000] {spark_submit.py:579} INFO - 26/04/03 07:49:39 WARN NativeCodeLoader: Unable to load native-hadoop library for your platform... using builtin-java classes where applicable
[2026-04-03T07:49:39.849+0000] {spark_submit.py:579} INFO - Main class:
[2026-04-03T07:49:39.849+0000] {spark_submit.py:579} INFO - org.apache.spark.deploy.PythonRunner
[2026-04-03T07:49:39.850+0000] {spark_submit.py:579} INFO - Arguments:
[2026-04-03T07:49:39.850+0000] {spark_submit.py:579} INFO - file:/opt/***/scripts/process_data.py
[2026-04-03T07:49:39.851+0000] {spark_submit.py:579} INFO - null
[2026-04-03T07:49:39.851+0000] {spark_submit.py:579} INFO - Spark config:
[2026-04-03T07:49:39.852+0000] {spark_submit.py:579} INFO - (spark.app.name,sensor_elt_job)
[2026-04-03T07:49:39.852+0000] {spark_submit.py:579} INFO - (spark.app.submitTime,1775202579810)
[2026-04-03T07:49:39.853+0000] {spark_submit.py:579} INFO - (spark.driver.bindAddress,0.0.0.0)
[2026-04-03T07:49:39.853+0000] {spark_submit.py:579} INFO - (spark.driver.extraClassPath,/opt/***/plugins/postgresql-42.7.2.jar)
[2026-04-03T07:49:39.853+0000] {spark_submit.py:579} INFO - (spark.driver.extraJavaOptions,--add-exports java.base/sun.nio.ch=ALL-UNNAMED)
[2026-04-03T07:49:39.853+0000] {spark_submit.py:579} INFO - (spark.driver.host,***_scheduler)
[2026-04-03T07:49:39.854+0000] {spark_submit.py:579} INFO - (spark.executor.extraClassPath,/opt/bitnami/spark/extra-jars/postgresql-42.7.2.jar)
[2026-04-03T07:49:39.854+0000] {spark_submit.py:579} INFO - (spark.jars,file:///opt/***/plugins/postgresql-42.7.2.jar)
[2026-04-03T07:49:39.854+0000] {spark_submit.py:579} INFO - (spark.master,spark://spark-master:7077)
[2026-04-03T07:49:39.854+0000] {spark_submit.py:579} INFO - (spark.repl.local.jars,file:///opt/***/plugins/postgresql-42.7.2.jar)
[2026-04-03T07:49:39.855+0000] {spark_submit.py:579} INFO - (spark.submit.deployMode,client)
[2026-04-03T07:49:39.855+0000] {spark_submit.py:579} INFO - (spark.submit.pyFiles,)
[2026-04-03T07:49:39.855+0000] {spark_submit.py:579} INFO - Classpath elements:
[2026-04-03T07:49:39.856+0000] {spark_submit.py:579} INFO - file:///opt/***/plugins/postgresql-42.7.2.jar
[2026-04-03T07:49:39.856+0000] {spark_submit.py:579} INFO - 
[2026-04-03T07:49:39.857+0000] {spark_submit.py:579} INFO - 
[2026-04-03T07:49:41.410+0000] {spark_submit.py:579} INFO - Using Spark's default log4j profile: org/apache/spark/log4j2-defaults.properties
[2026-04-03T07:49:41.421+0000] {spark_submit.py:579} INFO - 26/04/03 07:49:41 INFO SparkContext: Running Spark version 4.1.1
[2026-04-03T07:49:41.423+0000] {spark_submit.py:579} INFO - 26/04/03 07:49:41 INFO SparkContext: OS info Linux, 6.18.13-200.fc43.x86_64, amd64
[2026-04-03T07:49:41.427+0000] {spark_submit.py:579} INFO - 26/04/03 07:49:41 INFO SparkContext: Java version 17.0.18+8-Debian-1deb12u1
[2026-04-03T07:49:41.494+0000] {spark_submit.py:579} INFO - 26/04/03 07:49:41 INFO ResourceUtils: ==============================================================
[2026-04-03T07:49:41.495+0000] {spark_submit.py:579} INFO - 26/04/03 07:49:41 INFO ResourceUtils: No custom resources configured for spark.driver.
[2026-04-03T07:49:41.496+0000] {spark_submit.py:579} INFO - 26/04/03 07:49:41 INFO ResourceUtils: ==============================================================
[2026-04-03T07:49:41.497+0000] {spark_submit.py:579} INFO - 26/04/03 07:49:41 INFO SparkContext: Submitted application: Industrial-ELT-Pipeline
[2026-04-03T07:49:41.629+0000] {spark_submit.py:579} INFO - 26/04/03 07:49:41 INFO SecurityManager: Changing view acls to: default
[2026-04-03T07:49:41.630+0000] {spark_submit.py:579} INFO - 26/04/03 07:49:41 INFO SecurityManager: Changing modify acls to: default
[2026-04-03T07:49:41.631+0000] {spark_submit.py:579} INFO - 26/04/03 07:49:41 INFO SecurityManager: Changing view acls groups to: default
[2026-04-03T07:49:41.632+0000] {spark_submit.py:579} INFO - 26/04/03 07:49:41 INFO SecurityManager: Changing modify acls groups to: default
[2026-04-03T07:49:41.634+0000] {spark_submit.py:579} INFO - 26/04/03 07:49:41 INFO SecurityManager: SecurityManager: authentication disabled; ui acls disabled; users with view permissions: default groups with view permissions: EMPTY; users with modify permissions: default; groups with modify permissions: EMPTY; RPC SSL disabled
[2026-04-03T07:49:42.185+0000] {spark_submit.py:579} INFO - 26/04/03 07:49:42 INFO Utils: Successfully started service 'sparkDriver' on port 41967.
[2026-04-03T07:49:42.239+0000] {spark_submit.py:579} INFO - 26/04/03 07:49:42 INFO SparkEnv: Registering MapOutputTracker
[2026-04-03T07:49:42.280+0000] {spark_submit.py:579} INFO - 26/04/03 07:49:42 INFO SparkEnv: Registering BlockManagerMaster
[2026-04-03T07:49:42.315+0000] {spark_submit.py:579} INFO - 26/04/03 07:49:42 INFO BlockManagerMasterEndpoint: Using org.apache.spark.storage.DefaultTopologyMapper for getting topology information
[2026-04-03T07:49:42.316+0000] {spark_submit.py:579} INFO - 26/04/03 07:49:42 INFO BlockManagerMasterEndpoint: BlockManagerMasterEndpoint up
[2026-04-03T07:49:42.329+0000] {spark_submit.py:579} INFO - 26/04/03 07:49:42 INFO SparkEnv: Registering BlockManagerMasterHeartbeat
[2026-04-03T07:49:42.371+0000] {spark_submit.py:579} INFO - 26/04/03 07:49:42 INFO DiskBlockManager: Created local directory at /tmp/blockmgr-a82291ad-bfa3-4f8d-a61e-27588a6ddec0
[2026-04-03T07:49:42.418+0000] {spark_submit.py:579} INFO - 26/04/03 07:49:42 INFO SparkEnv: Registering OutputCommitCoordinator
[2026-04-03T07:49:42.787+0000] {spark_submit.py:579} INFO - 26/04/03 07:49:42 INFO JettyUtils: Start Jetty 0.0.0.0:4040 for SparkUI
[2026-04-03T07:49:42.981+0000] {spark_submit.py:579} INFO - 26/04/03 07:49:42 WARN Utils: Service 'SparkUI' could not bind on port 4040. Attempting port 4041.
[2026-04-03T07:49:43.009+0000] {spark_submit.py:579} INFO - 26/04/03 07:49:43 INFO Utils: Successfully started service 'SparkUI' on port 4041.
[2026-04-03T07:49:43.116+0000] {spark_submit.py:579} INFO - 26/04/03 07:49:43 ERROR SparkContext: Failed to add /opt/bitnami/spark/extra-jars/postgresql-42.7.2.jar to Spark environment
[2026-04-03T07:49:43.117+0000] {spark_submit.py:579} INFO - java.io.FileNotFoundException: Jar /opt/bitnami/spark/extra-jars/postgresql-42.7.2.jar not found
[2026-04-03T07:49:43.117+0000] {spark_submit.py:579} INFO - at org.apache.spark.SparkContext.addLocalJarFile$1(SparkContext.scala:2185)
[2026-04-03T07:49:43.118+0000] {spark_submit.py:579} INFO - at org.apache.spark.SparkContext.addJar(SparkContext.scala:2241)
[2026-04-03T07:49:43.119+0000] {spark_submit.py:579} INFO - at org.apache.spark.SparkContext.$anonfun$new$16(SparkContext.scala:544)
[2026-04-03T07:49:43.119+0000] {spark_submit.py:579} INFO - at org.apache.spark.SparkContext.$anonfun$new$16$adapted(SparkContext.scala:544)
[2026-04-03T07:49:43.120+0000] {spark_submit.py:579} INFO - at scala.collection.IterableOnceOps.foreach(IterableOnce.scala:630)
[2026-04-03T07:49:43.120+0000] {spark_submit.py:579} INFO - at scala.collection.IterableOnceOps.foreach$(IterableOnce.scala:628)
[2026-04-03T07:49:43.121+0000] {spark_submit.py:579} INFO - at scala.collection.AbstractIterable.foreach(Iterable.scala:936)
[2026-04-03T07:49:43.121+0000] {spark_submit.py:579} INFO - at org.apache.spark.SparkContext.<init>(SparkContext.scala:544)
[2026-04-03T07:49:43.122+0000] {spark_submit.py:579} INFO - at org.apache.spark.api.java.JavaSparkContext.<init>(JavaSparkContext.scala:59)
[2026-04-03T07:49:43.122+0000] {spark_submit.py:579} INFO - at java.base/jdk.internal.reflect.NativeConstructorAccessorImpl.newInstance0(Native Method)
[2026-04-03T07:49:43.123+0000] {spark_submit.py:579} INFO - at java.base/jdk.internal.reflect.NativeConstructorAccessorImpl.newInstance(NativeConstructorAccessorImpl.java:77)
[2026-04-03T07:49:43.123+0000] {spark_submit.py:579} INFO - at java.base/jdk.internal.reflect.DelegatingConstructorAccessorImpl.newInstance(DelegatingConstructorAccessorImpl.java:45)
[2026-04-03T07:49:43.124+0000] {spark_submit.py:579} INFO - at java.base/java.lang.reflect.Constructor.newInstanceWithCaller(Constructor.java:500)
[2026-04-03T07:49:43.124+0000] {spark_submit.py:579} INFO - at java.base/java.lang.reflect.Constructor.newInstance(Constructor.java:481)
[2026-04-03T07:49:43.125+0000] {spark_submit.py:579} INFO - at py4j.reflection.MethodInvoker.invoke(MethodInvoker.java:247)
[2026-04-03T07:49:43.125+0000] {spark_submit.py:579} INFO - at py4j.reflection.ReflectionEngine.invoke(ReflectionEngine.java:374)
[2026-04-03T07:49:43.126+0000] {spark_submit.py:579} INFO - at py4j.Gateway.invoke(Gateway.java:238)
[2026-04-03T07:49:43.126+0000] {spark_submit.py:579} INFO - at py4j.commands.ConstructorCommand.invokeConstructor(ConstructorCommand.java:80)
[2026-04-03T07:49:43.127+0000] {spark_submit.py:579} INFO - at py4j.commands.ConstructorCommand.execute(ConstructorCommand.java:69)
[2026-04-03T07:49:43.127+0000] {spark_submit.py:579} INFO - at py4j.ClientServerConnection.waitForCommands(ClientServerConnection.java:184)
[2026-04-03T07:49:43.128+0000] {spark_submit.py:579} INFO - at py4j.ClientServerConnection.run(ClientServerConnection.java:108)
[2026-04-03T07:49:43.128+0000] {spark_submit.py:579} INFO - at java.base/java.lang.Thread.run(Thread.java:840)
[2026-04-03T07:49:43.184+0000] {spark_submit.py:579} INFO - 26/04/03 07:49:43 INFO ResourceProfile: Default ResourceProfile created, executor resources: Map(memory -> name: memory, amount: 1024, script: , vendor: , offHeap -> name: offHeap, amount: 0, script: , vendor: ), task resources: Map(cpus -> name: cpus, amount: 1.0)
[2026-04-03T07:49:43.188+0000] {spark_submit.py:579} INFO - 26/04/03 07:49:43 INFO ResourceProfile: Limiting resource is cpu
[2026-04-03T07:49:43.189+0000] {spark_submit.py:579} INFO - 26/04/03 07:49:43 INFO ResourceProfileManager: Added ResourceProfile id: 0
[2026-04-03T07:49:43.219+0000] {spark_submit.py:579} INFO - 26/04/03 07:49:43 INFO SecurityManager: Changing view acls to: default
[2026-04-03T07:49:43.220+0000] {spark_submit.py:579} INFO - 26/04/03 07:49:43 INFO SecurityManager: Changing modify acls to: default
[2026-04-03T07:49:43.221+0000] {spark_submit.py:579} INFO - 26/04/03 07:49:43 INFO SecurityManager: Changing view acls groups to: default
[2026-04-03T07:49:43.222+0000] {spark_submit.py:579} INFO - 26/04/03 07:49:43 INFO SecurityManager: Changing modify acls groups to: default
[2026-04-03T07:49:43.222+0000] {spark_submit.py:579} INFO - 26/04/03 07:49:43 INFO SecurityManager: SecurityManager: authentication disabled; ui acls disabled; users with view permissions: default groups with view permissions: EMPTY; users with modify permissions: default; groups with modify permissions: EMPTY; RPC SSL disabled
[2026-04-03T07:49:43.672+0000] {spark_submit.py:579} INFO - 26/04/03 07:49:43 INFO StandaloneAppClient$ClientEndpoint: Connecting to master spark://spark-master:7077...
[2026-04-03T07:49:43.801+0000] {spark_submit.py:579} INFO - 26/04/03 07:49:43 INFO TransportClientFactory: Successfully created connection to spark-master/172.20.0.4:7077 after 66 ms (0 ms spent in bootstraps)
[2026-04-03T07:49:44.202+0000] {spark_submit.py:579} INFO - 26/04/03 07:49:44 INFO StandaloneSchedulerBackend: Connected to Spark cluster with app ID app-20260403074944-0002
[2026-04-03T07:49:44.226+0000] {spark_submit.py:579} INFO - 26/04/03 07:49:44 INFO Utils: Successfully started service 'org.apache.spark.network.netty.NettyBlockTransferService' on port 39119.
[2026-04-03T07:49:44.227+0000] {spark_submit.py:579} INFO - 26/04/03 07:49:44 INFO NettyBlockTransferService: Server created on ***_scheduler 0.0.0.0:39119
[2026-04-03T07:49:44.231+0000] {spark_submit.py:579} INFO - 26/04/03 07:49:44 INFO BlockManager: Using org.apache.spark.storage.RandomBlockReplicationPolicy for block replication policy
[2026-04-03T07:49:44.284+0000] {spark_submit.py:579} INFO - 26/04/03 07:49:44 INFO BlockManagerMaster: Registering BlockManager BlockManagerId(driver, ***_scheduler, 39119, None)
[2026-04-03T07:49:44.301+0000] {spark_submit.py:579} INFO - 26/04/03 07:49:44 INFO BlockManagerMasterEndpoint: Registering block manager ***_scheduler:39119 with 434.4 MiB RAM, BlockManagerId(driver, ***_scheduler, 39119, None)
[2026-04-03T07:49:44.308+0000] {spark_submit.py:579} INFO - 26/04/03 07:49:44 INFO BlockManagerMaster: Registered BlockManager BlockManagerId(driver, ***_scheduler, 39119, None)
[2026-04-03T07:49:44.312+0000] {spark_submit.py:579} INFO - 26/04/03 07:49:44 INFO BlockManager: Initialized BlockManager: BlockManagerId(driver, ***_scheduler, 39119, None)
[2026-04-03T07:49:44.731+0000] {spark_submit.py:579} INFO - 26/04/03 07:49:44 INFO StandaloneSchedulerBackend: SchedulerBackend is ready for scheduling beginning after reached minRegisteredResourcesRatio: 0.0
[2026-04-03T07:49:49.798+0000] {spark_submit.py:579} INFO - 26/04/03 07:49:49 INFO SharedState: Setting hive.metastore.warehouse.dir ('null') to the value of spark.sql.warehouse.dir.
[2026-04-03T07:49:49.803+0000] {spark_submit.py:579} INFO - 26/04/03 07:49:49 INFO SharedState: Warehouse path is 'file:/opt/***/spark-warehouse'.
[2026-04-03T07:49:51.161+0000] {spark_submit.py:579} INFO - 26/04/03 07:49:51 WARN FileStreamSink: Assume no metadata directory. Error while looking for metadata directory in the path: /data/raw/sensors/*.json.
[2026-04-03T07:49:51.162+0000] {spark_submit.py:579} INFO - java.io.FileNotFoundException: File /data/raw/sensors/*.json does not exist
[2026-04-03T07:49:51.162+0000] {spark_submit.py:579} INFO - at org.apache.hadoop.fs.RawLocalFileSystem.deprecatedGetFileStatus(RawLocalFileSystem.java:980)
[2026-04-03T07:49:51.162+0000] {spark_submit.py:579} INFO - at org.apache.hadoop.fs.RawLocalFileSystem.getFileLinkStatusInternal(RawLocalFileSystem.java:1301)
[2026-04-03T07:49:51.162+0000] {spark_submit.py:579} INFO - at org.apache.hadoop.fs.RawLocalFileSystem.getFileStatus(RawLocalFileSystem.java:970)
[2026-04-03T07:49:51.163+0000] {spark_submit.py:579} INFO - at org.apache.hadoop.fs.FilterFileSystem.getFileStatus(FilterFileSystem.java:462)
[2026-04-03T07:49:51.163+0000] {spark_submit.py:579} INFO - at org.apache.spark.sql.execution.streaming.sinks.FileStreamSink$.hasMetadata(FileStreamSink.scala:58)
[2026-04-03T07:49:51.163+0000] {spark_submit.py:579} INFO - at org.apache.spark.sql.execution.datasources.DataSource.resolveRelation(DataSource.scala:384)
[2026-04-03T07:49:51.164+0000] {spark_submit.py:579} INFO - at org.apache.spark.sql.catalyst.analysis.ResolveDataSource.org$apache$spark$sql$catalyst$analysis$ResolveDataSource$$loadV1BatchSource(ResolveDataSource.scala:143)
[2026-04-03T07:49:51.164+0000] {spark_submit.py:579} INFO - at org.apache.spark.sql.catalyst.analysis.ResolveDataSource$$anonfun$apply$1.$anonfun$applyOrElse$2(ResolveDataSource.scala:61)
[2026-04-03T07:49:51.165+0000] {spark_submit.py:579} INFO - at scala.Option.getOrElse(Option.scala:201)
[2026-04-03T07:49:51.165+0000] {spark_submit.py:579} INFO - at org.apache.spark.sql.catalyst.analysis.ResolveDataSource$$anonfun$apply$1.applyOrElse(ResolveDataSource.scala:61)
[2026-04-03T07:49:51.165+0000] {spark_submit.py:579} INFO - at org.apache.spark.sql.catalyst.analysis.ResolveDataSource$$anonfun$apply$1.applyOrElse(ResolveDataSource.scala:45)
[2026-04-03T07:49:51.165+0000] {spark_submit.py:579} INFO - at org.apache.spark.sql.catalyst.plans.logical.AnalysisHelper.$anonfun$resolveOperatorsUpWithPruning$3(AnalysisHelper.scala:139)
[2026-04-03T07:49:51.166+0000] {spark_submit.py:579} INFO - at org.apache.spark.sql.catalyst.trees.CurrentOrigin$.withOrigin(origin.scala:107)
[2026-04-03T07:49:51.166+0000] {spark_submit.py:579} INFO - at org.apache.spark.sql.catalyst.plans.logical.AnalysisHelper.$anonfun$resolveOperatorsUpWithPruning$1(AnalysisHelper.scala:139)
[2026-04-03T07:49:51.166+0000] {spark_submit.py:579} INFO - at org.apache.spark.sql.catalyst.plans.logical.AnalysisHelper$.allowInvokingTransformsInAnalyzer(AnalysisHelper.scala:416)
[2026-04-03T07:49:51.166+0000] {spark_submit.py:579} INFO - at org.apache.spark.sql.catalyst.plans.logical.AnalysisHelper.resolveOperatorsUpWithPruning(AnalysisHelper.scala:135)
[2026-04-03T07:49:51.166+0000] {spark_submit.py:579} INFO - at org.apache.spark.sql.catalyst.plans.logical.AnalysisHelper.resolveOperatorsUpWithPruning$(AnalysisHelper.scala:131)
[2026-04-03T07:49:51.167+0000] {spark_submit.py:579} INFO - at org.apache.spark.sql.catalyst.plans.logical.LogicalPlan.resolveOperatorsUpWithPruning(LogicalPlan.scala:37)
[2026-04-03T07:49:51.167+0000] {spark_submit.py:579} INFO - at org.apache.spark.sql.catalyst.plans.logical.AnalysisHelper.resolveOperatorsUp(AnalysisHelper.scala:112)
[2026-04-03T07:49:51.167+0000] {spark_submit.py:579} INFO - at org.apache.spark.sql.catalyst.plans.logical.AnalysisHelper.resolveOperatorsUp$(AnalysisHelper.scala:111)
[2026-04-03T07:49:51.167+0000] {spark_submit.py:579} INFO - at org.apache.spark.sql.catalyst.plans.logical.LogicalPlan.resolveOperatorsUp(LogicalPlan.scala:37)
[2026-04-03T07:49:51.168+0000] {spark_submit.py:579} INFO - at org.apache.spark.sql.catalyst.analysis.ResolveDataSource.apply(ResolveDataSource.scala:45)
[2026-04-03T07:49:51.168+0000] {spark_submit.py:579} INFO - at org.apache.spark.sql.catalyst.analysis.ResolveDataSource.apply(ResolveDataSource.scala:43)
[2026-04-03T07:49:51.168+0000] {spark_submit.py:579} INFO - at org.apache.spark.sql.catalyst.rules.RuleExecutor.$anonfun$execute$2(RuleExecutor.scala:248)
[2026-04-03T07:49:51.168+0000] {spark_submit.py:579} INFO - at scala.collection.LinearSeqOps.foldLeft(LinearSeq.scala:183)
[2026-04-03T07:49:51.168+0000] {spark_submit.py:579} INFO - at scala.collection.LinearSeqOps.foldLeft$(LinearSeq.scala:179)
[2026-04-03T07:49:51.169+0000] {spark_submit.py:579} INFO - at scala.collection.immutable.List.foldLeft(List.scala:79)
[2026-04-03T07:49:51.169+0000] {spark_submit.py:579} INFO - at org.apache.spark.sql.catalyst.rules.RuleExecutor.$anonfun$execute$1(RuleExecutor.scala:245)
[2026-04-03T07:49:51.169+0000] {spark_submit.py:579} INFO - at org.apache.spark.sql.catalyst.rules.RuleExecutor.$anonfun$execute$1$adapted(RuleExecutor.scala:237)
[2026-04-03T07:49:51.169+0000] {spark_submit.py:579} INFO - at scala.collection.immutable.List.foreach(List.scala:323)
[2026-04-03T07:49:51.170+0000] {spark_submit.py:579} INFO - at org.apache.spark.sql.catalyst.rules.RuleExecutor.execute(RuleExecutor.scala:237)
[2026-04-03T07:49:51.170+0000] {spark_submit.py:579} INFO - at org.apache.spark.sql.catalyst.analysis.Analyzer.org$apache$spark$sql$catalyst$analysis$Analyzer$$executeSameContext(Analyzer.scala:343)
[2026-04-03T07:49:51.170+0000] {spark_submit.py:579} INFO - at org.apache.spark.sql.catalyst.analysis.Analyzer.$anonfun$execute$1(Analyzer.scala:339)
[2026-04-03T07:49:51.170+0000] {spark_submit.py:579} INFO - at org.apache.spark.sql.catalyst.analysis.AnalysisContext$.withNewAnalysisContext(Analyzer.scala:224)
[2026-04-03T07:49:51.170+0000] {spark_submit.py:579} INFO - at org.apache.spark.sql.catalyst.analysis.Analyzer.execute(Analyzer.scala:339)
[2026-04-03T07:49:51.171+0000] {spark_submit.py:579} INFO - at org.apache.spark.sql.catalyst.analysis.Analyzer.execute(Analyzer.scala:289)
[2026-04-03T07:49:51.171+0000] {spark_submit.py:579} INFO - at org.apache.spark.sql.catalyst.rules.RuleExecutor.$anonfun$executeAndTrack$1(RuleExecutor.scala:207)
[2026-04-03T07:49:51.171+0000] {spark_submit.py:579} INFO - at org.apache.spark.sql.catalyst.QueryPlanningTracker$.withTracker(QueryPlanningTracker.scala:89)
[2026-04-03T07:49:51.171+0000] {spark_submit.py:579} INFO - at org.apache.spark.sql.catalyst.rules.RuleExecutor.executeAndTrack(RuleExecutor.scala:207)
[2026-04-03T07:49:51.172+0000] {spark_submit.py:579} INFO - at org.apache.spark.sql.catalyst.analysis.resolver.HybridAnalyzer.resolveInFixedPoint(HybridAnalyzer.scala:236)
[2026-04-03T07:49:51.172+0000] {spark_submit.py:579} INFO - at org.apache.spark.sql.catalyst.analysis.resolver.HybridAnalyzer.$anonfun$apply$1(HybridAnalyzer.scala:91)
[2026-04-03T07:49:51.172+0000] {spark_submit.py:579} INFO - at org.apache.spark.sql.catalyst.analysis.resolver.HybridAnalyzer.withTrackedAnalyzerBridgeState(HybridAnalyzer.scala:122)
[2026-04-03T07:49:51.172+0000] {spark_submit.py:579} INFO - at org.apache.spark.sql.catalyst.analysis.resolver.HybridAnalyzer.apply(HybridAnalyzer.scala:84)
[2026-04-03T07:49:51.173+0000] {spark_submit.py:579} INFO - at org.apache.spark.sql.catalyst.analysis.Analyzer.$anonfun$executeAndCheck$1(Analyzer.scala:322)
[2026-04-03T07:49:51.173+0000] {spark_submit.py:579} INFO - at org.apache.spark.sql.catalyst.plans.logical.AnalysisHelper$.markInAnalyzer(AnalysisHelper.scala:423)
[2026-04-03T07:49:51.173+0000] {spark_submit.py:579} INFO - at org.apache.spark.sql.catalyst.analysis.Analyzer.executeAndCheck(Analyzer.scala:322)
[2026-04-03T07:49:51.173+0000] {spark_submit.py:579} INFO - at org.apache.spark.sql.execution.QueryExecution.$anonfun$lazyAnalyzed$2(QueryExecution.scala:139)
[2026-04-03T07:49:51.173+0000] {spark_submit.py:579} INFO - at org.apache.spark.sql.catalyst.QueryPlanningTracker.measurePhase(QueryPlanningTracker.scala:148)
[2026-04-03T07:49:51.174+0000] {spark_submit.py:579} INFO - at org.apache.spark.sql.execution.QueryExecution.$anonfun$executePhase$2(QueryExecution.scala:330)
[2026-04-03T07:49:51.174+0000] {spark_submit.py:579} INFO - at org.apache.spark.sql.execution.QueryExecution$.withInternalError(QueryExecution.scala:717)
[2026-04-03T07:49:51.174+0000] {spark_submit.py:579} INFO - at org.apache.spark.sql.execution.QueryExecution.$anonfun$executePhase$1(QueryExecution.scala:330)
[2026-04-03T07:49:51.174+0000] {spark_submit.py:579} INFO - at org.apache.spark.sql.SparkSession.withActive(SparkSession.scala:804)
[2026-04-03T07:49:51.175+0000] {spark_submit.py:579} INFO - at org.apache.spark.sql.execution.QueryExecution.executePhase(QueryExecution.scala:329)
[2026-04-03T07:49:51.175+0000] {spark_submit.py:579} INFO - at org.apache.spark.sql.execution.QueryExecution.$anonfun$lazyAnalyzed$1(QueryExecution.scala:139)
[2026-04-03T07:49:51.175+0000] {spark_submit.py:579} INFO - at scala.util.Try$.apply(Try.scala:217)
[2026-04-03T07:49:51.175+0000] {spark_submit.py:579} INFO - at org.apache.spark.util.Utils$.doTryWithCallerStacktrace(Utils.scala:1392)
[2026-04-03T07:49:51.176+0000] {spark_submit.py:579} INFO - at org.apache.spark.util.LazyTry.tryT$lzycompute(LazyTry.scala:46)
[2026-04-03T07:49:51.176+0000] {spark_submit.py:579} INFO - at org.apache.spark.util.LazyTry.tryT(LazyTry.scala:46)
[2026-04-03T07:49:51.176+0000] {spark_submit.py:579} INFO - at org.apache.spark.util.LazyTry.get(LazyTry.scala:58)
[2026-04-03T07:49:51.176+0000] {spark_submit.py:579} INFO - at org.apache.spark.sql.execution.QueryExecution.analyzed(QueryExecution.scala:150)
[2026-04-03T07:49:51.177+0000] {spark_submit.py:579} INFO - at org.apache.spark.sql.execution.QueryExecution.assertAnalyzed(QueryExecution.scala:90)
[2026-04-03T07:49:51.177+0000] {spark_submit.py:579} INFO - at org.apache.spark.sql.classic.Dataset$.$anonfun$ofRows$1(Dataset.scala:114)
[2026-04-03T07:49:51.177+0000] {spark_submit.py:579} INFO - at org.apache.spark.sql.SparkSession.withActive(SparkSession.scala:804)
[2026-04-03T07:49:51.177+0000] {spark_submit.py:579} INFO - at org.apache.spark.sql.classic.Dataset$.ofRows(Dataset.scala:112)
[2026-04-03T07:49:51.178+0000] {spark_submit.py:579} INFO - at org.apache.spark.sql.classic.DataFrameReader.load(DataFrameReader.scala:108)
[2026-04-03T07:49:51.178+0000] {spark_submit.py:579} INFO - at org.apache.spark.sql.classic.DataFrameReader.load(DataFrameReader.scala:57)
[2026-04-03T07:49:51.178+0000] {spark_submit.py:579} INFO - at org.apache.spark.sql.DataFrameReader.json(DataFrameReader.scala:296)
[2026-04-03T07:49:51.178+0000] {spark_submit.py:579} INFO - at org.apache.spark.sql.classic.DataFrameReader.json(DataFrameReader.scala:149)
[2026-04-03T07:49:51.178+0000] {spark_submit.py:579} INFO - at java.base/jdk.internal.reflect.NativeMethodAccessorImpl.invoke0(Native Method)
[2026-04-03T07:49:51.179+0000] {spark_submit.py:579} INFO - at java.base/jdk.internal.reflect.NativeMethodAccessorImpl.invoke(NativeMethodAccessorImpl.java:77)
[2026-04-03T07:49:51.179+0000] {spark_submit.py:579} INFO - at java.base/jdk.internal.reflect.DelegatingMethodAccessorImpl.invoke(DelegatingMethodAccessorImpl.java:43)
[2026-04-03T07:49:51.179+0000] {spark_submit.py:579} INFO - at java.base/java.lang.reflect.Method.invoke(Method.java:569)
[2026-04-03T07:49:51.179+0000] {spark_submit.py:579} INFO - at py4j.reflection.MethodInvoker.invoke(MethodInvoker.java:244)
[2026-04-03T07:49:51.180+0000] {spark_submit.py:579} INFO - at py4j.reflection.ReflectionEngine.invoke(ReflectionEngine.java:374)
[2026-04-03T07:49:51.180+0000] {spark_submit.py:579} INFO - at py4j.Gateway.invoke(Gateway.java:282)
[2026-04-03T07:49:51.180+0000] {spark_submit.py:579} INFO - at py4j.commands.AbstractCommand.invokeMethod(AbstractCommand.java:132)
[2026-04-03T07:49:51.181+0000] {spark_submit.py:579} INFO - at py4j.commands.CallCommand.execute(CallCommand.java:79)
[2026-04-03T07:49:51.181+0000] {spark_submit.py:579} INFO - at py4j.ClientServerConnection.waitForCommands(ClientServerConnection.java:184)
[2026-04-03T07:49:51.181+0000] {spark_submit.py:579} INFO - at py4j.ClientServerConnection.run(ClientServerConnection.java:108)
[2026-04-03T07:49:51.182+0000] {spark_submit.py:579} INFO - at java.base/java.lang.Thread.run(Thread.java:840)
[2026-04-03T07:49:51.302+0000] {spark_submit.py:579} INFO - 26/04/03 07:49:51 INFO HadoopFSUtils: Listing leaf files and directories in parallel under50 paths. The first several paths are: file:/data/raw/sensors/log_00562d.json, file:/data/raw/sensors/log_0170c3.json, file:/data/raw/sensors/log_028779.json, file:/data/raw/sensors/log_0394c3.json, file:/data/raw/sensors/log_16ba56.json, file:/data/raw/sensors/log_1f5f24.json, file:/data/raw/sensors/log_213236.json, file:/data/raw/sensors/log_25cef9.json, file:/data/raw/sensors/log_2b3ddf.json, file:/data/raw/sensors/log_32bc05.json.
[2026-04-03T07:49:51.638+0000] {spark_submit.py:579} INFO - 26/04/03 07:49:51 INFO SparkContext: Starting job: json at NativeMethodAccessorImpl.java:0
[2026-04-03T07:49:51.675+0000] {spark_submit.py:579} INFO - 26/04/03 07:49:51 INFO DAGScheduler: Got job 0 (json at NativeMethodAccessorImpl.java:0) with 50 output partitions
[2026-04-03T07:49:51.676+0000] {spark_submit.py:579} INFO - 26/04/03 07:49:51 INFO DAGScheduler: Final stage: ResultStage 0 (json at NativeMethodAccessorImpl.java:0)
[2026-04-03T07:49:51.677+0000] {spark_submit.py:579} INFO - 26/04/03 07:49:51 INFO DAGScheduler: Parents of final stage: List()
[2026-04-03T07:49:51.684+0000] {spark_submit.py:579} INFO - 26/04/03 07:49:51 INFO DAGScheduler: Missing parents: List()
[2026-04-03T07:49:51.688+0000] {spark_submit.py:579} INFO - 26/04/03 07:49:51 INFO DAGScheduler: Missing parents found for ResultStage 0: List()
[2026-04-03T07:49:51.691+0000] {spark_submit.py:579} INFO - 26/04/03 07:49:51 INFO DAGScheduler: Submitting ResultStage 0 (MapPartitionsRDD[1] at json at NativeMethodAccessorImpl.java:0), which has no missing parents
[2026-04-03T07:49:51.766+0000] {spark_submit.py:579} INFO - 26/04/03 07:49:51 INFO MemoryStore: MemoryStore started with capacity 434.4 MiB
[2026-04-03T07:49:51.807+0000] {spark_submit.py:579} INFO - 26/04/03 07:49:51 INFO MemoryStore: Block broadcast_0 stored as values in memory (estimated size 114.9 KiB, free 434.3 MiB)
[2026-04-03T07:49:51.872+0000] {spark_submit.py:579} INFO - 26/04/03 07:49:51 INFO MemoryStore: Block broadcast_0_piece0 stored as bytes in memory (estimated size 41.3 KiB, free 434.2 MiB)
[2026-04-03T07:49:51.892+0000] {spark_submit.py:579} INFO - 26/04/03 07:49:51 INFO SparkContext: Created broadcast 0 from broadcast at DAGScheduler.scala:1686
[2026-04-03T07:49:51.944+0000] {spark_submit.py:579} INFO - 26/04/03 07:49:51 INFO DAGScheduler: Submitting 50 missing tasks from ResultStage 0 (MapPartitionsRDD[1] at json at NativeMethodAccessorImpl.java:0) (first 15 tasks are for partitions Vector(0, 1, 2, 3, 4, 5, 6, 7, 8, 9, 10, 11, 12, 13, 14))
[2026-04-03T07:49:51.951+0000] {spark_submit.py:579} INFO - 26/04/03 07:49:51 INFO TaskSchedulerImpl: Adding task set 0.0 with 50 tasks resource profile 0
[2026-04-03T07:50:06.981+0000] {spark_submit.py:579} INFO - 26/04/03 07:50:06 WARN TaskSchedulerImpl: Initial job has not accepted any resources; check your cluster UI to ensure that workers are registered and have sufficient resources
[2026-04-03T07:50:21.980+0000] {spark_submit.py:579} INFO - 26/04/03 07:50:21 WARN TaskSchedulerImpl: Initial job has not accepted any resources; check your cluster UI to ensure that workers are registered and have sufficient resources
[2026-04-03T07:50:36.980+0000] {spark_submit.py:579} INFO - 26/04/03 07:50:36 WARN TaskSchedulerImpl: Initial job has not accepted any resources; check your cluster UI to ensure that workers are registered and have sufficient resources
[2026-04-03T07:50:51.980+0000] {spark_submit.py:579} INFO - 26/04/03 07:50:51 WARN TaskSchedulerImpl: Initial job has not accepted any resources; check your cluster UI to ensure that workers are registered and have sufficient resources
[2026-04-03T07:51:06.980+0000] {spark_submit.py:579} INFO - 26/04/03 07:51:06 WARN TaskSchedulerImpl: Initial job has not accepted any resources; check your cluster UI to ensure that workers are registered and have sufficient resources
[2026-04-03T07:51:21.980+0000] {spark_submit.py:579} INFO - 26/04/03 07:51:21 WARN TaskSchedulerImpl: Initial job has not accepted any resources; check your cluster UI to ensure that workers are registered and have sufficient resources
[2026-04-03T07:51:36.980+0000] {spark_submit.py:579} INFO - 26/04/03 07:51:36 WARN TaskSchedulerImpl: Initial job has not accepted any resources; check your cluster UI to ensure that workers are registered and have sufficient resources
[2026-04-03T07:51:51.980+0000] {spark_submit.py:579} INFO - 26/04/03 07:51:51 WARN TaskSchedulerImpl: Initial job has not accepted any resources; check your cluster UI to ensure that workers are registered and have sufficient resources
[2026-04-03T07:52:06.980+0000] {spark_submit.py:579} INFO - 26/04/03 07:52:06 WARN TaskSchedulerImpl: Initial job has not accepted any resources; check your cluster UI to ensure that workers are registered and have sufficient resources
[2026-04-03T07:52:21.980+0000] {spark_submit.py:579} INFO - 26/04/03 07:52:21 WARN TaskSchedulerImpl: Initial job has not accepted any resources; check your cluster UI to ensure that workers are registered and have sufficient resources
[2026-04-03T07:52:36.980+0000] {spark_submit.py:579} INFO - 26/04/03 07:52:36 WARN TaskSchedulerImpl: Initial job has not accepted any resources; check your cluster UI to ensure that workers are registered and have sufficient resources
[2026-04-03T07:52:51.980+0000] {spark_submit.py:579} INFO - 26/04/03 07:52:51 WARN TaskSchedulerImpl: Initial job has not accepted any resources; check your cluster UI to ensure that workers are registered and have sufficient resources
[2026-04-03T07:53:06.980+0000] {spark_submit.py:579} INFO - 26/04/03 07:53:06 WARN TaskSchedulerImpl: Initial job has not accepted any resources; check your cluster UI to ensure that workers are registered and have sufficient resources
[2026-04-03T07:53:21.980+0000] {spark_submit.py:579} INFO - 26/04/03 07:53:21 WARN TaskSchedulerImpl: Initial job has not accepted any resources; check your cluster UI to ensure that workers are registered and have sufficient resources
[2026-04-03T07:53:36.980+0000] {spark_submit.py:579} INFO - 26/04/03 07:53:36 WARN TaskSchedulerImpl: Initial job has not accepted any resources; check your cluster UI to ensure that workers are registered and have sufficient resources
[2026-04-03T07:53:51.980+0000] {spark_submit.py:579} INFO - 26/04/03 07:53:51 WARN TaskSchedulerImpl: Initial job has not accepted any resources; check your cluster UI to ensure that workers are registered and have sufficient resources
[2026-04-03T07:54:06.980+0000] {spark_submit.py:579} INFO - 26/04/03 07:54:06 WARN TaskSchedulerImpl: Initial job has not accepted any resources; check your cluster UI to ensure that workers are registered and have sufficient resources
[2026-04-03T07:54:21.980+0000] {spark_submit.py:579} INFO - 26/04/03 07:54:21 WARN TaskSchedulerImpl: Initial job has not accepted any resources; check your cluster UI to ensure that workers are registered and have sufficient resources
[2026-04-03T07:54:36.980+0000] {spark_submit.py:579} INFO - 26/04/03 07:54:36 WARN TaskSchedulerImpl: Initial job has not accepted any resources; check your cluster UI to ensure that workers are registered and have sufficient resources
[2026-04-03T07:54:51.980+0000] {spark_submit.py:579} INFO - 26/04/03 07:54:51 WARN TaskSchedulerImpl: Initial job has not accepted any resources; check your cluster UI to ensure that workers are registered and have sufficient resources
[2026-04-03T07:55:06.980+0000] {spark_submit.py:579} INFO - 26/04/03 07:55:06 WARN TaskSchedulerImpl: Initial job has not accepted any resources; check your cluster UI to ensure that workers are registered and have sufficient resources
[2026-04-03T07:55:21.980+0000] {spark_submit.py:579} INFO - 26/04/03 07:55:21 WARN TaskSchedulerImpl: Initial job has not accepted any resources; check your cluster UI to ensure that workers are registered and have sufficient resources
[2026-04-03T07:55:36.980+0000] {spark_submit.py:579} INFO - 26/04/03 07:55:36 WARN TaskSchedulerImpl: Initial job has not accepted any resources; check your cluster UI to ensure that workers are registered and have sufficient resources
[2026-04-03T07:55:51.980+0000] {spark_submit.py:579} INFO - 26/04/03 07:55:51 WARN TaskSchedulerImpl: Initial job has not accepted any resources; check your cluster UI to ensure that workers are registered and have sufficient resources
[2026-04-03T07:56:06.981+0000] {spark_submit.py:579} INFO - 26/04/03 07:56:06 WARN TaskSchedulerImpl: Initial job has not accepted any resources; check your cluster UI to ensure that workers are registered and have sufficient resources
[2026-04-03T07:56:21.980+0000] {spark_submit.py:579} INFO - 26/04/03 07:56:21 WARN TaskSchedulerImpl: Initial job has not accepted any resources; check your cluster UI to ensure that workers are registered and have sufficient resources
[2026-04-03T07:56:36.980+0000] {spark_submit.py:579} INFO - 26/04/03 07:56:36 WARN TaskSchedulerImpl: Initial job has not accepted any resources; check your cluster UI to ensure that workers are registered and have sufficient resources
[2026-04-03T07:56:38.731+0000] {spark_submit.py:579} INFO - 26/04/03 07:56:38 ERROR StandaloneSchedulerBackend: Application has been killed. Reason: Master removed our application: KILLED
[2026-04-03T07:56:38.736+0000] {spark_submit.py:579} INFO - 26/04/03 07:56:38 INFO TaskSchedulerImpl: Removed TaskSet 0.0 whose tasks have all completed, from pool
[2026-04-03T07:56:38.740+0000] {spark_submit.py:579} INFO - 26/04/03 07:56:38 INFO SparkContext: SparkContext is stopping with exitCode 0 from run at <unknown>:0.
[2026-04-03T07:56:38.764+0000] {spark_submit.py:579} INFO - 26/04/03 07:56:38 INFO TaskSchedulerImpl: Canceling stage 0
[2026-04-03T07:56:38.765+0000] {spark_submit.py:579} INFO - 26/04/03 07:56:38 INFO SparkUI: Stopped Spark web UI at http://***_scheduler:4041
[2026-04-03T07:56:38.765+0000] {spark_submit.py:579} INFO - 26/04/03 07:56:38 INFO TaskSchedulerImpl: Killing all running tasks in stage 0: Job aborted due to stage failure: Master removed our application: KILLED
[2026-04-03T07:56:38.767+0000] {spark_submit.py:579} INFO - 26/04/03 07:56:38 INFO DAGScheduler: ResultStage 0 (json at NativeMethodAccessorImpl.java:0) failed in 407049 ms due to Job aborted due to stage failure: Master removed our application: KILLED
[2026-04-03T07:56:38.774+0000] {spark_submit.py:579} INFO - 26/04/03 07:56:38 INFO DAGScheduler: Job 0 failed: json at NativeMethodAccessorImpl.java:0, took 407135.062089 ms
[2026-04-03T07:56:38.777+0000] {spark_submit.py:579} INFO - 26/04/03 07:56:38 INFO StandaloneSchedulerBackend: Shutting down all executors
[2026-04-03T07:56:38.791+0000] {spark_submit.py:579} INFO - 26/04/03 07:56:38 INFO StandaloneSchedulerBackend$StandaloneDriverEndpoint: Asking each executor to shut down
[2026-04-03T07:56:38.803+0000] {spark_submit.py:579} INFO - 26/04/03 07:56:38 ERROR Utils: Uncaught exception in thread stop-spark-context
[2026-04-03T07:56:38.804+0000] {spark_submit.py:579} INFO - org.apache.spark.SparkException: Exception thrown in awaitResult:
[2026-04-03T07:56:38.804+0000] {spark_submit.py:579} INFO - at org.apache.spark.util.SparkThreadUtils$.awaitResult(SparkThreadUtils.scala:53)
[2026-04-03T07:56:38.805+0000] {spark_submit.py:579} INFO - at org.apache.spark.util.ThreadUtils$.awaitResult(ThreadUtils.scala:359)
[2026-04-03T07:56:38.806+0000] {spark_submit.py:579} INFO - at org.apache.spark.rpc.RpcTimeout.awaitResult(RpcTimeout.scala:75)
[2026-04-03T07:56:38.806+0000] {spark_submit.py:579} INFO - at org.apache.spark.deploy.client.StandaloneAppClient.stop(StandaloneAppClient.scala:298)
[2026-04-03T07:56:38.807+0000] {spark_submit.py:579} INFO - at org.apache.spark.scheduler.cluster.StandaloneSchedulerBackend.org$apache$spark$scheduler$cluster$StandaloneSchedulerBackend$$stop(StandaloneSchedulerBackend.scala:285)
[2026-04-03T07:56:38.807+0000] {spark_submit.py:579} INFO - at org.apache.spark.scheduler.cluster.StandaloneSchedulerBackend.stop(StandaloneSchedulerBackend.scala:143)
[2026-04-03T07:56:38.808+0000] {spark_submit.py:579} INFO - at org.apache.spark.scheduler.SchedulerBackend.stop(SchedulerBackend.scala:34)
[2026-04-03T07:56:38.808+0000] {spark_submit.py:579} INFO - at org.apache.spark.scheduler.SchedulerBackend.stop$(SchedulerBackend.scala:34)
[2026-04-03T07:56:38.809+0000] {spark_submit.py:579} INFO - at org.apache.spark.scheduler.cluster.CoarseGrainedSchedulerBackend.stop(CoarseGrainedSchedulerBackend.scala:58)
[2026-04-03T07:56:38.809+0000] {spark_submit.py:579} INFO - at org.apache.spark.scheduler.TaskSchedulerImpl.$anonfun$stop$2(TaskSchedulerImpl.scala:933)
[2026-04-03T07:56:38.810+0000] {spark_submit.py:579} INFO - at org.apache.spark.util.Utils$.tryLogNonFatalError(Utils.scala:1314)
[2026-04-03T07:56:38.811+0000] {spark_submit.py:579} INFO - at org.apache.spark.scheduler.TaskSchedulerImpl.stop(TaskSchedulerImpl.scala:933)
[2026-04-03T07:56:38.811+0000] {spark_submit.py:579} INFO - at org.apache.spark.scheduler.DAGScheduler.$anonfun$stop$4(DAGScheduler.scala:3310)
[2026-04-03T07:56:38.812+0000] {spark_submit.py:579} INFO - at org.apache.spark.util.Utils$.tryLogNonFatalError(Utils.scala:1314)
[2026-04-03T07:56:38.812+0000] {spark_submit.py:579} INFO - at org.apache.spark.scheduler.DAGScheduler.stop(DAGScheduler.scala:3310)
[2026-04-03T07:56:38.813+0000] {spark_submit.py:579} INFO - at org.apache.spark.SparkContext.$anonfun$stop$12(SparkContext.scala:2357)
[2026-04-03T07:56:38.814+0000] {spark_submit.py:579} INFO - at org.apache.spark.util.Utils$.tryLogNonFatalError(Utils.scala:1314)
[2026-04-03T07:56:38.814+0000] {spark_submit.py:579} INFO - at org.apache.spark.SparkContext.stop(SparkContext.scala:2357)
[2026-04-03T07:56:38.815+0000] {spark_submit.py:579} INFO - at org.apache.spark.SparkContext.stop(SparkContext.scala:2308)
[2026-04-03T07:56:38.816+0000] {spark_submit.py:579} INFO - at org.apache.spark.SparkContext$$anon$3.run(SparkContext.scala:2295)
[2026-04-03T07:56:38.816+0000] {spark_submit.py:579} INFO - Caused by: org.apache.spark.SparkException: Could not find AppClient.
[2026-04-03T07:56:38.816+0000] {spark_submit.py:579} INFO - at org.apache.spark.rpc.netty.Dispatcher.postMessage(Dispatcher.scala:181)
[2026-04-03T07:56:38.817+0000] {spark_submit.py:579} INFO - at org.apache.spark.rpc.netty.Dispatcher.postLocalMessage(Dispatcher.scala:146)
[2026-04-03T07:56:38.817+0000] {spark_submit.py:579} INFO - at org.apache.spark.rpc.netty.NettyRpcEnv.askAbortable(NettyRpcEnv.scala:245)
[2026-04-03T07:56:38.818+0000] {spark_submit.py:579} INFO - at org.apache.spark.rpc.netty.NettyRpcEndpointRef.askAbortable(NettyRpcEnv.scala:561)
[2026-04-03T07:56:38.818+0000] {spark_submit.py:579} INFO - at org.apache.spark.rpc.netty.NettyRpcEndpointRef.ask(NettyRpcEnv.scala:565)
[2026-04-03T07:56:38.818+0000] {spark_submit.py:579} INFO - at org.apache.spark.rpc.RpcEndpointRef.ask(RpcEndpointRef.scala:72)
[2026-04-03T07:56:38.819+0000] {spark_submit.py:579} INFO - ... 17 more
[2026-04-03T07:56:38.829+0000] {spark_submit.py:579} INFO - 26/04/03 07:56:38 INFO MapOutputTrackerMasterEndpoint: MapOutputTrackerMasterEndpoint stopped!
[2026-04-03T07:56:38.873+0000] {spark_submit.py:579} INFO - 26/04/03 07:56:38 INFO MemoryStore: MemoryStore cleared
[2026-04-03T07:56:38.874+0000] {spark_submit.py:579} INFO - 26/04/03 07:56:38 INFO BlockManager: BlockManager stopped
[2026-04-03T07:56:38.915+0000] {spark_submit.py:579} INFO - 26/04/03 07:56:38 INFO BlockManagerMaster: BlockManagerMaster stopped
[2026-04-03T07:56:38.922+0000] {spark_submit.py:579} INFO - 26/04/03 07:56:38 INFO OutputCommitCoordinator$OutputCommitCoordinatorEndpoint: OutputCommitCoordinator stopped!
[2026-04-03T07:56:38.947+0000] {spark_submit.py:579} INFO - 26/04/03 07:56:38 INFO SparkContext: Successfully stopped SparkContext (Uptime: 417560 ms)
[2026-04-03T07:56:38.981+0000] {spark_submit.py:579} INFO - Error detectado: An error occurred while calling o35.json.
[2026-04-03T07:56:38.982+0000] {spark_submit.py:579} INFO - : org.apache.spark.SparkException: Job aborted due to stage failure: Master removed our application: KILLED
[2026-04-03T07:56:38.982+0000] {spark_submit.py:579} INFO - at org.apache.spark.scheduler.DAGScheduler.$anonfun$abortStage$3(DAGScheduler.scala:3122)
[2026-04-03T07:56:38.983+0000] {spark_submit.py:579} INFO - at scala.Option.getOrElse(Option.scala:201)
[2026-04-03T07:56:38.983+0000] {spark_submit.py:579} INFO - at org.apache.spark.scheduler.DAGScheduler.$anonfun$abortStage$2(DAGScheduler.scala:3122)
[2026-04-03T07:56:38.983+0000] {spark_submit.py:579} INFO - at org.apache.spark.scheduler.DAGScheduler.$anonfun$abortStage$2$adapted(DAGScheduler.scala:3114)
[2026-04-03T07:56:38.983+0000] {spark_submit.py:579} INFO - at scala.collection.immutable.List.foreach(List.scala:323)
[2026-04-03T07:56:38.983+0000] {spark_submit.py:579} INFO - at org.apache.spark.scheduler.DAGScheduler.abortStage(DAGScheduler.scala:3114)
[2026-04-03T07:56:38.984+0000] {spark_submit.py:579} INFO - at org.apache.spark.scheduler.DAGScheduler.$anonfun$handleTaskSetFailed$1(DAGScheduler.scala:1303)
[2026-04-03T07:56:38.984+0000] {spark_submit.py:579} INFO - at org.apache.spark.scheduler.DAGScheduler.$anonfun$handleTaskSetFailed$1$adapted(DAGScheduler.scala:1303)
[2026-04-03T07:56:38.984+0000] {spark_submit.py:579} INFO - at scala.Option.foreach(Option.scala:437)
[2026-04-03T07:56:38.984+0000] {spark_submit.py:579} INFO - at org.apache.spark.scheduler.DAGScheduler.handleTaskSetFailed(DAGScheduler.scala:1303)
[2026-04-03T07:56:38.985+0000] {spark_submit.py:579} INFO - at org.apache.spark.scheduler.DAGSchedulerEventProcessLoop.doOnReceive(DAGScheduler.scala:3397)
[2026-04-03T07:56:38.985+0000] {spark_submit.py:579} INFO - at org.apache.spark.scheduler.DAGSchedulerEventProcessLoop.onReceive(DAGScheduler.scala:3328)
[2026-04-03T07:56:38.985+0000] {spark_submit.py:579} INFO - at org.apache.spark.scheduler.DAGSchedulerEventProcessLoop.onReceive(DAGScheduler.scala:3317)
[2026-04-03T07:56:38.985+0000] {spark_submit.py:579} INFO - at org.apache.spark.util.EventLoop$$anon$1.run(EventLoop.scala:50)
[2026-04-03T07:56:38.986+0000] {spark_submit.py:579} INFO - at org.apache.spark.scheduler.DAGScheduler.runJob(DAGScheduler.scala:1017)
[2026-04-03T07:56:38.986+0000] {spark_submit.py:579} INFO - at org.apache.spark.SparkContext.runJob(SparkContext.scala:2496)
[2026-04-03T07:56:38.986+0000] {spark_submit.py:579} INFO - at org.apache.spark.SparkContext.runJob(SparkContext.scala:2517)
[2026-04-03T07:56:38.986+0000] {spark_submit.py:579} INFO - at org.apache.spark.SparkContext.runJob(SparkContext.scala:2536)
[2026-04-03T07:56:38.987+0000] {spark_submit.py:579} INFO - at org.apache.spark.SparkContext.runJob(SparkContext.scala:2561)
[2026-04-03T07:56:38.987+0000] {spark_submit.py:579} INFO - at org.apache.spark.rdd.RDD.$anonfun$collect$1(RDD.scala:1057)
[2026-04-03T07:56:38.987+0000] {spark_submit.py:579} INFO - at org.apache.spark.rdd.RDDOperationScope$.withScope(RDDOperationScope.scala:151)
[2026-04-03T07:56:38.987+0000] {spark_submit.py:579} INFO - at org.apache.spark.rdd.RDDOperationScope$.withScope(RDDOperationScope.scala:112)
[2026-04-03T07:56:38.988+0000] {spark_submit.py:579} INFO - at org.apache.spark.rdd.RDD.withScope(RDD.scala:417)
[2026-04-03T07:56:38.988+0000] {spark_submit.py:579} INFO - at org.apache.spark.rdd.RDD.collect(RDD.scala:1056)
[2026-04-03T07:56:38.988+0000] {spark_submit.py:579} INFO - at org.apache.spark.util.HadoopFSUtils$.parallelListLeafFilesInternal(HadoopFSUtils.scala:160)
[2026-04-03T07:56:38.988+0000] {spark_submit.py:579} INFO - at org.apache.spark.util.HadoopFSUtils$.parallelListLeafFiles(HadoopFSUtils.scala:72)
[2026-04-03T07:56:38.988+0000] {spark_submit.py:579} INFO - at org.apache.spark.sql.execution.datasources.InMemoryFileIndex$.bulkListLeafFiles(InMemoryFileIndex.scala:179)
[2026-04-03T07:56:38.989+0000] {spark_submit.py:579} INFO - at org.apache.spark.sql.execution.datasources.InMemoryFileIndex.listLeafFiles(InMemoryFileIndex.scala:135)
[2026-04-03T07:56:38.989+0000] {spark_submit.py:579} INFO - at org.apache.spark.sql.execution.datasources.InMemoryFileIndex.refresh0(InMemoryFileIndex.scala:98)
[2026-04-03T07:56:38.989+0000] {spark_submit.py:579} INFO - at org.apache.spark.sql.execution.datasources.InMemoryFileIndex.<init>(InMemoryFileIndex.scala:70)
[2026-04-03T07:56:38.990+0000] {spark_submit.py:579} INFO - at org.apache.spark.sql.execution.datasources.DataSource.createInMemoryFileIndex(DataSource.scala:568)
[2026-04-03T07:56:38.990+0000] {spark_submit.py:579} INFO - at org.apache.spark.sql.execution.datasources.DataSource.resolveRelation(DataSource.scala:423)
[2026-04-03T07:56:38.990+0000] {spark_submit.py:579} INFO - at org.apache.spark.sql.catalyst.analysis.ResolveDataSource.org$apache$spark$sql$catalyst$analysis$ResolveDataSource$$loadV1BatchSource(ResolveDataSource.scala:143)
[2026-04-03T07:56:38.991+0000] {spark_submit.py:579} INFO - at org.apache.spark.sql.catalyst.analysis.ResolveDataSource$$anonfun$apply$1.$anonfun$applyOrElse$2(ResolveDataSource.scala:61)
[2026-04-03T07:56:38.991+0000] {spark_submit.py:579} INFO - at scala.Option.getOrElse(Option.scala:201)
[2026-04-03T07:56:38.992+0000] {spark_submit.py:579} INFO - at org.apache.spark.sql.catalyst.analysis.ResolveDataSource$$anonfun$apply$1.applyOrElse(ResolveDataSource.scala:61)
[2026-04-03T07:56:38.992+0000] {spark_submit.py:579} INFO - at org.apache.spark.sql.catalyst.analysis.ResolveDataSource$$anonfun$apply$1.applyOrElse(ResolveDataSource.scala:45)
[2026-04-03T07:56:38.992+0000] {spark_submit.py:579} INFO - at org.apache.spark.sql.catalyst.plans.logical.AnalysisHelper.$anonfun$resolveOperatorsUpWithPruning$3(AnalysisHelper.scala:139)
[2026-04-03T07:56:38.993+0000] {spark_submit.py:579} INFO - at org.apache.spark.sql.catalyst.trees.CurrentOrigin$.withOrigin(origin.scala:107)
[2026-04-03T07:56:38.993+0000] {spark_submit.py:579} INFO - at org.apache.spark.sql.catalyst.plans.logical.AnalysisHelper.$anonfun$resolveOperatorsUpWithPruning$1(AnalysisHelper.scala:139)
[2026-04-03T07:56:38.993+0000] {spark_submit.py:579} INFO - at org.apache.spark.sql.catalyst.plans.logical.AnalysisHelper$.allowInvokingTransformsInAnalyzer(AnalysisHelper.scala:416)
[2026-04-03T07:56:38.993+0000] {spark_submit.py:579} INFO - at org.apache.spark.sql.catalyst.plans.logical.AnalysisHelper.resolveOperatorsUpWithPruning(AnalysisHelper.scala:135)
[2026-04-03T07:56:38.994+0000] {spark_submit.py:579} INFO - at org.apache.spark.sql.catalyst.plans.logical.AnalysisHelper.resolveOperatorsUpWithPruning$(AnalysisHelper.scala:131)
[2026-04-03T07:56:38.994+0000] {spark_submit.py:579} INFO - at org.apache.spark.sql.catalyst.plans.logical.LogicalPlan.resolveOperatorsUpWithPruning(LogicalPlan.scala:37)
[2026-04-03T07:56:38.994+0000] {spark_submit.py:579} INFO - at org.apache.spark.sql.catalyst.plans.logical.AnalysisHelper.resolveOperatorsUp(AnalysisHelper.scala:112)
[2026-04-03T07:56:38.994+0000] {spark_submit.py:579} INFO - at org.apache.spark.sql.catalyst.plans.logical.AnalysisHelper.resolveOperatorsUp$(AnalysisHelper.scala:111)
[2026-04-03T07:56:38.995+0000] {spark_submit.py:579} INFO - at org.apache.spark.sql.catalyst.plans.logical.LogicalPlan.resolveOperatorsUp(LogicalPlan.scala:37)
[2026-04-03T07:56:38.995+0000] {spark_submit.py:579} INFO - at org.apache.spark.sql.catalyst.analysis.ResolveDataSource.apply(ResolveDataSource.scala:45)
[2026-04-03T07:56:38.995+0000] {spark_submit.py:579} INFO - at org.apache.spark.sql.catalyst.analysis.ResolveDataSource.apply(ResolveDataSource.scala:43)
[2026-04-03T07:56:38.996+0000] {spark_submit.py:579} INFO - at org.apache.spark.sql.catalyst.rules.RuleExecutor.$anonfun$execute$2(RuleExecutor.scala:248)
[2026-04-03T07:56:38.996+0000] {spark_submit.py:579} INFO - at scala.collection.LinearSeqOps.foldLeft(LinearSeq.scala:183)
[2026-04-03T07:56:38.996+0000] {spark_submit.py:579} INFO - at scala.collection.LinearSeqOps.foldLeft$(LinearSeq.scala:179)
[2026-04-03T07:56:38.997+0000] {spark_submit.py:579} INFO - at scala.collection.immutable.List.foldLeft(List.scala:79)
[2026-04-03T07:56:38.997+0000] {spark_submit.py:579} INFO - at org.apache.spark.sql.catalyst.rules.RuleExecutor.$anonfun$execute$1(RuleExecutor.scala:245)
[2026-04-03T07:56:38.997+0000] {spark_submit.py:579} INFO - at org.apache.spark.sql.catalyst.rules.RuleExecutor.$anonfun$execute$1$adapted(RuleExecutor.scala:237)
[2026-04-03T07:56:38.997+0000] {spark_submit.py:579} INFO - at scala.collection.immutable.List.foreach(List.scala:323)
[2026-04-03T07:56:38.998+0000] {spark_submit.py:579} INFO - at org.apache.spark.sql.catalyst.rules.RuleExecutor.execute(RuleExecutor.scala:237)
[2026-04-03T07:56:38.998+0000] {spark_submit.py:579} INFO - at org.apache.spark.sql.catalyst.analysis.Analyzer.org$apache$spark$sql$catalyst$analysis$Analyzer$$executeSameContext(Analyzer.scala:343)
[2026-04-03T07:56:38.998+0000] {spark_submit.py:579} INFO - at org.apache.spark.sql.catalyst.analysis.Analyzer.$anonfun$execute$1(Analyzer.scala:339)
[2026-04-03T07:56:38.998+0000] {spark_submit.py:579} INFO - at org.apache.spark.sql.catalyst.analysis.AnalysisContext$.withNewAnalysisContext(Analyzer.scala:224)
[2026-04-03T07:56:38.999+0000] {spark_submit.py:579} INFO - at org.apache.spark.sql.catalyst.analysis.Analyzer.execute(Analyzer.scala:339)
[2026-04-03T07:56:38.999+0000] {spark_submit.py:579} INFO - at org.apache.spark.sql.catalyst.analysis.Analyzer.execute(Analyzer.scala:289)
[2026-04-03T07:56:38.999+0000] {spark_submit.py:579} INFO - at org.apache.spark.sql.catalyst.rules.RuleExecutor.$anonfun$executeAndTrack$1(RuleExecutor.scala:207)
[2026-04-03T07:56:38.999+0000] {spark_submit.py:579} INFO - at org.apache.spark.sql.catalyst.QueryPlanningTracker$.withTracker(QueryPlanningTracker.scala:89)
[2026-04-03T07:56:38.999+0000] {spark_submit.py:579} INFO - at org.apache.spark.sql.catalyst.rules.RuleExecutor.executeAndTrack(RuleExecutor.scala:207)
[2026-04-03T07:56:39.000+0000] {spark_submit.py:579} INFO - at org.apache.spark.sql.catalyst.analysis.resolver.HybridAnalyzer.resolveInFixedPoint(HybridAnalyzer.scala:236)
[2026-04-03T07:56:39.000+0000] {spark_submit.py:579} INFO - at org.apache.spark.sql.catalyst.analysis.resolver.HybridAnalyzer.$anonfun$apply$1(HybridAnalyzer.scala:91)
[2026-04-03T07:56:39.000+0000] {spark_submit.py:579} INFO - at org.apache.spark.sql.catalyst.analysis.resolver.HybridAnalyzer.withTrackedAnalyzerBridgeState(HybridAnalyzer.scala:122)
[2026-04-03T07:56:39.000+0000] {spark_submit.py:579} INFO - at org.apache.spark.sql.catalyst.analysis.resolver.HybridAnalyzer.apply(HybridAnalyzer.scala:84)
[2026-04-03T07:56:39.001+0000] {spark_submit.py:579} INFO - at org.apache.spark.sql.catalyst.analysis.Analyzer.$anonfun$executeAndCheck$1(Analyzer.scala:322)
[2026-04-03T07:56:39.001+0000] {spark_submit.py:579} INFO - at org.apache.spark.sql.catalyst.plans.logical.AnalysisHelper$.markInAnalyzer(AnalysisHelper.scala:423)
[2026-04-03T07:56:39.001+0000] {spark_submit.py:579} INFO - at org.apache.spark.sql.catalyst.analysis.Analyzer.executeAndCheck(Analyzer.scala:322)
[2026-04-03T07:56:39.001+0000] {spark_submit.py:579} INFO - at org.apache.spark.sql.execution.QueryExecution.$anonfun$lazyAnalyzed$2(QueryExecution.scala:139)
[2026-04-03T07:56:39.001+0000] {spark_submit.py:579} INFO - at org.apache.spark.sql.catalyst.QueryPlanningTracker.measurePhase(QueryPlanningTracker.scala:148)
[2026-04-03T07:56:39.002+0000] {spark_submit.py:579} INFO - at org.apache.spark.sql.execution.QueryExecution.$anonfun$executePhase$2(QueryExecution.scala:330)
[2026-04-03T07:56:39.002+0000] {spark_submit.py:579} INFO - at org.apache.spark.sql.execution.QueryExecution$.withInternalError(QueryExecution.scala:717)
[2026-04-03T07:56:39.002+0000] {spark_submit.py:579} INFO - at org.apache.spark.sql.execution.QueryExecution.$anonfun$executePhase$1(QueryExecution.scala:330)
[2026-04-03T07:56:39.002+0000] {spark_submit.py:579} INFO - at org.apache.spark.sql.SparkSession.withActive(SparkSession.scala:804)
[2026-04-03T07:56:39.003+0000] {spark_submit.py:579} INFO - at org.apache.spark.sql.execution.QueryExecution.executePhase(QueryExecution.scala:329)
[2026-04-03T07:56:39.003+0000] {spark_submit.py:579} INFO - at org.apache.spark.sql.execution.QueryExecution.$anonfun$lazyAnalyzed$1(QueryExecution.scala:139)
[2026-04-03T07:56:39.003+0000] {spark_submit.py:579} INFO - at scala.util.Try$.apply(Try.scala:217)
[2026-04-03T07:56:39.003+0000] {spark_submit.py:579} INFO - at org.apache.spark.util.Utils$.doTryWithCallerStacktrace(Utils.scala:1392)
[2026-04-03T07:56:39.004+0000] {spark_submit.py:579} INFO - at org.apache.spark.util.Utils$.getTryWithCallerStacktrace(Utils.scala:1453)
[2026-04-03T07:56:39.004+0000] {spark_submit.py:579} INFO - at org.apache.spark.util.LazyTry.get(LazyTry.scala:58)
[2026-04-03T07:56:39.004+0000] {spark_submit.py:579} INFO - at org.apache.spark.sql.execution.QueryExecution.analyzed(QueryExecution.scala:150)
[2026-04-03T07:56:39.004+0000] {spark_submit.py:579} INFO - at org.apache.spark.sql.execution.QueryExecution.assertAnalyzed(QueryExecution.scala:90)
[2026-04-03T07:56:39.004+0000] {spark_submit.py:579} INFO - at org.apache.spark.sql.classic.Dataset$.$anonfun$ofRows$1(Dataset.scala:114)
[2026-04-03T07:56:39.005+0000] {spark_submit.py:579} INFO - at org.apache.spark.sql.SparkSession.withActive(SparkSession.scala:804)
[2026-04-03T07:56:39.005+0000] {spark_submit.py:579} INFO - at org.apache.spark.sql.classic.Dataset$.ofRows(Dataset.scala:112)
[2026-04-03T07:56:39.005+0000] {spark_submit.py:579} INFO - at org.apache.spark.sql.classic.DataFrameReader.load(DataFrameReader.scala:108)
[2026-04-03T07:56:39.005+0000] {spark_submit.py:579} INFO - at org.apache.spark.sql.classic.DataFrameReader.load(DataFrameReader.scala:57)
[2026-04-03T07:56:39.006+0000] {spark_submit.py:579} INFO - at org.apache.spark.sql.DataFrameReader.json(DataFrameReader.scala:296)
[2026-04-03T07:56:39.006+0000] {spark_submit.py:579} INFO - at org.apache.spark.sql.classic.DataFrameReader.json(DataFrameReader.scala:149)
[2026-04-03T07:56:39.006+0000] {spark_submit.py:579} INFO - at java.base/jdk.internal.reflect.NativeMethodAccessorImpl.invoke0(Native Method)
[2026-04-03T07:56:39.006+0000] {spark_submit.py:579} INFO - at java.base/jdk.internal.reflect.NativeMethodAccessorImpl.invoke(NativeMethodAccessorImpl.java:77)
[2026-04-03T07:56:39.006+0000] {spark_submit.py:579} INFO - at java.base/jdk.internal.reflect.DelegatingMethodAccessorImpl.invoke(DelegatingMethodAccessorImpl.java:43)
[2026-04-03T07:56:39.007+0000] {spark_submit.py:579} INFO - at java.base/java.lang.reflect.Method.invoke(Method.java:569)
[2026-04-03T07:56:39.007+0000] {spark_submit.py:579} INFO - at py4j.reflection.MethodInvoker.invoke(MethodInvoker.java:244)
[2026-04-03T07:56:39.007+0000] {spark_submit.py:579} INFO - at py4j.reflection.ReflectionEngine.invoke(ReflectionEngine.java:374)
[2026-04-03T07:56:39.007+0000] {spark_submit.py:579} INFO - at py4j.Gateway.invoke(Gateway.java:282)
[2026-04-03T07:56:39.008+0000] {spark_submit.py:579} INFO - at py4j.commands.AbstractCommand.invokeMethod(AbstractCommand.java:132)
[2026-04-03T07:56:39.008+0000] {spark_submit.py:579} INFO - at py4j.commands.CallCommand.execute(CallCommand.java:79)
[2026-04-03T07:56:39.008+0000] {spark_submit.py:579} INFO - at py4j.ClientServerConnection.waitForCommands(ClientServerConnection.java:184)
[2026-04-03T07:56:39.008+0000] {spark_submit.py:579} INFO - at py4j.ClientServerConnection.run(ClientServerConnection.java:108)
[2026-04-03T07:56:39.008+0000] {spark_submit.py:579} INFO - at java.base/java.lang.Thread.run(Thread.java:840)
[2026-04-03T07:56:39.009+0000] {spark_submit.py:579} INFO - Suppressed: org.apache.spark.util.Utils$OriginalTryStackTraceException: Full stacktrace of original doTryWithCallerStacktrace caller
[2026-04-03T07:56:39.009+0000] {spark_submit.py:579} INFO - at org.apache.spark.scheduler.DAGScheduler.$anonfun$abortStage$3(DAGScheduler.scala:3122)
[2026-04-03T07:56:39.009+0000] {spark_submit.py:579} INFO - at scala.Option.getOrElse(Option.scala:201)
[2026-04-03T07:56:39.009+0000] {spark_submit.py:579} INFO - at org.apache.spark.scheduler.DAGScheduler.$anonfun$abortStage$2(DAGScheduler.scala:3122)
[2026-04-03T07:56:39.010+0000] {spark_submit.py:579} INFO - at org.apache.spark.scheduler.DAGScheduler.$anonfun$abortStage$2$adapted(DAGScheduler.scala:3114)
[2026-04-03T07:56:39.010+0000] {spark_submit.py:579} INFO - at scala.collection.immutable.List.foreach(List.scala:323)
[2026-04-03T07:56:39.010+0000] {spark_submit.py:579} INFO - at org.apache.spark.scheduler.DAGScheduler.abortStage(DAGScheduler.scala:3114)
[2026-04-03T07:56:39.010+0000] {spark_submit.py:579} INFO - at org.apache.spark.scheduler.DAGScheduler.$anonfun$handleTaskSetFailed$1(DAGScheduler.scala:1303)
[2026-04-03T07:56:39.011+0000] {spark_submit.py:579} INFO - at org.apache.spark.scheduler.DAGScheduler.$anonfun$handleTaskSetFailed$1$adapted(DAGScheduler.scala:1303)
[2026-04-03T07:56:39.011+0000] {spark_submit.py:579} INFO - at scala.Option.foreach(Option.scala:437)
[2026-04-03T07:56:39.011+0000] {spark_submit.py:579} INFO - at org.apache.spark.scheduler.DAGScheduler.handleTaskSetFailed(DAGScheduler.scala:1303)
[2026-04-03T07:56:39.011+0000] {spark_submit.py:579} INFO - at org.apache.spark.scheduler.DAGSchedulerEventProcessLoop.doOnReceive(DAGScheduler.scala:3397)
[2026-04-03T07:56:39.011+0000] {spark_submit.py:579} INFO - at org.apache.spark.scheduler.DAGSchedulerEventProcessLoop.onReceive(DAGScheduler.scala:3328)
[2026-04-03T07:56:39.012+0000] {spark_submit.py:579} INFO - at org.apache.spark.scheduler.DAGSchedulerEventProcessLoop.onReceive(DAGScheduler.scala:3317)
[2026-04-03T07:56:39.012+0000] {spark_submit.py:579} INFO - at org.apache.spark.util.EventLoop$$anon$1.run(EventLoop.scala:50)
[2026-04-03T07:56:39.012+0000] {spark_submit.py:579} INFO - at org.apache.spark.scheduler.DAGScheduler.runJob(DAGScheduler.scala:1017)
[2026-04-03T07:56:39.012+0000] {spark_submit.py:579} INFO - at org.apache.spark.SparkContext.runJob(SparkContext.scala:2496)
[2026-04-03T07:56:39.013+0000] {spark_submit.py:579} INFO - at org.apache.spark.SparkContext.runJob(SparkContext.scala:2517)
[2026-04-03T07:56:39.013+0000] {spark_submit.py:579} INFO - at org.apache.spark.SparkContext.runJob(SparkContext.scala:2536)
[2026-04-03T07:56:39.013+0000] {spark_submit.py:579} INFO - at org.apache.spark.SparkContext.runJob(SparkContext.scala:2561)
[2026-04-03T07:56:39.013+0000] {spark_submit.py:579} INFO - at org.apache.spark.rdd.RDD.$anonfun$collect$1(RDD.scala:1057)
[2026-04-03T07:56:39.014+0000] {spark_submit.py:579} INFO - at org.apache.spark.rdd.RDDOperationScope$.withScope(RDDOperationScope.scala:151)
[2026-04-03T07:56:39.014+0000] {spark_submit.py:579} INFO - at org.apache.spark.rdd.RDDOperationScope$.withScope(RDDOperationScope.scala:112)
[2026-04-03T07:56:39.014+0000] {spark_submit.py:579} INFO - at org.apache.spark.rdd.RDD.withScope(RDD.scala:417)
[2026-04-03T07:56:39.014+0000] {spark_submit.py:579} INFO - at org.apache.spark.rdd.RDD.collect(RDD.scala:1056)
[2026-04-03T07:56:39.014+0000] {spark_submit.py:579} INFO - at org.apache.spark.util.HadoopFSUtils$.parallelListLeafFilesInternal(HadoopFSUtils.scala:160)
[2026-04-03T07:56:39.015+0000] {spark_submit.py:579} INFO - at org.apache.spark.util.HadoopFSUtils$.parallelListLeafFiles(HadoopFSUtils.scala:72)
[2026-04-03T07:56:39.015+0000] {spark_submit.py:579} INFO - at org.apache.spark.sql.execution.datasources.InMemoryFileIndex$.bulkListLeafFiles(InMemoryFileIndex.scala:179)
[2026-04-03T07:56:39.015+0000] {spark_submit.py:579} INFO - at org.apache.spark.sql.execution.datasources.InMemoryFileIndex.listLeafFiles(InMemoryFileIndex.scala:135)
[2026-04-03T07:56:39.015+0000] {spark_submit.py:579} INFO - at org.apache.spark.sql.execution.datasources.InMemoryFileIndex.refresh0(InMemoryFileIndex.scala:98)
[2026-04-03T07:56:39.016+0000] {spark_submit.py:579} INFO - at org.apache.spark.sql.execution.datasources.InMemoryFileIndex.<init>(InMemoryFileIndex.scala:70)
[2026-04-03T07:56:39.016+0000] {spark_submit.py:579} INFO - at org.apache.spark.sql.execution.datasources.DataSource.createInMemoryFileIndex(DataSource.scala:568)
[2026-04-03T07:56:39.016+0000] {spark_submit.py:579} INFO - at org.apache.spark.sql.execution.datasources.DataSource.resolveRelation(DataSource.scala:423)
[2026-04-03T07:56:39.016+0000] {spark_submit.py:579} INFO - at org.apache.spark.sql.catalyst.analysis.ResolveDataSource.org$apache$spark$sql$catalyst$analysis$ResolveDataSource$$loadV1BatchSource(ResolveDataSource.scala:143)
[2026-04-03T07:56:39.016+0000] {spark_submit.py:579} INFO - at org.apache.spark.sql.catalyst.analysis.ResolveDataSource$$anonfun$apply$1.$anonfun$applyOrElse$2(ResolveDataSource.scala:61)
[2026-04-03T07:56:39.017+0000] {spark_submit.py:579} INFO - at scala.Option.getOrElse(Option.scala:201)
[2026-04-03T07:56:39.017+0000] {spark_submit.py:579} INFO - at org.apache.spark.sql.catalyst.analysis.ResolveDataSource$$anonfun$apply$1.applyOrElse(ResolveDataSource.scala:61)
[2026-04-03T07:56:39.017+0000] {spark_submit.py:579} INFO - at org.apache.spark.sql.catalyst.analysis.ResolveDataSource$$anonfun$apply$1.applyOrElse(ResolveDataSource.scala:45)
[2026-04-03T07:56:39.017+0000] {spark_submit.py:579} INFO - at org.apache.spark.sql.catalyst.plans.logical.AnalysisHelper.$anonfun$resolveOperatorsUpWithPruning$3(AnalysisHelper.scala:139)
[2026-04-03T07:56:39.018+0000] {spark_submit.py:579} INFO - at org.apache.spark.sql.catalyst.trees.CurrentOrigin$.withOrigin(origin.scala:107)
[2026-04-03T07:56:39.018+0000] {spark_submit.py:579} INFO - at org.apache.spark.sql.catalyst.plans.logical.AnalysisHelper.$anonfun$resolveOperatorsUpWithPruning$1(AnalysisHelper.scala:139)
[2026-04-03T07:56:39.018+0000] {spark_submit.py:579} INFO - at org.apache.spark.sql.catalyst.plans.logical.AnalysisHelper$.allowInvokingTransformsInAnalyzer(AnalysisHelper.scala:416)
[2026-04-03T07:56:39.018+0000] {spark_submit.py:579} INFO - at org.apache.spark.sql.catalyst.plans.logical.AnalysisHelper.resolveOperatorsUpWithPruning(AnalysisHelper.scala:135)
[2026-04-03T07:56:39.018+0000] {spark_submit.py:579} INFO - at org.apache.spark.sql.catalyst.plans.logical.AnalysisHelper.resolveOperatorsUpWithPruning$(AnalysisHelper.scala:131)
[2026-04-03T07:56:39.019+0000] {spark_submit.py:579} INFO - at org.apache.spark.sql.catalyst.plans.logical.LogicalPlan.resolveOperatorsUpWithPruning(LogicalPlan.scala:37)
[2026-04-03T07:56:39.019+0000] {spark_submit.py:579} INFO - at org.apache.spark.sql.catalyst.plans.logical.AnalysisHelper.resolveOperatorsUp(AnalysisHelper.scala:112)
[2026-04-03T07:56:39.019+0000] {spark_submit.py:579} INFO - at org.apache.spark.sql.catalyst.plans.logical.AnalysisHelper.resolveOperatorsUp$(AnalysisHelper.scala:111)
[2026-04-03T07:56:39.019+0000] {spark_submit.py:579} INFO - at org.apache.spark.sql.catalyst.plans.logical.LogicalPlan.resolveOperatorsUp(LogicalPlan.scala:37)
[2026-04-03T07:56:39.020+0000] {spark_submit.py:579} INFO - at org.apache.spark.sql.catalyst.analysis.ResolveDataSource.apply(ResolveDataSource.scala:45)
[2026-04-03T07:56:39.020+0000] {spark_submit.py:579} INFO - at org.apache.spark.sql.catalyst.analysis.ResolveDataSource.apply(ResolveDataSource.scala:43)
[2026-04-03T07:56:39.020+0000] {spark_submit.py:579} INFO - at org.apache.spark.sql.catalyst.rules.RuleExecutor.$anonfun$execute$2(RuleExecutor.scala:248)
[2026-04-03T07:56:39.020+0000] {spark_submit.py:579} INFO - at scala.collection.LinearSeqOps.foldLeft(LinearSeq.scala:183)
[2026-04-03T07:56:39.020+0000] {spark_submit.py:579} INFO - at scala.collection.LinearSeqOps.foldLeft$(LinearSeq.scala:179)
[2026-04-03T07:56:39.021+0000] {spark_submit.py:579} INFO - at scala.collection.immutable.List.foldLeft(List.scala:79)
[2026-04-03T07:56:39.021+0000] {spark_submit.py:579} INFO - at org.apache.spark.sql.catalyst.rules.RuleExecutor.$anonfun$execute$1(RuleExecutor.scala:245)
[2026-04-03T07:56:39.021+0000] {spark_submit.py:579} INFO - at org.apache.spark.sql.catalyst.rules.RuleExecutor.$anonfun$execute$1$adapted(RuleExecutor.scala:237)
[2026-04-03T07:56:39.021+0000] {spark_submit.py:579} INFO - at scala.collection.immutable.List.foreach(List.scala:323)
[2026-04-03T07:56:39.022+0000] {spark_submit.py:579} INFO - at org.apache.spark.sql.catalyst.rules.RuleExecutor.execute(RuleExecutor.scala:237)
[2026-04-03T07:56:39.022+0000] {spark_submit.py:579} INFO - at org.apache.spark.sql.catalyst.analysis.Analyzer.org$apache$spark$sql$catalyst$analysis$Analyzer$$executeSameContext(Analyzer.scala:343)
[2026-04-03T07:56:39.022+0000] {spark_submit.py:579} INFO - at org.apache.spark.sql.catalyst.analysis.Analyzer.$anonfun$execute$1(Analyzer.scala:339)
[2026-04-03T07:56:39.022+0000] {spark_submit.py:579} INFO - at org.apache.spark.sql.catalyst.analysis.AnalysisContext$.withNewAnalysisContext(Analyzer.scala:224)
[2026-04-03T07:56:39.022+0000] {spark_submit.py:579} INFO - at org.apache.spark.sql.catalyst.analysis.Analyzer.execute(Analyzer.scala:339)
[2026-04-03T07:56:39.023+0000] {spark_submit.py:579} INFO - at org.apache.spark.sql.catalyst.analysis.Analyzer.execute(Analyzer.scala:289)
[2026-04-03T07:56:39.023+0000] {spark_submit.py:579} INFO - at org.apache.spark.sql.catalyst.rules.RuleExecutor.$anonfun$executeAndTrack$1(RuleExecutor.scala:207)
[2026-04-03T07:56:39.023+0000] {spark_submit.py:579} INFO - at org.apache.spark.sql.catalyst.QueryPlanningTracker$.withTracker(QueryPlanningTracker.scala:89)
[2026-04-03T07:56:39.023+0000] {spark_submit.py:579} INFO - at org.apache.spark.sql.catalyst.rules.RuleExecutor.executeAndTrack(RuleExecutor.scala:207)
[2026-04-03T07:56:39.024+0000] {spark_submit.py:579} INFO - at org.apache.spark.sql.catalyst.analysis.resolver.HybridAnalyzer.resolveInFixedPoint(HybridAnalyzer.scala:236)
[2026-04-03T07:56:39.024+0000] {spark_submit.py:579} INFO - at org.apache.spark.sql.catalyst.analysis.resolver.HybridAnalyzer.$anonfun$apply$1(HybridAnalyzer.scala:91)
[2026-04-03T07:56:39.024+0000] {spark_submit.py:579} INFO - at org.apache.spark.sql.catalyst.analysis.resolver.HybridAnalyzer.withTrackedAnalyzerBridgeState(HybridAnalyzer.scala:122)
[2026-04-03T07:56:39.024+0000] {spark_submit.py:579} INFO - at org.apache.spark.sql.catalyst.analysis.resolver.HybridAnalyzer.apply(HybridAnalyzer.scala:84)
[2026-04-03T07:56:39.024+0000] {spark_submit.py:579} INFO - at org.apache.spark.sql.catalyst.analysis.Analyzer.$anonfun$executeAndCheck$1(Analyzer.scala:322)
[2026-04-03T07:56:39.025+0000] {spark_submit.py:579} INFO - at org.apache.spark.sql.catalyst.plans.logical.AnalysisHelper$.markInAnalyzer(AnalysisHelper.scala:423)
[2026-04-03T07:56:39.025+0000] {spark_submit.py:579} INFO - at org.apache.spark.sql.catalyst.analysis.Analyzer.executeAndCheck(Analyzer.scala:322)
[2026-04-03T07:56:39.025+0000] {spark_submit.py:579} INFO - at org.apache.spark.sql.execution.QueryExecution.$anonfun$lazyAnalyzed$2(QueryExecution.scala:139)
[2026-04-03T07:56:39.025+0000] {spark_submit.py:579} INFO - at org.apache.spark.sql.catalyst.QueryPlanningTracker.measurePhase(QueryPlanningTracker.scala:148)
[2026-04-03T07:56:39.026+0000] {spark_submit.py:579} INFO - at org.apache.spark.sql.execution.QueryExecution.$anonfun$executePhase$2(QueryExecution.scala:330)
[2026-04-03T07:56:39.026+0000] {spark_submit.py:579} INFO - at org.apache.spark.sql.execution.QueryExecution$.withInternalError(QueryExecution.scala:717)
[2026-04-03T07:56:39.026+0000] {spark_submit.py:579} INFO - at org.apache.spark.sql.execution.QueryExecution.$anonfun$executePhase$1(QueryExecution.scala:330)
[2026-04-03T07:56:39.026+0000] {spark_submit.py:579} INFO - at org.apache.spark.sql.SparkSession.withActive(SparkSession.scala:804)
[2026-04-03T07:56:39.026+0000] {spark_submit.py:579} INFO - at org.apache.spark.sql.execution.QueryExecution.executePhase(QueryExecution.scala:329)
[2026-04-03T07:56:39.027+0000] {spark_submit.py:579} INFO - at org.apache.spark.sql.execution.QueryExecution.$anonfun$lazyAnalyzed$1(QueryExecution.scala:139)
[2026-04-03T07:56:39.027+0000] {spark_submit.py:579} INFO - at scala.util.Try$.apply(Try.scala:217)
[2026-04-03T07:56:39.027+0000] {spark_submit.py:579} INFO - at org.apache.spark.util.Utils$.doTryWithCallerStacktrace(Utils.scala:1392)
[2026-04-03T07:56:39.027+0000] {spark_submit.py:579} INFO - at org.apache.spark.util.LazyTry.tryT$lzycompute(LazyTry.scala:46)
[2026-04-03T07:56:39.028+0000] {spark_submit.py:579} INFO - at org.apache.spark.util.LazyTry.tryT(LazyTry.scala:46)
[2026-04-03T07:56:39.028+0000] {spark_submit.py:579} INFO - ... 22 more
[2026-04-03T07:56:39.028+0000] {spark_submit.py:579} INFO - 
[2026-04-03T07:56:39.028+0000] {spark_submit.py:579} INFO - 26/04/03 07:56:38 INFO SparkContext: SparkContext is stopping with exitCode 0 from stop at NativeMethodAccessorImpl.java:0.
[2026-04-03T07:56:39.029+0000] {spark_submit.py:579} INFO - 26/04/03 07:56:38 INFO SparkContext: SparkContext already stopped.
[2026-04-03T07:56:39.232+0000] {spark_submit.py:579} INFO - Traceback (most recent call last):
[2026-04-03T07:56:39.232+0000] {spark_submit.py:579} INFO - File "/opt/***/scripts/process_data.py", line 44, in <module>
[2026-04-03T07:56:39.233+0000] {spark_submit.py:579} INFO - raise e
[2026-04-03T07:56:39.233+0000] {spark_submit.py:579} INFO - File "/opt/***/scripts/process_data.py", line 13, in <module>
[2026-04-03T07:56:39.233+0000] {spark_submit.py:579} INFO - df_bronze = spark.read.json("/data/raw/sensors/*.json")
[2026-04-03T07:56:39.234+0000] {spark_submit.py:579} INFO - ^^^^^^^^^^^^^^^^^^^^^^^^^^^^^^^^^^^^^^^^^^^
[2026-04-03T07:56:39.234+0000] {spark_submit.py:579} INFO - File "/opt/spark_dist/python/lib/pyspark.zip/pyspark/sql/readwriter.py", line 468, in json
[2026-04-03T07:56:39.234+0000] {spark_submit.py:579} INFO - File "/opt/spark_dist/python/lib/py4j-0.10.9.9-src.zip/py4j/java_gateway.py", line 1362, in __call__
[2026-04-03T07:56:39.234+0000] {spark_submit.py:579} INFO - File "/opt/spark_dist/python/lib/pyspark.zip/pyspark/errors/exceptions/captured.py", line 263, in deco
[2026-04-03T07:56:39.235+0000] {spark_submit.py:579} INFO - File "/opt/spark_dist/python/lib/py4j-0.10.9.9-src.zip/py4j/protocol.py", line 327, in get_return_value
[2026-04-03T07:56:39.276+0000] {spark_submit.py:579} INFO - py4j.protocol.Py4JJavaError: An error occurred while calling o35.json.
[2026-04-03T07:56:39.277+0000] {spark_submit.py:579} INFO - : org.apache.spark.SparkException: Job aborted due to stage failure: Master removed our application: KILLED
[2026-04-03T07:56:39.277+0000] {spark_submit.py:579} INFO - at org.apache.spark.scheduler.DAGScheduler.$anonfun$abortStage$3(DAGScheduler.scala:3122)
[2026-04-03T07:56:39.277+0000] {spark_submit.py:579} INFO - at scala.Option.getOrElse(Option.scala:201)
[2026-04-03T07:56:39.277+0000] {spark_submit.py:579} INFO - at org.apache.spark.scheduler.DAGScheduler.$anonfun$abortStage$2(DAGScheduler.scala:3122)
[2026-04-03T07:56:39.278+0000] {spark_submit.py:579} INFO - at org.apache.spark.scheduler.DAGScheduler.$anonfun$abortStage$2$adapted(DAGScheduler.scala:3114)
[2026-04-03T07:56:39.278+0000] {spark_submit.py:579} INFO - at scala.collection.immutable.List.foreach(List.scala:323)
[2026-04-03T07:56:39.278+0000] {spark_submit.py:579} INFO - at org.apache.spark.scheduler.DAGScheduler.abortStage(DAGScheduler.scala:3114)
[2026-04-03T07:56:39.278+0000] {spark_submit.py:579} INFO - at org.apache.spark.scheduler.DAGScheduler.$anonfun$handleTaskSetFailed$1(DAGScheduler.scala:1303)
[2026-04-03T07:56:39.279+0000] {spark_submit.py:579} INFO - at org.apache.spark.scheduler.DAGScheduler.$anonfun$handleTaskSetFailed$1$adapted(DAGScheduler.scala:1303)
[2026-04-03T07:56:39.279+0000] {spark_submit.py:579} INFO - at scala.Option.foreach(Option.scala:437)
[2026-04-03T07:56:39.279+0000] {spark_submit.py:579} INFO - at org.apache.spark.scheduler.DAGScheduler.handleTaskSetFailed(DAGScheduler.scala:1303)
[2026-04-03T07:56:39.279+0000] {spark_submit.py:579} INFO - at org.apache.spark.scheduler.DAGSchedulerEventProcessLoop.doOnReceive(DAGScheduler.scala:3397)
[2026-04-03T07:56:39.279+0000] {spark_submit.py:579} INFO - at org.apache.spark.scheduler.DAGSchedulerEventProcessLoop.onReceive(DAGScheduler.scala:3328)
[2026-04-03T07:56:39.280+0000] {spark_submit.py:579} INFO - at org.apache.spark.scheduler.DAGSchedulerEventProcessLoop.onReceive(DAGScheduler.scala:3317)
[2026-04-03T07:56:39.280+0000] {spark_submit.py:579} INFO - at org.apache.spark.util.EventLoop$$anon$1.run(EventLoop.scala:50)
[2026-04-03T07:56:39.280+0000] {spark_submit.py:579} INFO - at org.apache.spark.scheduler.DAGScheduler.runJob(DAGScheduler.scala:1017)
[2026-04-03T07:56:39.281+0000] {spark_submit.py:579} INFO - at org.apache.spark.SparkContext.runJob(SparkContext.scala:2496)
[2026-04-03T07:56:39.281+0000] {spark_submit.py:579} INFO - at org.apache.spark.SparkContext.runJob(SparkContext.scala:2517)
[2026-04-03T07:56:39.281+0000] {spark_submit.py:579} INFO - at org.apache.spark.SparkContext.runJob(SparkContext.scala:2536)
[2026-04-03T07:56:39.282+0000] {spark_submit.py:579} INFO - at org.apache.spark.SparkContext.runJob(SparkContext.scala:2561)
[2026-04-03T07:56:39.282+0000] {spark_submit.py:579} INFO - at org.apache.spark.rdd.RDD.$anonfun$collect$1(RDD.scala:1057)
[2026-04-03T07:56:39.282+0000] {spark_submit.py:579} INFO - at org.apache.spark.rdd.RDDOperationScope$.withScope(RDDOperationScope.scala:151)
[2026-04-03T07:56:39.282+0000] {spark_submit.py:579} INFO - at org.apache.spark.rdd.RDDOperationScope$.withScope(RDDOperationScope.scala:112)
[2026-04-03T07:56:39.283+0000] {spark_submit.py:579} INFO - at org.apache.spark.rdd.RDD.withScope(RDD.scala:417)
[2026-04-03T07:56:39.283+0000] {spark_submit.py:579} INFO - at org.apache.spark.rdd.RDD.collect(RDD.scala:1056)
[2026-04-03T07:56:39.283+0000] {spark_submit.py:579} INFO - at org.apache.spark.util.HadoopFSUtils$.parallelListLeafFilesInternal(HadoopFSUtils.scala:160)
[2026-04-03T07:56:39.284+0000] {spark_submit.py:579} INFO - at org.apache.spark.util.HadoopFSUtils$.parallelListLeafFiles(HadoopFSUtils.scala:72)
[2026-04-03T07:56:39.284+0000] {spark_submit.py:579} INFO - at org.apache.spark.sql.execution.datasources.InMemoryFileIndex$.bulkListLeafFiles(InMemoryFileIndex.scala:179)
[2026-04-03T07:56:39.284+0000] {spark_submit.py:579} INFO - at org.apache.spark.sql.execution.datasources.InMemoryFileIndex.listLeafFiles(InMemoryFileIndex.scala:135)
[2026-04-03T07:56:39.284+0000] {spark_submit.py:579} INFO - at org.apache.spark.sql.execution.datasources.InMemoryFileIndex.refresh0(InMemoryFileIndex.scala:98)
[2026-04-03T07:56:39.285+0000] {spark_submit.py:579} INFO - at org.apache.spark.sql.execution.datasources.InMemoryFileIndex.<init>(InMemoryFileIndex.scala:70)
[2026-04-03T07:56:39.285+0000] {spark_submit.py:579} INFO - at org.apache.spark.sql.execution.datasources.DataSource.createInMemoryFileIndex(DataSource.scala:568)
[2026-04-03T07:56:39.285+0000] {spark_submit.py:579} INFO - at org.apache.spark.sql.execution.datasources.DataSource.resolveRelation(DataSource.scala:423)
[2026-04-03T07:56:39.285+0000] {spark_submit.py:579} INFO - at org.apache.spark.sql.catalyst.analysis.ResolveDataSource.org$apache$spark$sql$catalyst$analysis$ResolveDataSource$$loadV1BatchSource(ResolveDataSource.scala:143)
[2026-04-03T07:56:39.286+0000] {spark_submit.py:579} INFO - at org.apache.spark.sql.catalyst.analysis.ResolveDataSource$$anonfun$apply$1.$anonfun$applyOrElse$2(ResolveDataSource.scala:61)
[2026-04-03T07:56:39.286+0000] {spark_submit.py:579} INFO - at scala.Option.getOrElse(Option.scala:201)
[2026-04-03T07:56:39.286+0000] {spark_submit.py:579} INFO - at org.apache.spark.sql.catalyst.analysis.ResolveDataSource$$anonfun$apply$1.applyOrElse(ResolveDataSource.scala:61)
[2026-04-03T07:56:39.286+0000] {spark_submit.py:579} INFO - at org.apache.spark.sql.catalyst.analysis.ResolveDataSource$$anonfun$apply$1.applyOrElse(ResolveDataSource.scala:45)
[2026-04-03T07:56:39.286+0000] {spark_submit.py:579} INFO - at org.apache.spark.sql.catalyst.plans.logical.AnalysisHelper.$anonfun$resolveOperatorsUpWithPruning$3(AnalysisHelper.scala:139)
[2026-04-03T07:56:39.287+0000] {spark_submit.py:579} INFO - at org.apache.spark.sql.catalyst.trees.CurrentOrigin$.withOrigin(origin.scala:107)
[2026-04-03T07:56:39.287+0000] {spark_submit.py:579} INFO - at org.apache.spark.sql.catalyst.plans.logical.AnalysisHelper.$anonfun$resolveOperatorsUpWithPruning$1(AnalysisHelper.scala:139)
[2026-04-03T07:56:39.287+0000] {spark_submit.py:579} INFO - at org.apache.spark.sql.catalyst.plans.logical.AnalysisHelper$.allowInvokingTransformsInAnalyzer(AnalysisHelper.scala:416)
[2026-04-03T07:56:39.287+0000] {spark_submit.py:579} INFO - at org.apache.spark.sql.catalyst.plans.logical.AnalysisHelper.resolveOperatorsUpWithPruning(AnalysisHelper.scala:135)
[2026-04-03T07:56:39.288+0000] {spark_submit.py:579} INFO - at org.apache.spark.sql.catalyst.plans.logical.AnalysisHelper.resolveOperatorsUpWithPruning$(AnalysisHelper.scala:131)
[2026-04-03T07:56:39.288+0000] {spark_submit.py:579} INFO - at org.apache.spark.sql.catalyst.plans.logical.LogicalPlan.resolveOperatorsUpWithPruning(LogicalPlan.scala:37)
[2026-04-03T07:56:39.288+0000] {spark_submit.py:579} INFO - at org.apache.spark.sql.catalyst.plans.logical.AnalysisHelper.resolveOperatorsUp(AnalysisHelper.scala:112)
[2026-04-03T07:56:39.288+0000] {spark_submit.py:579} INFO - at org.apache.spark.sql.catalyst.plans.logical.AnalysisHelper.resolveOperatorsUp$(AnalysisHelper.scala:111)
[2026-04-03T07:56:39.288+0000] {spark_submit.py:579} INFO - at org.apache.spark.sql.catalyst.plans.logical.LogicalPlan.resolveOperatorsUp(LogicalPlan.scala:37)
[2026-04-03T07:56:39.289+0000] {spark_submit.py:579} INFO - at org.apache.spark.sql.catalyst.analysis.ResolveDataSource.apply(ResolveDataSource.scala:45)
[2026-04-03T07:56:39.289+0000] {spark_submit.py:579} INFO - at org.apache.spark.sql.catalyst.analysis.ResolveDataSource.apply(ResolveDataSource.scala:43)
[2026-04-03T07:56:39.289+0000] {spark_submit.py:579} INFO - at org.apache.spark.sql.catalyst.rules.RuleExecutor.$anonfun$execute$2(RuleExecutor.scala:248)
[2026-04-03T07:56:39.289+0000] {spark_submit.py:579} INFO - at scala.collection.LinearSeqOps.foldLeft(LinearSeq.scala:183)
[2026-04-03T07:56:39.290+0000] {spark_submit.py:579} INFO - at scala.collection.LinearSeqOps.foldLeft$(LinearSeq.scala:179)
[2026-04-03T07:56:39.290+0000] {spark_submit.py:579} INFO - at scala.collection.immutable.List.foldLeft(List.scala:79)
[2026-04-03T07:56:39.290+0000] {spark_submit.py:579} INFO - at org.apache.spark.sql.catalyst.rules.RuleExecutor.$anonfun$execute$1(RuleExecutor.scala:245)
[2026-04-03T07:56:39.290+0000] {spark_submit.py:579} INFO - at org.apache.spark.sql.catalyst.rules.RuleExecutor.$anonfun$execute$1$adapted(RuleExecutor.scala:237)
[2026-04-03T07:56:39.291+0000] {spark_submit.py:579} INFO - at scala.collection.immutable.List.foreach(List.scala:323)
[2026-04-03T07:56:39.291+0000] {spark_submit.py:579} INFO - at org.apache.spark.sql.catalyst.rules.RuleExecutor.execute(RuleExecutor.scala:237)
[2026-04-03T07:56:39.291+0000] {spark_submit.py:579} INFO - at org.apache.spark.sql.catalyst.analysis.Analyzer.org$apache$spark$sql$catalyst$analysis$Analyzer$$executeSameContext(Analyzer.scala:343)
[2026-04-03T07:56:39.291+0000] {spark_submit.py:579} INFO - at org.apache.spark.sql.catalyst.analysis.Analyzer.$anonfun$execute$1(Analyzer.scala:339)
[2026-04-03T07:56:39.291+0000] {spark_submit.py:579} INFO - at org.apache.spark.sql.catalyst.analysis.AnalysisContext$.withNewAnalysisContext(Analyzer.scala:224)
[2026-04-03T07:56:39.292+0000] {spark_submit.py:579} INFO - at org.apache.spark.sql.catalyst.analysis.Analyzer.execute(Analyzer.scala:339)
[2026-04-03T07:56:39.292+0000] {spark_submit.py:579} INFO - at org.apache.spark.sql.catalyst.analysis.Analyzer.execute(Analyzer.scala:289)
[2026-04-03T07:56:39.292+0000] {spark_submit.py:579} INFO - at org.apache.spark.sql.catalyst.rules.RuleExecutor.$anonfun$executeAndTrack$1(RuleExecutor.scala:207)
[2026-04-03T07:56:39.292+0000] {spark_submit.py:579} INFO - at org.apache.spark.sql.catalyst.QueryPlanningTracker$.withTracker(QueryPlanningTracker.scala:89)
[2026-04-03T07:56:39.293+0000] {spark_submit.py:579} INFO - at org.apache.spark.sql.catalyst.rules.RuleExecutor.executeAndTrack(RuleExecutor.scala:207)
[2026-04-03T07:56:39.293+0000] {spark_submit.py:579} INFO - at org.apache.spark.sql.catalyst.analysis.resolver.HybridAnalyzer.resolveInFixedPoint(HybridAnalyzer.scala:236)
[2026-04-03T07:56:39.293+0000] {spark_submit.py:579} INFO - at org.apache.spark.sql.catalyst.analysis.resolver.HybridAnalyzer.$anonfun$apply$1(HybridAnalyzer.scala:91)
[2026-04-03T07:56:39.293+0000] {spark_submit.py:579} INFO - at org.apache.spark.sql.catalyst.analysis.resolver.HybridAnalyzer.withTrackedAnalyzerBridgeState(HybridAnalyzer.scala:122)
[2026-04-03T07:56:39.293+0000] {spark_submit.py:579} INFO - at org.apache.spark.sql.catalyst.analysis.resolver.HybridAnalyzer.apply(HybridAnalyzer.scala:84)
[2026-04-03T07:56:39.294+0000] {spark_submit.py:579} INFO - at org.apache.spark.sql.catalyst.analysis.Analyzer.$anonfun$executeAndCheck$1(Analyzer.scala:322)
[2026-04-03T07:56:39.294+0000] {spark_submit.py:579} INFO - at org.apache.spark.sql.catalyst.plans.logical.AnalysisHelper$.markInAnalyzer(AnalysisHelper.scala:423)
[2026-04-03T07:56:39.294+0000] {spark_submit.py:579} INFO - at org.apache.spark.sql.catalyst.analysis.Analyzer.executeAndCheck(Analyzer.scala:322)
[2026-04-03T07:56:39.294+0000] {spark_submit.py:579} INFO - at org.apache.spark.sql.execution.QueryExecution.$anonfun$lazyAnalyzed$2(QueryExecution.scala:139)
[2026-04-03T07:56:39.295+0000] {spark_submit.py:579} INFO - at org.apache.spark.sql.catalyst.QueryPlanningTracker.measurePhase(QueryPlanningTracker.scala:148)
[2026-04-03T07:56:39.295+0000] {spark_submit.py:579} INFO - at org.apache.spark.sql.execution.QueryExecution.$anonfun$executePhase$2(QueryExecution.scala:330)
[2026-04-03T07:56:39.295+0000] {spark_submit.py:579} INFO - at org.apache.spark.sql.execution.QueryExecution$.withInternalError(QueryExecution.scala:717)
[2026-04-03T07:56:39.295+0000] {spark_submit.py:579} INFO - at org.apache.spark.sql.execution.QueryExecution.$anonfun$executePhase$1(QueryExecution.scala:330)
[2026-04-03T07:56:39.295+0000] {spark_submit.py:579} INFO - at org.apache.spark.sql.SparkSession.withActive(SparkSession.scala:804)
[2026-04-03T07:56:39.296+0000] {spark_submit.py:579} INFO - at org.apache.spark.sql.execution.QueryExecution.executePhase(QueryExecution.scala:329)
[2026-04-03T07:56:39.296+0000] {spark_submit.py:579} INFO - at org.apache.spark.sql.execution.QueryExecution.$anonfun$lazyAnalyzed$1(QueryExecution.scala:139)
[2026-04-03T07:56:39.296+0000] {spark_submit.py:579} INFO - at scala.util.Try$.apply(Try.scala:217)
[2026-04-03T07:56:39.296+0000] {spark_submit.py:579} INFO - at org.apache.spark.util.Utils$.doTryWithCallerStacktrace(Utils.scala:1392)
[2026-04-03T07:56:39.297+0000] {spark_submit.py:579} INFO - at org.apache.spark.util.Utils$.getTryWithCallerStacktrace(Utils.scala:1453)
[2026-04-03T07:56:39.297+0000] {spark_submit.py:579} INFO - at org.apache.spark.util.LazyTry.get(LazyTry.scala:58)
[2026-04-03T07:56:39.297+0000] {spark_submit.py:579} INFO - at org.apache.spark.sql.execution.QueryExecution.analyzed(QueryExecution.scala:150)
[2026-04-03T07:56:39.297+0000] {spark_submit.py:579} INFO - at org.apache.spark.sql.execution.QueryExecution.assertAnalyzed(QueryExecution.scala:90)
[2026-04-03T07:56:39.297+0000] {spark_submit.py:579} INFO - at org.apache.spark.sql.classic.Dataset$.$anonfun$ofRows$1(Dataset.scala:114)
[2026-04-03T07:56:39.298+0000] {spark_submit.py:579} INFO - at org.apache.spark.sql.SparkSession.withActive(SparkSession.scala:804)
[2026-04-03T07:56:39.298+0000] {spark_submit.py:579} INFO - at org.apache.spark.sql.classic.Dataset$.ofRows(Dataset.scala:112)
[2026-04-03T07:56:39.298+0000] {spark_submit.py:579} INFO - at org.apache.spark.sql.classic.DataFrameReader.load(DataFrameReader.scala:108)
[2026-04-03T07:56:39.298+0000] {spark_submit.py:579} INFO - at org.apache.spark.sql.classic.DataFrameReader.load(DataFrameReader.scala:57)
[2026-04-03T07:56:39.299+0000] {spark_submit.py:579} INFO - at org.apache.spark.sql.DataFrameReader.json(DataFrameReader.scala:296)
[2026-04-03T07:56:39.299+0000] {spark_submit.py:579} INFO - at org.apache.spark.sql.classic.DataFrameReader.json(DataFrameReader.scala:149)
[2026-04-03T07:56:39.299+0000] {spark_submit.py:579} INFO - at java.base/jdk.internal.reflect.NativeMethodAccessorImpl.invoke0(Native Method)
[2026-04-03T07:56:39.299+0000] {spark_submit.py:579} INFO - at java.base/jdk.internal.reflect.NativeMethodAccessorImpl.invoke(NativeMethodAccessorImpl.java:77)
[2026-04-03T07:56:39.300+0000] {spark_submit.py:579} INFO - at java.base/jdk.internal.reflect.DelegatingMethodAccessorImpl.invoke(DelegatingMethodAccessorImpl.java:43)
[2026-04-03T07:56:39.300+0000] {spark_submit.py:579} INFO - at java.base/java.lang.reflect.Method.invoke(Method.java:569)
[2026-04-03T07:56:39.300+0000] {spark_submit.py:579} INFO - at py4j.reflection.MethodInvoker.invoke(MethodInvoker.java:244)
[2026-04-03T07:56:39.301+0000] {spark_submit.py:579} INFO - at py4j.reflection.ReflectionEngine.invoke(ReflectionEngine.java:374)
[2026-04-03T07:56:39.301+0000] {spark_submit.py:579} INFO - at py4j.Gateway.invoke(Gateway.java:282)
[2026-04-03T07:56:39.301+0000] {spark_submit.py:579} INFO - at py4j.commands.AbstractCommand.invokeMethod(AbstractCommand.java:132)
[2026-04-03T07:56:39.302+0000] {spark_submit.py:579} INFO - at py4j.commands.CallCommand.execute(CallCommand.java:79)
[2026-04-03T07:56:39.302+0000] {spark_submit.py:579} INFO - at py4j.ClientServerConnection.waitForCommands(ClientServerConnection.java:184)
[2026-04-03T07:56:39.302+0000] {spark_submit.py:579} INFO - at py4j.ClientServerConnection.run(ClientServerConnection.java:108)
[2026-04-03T07:56:39.302+0000] {spark_submit.py:579} INFO - at java.base/java.lang.Thread.run(Thread.java:840)
[2026-04-03T07:56:39.303+0000] {spark_submit.py:579} INFO - Suppressed: org.apache.spark.util.Utils$OriginalTryStackTraceException: Full stacktrace of original doTryWithCallerStacktrace caller
[2026-04-03T07:56:39.303+0000] {spark_submit.py:579} INFO - at org.apache.spark.scheduler.DAGScheduler.$anonfun$abortStage$3(DAGScheduler.scala:3122)
[2026-04-03T07:56:39.303+0000] {spark_submit.py:579} INFO - at scala.Option.getOrElse(Option.scala:201)
[2026-04-03T07:56:39.303+0000] {spark_submit.py:579} INFO - at org.apache.spark.scheduler.DAGScheduler.$anonfun$abortStage$2(DAGScheduler.scala:3122)
[2026-04-03T07:56:39.304+0000] {spark_submit.py:579} INFO - at org.apache.spark.scheduler.DAGScheduler.$anonfun$abortStage$2$adapted(DAGScheduler.scala:3114)
[2026-04-03T07:56:39.304+0000] {spark_submit.py:579} INFO - at scala.collection.immutable.List.foreach(List.scala:323)
[2026-04-03T07:56:39.304+0000] {spark_submit.py:579} INFO - at org.apache.spark.scheduler.DAGScheduler.abortStage(DAGScheduler.scala:3114)
[2026-04-03T07:56:39.304+0000] {spark_submit.py:579} INFO - at org.apache.spark.scheduler.DAGScheduler.$anonfun$handleTaskSetFailed$1(DAGScheduler.scala:1303)
[2026-04-03T07:56:39.304+0000] {spark_submit.py:579} INFO - at org.apache.spark.scheduler.DAGScheduler.$anonfun$handleTaskSetFailed$1$adapted(DAGScheduler.scala:1303)
[2026-04-03T07:56:39.305+0000] {spark_submit.py:579} INFO - at scala.Option.foreach(Option.scala:437)
[2026-04-03T07:56:39.305+0000] {spark_submit.py:579} INFO - at org.apache.spark.scheduler.DAGScheduler.handleTaskSetFailed(DAGScheduler.scala:1303)
[2026-04-03T07:56:39.305+0000] {spark_submit.py:579} INFO - at org.apache.spark.scheduler.DAGSchedulerEventProcessLoop.doOnReceive(DAGScheduler.scala:3397)
[2026-04-03T07:56:39.305+0000] {spark_submit.py:579} INFO - at org.apache.spark.scheduler.DAGSchedulerEventProcessLoop.onReceive(DAGScheduler.scala:3328)
[2026-04-03T07:56:39.306+0000] {spark_submit.py:579} INFO - at org.apache.spark.scheduler.DAGSchedulerEventProcessLoop.onReceive(DAGScheduler.scala:3317)
[2026-04-03T07:56:39.306+0000] {spark_submit.py:579} INFO - at org.apache.spark.util.EventLoop$$anon$1.run(EventLoop.scala:50)
[2026-04-03T07:56:39.306+0000] {spark_submit.py:579} INFO - at org.apache.spark.scheduler.DAGScheduler.runJob(DAGScheduler.scala:1017)
[2026-04-03T07:56:39.306+0000] {spark_submit.py:579} INFO - at org.apache.spark.SparkContext.runJob(SparkContext.scala:2496)
[2026-04-03T07:56:39.307+0000] {spark_submit.py:579} INFO - at org.apache.spark.SparkContext.runJob(SparkContext.scala:2517)
[2026-04-03T07:56:39.307+0000] {spark_submit.py:579} INFO - at org.apache.spark.SparkContext.runJob(SparkContext.scala:2536)
[2026-04-03T07:56:39.307+0000] {spark_submit.py:579} INFO - at org.apache.spark.SparkContext.runJob(SparkContext.scala:2561)
[2026-04-03T07:56:39.307+0000] {spark_submit.py:579} INFO - at org.apache.spark.rdd.RDD.$anonfun$collect$1(RDD.scala:1057)
[2026-04-03T07:56:39.307+0000] {spark_submit.py:579} INFO - at org.apache.spark.rdd.RDDOperationScope$.withScope(RDDOperationScope.scala:151)
[2026-04-03T07:56:39.308+0000] {spark_submit.py:579} INFO - at org.apache.spark.rdd.RDDOperationScope$.withScope(RDDOperationScope.scala:112)
[2026-04-03T07:56:39.308+0000] {spark_submit.py:579} INFO - at org.apache.spark.rdd.RDD.withScope(RDD.scala:417)
[2026-04-03T07:56:39.308+0000] {spark_submit.py:579} INFO - at org.apache.spark.rdd.RDD.collect(RDD.scala:1056)
[2026-04-03T07:56:39.308+0000] {spark_submit.py:579} INFO - at org.apache.spark.util.HadoopFSUtils$.parallelListLeafFilesInternal(HadoopFSUtils.scala:160)
[2026-04-03T07:56:39.308+0000] {spark_submit.py:579} INFO - at org.apache.spark.util.HadoopFSUtils$.parallelListLeafFiles(HadoopFSUtils.scala:72)
[2026-04-03T07:56:39.309+0000] {spark_submit.py:579} INFO - at org.apache.spark.sql.execution.datasources.InMemoryFileIndex$.bulkListLeafFiles(InMemoryFileIndex.scala:179)
[2026-04-03T07:56:39.309+0000] {spark_submit.py:579} INFO - at org.apache.spark.sql.execution.datasources.InMemoryFileIndex.listLeafFiles(InMemoryFileIndex.scala:135)
[2026-04-03T07:56:39.309+0000] {spark_submit.py:579} INFO - at org.apache.spark.sql.execution.datasources.InMemoryFileIndex.refresh0(InMemoryFileIndex.scala:98)
[2026-04-03T07:56:39.309+0000] {spark_submit.py:579} INFO - at org.apache.spark.sql.execution.datasources.InMemoryFileIndex.<init>(InMemoryFileIndex.scala:70)
[2026-04-03T07:56:39.310+0000] {spark_submit.py:579} INFO - at org.apache.spark.sql.execution.datasources.DataSource.createInMemoryFileIndex(DataSource.scala:568)
[2026-04-03T07:56:39.310+0000] {spark_submit.py:579} INFO - at org.apache.spark.sql.execution.datasources.DataSource.resolveRelation(DataSource.scala:423)
[2026-04-03T07:56:39.310+0000] {spark_submit.py:579} INFO - at org.apache.spark.sql.catalyst.analysis.ResolveDataSource.org$apache$spark$sql$catalyst$analysis$ResolveDataSource$$loadV1BatchSource(ResolveDataSource.scala:143)
[2026-04-03T07:56:39.310+0000] {spark_submit.py:579} INFO - at org.apache.spark.sql.catalyst.analysis.ResolveDataSource$$anonfun$apply$1.$anonfun$applyOrElse$2(ResolveDataSource.scala:61)
[2026-04-03T07:56:39.310+0000] {spark_submit.py:579} INFO - at scala.Option.getOrElse(Option.scala:201)
[2026-04-03T07:56:39.311+0000] {spark_submit.py:579} INFO - at org.apache.spark.sql.catalyst.analysis.ResolveDataSource$$anonfun$apply$1.applyOrElse(ResolveDataSource.scala:61)
[2026-04-03T07:56:39.311+0000] {spark_submit.py:579} INFO - at org.apache.spark.sql.catalyst.analysis.ResolveDataSource$$anonfun$apply$1.applyOrElse(ResolveDataSource.scala:45)
[2026-04-03T07:56:39.311+0000] {spark_submit.py:579} INFO - at org.apache.spark.sql.catalyst.plans.logical.AnalysisHelper.$anonfun$resolveOperatorsUpWithPruning$3(AnalysisHelper.scala:139)
[2026-04-03T07:56:39.311+0000] {spark_submit.py:579} INFO - at org.apache.spark.sql.catalyst.trees.CurrentOrigin$.withOrigin(origin.scala:107)
[2026-04-03T07:56:39.312+0000] {spark_submit.py:579} INFO - at org.apache.spark.sql.catalyst.plans.logical.AnalysisHelper.$anonfun$resolveOperatorsUpWithPruning$1(AnalysisHelper.scala:139)
[2026-04-03T07:56:39.312+0000] {spark_submit.py:579} INFO - at org.apache.spark.sql.catalyst.plans.logical.AnalysisHelper$.allowInvokingTransformsInAnalyzer(AnalysisHelper.scala:416)
[2026-04-03T07:56:39.312+0000] {spark_submit.py:579} INFO - at org.apache.spark.sql.catalyst.plans.logical.AnalysisHelper.resolveOperatorsUpWithPruning(AnalysisHelper.scala:135)
[2026-04-03T07:56:39.312+0000] {spark_submit.py:579} INFO - at org.apache.spark.sql.catalyst.plans.logical.AnalysisHelper.resolveOperatorsUpWithPruning$(AnalysisHelper.scala:131)
[2026-04-03T07:56:39.313+0000] {spark_submit.py:579} INFO - at org.apache.spark.sql.catalyst.plans.logical.LogicalPlan.resolveOperatorsUpWithPruning(LogicalPlan.scala:37)
[2026-04-03T07:56:39.313+0000] {spark_submit.py:579} INFO - at org.apache.spark.sql.catalyst.plans.logical.AnalysisHelper.resolveOperatorsUp(AnalysisHelper.scala:112)
[2026-04-03T07:56:39.313+0000] {spark_submit.py:579} INFO - at org.apache.spark.sql.catalyst.plans.logical.AnalysisHelper.resolveOperatorsUp$(AnalysisHelper.scala:111)
[2026-04-03T07:56:39.313+0000] {spark_submit.py:579} INFO - at org.apache.spark.sql.catalyst.plans.logical.LogicalPlan.resolveOperatorsUp(LogicalPlan.scala:37)
[2026-04-03T07:56:39.313+0000] {spark_submit.py:579} INFO - at org.apache.spark.sql.catalyst.analysis.ResolveDataSource.apply(ResolveDataSource.scala:45)
[2026-04-03T07:56:39.314+0000] {spark_submit.py:579} INFO - at org.apache.spark.sql.catalyst.analysis.ResolveDataSource.apply(ResolveDataSource.scala:43)
[2026-04-03T07:56:39.314+0000] {spark_submit.py:579} INFO - at org.apache.spark.sql.catalyst.rules.RuleExecutor.$anonfun$execute$2(RuleExecutor.scala:248)
[2026-04-03T07:56:39.314+0000] {spark_submit.py:579} INFO - at scala.collection.LinearSeqOps.foldLeft(LinearSeq.scala:183)
[2026-04-03T07:56:39.314+0000] {spark_submit.py:579} INFO - at scala.collection.LinearSeqOps.foldLeft$(LinearSeq.scala:179)
[2026-04-03T07:56:39.315+0000] {spark_submit.py:579} INFO - at scala.collection.immutable.List.foldLeft(List.scala:79)
[2026-04-03T07:56:39.315+0000] {spark_submit.py:579} INFO - at org.apache.spark.sql.catalyst.rules.RuleExecutor.$anonfun$execute$1(RuleExecutor.scala:245)
[2026-04-03T07:56:39.315+0000] {spark_submit.py:579} INFO - at org.apache.spark.sql.catalyst.rules.RuleExecutor.$anonfun$execute$1$adapted(RuleExecutor.scala:237)
[2026-04-03T07:56:39.315+0000] {spark_submit.py:579} INFO - at scala.collection.immutable.List.foreach(List.scala:323)
[2026-04-03T07:56:39.315+0000] {spark_submit.py:579} INFO - at org.apache.spark.sql.catalyst.rules.RuleExecutor.execute(RuleExecutor.scala:237)
[2026-04-03T07:56:39.316+0000] {spark_submit.py:579} INFO - at org.apache.spark.sql.catalyst.analysis.Analyzer.org$apache$spark$sql$catalyst$analysis$Analyzer$$executeSameContext(Analyzer.scala:343)
[2026-04-03T07:56:39.316+0000] {spark_submit.py:579} INFO - at org.apache.spark.sql.catalyst.analysis.Analyzer.$anonfun$execute$1(Analyzer.scala:339)
[2026-04-03T07:56:39.316+0000] {spark_submit.py:579} INFO - at org.apache.spark.sql.catalyst.analysis.AnalysisContext$.withNewAnalysisContext(Analyzer.scala:224)
[2026-04-03T07:56:39.316+0000] {spark_submit.py:579} INFO - at org.apache.spark.sql.catalyst.analysis.Analyzer.execute(Analyzer.scala:339)
[2026-04-03T07:56:39.317+0000] {spark_submit.py:579} INFO - at org.apache.spark.sql.catalyst.analysis.Analyzer.execute(Analyzer.scala:289)
[2026-04-03T07:56:39.317+0000] {spark_submit.py:579} INFO - at org.apache.spark.sql.catalyst.rules.RuleExecutor.$anonfun$executeAndTrack$1(RuleExecutor.scala:207)
[2026-04-03T07:56:39.317+0000] {spark_submit.py:579} INFO - at org.apache.spark.sql.catalyst.QueryPlanningTracker$.withTracker(QueryPlanningTracker.scala:89)
[2026-04-03T07:56:39.317+0000] {spark_submit.py:579} INFO - at org.apache.spark.sql.catalyst.rules.RuleExecutor.executeAndTrack(RuleExecutor.scala:207)
[2026-04-03T07:56:39.317+0000] {spark_submit.py:579} INFO - at org.apache.spark.sql.catalyst.analysis.resolver.HybridAnalyzer.resolveInFixedPoint(HybridAnalyzer.scala:236)
[2026-04-03T07:56:39.318+0000] {spark_submit.py:579} INFO - at org.apache.spark.sql.catalyst.analysis.resolver.HybridAnalyzer.$anonfun$apply$1(HybridAnalyzer.scala:91)
[2026-04-03T07:56:39.318+0000] {spark_submit.py:579} INFO - at org.apache.spark.sql.catalyst.analysis.resolver.HybridAnalyzer.withTrackedAnalyzerBridgeState(HybridAnalyzer.scala:122)
[2026-04-03T07:56:39.318+0000] {spark_submit.py:579} INFO - at org.apache.spark.sql.catalyst.analysis.resolver.HybridAnalyzer.apply(HybridAnalyzer.scala:84)
[2026-04-03T07:56:39.318+0000] {spark_submit.py:579} INFO - at org.apache.spark.sql.catalyst.analysis.Analyzer.$anonfun$executeAndCheck$1(Analyzer.scala:322)
[2026-04-03T07:56:39.318+0000] {spark_submit.py:579} INFO - at org.apache.spark.sql.catalyst.plans.logical.AnalysisHelper$.markInAnalyzer(AnalysisHelper.scala:423)
[2026-04-03T07:56:39.319+0000] {spark_submit.py:579} INFO - at org.apache.spark.sql.catalyst.analysis.Analyzer.executeAndCheck(Analyzer.scala:322)
[2026-04-03T07:56:39.319+0000] {spark_submit.py:579} INFO - at org.apache.spark.sql.execution.QueryExecution.$anonfun$lazyAnalyzed$2(QueryExecution.scala:139)
[2026-04-03T07:56:39.319+0000] {spark_submit.py:579} INFO - at org.apache.spark.sql.catalyst.QueryPlanningTracker.measurePhase(QueryPlanningTracker.scala:148)
[2026-04-03T07:56:39.319+0000] {spark_submit.py:579} INFO - at org.apache.spark.sql.execution.QueryExecution.$anonfun$executePhase$2(QueryExecution.scala:330)
[2026-04-03T07:56:39.320+0000] {spark_submit.py:579} INFO - at org.apache.spark.sql.execution.QueryExecution$.withInternalError(QueryExecution.scala:717)
[2026-04-03T07:56:39.320+0000] {spark_submit.py:579} INFO - at org.apache.spark.sql.execution.QueryExecution.$anonfun$executePhase$1(QueryExecution.scala:330)
[2026-04-03T07:56:39.320+0000] {spark_submit.py:579} INFO - at org.apache.spark.sql.SparkSession.withActive(SparkSession.scala:804)
[2026-04-03T07:56:39.320+0000] {spark_submit.py:579} INFO - at org.apache.spark.sql.execution.QueryExecution.executePhase(QueryExecution.scala:329)
[2026-04-03T07:56:39.320+0000] {spark_submit.py:579} INFO - at org.apache.spark.sql.execution.QueryExecution.$anonfun$lazyAnalyzed$1(QueryExecution.scala:139)
[2026-04-03T07:56:39.321+0000] {spark_submit.py:579} INFO - at scala.util.Try$.apply(Try.scala:217)
[2026-04-03T07:56:39.321+0000] {spark_submit.py:579} INFO - at org.apache.spark.util.Utils$.doTryWithCallerStacktrace(Utils.scala:1392)
[2026-04-03T07:56:39.321+0000] {spark_submit.py:579} INFO - at org.apache.spark.util.LazyTry.tryT$lzycompute(LazyTry.scala:46)
[2026-04-03T07:56:39.322+0000] {spark_submit.py:579} INFO - at org.apache.spark.util.LazyTry.tryT(LazyTry.scala:46)
[2026-04-03T07:56:39.322+0000] {spark_submit.py:579} INFO - ... 22 more
[2026-04-03T07:56:39.322+0000] {spark_submit.py:579} INFO - 
[2026-04-03T07:56:39.592+0000] {taskinstance.py:3313} ERROR - Task failed with exception
Traceback (most recent call last):
  File "/home/airflow/.local/lib/python3.12/site-packages/airflow/models/taskinstance.py", line 768, in _execute_task
    result = _execute_callable(context=context, **execute_callable_kwargs)
             ^^^^^^^^^^^^^^^^^^^^^^^^^^^^^^^^^^^^^^^^^^^^^^^^^^^^^^^^^^^^^
  File "/home/airflow/.local/lib/python3.12/site-packages/airflow/models/taskinstance.py", line 734, in _execute_callable
    return ExecutionCallableRunner(
           ^^^^^^^^^^^^^^^^^^^^^^^^
  File "/home/airflow/.local/lib/python3.12/site-packages/airflow/utils/operator_helpers.py", line 252, in run
    return self.func(*args, **kwargs)
           ^^^^^^^^^^^^^^^^^^^^^^^^^^
  File "/home/airflow/.local/lib/python3.12/site-packages/airflow/models/baseoperator.py", line 424, in wrapper
    return func(self, *args, **kwargs)
           ^^^^^^^^^^^^^^^^^^^^^^^^^^^
  File "/home/airflow/.local/lib/python3.12/site-packages/airflow/providers/apache/spark/operators/spark_submit.py", line 174, in execute
    self._hook.submit(self.application)
  File "/home/airflow/.local/lib/python3.12/site-packages/airflow/providers/apache/spark/hooks/spark_submit.py", line 505, in submit
    raise AirflowException(
airflow.exceptions.AirflowException: Cannot execute: /opt/spark_dist/bin/spark-submit --master spark://spark-master:7077 --conf spark.driver.extraClassPath=/opt/***/plugins/postgresql-42.7.2.jar --conf spark.executor.extraClassPath=/opt/bitnami/spark/extra-jars/postgresql-42.7.2.jar --conf spark.driver.host=***_scheduler --conf spark.driver.bindAddress=0.0.0.0 --jars /opt/***/plugins/postgresql-42.7.2.jar --name sensor_elt_job --verbose --deploy-mode client /opt/***/scripts/process_data.py. Error code is: 1.
[2026-04-03T07:56:39.616+0000] {taskinstance.py:1226} INFO - Marking task as UP_FOR_RETRY. dag_id=02_industrial_sensor_elt, task_id=run_sensor_elt, run_id=manual__2026-04-03T07:49:33.294184+00:00, execution_date=20260403T074933, start_date=20260403T074934, end_date=20260403T075639
[2026-04-03T07:56:39.718+0000] {taskinstance.py:341} INFO - ::group::Post task execution logs
[2026-04-03T07:56:39.719+0000] {standard_task_runner.py:124} ERROR - Failed to execute job 2 for task run_sensor_elt (Cannot execute: /opt/spark_dist/bin/spark-submit --master spark://spark-master:7077 --conf spark.driver.extraClassPath=/opt/***/plugins/postgresql-42.7.2.jar --conf spark.executor.extraClassPath=/opt/bitnami/spark/extra-jars/postgresql-42.7.2.jar --conf spark.driver.host=***_scheduler --conf spark.driver.bindAddress=0.0.0.0 --jars /opt/***/plugins/postgresql-42.7.2.jar --name sensor_elt_job --verbose --deploy-mode client /opt/***/scripts/process_data.py. Error code is: 1.; 547)
Traceback (most recent call last):
  File "/home/airflow/.local/lib/python3.12/site-packages/airflow/task/task_runner/standard_task_runner.py", line 117, in _start_by_fork
    ret = args.func(args, dag=self.dag)
          ^^^^^^^^^^^^^^^^^^^^^^^^^^^^^
  File "/home/airflow/.local/lib/python3.12/site-packages/airflow/cli/cli_config.py", line 49, in command
    return func(*args, **kwargs)
           ^^^^^^^^^^^^^^^^^^^^^
  File "/home/airflow/.local/lib/python3.12/site-packages/airflow/utils/cli.py", line 116, in wrapper
    return f(*args, **kwargs)
           ^^^^^^^^^^^^^^^^^^
  File "/home/airflow/.local/lib/python3.12/site-packages/airflow/cli/commands/task_command.py", line 483, in task_run
    task_return_code = _run_task_by_selected_method(args, _dag, ti)
                       ^^^^^^^^^^^^^^^^^^^^^^^^^^^^^^^^^^^^^^^^^^^^
  File "/home/airflow/.local/lib/python3.12/site-packages/airflow/cli/commands/task_command.py", line 256, in _run_task_by_selected_method
    return _run_raw_task(args, ti)
           ^^^^^^^^^^^^^^^^^^^^^^^
  File "/home/airflow/.local/lib/python3.12/site-packages/airflow/cli/commands/task_command.py", line 341, in _run_raw_task
    return ti._run_raw_task(
           ^^^^^^^^^^^^^^^^^
  File "/home/airflow/.local/lib/python3.12/site-packages/airflow/utils/session.py", line 97, in wrapper
    return func(*args, session=session, **kwargs)
           ^^^^^^^^^^^^^^^^^^^^^^^^^^^^^^^^^^^^^^
  File "/home/airflow/.local/lib/python3.12/site-packages/airflow/models/taskinstance.py", line 3006, in _run_raw_task
    return _run_raw_task(
           ^^^^^^^^^^^^^^
  File "/home/airflow/.local/lib/python3.12/site-packages/airflow/models/taskinstance.py", line 274, in _run_raw_task
    TaskInstance._execute_task_with_callbacks(
  File "/home/airflow/.local/lib/python3.12/site-packages/airflow/models/taskinstance.py", line 3161, in _execute_task_with_callbacks
    result = self._execute_task(context, task_orig)
             ^^^^^^^^^^^^^^^^^^^^^^^^^^^^^^^^^^^^^^
  File "/home/airflow/.local/lib/python3.12/site-packages/airflow/models/taskinstance.py", line 3185, in _execute_task
    return _execute_task(self, context, task_orig)
           ^^^^^^^^^^^^^^^^^^^^^^^^^^^^^^^^^^^^^^^
  File "/home/airflow/.local/lib/python3.12/site-packages/airflow/models/taskinstance.py", line 768, in _execute_task
    result = _execute_callable(context=context, **execute_callable_kwargs)
             ^^^^^^^^^^^^^^^^^^^^^^^^^^^^^^^^^^^^^^^^^^^^^^^^^^^^^^^^^^^^^
  File "/home/airflow/.local/lib/python3.12/site-packages/airflow/models/taskinstance.py", line 734, in _execute_callable
    return ExecutionCallableRunner(
           ^^^^^^^^^^^^^^^^^^^^^^^^
  File "/home/airflow/.local/lib/python3.12/site-packages/airflow/utils/operator_helpers.py", line 252, in run
    return self.func(*args, **kwargs)
           ^^^^^^^^^^^^^^^^^^^^^^^^^^
  File "/home/airflow/.local/lib/python3.12/site-packages/airflow/models/baseoperator.py", line 424, in wrapper
    return func(self, *args, **kwargs)
           ^^^^^^^^^^^^^^^^^^^^^^^^^^^
  File "/home/airflow/.local/lib/python3.12/site-packages/airflow/providers/apache/spark/operators/spark_submit.py", line 174, in execute
    self._hook.submit(self.application)
  File "/home/airflow/.local/lib/python3.12/site-packages/airflow/providers/apache/spark/hooks/spark_submit.py", line 505, in submit
    raise AirflowException(
airflow.exceptions.AirflowException: Cannot execute: /opt/spark_dist/bin/spark-submit --master spark://spark-master:7077 --conf spark.driver.extraClassPath=/opt/***/plugins/postgresql-42.7.2.jar --conf spark.executor.extraClassPath=/opt/bitnami/spark/extra-jars/postgresql-42.7.2.jar --conf spark.driver.host=***_scheduler --conf spark.driver.bindAddress=0.0.0.0 --jars /opt/***/plugins/postgresql-42.7.2.jar --name sensor_elt_job --verbose --deploy-mode client /opt/***/scripts/process_data.py. Error code is: 1.
[2026-04-03T07:56:39.765+0000] {local_task_job_runner.py:266} INFO - Task exited with return code 1
[2026-04-03T07:56:39.827+0000] {taskinstance.py:3901} INFO - 0 downstream tasks scheduled from follow-on schedule check
[2026-04-03T07:56:39.834+0000] {local_task_job_runner.py:245} INFO - ::endgroup::
