[2026-04-03T08:03:39.576+0000] {local_task_job_runner.py:123} INFO - ::group::Pre task execution logs
[2026-04-03T08:03:39.631+0000] {taskinstance.py:2614} INFO - Dependencies all met for dep_context=non-requeueable deps ti=<TaskInstance: 02_industrial_sensor_elt.run_sensor_elt manual__2026-04-03T08:03:38.980343+00:00 [queued]>
[2026-04-03T08:03:39.650+0000] {taskinstance.py:2614} INFO - Dependencies all met for dep_context=requeueable deps ti=<TaskInstance: 02_industrial_sensor_elt.run_sensor_elt manual__2026-04-03T08:03:38.980343+00:00 [queued]>
[2026-04-03T08:03:39.650+0000] {taskinstance.py:2867} INFO - Starting attempt 1 of 2
[2026-04-03T08:03:39.678+0000] {taskinstance.py:2890} INFO - Executing <Task(SparkSubmitOperator): run_sensor_elt> on 2026-04-03 08:03:38.980343+00:00
[2026-04-03T08:03:39.698+0000] {standard_task_runner.py:104} INFO - Running: ['***', 'tasks', 'run', '02_industrial_sensor_elt', 'run_sensor_elt', 'manual__2026-04-03T08:03:38.980343+00:00', '--job-id', '5', '--raw', '--subdir', 'DAGS_FOLDER/dag_datalab_main.py', '--cfg-path', '/tmp/tmpdxr3n5da']
[2026-04-03T08:03:39.702+0000] {standard_task_runner.py:105} INFO - Job 5: Subtask run_sensor_elt
[2026-04-03T08:03:39.704+0000] {logging_mixin.py:190} WARNING - /home/***/.local/lib/python3.12/site-packages/***/task/task_runner/standard_task_runner.py:70 DeprecationWarning: This process (pid=1425) is multi-threaded, use of fork() may lead to deadlocks in the child.
[2026-04-03T08:03:39.705+0000] {standard_task_runner.py:72} INFO - Started process 1427 to run task
[2026-04-03T08:03:39.825+0000] {task_command.py:467} INFO - Running <TaskInstance: 02_industrial_sensor_elt.run_sensor_elt manual__2026-04-03T08:03:38.980343+00:00 [running]> on host fc8b7795bdf4
[2026-04-03T08:03:40.044+0000] {taskinstance.py:3134} INFO - Exporting env vars: AIRFLOW_CTX_DAG_OWNER='juan_pablo' AIRFLOW_CTX_DAG_ID='02_industrial_sensor_elt' AIRFLOW_CTX_TASK_ID='run_sensor_elt' AIRFLOW_CTX_EXECUTION_DATE='2026-04-03T08:03:38.980343+00:00' AIRFLOW_CTX_TRY_NUMBER='1' AIRFLOW_CTX_DAG_RUN_ID='manual__2026-04-03T08:03:38.980343+00:00'
[2026-04-03T08:03:40.045+0000] {taskinstance.py:732} INFO - ::endgroup::
[2026-04-03T08:03:40.103+0000] {base.py:84} INFO - Retrieving connection 'spark_new'
[2026-04-03T08:03:40.105+0000] {spark_submit.py:403} INFO - Spark-Submit cmd: /opt/spark_dist/bin/spark-submit --master spark://spark-master:7077 --conf spark.driver.extraClassPath=/opt/***/plugins/postgresql-42.7.2.jar --conf spark.executor.extraClassPath=/opt/bitnami/spark/extra-jars/postgresql-42.7.2.jar --conf spark.driver.host=***_scheduler --conf spark.driver.bindAddress=0.0.0.0 --conf spark.sql.shuffle.partitions=2 --conf spark.default.parallelism=2 --conf spark.driver.extraJavaOptions=-Dderby.system.home=/tmp --jars /opt/***/plugins/postgresql-42.7.2.jar --name sensor_elt_job --verbose --deploy-mode client /opt/***/scripts/process_data.py
[2026-04-03T08:03:40.750+0000] {spark_submit.py:579} INFO - WARNING: Using incubator modules: jdk.incubator.vector
[2026-04-03T08:03:42.875+0000] {spark_submit.py:579} INFO - Using properties file: /opt/spark_dist/conf/spark-defaults.conf
[2026-04-03T08:03:43.469+0000] {spark_submit.py:579} INFO - Parsed arguments:
[2026-04-03T08:03:43.470+0000] {spark_submit.py:579} INFO - master                  spark://spark-master:7077
[2026-04-03T08:03:43.471+0000] {spark_submit.py:579} INFO - remote                  null
[2026-04-03T08:03:43.471+0000] {spark_submit.py:579} INFO - deployMode              client
[2026-04-03T08:03:43.472+0000] {spark_submit.py:579} INFO - executorMemory          null
[2026-04-03T08:03:43.472+0000] {spark_submit.py:579} INFO - executorCores           null
[2026-04-03T08:03:43.472+0000] {spark_submit.py:579} INFO - totalExecutorCores      null
[2026-04-03T08:03:43.472+0000] {spark_submit.py:579} INFO - propertiesFile          null
[2026-04-03T08:03:43.473+0000] {spark_submit.py:579} INFO - driverMemory            null
[2026-04-03T08:03:43.473+0000] {spark_submit.py:579} INFO - driverCores             null
[2026-04-03T08:03:43.473+0000] {spark_submit.py:579} INFO - driverExtraClassPath    /opt/***/plugins/postgresql-42.7.2.jar
[2026-04-03T08:03:43.473+0000] {spark_submit.py:579} INFO - driverExtraLibraryPath  null
[2026-04-03T08:03:43.474+0000] {spark_submit.py:579} INFO - driverExtraJavaOptions  -Dderby.system.home=/tmp
[2026-04-03T08:03:43.474+0000] {spark_submit.py:579} INFO - supervise               false
[2026-04-03T08:03:43.474+0000] {spark_submit.py:579} INFO - queue                   null
[2026-04-03T08:03:43.474+0000] {spark_submit.py:579} INFO - numExecutors            null
[2026-04-03T08:03:43.474+0000] {spark_submit.py:579} INFO - files                   null
[2026-04-03T08:03:43.475+0000] {spark_submit.py:579} INFO - pyFiles                 null
[2026-04-03T08:03:43.475+0000] {spark_submit.py:579} INFO - archives                null
[2026-04-03T08:03:43.475+0000] {spark_submit.py:579} INFO - mainClass               null
[2026-04-03T08:03:43.475+0000] {spark_submit.py:579} INFO - primaryResource         file:/opt/***/scripts/process_data.py
[2026-04-03T08:03:43.476+0000] {spark_submit.py:579} INFO - name                    sensor_elt_job
[2026-04-03T08:03:43.476+0000] {spark_submit.py:579} INFO - childArgs               []
[2026-04-03T08:03:43.476+0000] {spark_submit.py:579} INFO - jars                    file:/opt/***/plugins/postgresql-42.7.2.jar
[2026-04-03T08:03:43.476+0000] {spark_submit.py:579} INFO - packages                null
[2026-04-03T08:03:43.477+0000] {spark_submit.py:579} INFO - packagesExclusions      null
[2026-04-03T08:03:43.477+0000] {spark_submit.py:579} INFO - repositories            null
[2026-04-03T08:03:43.477+0000] {spark_submit.py:579} INFO - verbose                 true
[2026-04-03T08:03:43.477+0000] {spark_submit.py:579} INFO - 
[2026-04-03T08:03:43.477+0000] {spark_submit.py:579} INFO - Spark properties used, including those specified through
[2026-04-03T08:03:43.478+0000] {spark_submit.py:579} INFO - --conf and those from the properties file null:
[2026-04-03T08:03:43.478+0000] {spark_submit.py:579} INFO - (spark.default.parallelism,2)
[2026-04-03T08:03:43.478+0000] {spark_submit.py:579} INFO - (spark.driver.bindAddress,0.0.0.0)
[2026-04-03T08:03:43.478+0000] {spark_submit.py:579} INFO - (spark.driver.extraClassPath,/opt/***/plugins/postgresql-42.7.2.jar)
[2026-04-03T08:03:43.479+0000] {spark_submit.py:579} INFO - (spark.driver.extraJavaOptions,-Dderby.system.home=/tmp)
[2026-04-03T08:03:43.479+0000] {spark_submit.py:579} INFO - (spark.driver.host,***_scheduler)
[2026-04-03T08:03:43.479+0000] {spark_submit.py:579} INFO - (spark.executor.extraClassPath,/opt/bitnami/spark/extra-jars/postgresql-42.7.2.jar)
[2026-04-03T08:03:43.480+0000] {spark_submit.py:579} INFO - (spark.sql.shuffle.partitions,2)
[2026-04-03T08:03:43.480+0000] {spark_submit.py:579} INFO - 
[2026-04-03T08:03:43.480+0000] {spark_submit.py:579} INFO - 
[2026-04-03T08:03:44.078+0000] {spark_submit.py:579} INFO - 26/04/03 08:03:44 WARN NativeCodeLoader: Unable to load native-hadoop library for your platform... using builtin-java classes where applicable
[2026-04-03T08:03:44.391+0000] {spark_submit.py:579} INFO - Main class:
[2026-04-03T08:03:44.391+0000] {spark_submit.py:579} INFO - org.apache.spark.deploy.PythonRunner
[2026-04-03T08:03:44.393+0000] {spark_submit.py:579} INFO - Arguments:
[2026-04-03T08:03:44.393+0000] {spark_submit.py:579} INFO - file:/opt/***/scripts/process_data.py
[2026-04-03T08:03:44.394+0000] {spark_submit.py:579} INFO - null
[2026-04-03T08:03:44.396+0000] {spark_submit.py:579} INFO - Spark config:
[2026-04-03T08:03:44.396+0000] {spark_submit.py:579} INFO - (spark.app.name,sensor_elt_job)
[2026-04-03T08:03:44.397+0000] {spark_submit.py:579} INFO - (spark.app.submitTime,1775203424340)
[2026-04-03T08:03:44.397+0000] {spark_submit.py:579} INFO - (spark.default.parallelism,2)
[2026-04-03T08:03:44.397+0000] {spark_submit.py:579} INFO - (spark.driver.bindAddress,0.0.0.0)
[2026-04-03T08:03:44.397+0000] {spark_submit.py:579} INFO - (spark.driver.extraClassPath,/opt/***/plugins/postgresql-42.7.2.jar)
[2026-04-03T08:03:44.398+0000] {spark_submit.py:579} INFO - (spark.driver.extraJavaOptions,-Dderby.system.home=/tmp)
[2026-04-03T08:03:44.398+0000] {spark_submit.py:579} INFO - (spark.driver.host,***_scheduler)
[2026-04-03T08:03:44.398+0000] {spark_submit.py:579} INFO - (spark.executor.extraClassPath,/opt/bitnami/spark/extra-jars/postgresql-42.7.2.jar)
[2026-04-03T08:03:44.399+0000] {spark_submit.py:579} INFO - (spark.jars,file:///opt/***/plugins/postgresql-42.7.2.jar)
[2026-04-03T08:03:44.399+0000] {spark_submit.py:579} INFO - (spark.master,spark://spark-master:7077)
[2026-04-03T08:03:44.399+0000] {spark_submit.py:579} INFO - (spark.repl.local.jars,file:///opt/***/plugins/postgresql-42.7.2.jar)
[2026-04-03T08:03:44.399+0000] {spark_submit.py:579} INFO - (spark.sql.shuffle.partitions,2)
[2026-04-03T08:03:44.400+0000] {spark_submit.py:579} INFO - (spark.submit.deployMode,client)
[2026-04-03T08:03:44.400+0000] {spark_submit.py:579} INFO - (spark.submit.pyFiles,)
[2026-04-03T08:03:44.400+0000] {spark_submit.py:579} INFO - Classpath elements:
[2026-04-03T08:03:44.400+0000] {spark_submit.py:579} INFO - file:///opt/***/plugins/postgresql-42.7.2.jar
[2026-04-03T08:03:44.401+0000] {spark_submit.py:579} INFO - 
[2026-04-03T08:03:44.401+0000] {spark_submit.py:579} INFO - 
[2026-04-03T08:03:45.715+0000] {spark_submit.py:579} INFO - Using Spark's default log4j profile: org/apache/spark/log4j2-defaults.properties
[2026-04-03T08:03:45.723+0000] {spark_submit.py:579} INFO - 26/04/03 08:03:45 INFO SparkContext: Running Spark version 4.1.1
[2026-04-03T08:03:45.725+0000] {spark_submit.py:579} INFO - 26/04/03 08:03:45 INFO SparkContext: OS info Linux, 6.18.13-200.fc43.x86_64, amd64
[2026-04-03T08:03:45.725+0000] {spark_submit.py:579} INFO - 26/04/03 08:03:45 INFO SparkContext: Java version 17.0.18+8-Debian-1deb12u1
[2026-04-03T08:03:45.778+0000] {spark_submit.py:579} INFO - 26/04/03 08:03:45 INFO ResourceUtils: ==============================================================
[2026-04-03T08:03:45.778+0000] {spark_submit.py:579} INFO - 26/04/03 08:03:45 INFO ResourceUtils: No custom resources configured for spark.driver.
[2026-04-03T08:03:45.779+0000] {spark_submit.py:579} INFO - 26/04/03 08:03:45 INFO ResourceUtils: ==============================================================
[2026-04-03T08:03:45.780+0000] {spark_submit.py:579} INFO - 26/04/03 08:03:45 INFO SparkContext: Submitted application: Industrial-ELT-Pipeline
[2026-04-03T08:03:45.908+0000] {spark_submit.py:579} INFO - 26/04/03 08:03:45 INFO SecurityManager: Changing view acls to: default
[2026-04-03T08:03:45.909+0000] {spark_submit.py:579} INFO - 26/04/03 08:03:45 INFO SecurityManager: Changing modify acls to: default
[2026-04-03T08:03:45.910+0000] {spark_submit.py:579} INFO - 26/04/03 08:03:45 INFO SecurityManager: Changing view acls groups to: default
[2026-04-03T08:03:45.912+0000] {spark_submit.py:579} INFO - 26/04/03 08:03:45 INFO SecurityManager: Changing modify acls groups to: default
[2026-04-03T08:03:45.914+0000] {spark_submit.py:579} INFO - 26/04/03 08:03:45 INFO SecurityManager: SecurityManager: authentication disabled; ui acls disabled; users with view permissions: default groups with view permissions: EMPTY; users with modify permissions: default; groups with modify permissions: EMPTY; RPC SSL disabled
[2026-04-03T08:03:46.509+0000] {spark_submit.py:579} INFO - 26/04/03 08:03:46 INFO Utils: Successfully started service 'sparkDriver' on port 46371.
[2026-04-03T08:03:46.558+0000] {spark_submit.py:579} INFO - 26/04/03 08:03:46 INFO SparkEnv: Registering MapOutputTracker
[2026-04-03T08:03:46.582+0000] {spark_submit.py:579} INFO - 26/04/03 08:03:46 INFO SparkEnv: Registering BlockManagerMaster
[2026-04-03T08:03:46.616+0000] {spark_submit.py:579} INFO - 26/04/03 08:03:46 INFO BlockManagerMasterEndpoint: Using org.apache.spark.storage.DefaultTopologyMapper for getting topology information
[2026-04-03T08:03:46.617+0000] {spark_submit.py:579} INFO - 26/04/03 08:03:46 INFO BlockManagerMasterEndpoint: BlockManagerMasterEndpoint up
[2026-04-03T08:03:46.625+0000] {spark_submit.py:579} INFO - 26/04/03 08:03:46 INFO SparkEnv: Registering BlockManagerMasterHeartbeat
[2026-04-03T08:03:46.679+0000] {spark_submit.py:579} INFO - 26/04/03 08:03:46 INFO DiskBlockManager: Created local directory at /tmp/blockmgr-38519558-56a5-4808-8df5-417a7cc6edca
[2026-04-03T08:03:46.740+0000] {spark_submit.py:579} INFO - 26/04/03 08:03:46 INFO SparkEnv: Registering OutputCommitCoordinator
[2026-04-03T08:03:47.035+0000] {spark_submit.py:579} INFO - 26/04/03 08:03:47 INFO JettyUtils: Start Jetty 0.0.0.0:4040 for SparkUI
[2026-04-03T08:03:47.176+0000] {spark_submit.py:579} INFO - 26/04/03 08:03:47 WARN Utils: Service 'SparkUI' could not bind on port 4040. Attempting port 4041.
[2026-04-03T08:03:47.196+0000] {spark_submit.py:579} INFO - 26/04/03 08:03:47 INFO Utils: Successfully started service 'SparkUI' on port 4041.
[2026-04-03T08:03:47.279+0000] {spark_submit.py:579} INFO - 26/04/03 08:03:47 ERROR SparkContext: Failed to add /opt/bitnami/spark/extra-jars/postgresql-42.7.2.jar to Spark environment
[2026-04-03T08:03:47.280+0000] {spark_submit.py:579} INFO - java.io.FileNotFoundException: Jar /opt/bitnami/spark/extra-jars/postgresql-42.7.2.jar not found
[2026-04-03T08:03:47.280+0000] {spark_submit.py:579} INFO - at org.apache.spark.SparkContext.addLocalJarFile$1(SparkContext.scala:2185)
[2026-04-03T08:03:47.281+0000] {spark_submit.py:579} INFO - at org.apache.spark.SparkContext.addJar(SparkContext.scala:2241)
[2026-04-03T08:03:47.281+0000] {spark_submit.py:579} INFO - at org.apache.spark.SparkContext.$anonfun$new$16(SparkContext.scala:544)
[2026-04-03T08:03:47.281+0000] {spark_submit.py:579} INFO - at org.apache.spark.SparkContext.$anonfun$new$16$adapted(SparkContext.scala:544)
[2026-04-03T08:03:47.281+0000] {spark_submit.py:579} INFO - at scala.collection.IterableOnceOps.foreach(IterableOnce.scala:630)
[2026-04-03T08:03:47.282+0000] {spark_submit.py:579} INFO - at scala.collection.IterableOnceOps.foreach$(IterableOnce.scala:628)
[2026-04-03T08:03:47.282+0000] {spark_submit.py:579} INFO - at scala.collection.AbstractIterable.foreach(Iterable.scala:936)
[2026-04-03T08:03:47.283+0000] {spark_submit.py:579} INFO - at org.apache.spark.SparkContext.<init>(SparkContext.scala:544)
[2026-04-03T08:03:47.283+0000] {spark_submit.py:579} INFO - at org.apache.spark.api.java.JavaSparkContext.<init>(JavaSparkContext.scala:59)
[2026-04-03T08:03:47.283+0000] {spark_submit.py:579} INFO - at java.base/jdk.internal.reflect.NativeConstructorAccessorImpl.newInstance0(Native Method)
[2026-04-03T08:03:47.283+0000] {spark_submit.py:579} INFO - at java.base/jdk.internal.reflect.NativeConstructorAccessorImpl.newInstance(NativeConstructorAccessorImpl.java:77)
[2026-04-03T08:03:47.284+0000] {spark_submit.py:579} INFO - at java.base/jdk.internal.reflect.DelegatingConstructorAccessorImpl.newInstance(DelegatingConstructorAccessorImpl.java:45)
[2026-04-03T08:03:47.284+0000] {spark_submit.py:579} INFO - at java.base/java.lang.reflect.Constructor.newInstanceWithCaller(Constructor.java:500)
[2026-04-03T08:03:47.284+0000] {spark_submit.py:579} INFO - at java.base/java.lang.reflect.Constructor.newInstance(Constructor.java:481)
[2026-04-03T08:03:47.285+0000] {spark_submit.py:579} INFO - at py4j.reflection.MethodInvoker.invoke(MethodInvoker.java:247)
[2026-04-03T08:03:47.285+0000] {spark_submit.py:579} INFO - at py4j.reflection.ReflectionEngine.invoke(ReflectionEngine.java:374)
[2026-04-03T08:03:47.285+0000] {spark_submit.py:579} INFO - at py4j.Gateway.invoke(Gateway.java:238)
[2026-04-03T08:03:47.285+0000] {spark_submit.py:579} INFO - at py4j.commands.ConstructorCommand.invokeConstructor(ConstructorCommand.java:80)
[2026-04-03T08:03:47.286+0000] {spark_submit.py:579} INFO - at py4j.commands.ConstructorCommand.execute(ConstructorCommand.java:69)
[2026-04-03T08:03:47.286+0000] {spark_submit.py:579} INFO - at py4j.ClientServerConnection.waitForCommands(ClientServerConnection.java:184)
[2026-04-03T08:03:47.286+0000] {spark_submit.py:579} INFO - at py4j.ClientServerConnection.run(ClientServerConnection.java:108)
[2026-04-03T08:03:47.286+0000] {spark_submit.py:579} INFO - at java.base/java.lang.Thread.run(Thread.java:840)
[2026-04-03T08:03:47.339+0000] {spark_submit.py:579} INFO - 26/04/03 08:03:47 INFO ResourceProfile: Default ResourceProfile created, executor resources: Map(memory -> name: memory, amount: 1024, script: , vendor: , offHeap -> name: offHeap, amount: 0, script: , vendor: ), task resources: Map(cpus -> name: cpus, amount: 1.0)
[2026-04-03T08:03:47.343+0000] {spark_submit.py:579} INFO - 26/04/03 08:03:47 INFO ResourceProfile: Limiting resource is cpu
[2026-04-03T08:03:47.344+0000] {spark_submit.py:579} INFO - 26/04/03 08:03:47 INFO ResourceProfileManager: Added ResourceProfile id: 0
[2026-04-03T08:03:47.367+0000] {spark_submit.py:579} INFO - 26/04/03 08:03:47 INFO SecurityManager: Changing view acls to: default
[2026-04-03T08:03:47.368+0000] {spark_submit.py:579} INFO - 26/04/03 08:03:47 INFO SecurityManager: Changing modify acls to: default
[2026-04-03T08:03:47.369+0000] {spark_submit.py:579} INFO - 26/04/03 08:03:47 INFO SecurityManager: Changing view acls groups to: default
[2026-04-03T08:03:47.369+0000] {spark_submit.py:579} INFO - 26/04/03 08:03:47 INFO SecurityManager: Changing modify acls groups to: default
[2026-04-03T08:03:47.369+0000] {spark_submit.py:579} INFO - 26/04/03 08:03:47 INFO SecurityManager: SecurityManager: authentication disabled; ui acls disabled; users with view permissions: default groups with view permissions: EMPTY; users with modify permissions: default; groups with modify permissions: EMPTY; RPC SSL disabled
[2026-04-03T08:03:47.623+0000] {spark_submit.py:579} INFO - 26/04/03 08:03:47 INFO StandaloneAppClient$ClientEndpoint: Connecting to master spark://spark-master:7077...
[2026-04-03T08:03:47.722+0000] {spark_submit.py:579} INFO - 26/04/03 08:03:47 INFO TransportClientFactory: Successfully created connection to spark-master/172.20.0.4:7077 after 51 ms (0 ms spent in bootstraps)
[2026-04-03T08:03:48.003+0000] {spark_submit.py:579} INFO - 26/04/03 08:03:48 INFO StandaloneSchedulerBackend: Connected to Spark cluster with app ID app-20260403080347-0005
[2026-04-03T08:03:48.018+0000] {spark_submit.py:579} INFO - 26/04/03 08:03:48 INFO Utils: Successfully started service 'org.apache.spark.network.netty.NettyBlockTransferService' on port 38069.
[2026-04-03T08:03:48.019+0000] {spark_submit.py:579} INFO - 26/04/03 08:03:48 INFO NettyBlockTransferService: Server created on ***_scheduler 0.0.0.0:38069
[2026-04-03T08:03:48.024+0000] {spark_submit.py:579} INFO - 26/04/03 08:03:48 INFO BlockManager: Using org.apache.spark.storage.RandomBlockReplicationPolicy for block replication policy
[2026-04-03T08:03:48.070+0000] {spark_submit.py:579} INFO - 26/04/03 08:03:48 INFO BlockManagerMaster: Registering BlockManager BlockManagerId(driver, ***_scheduler, 38069, None)
[2026-04-03T08:03:48.082+0000] {spark_submit.py:579} INFO - 26/04/03 08:03:48 INFO BlockManagerMasterEndpoint: Registering block manager ***_scheduler:38069 with 434.4 MiB RAM, BlockManagerId(driver, ***_scheduler, 38069, None)
[2026-04-03T08:03:48.087+0000] {spark_submit.py:579} INFO - 26/04/03 08:03:48 INFO BlockManagerMaster: Registered BlockManager BlockManagerId(driver, ***_scheduler, 38069, None)
[2026-04-03T08:03:48.091+0000] {spark_submit.py:579} INFO - 26/04/03 08:03:48 INFO BlockManager: Initialized BlockManager: BlockManagerId(driver, ***_scheduler, 38069, None)
[2026-04-03T08:03:48.499+0000] {spark_submit.py:579} INFO - 26/04/03 08:03:48 INFO StandaloneSchedulerBackend: SchedulerBackend is ready for scheduling beginning after reached minRegisteredResourcesRatio: 0.0
[2026-04-03T08:03:54.108+0000] {spark_submit.py:579} INFO - 26/04/03 08:03:54 INFO SharedState: Setting hive.metastore.warehouse.dir ('null') to the value of spark.sql.warehouse.dir.
[2026-04-03T08:03:54.112+0000] {spark_submit.py:579} INFO - 26/04/03 08:03:54 INFO SharedState: Warehouse path is 'file:/opt/***/spark-warehouse'.
[2026-04-03T08:03:55.510+0000] {spark_submit.py:579} INFO - 26/04/03 08:03:55 WARN FileStreamSink: Assume no metadata directory. Error while looking for metadata directory in the path: /data/raw/sensors/*.json.
[2026-04-03T08:03:55.511+0000] {spark_submit.py:579} INFO - java.io.FileNotFoundException: File /data/raw/sensors/*.json does not exist
[2026-04-03T08:03:55.512+0000] {spark_submit.py:579} INFO - at org.apache.hadoop.fs.RawLocalFileSystem.deprecatedGetFileStatus(RawLocalFileSystem.java:980)
[2026-04-03T08:03:55.512+0000] {spark_submit.py:579} INFO - at org.apache.hadoop.fs.RawLocalFileSystem.getFileLinkStatusInternal(RawLocalFileSystem.java:1301)
[2026-04-03T08:03:55.512+0000] {spark_submit.py:579} INFO - at org.apache.hadoop.fs.RawLocalFileSystem.getFileStatus(RawLocalFileSystem.java:970)
[2026-04-03T08:03:55.513+0000] {spark_submit.py:579} INFO - at org.apache.hadoop.fs.FilterFileSystem.getFileStatus(FilterFileSystem.java:462)
[2026-04-03T08:03:55.513+0000] {spark_submit.py:579} INFO - at org.apache.spark.sql.execution.streaming.sinks.FileStreamSink$.hasMetadata(FileStreamSink.scala:58)
[2026-04-03T08:03:55.513+0000] {spark_submit.py:579} INFO - at org.apache.spark.sql.execution.datasources.DataSource.resolveRelation(DataSource.scala:384)
[2026-04-03T08:03:55.513+0000] {spark_submit.py:579} INFO - at org.apache.spark.sql.catalyst.analysis.ResolveDataSource.org$apache$spark$sql$catalyst$analysis$ResolveDataSource$$loadV1BatchSource(ResolveDataSource.scala:143)
[2026-04-03T08:03:55.514+0000] {spark_submit.py:579} INFO - at org.apache.spark.sql.catalyst.analysis.ResolveDataSource$$anonfun$apply$1.$anonfun$applyOrElse$2(ResolveDataSource.scala:61)
[2026-04-03T08:03:55.514+0000] {spark_submit.py:579} INFO - at scala.Option.getOrElse(Option.scala:201)
[2026-04-03T08:03:55.514+0000] {spark_submit.py:579} INFO - at org.apache.spark.sql.catalyst.analysis.ResolveDataSource$$anonfun$apply$1.applyOrElse(ResolveDataSource.scala:61)
[2026-04-03T08:03:55.514+0000] {spark_submit.py:579} INFO - at org.apache.spark.sql.catalyst.analysis.ResolveDataSource$$anonfun$apply$1.applyOrElse(ResolveDataSource.scala:45)
[2026-04-03T08:03:55.514+0000] {spark_submit.py:579} INFO - at org.apache.spark.sql.catalyst.plans.logical.AnalysisHelper.$anonfun$resolveOperatorsUpWithPruning$3(AnalysisHelper.scala:139)
[2026-04-03T08:03:55.516+0000] {spark_submit.py:579} INFO - at org.apache.spark.sql.catalyst.trees.CurrentOrigin$.withOrigin(origin.scala:107)
[2026-04-03T08:03:55.517+0000] {spark_submit.py:579} INFO - at org.apache.spark.sql.catalyst.plans.logical.AnalysisHelper.$anonfun$resolveOperatorsUpWithPruning$1(AnalysisHelper.scala:139)
[2026-04-03T08:03:55.517+0000] {spark_submit.py:579} INFO - at org.apache.spark.sql.catalyst.plans.logical.AnalysisHelper$.allowInvokingTransformsInAnalyzer(AnalysisHelper.scala:416)
[2026-04-03T08:03:55.518+0000] {spark_submit.py:579} INFO - at org.apache.spark.sql.catalyst.plans.logical.AnalysisHelper.resolveOperatorsUpWithPruning(AnalysisHelper.scala:135)
[2026-04-03T08:03:55.518+0000] {spark_submit.py:579} INFO - at org.apache.spark.sql.catalyst.plans.logical.AnalysisHelper.resolveOperatorsUpWithPruning$(AnalysisHelper.scala:131)
[2026-04-03T08:03:55.518+0000] {spark_submit.py:579} INFO - at org.apache.spark.sql.catalyst.plans.logical.LogicalPlan.resolveOperatorsUpWithPruning(LogicalPlan.scala:37)
[2026-04-03T08:03:55.518+0000] {spark_submit.py:579} INFO - at org.apache.spark.sql.catalyst.plans.logical.AnalysisHelper.resolveOperatorsUp(AnalysisHelper.scala:112)
[2026-04-03T08:03:55.518+0000] {spark_submit.py:579} INFO - at org.apache.spark.sql.catalyst.plans.logical.AnalysisHelper.resolveOperatorsUp$(AnalysisHelper.scala:111)
[2026-04-03T08:03:55.519+0000] {spark_submit.py:579} INFO - at org.apache.spark.sql.catalyst.plans.logical.LogicalPlan.resolveOperatorsUp(LogicalPlan.scala:37)
[2026-04-03T08:03:55.519+0000] {spark_submit.py:579} INFO - at org.apache.spark.sql.catalyst.analysis.ResolveDataSource.apply(ResolveDataSource.scala:45)
[2026-04-03T08:03:55.519+0000] {spark_submit.py:579} INFO - at org.apache.spark.sql.catalyst.analysis.ResolveDataSource.apply(ResolveDataSource.scala:43)
[2026-04-03T08:03:55.519+0000] {spark_submit.py:579} INFO - at org.apache.spark.sql.catalyst.rules.RuleExecutor.$anonfun$execute$2(RuleExecutor.scala:248)
[2026-04-03T08:03:55.520+0000] {spark_submit.py:579} INFO - at scala.collection.LinearSeqOps.foldLeft(LinearSeq.scala:183)
[2026-04-03T08:03:55.520+0000] {spark_submit.py:579} INFO - at scala.collection.LinearSeqOps.foldLeft$(LinearSeq.scala:179)
[2026-04-03T08:03:55.520+0000] {spark_submit.py:579} INFO - at scala.collection.immutable.List.foldLeft(List.scala:79)
[2026-04-03T08:03:55.520+0000] {spark_submit.py:579} INFO - at org.apache.spark.sql.catalyst.rules.RuleExecutor.$anonfun$execute$1(RuleExecutor.scala:245)
[2026-04-03T08:03:55.521+0000] {spark_submit.py:579} INFO - at org.apache.spark.sql.catalyst.rules.RuleExecutor.$anonfun$execute$1$adapted(RuleExecutor.scala:237)
[2026-04-03T08:03:55.521+0000] {spark_submit.py:579} INFO - at scala.collection.immutable.List.foreach(List.scala:323)
[2026-04-03T08:03:55.521+0000] {spark_submit.py:579} INFO - at org.apache.spark.sql.catalyst.rules.RuleExecutor.execute(RuleExecutor.scala:237)
[2026-04-03T08:03:55.522+0000] {spark_submit.py:579} INFO - at org.apache.spark.sql.catalyst.analysis.Analyzer.org$apache$spark$sql$catalyst$analysis$Analyzer$$executeSameContext(Analyzer.scala:343)
[2026-04-03T08:03:55.522+0000] {spark_submit.py:579} INFO - at org.apache.spark.sql.catalyst.analysis.Analyzer.$anonfun$execute$1(Analyzer.scala:339)
[2026-04-03T08:03:55.522+0000] {spark_submit.py:579} INFO - at org.apache.spark.sql.catalyst.analysis.AnalysisContext$.withNewAnalysisContext(Analyzer.scala:224)
[2026-04-03T08:03:55.523+0000] {spark_submit.py:579} INFO - at org.apache.spark.sql.catalyst.analysis.Analyzer.execute(Analyzer.scala:339)
[2026-04-03T08:03:55.523+0000] {spark_submit.py:579} INFO - at org.apache.spark.sql.catalyst.analysis.Analyzer.execute(Analyzer.scala:289)
[2026-04-03T08:03:55.523+0000] {spark_submit.py:579} INFO - at org.apache.spark.sql.catalyst.rules.RuleExecutor.$anonfun$executeAndTrack$1(RuleExecutor.scala:207)
[2026-04-03T08:03:55.524+0000] {spark_submit.py:579} INFO - at org.apache.spark.sql.catalyst.QueryPlanningTracker$.withTracker(QueryPlanningTracker.scala:89)
[2026-04-03T08:03:55.524+0000] {spark_submit.py:579} INFO - at org.apache.spark.sql.catalyst.rules.RuleExecutor.executeAndTrack(RuleExecutor.scala:207)
[2026-04-03T08:03:55.524+0000] {spark_submit.py:579} INFO - at org.apache.spark.sql.catalyst.analysis.resolver.HybridAnalyzer.resolveInFixedPoint(HybridAnalyzer.scala:236)
[2026-04-03T08:03:55.525+0000] {spark_submit.py:579} INFO - at org.apache.spark.sql.catalyst.analysis.resolver.HybridAnalyzer.$anonfun$apply$1(HybridAnalyzer.scala:91)
[2026-04-03T08:03:55.525+0000] {spark_submit.py:579} INFO - at org.apache.spark.sql.catalyst.analysis.resolver.HybridAnalyzer.withTrackedAnalyzerBridgeState(HybridAnalyzer.scala:122)
[2026-04-03T08:03:55.525+0000] {spark_submit.py:579} INFO - at org.apache.spark.sql.catalyst.analysis.resolver.HybridAnalyzer.apply(HybridAnalyzer.scala:84)
[2026-04-03T08:03:55.525+0000] {spark_submit.py:579} INFO - at org.apache.spark.sql.catalyst.analysis.Analyzer.$anonfun$executeAndCheck$1(Analyzer.scala:322)
[2026-04-03T08:03:55.526+0000] {spark_submit.py:579} INFO - at org.apache.spark.sql.catalyst.plans.logical.AnalysisHelper$.markInAnalyzer(AnalysisHelper.scala:423)
[2026-04-03T08:03:55.526+0000] {spark_submit.py:579} INFO - at org.apache.spark.sql.catalyst.analysis.Analyzer.executeAndCheck(Analyzer.scala:322)
[2026-04-03T08:03:55.526+0000] {spark_submit.py:579} INFO - at org.apache.spark.sql.execution.QueryExecution.$anonfun$lazyAnalyzed$2(QueryExecution.scala:139)
[2026-04-03T08:03:55.526+0000] {spark_submit.py:579} INFO - at org.apache.spark.sql.catalyst.QueryPlanningTracker.measurePhase(QueryPlanningTracker.scala:148)
[2026-04-03T08:03:55.527+0000] {spark_submit.py:579} INFO - at org.apache.spark.sql.execution.QueryExecution.$anonfun$executePhase$2(QueryExecution.scala:330)
[2026-04-03T08:03:55.527+0000] {spark_submit.py:579} INFO - at org.apache.spark.sql.execution.QueryExecution$.withInternalError(QueryExecution.scala:717)
[2026-04-03T08:03:55.527+0000] {spark_submit.py:579} INFO - at org.apache.spark.sql.execution.QueryExecution.$anonfun$executePhase$1(QueryExecution.scala:330)
[2026-04-03T08:03:55.527+0000] {spark_submit.py:579} INFO - at org.apache.spark.sql.SparkSession.withActive(SparkSession.scala:804)
[2026-04-03T08:03:55.527+0000] {spark_submit.py:579} INFO - at org.apache.spark.sql.execution.QueryExecution.executePhase(QueryExecution.scala:329)
[2026-04-03T08:03:55.528+0000] {spark_submit.py:579} INFO - at org.apache.spark.sql.execution.QueryExecution.$anonfun$lazyAnalyzed$1(QueryExecution.scala:139)
[2026-04-03T08:03:55.528+0000] {spark_submit.py:579} INFO - at scala.util.Try$.apply(Try.scala:217)
[2026-04-03T08:03:55.528+0000] {spark_submit.py:579} INFO - at org.apache.spark.util.Utils$.doTryWithCallerStacktrace(Utils.scala:1392)
[2026-04-03T08:03:55.528+0000] {spark_submit.py:579} INFO - at org.apache.spark.util.LazyTry.tryT$lzycompute(LazyTry.scala:46)
[2026-04-03T08:03:55.529+0000] {spark_submit.py:579} INFO - at org.apache.spark.util.LazyTry.tryT(LazyTry.scala:46)
[2026-04-03T08:03:55.529+0000] {spark_submit.py:579} INFO - at org.apache.spark.util.LazyTry.get(LazyTry.scala:58)
[2026-04-03T08:03:55.529+0000] {spark_submit.py:579} INFO - at org.apache.spark.sql.execution.QueryExecution.analyzed(QueryExecution.scala:150)
[2026-04-03T08:03:55.529+0000] {spark_submit.py:579} INFO - at org.apache.spark.sql.execution.QueryExecution.assertAnalyzed(QueryExecution.scala:90)
[2026-04-03T08:03:55.529+0000] {spark_submit.py:579} INFO - at org.apache.spark.sql.classic.Dataset$.$anonfun$ofRows$1(Dataset.scala:114)
[2026-04-03T08:03:55.530+0000] {spark_submit.py:579} INFO - at org.apache.spark.sql.SparkSession.withActive(SparkSession.scala:804)
[2026-04-03T08:03:55.530+0000] {spark_submit.py:579} INFO - at org.apache.spark.sql.classic.Dataset$.ofRows(Dataset.scala:112)
[2026-04-03T08:03:55.530+0000] {spark_submit.py:579} INFO - at org.apache.spark.sql.classic.DataFrameReader.load(DataFrameReader.scala:108)
[2026-04-03T08:03:55.530+0000] {spark_submit.py:579} INFO - at org.apache.spark.sql.classic.DataFrameReader.load(DataFrameReader.scala:57)
[2026-04-03T08:03:55.531+0000] {spark_submit.py:579} INFO - at org.apache.spark.sql.DataFrameReader.json(DataFrameReader.scala:296)
[2026-04-03T08:03:55.531+0000] {spark_submit.py:579} INFO - at org.apache.spark.sql.classic.DataFrameReader.json(DataFrameReader.scala:149)
[2026-04-03T08:03:55.531+0000] {spark_submit.py:579} INFO - at java.base/jdk.internal.reflect.NativeMethodAccessorImpl.invoke0(Native Method)
[2026-04-03T08:03:55.531+0000] {spark_submit.py:579} INFO - at java.base/jdk.internal.reflect.NativeMethodAccessorImpl.invoke(NativeMethodAccessorImpl.java:77)
[2026-04-03T08:03:55.531+0000] {spark_submit.py:579} INFO - at java.base/jdk.internal.reflect.DelegatingMethodAccessorImpl.invoke(DelegatingMethodAccessorImpl.java:43)
[2026-04-03T08:03:55.532+0000] {spark_submit.py:579} INFO - at java.base/java.lang.reflect.Method.invoke(Method.java:569)
[2026-04-03T08:03:55.532+0000] {spark_submit.py:579} INFO - at py4j.reflection.MethodInvoker.invoke(MethodInvoker.java:244)
[2026-04-03T08:03:55.533+0000] {spark_submit.py:579} INFO - at py4j.reflection.ReflectionEngine.invoke(ReflectionEngine.java:374)
[2026-04-03T08:03:55.533+0000] {spark_submit.py:579} INFO - at py4j.Gateway.invoke(Gateway.java:282)
[2026-04-03T08:03:55.534+0000] {spark_submit.py:579} INFO - at py4j.commands.AbstractCommand.invokeMethod(AbstractCommand.java:132)
[2026-04-03T08:03:55.534+0000] {spark_submit.py:579} INFO - at py4j.commands.CallCommand.execute(CallCommand.java:79)
[2026-04-03T08:03:55.534+0000] {spark_submit.py:579} INFO - at py4j.ClientServerConnection.waitForCommands(ClientServerConnection.java:184)
[2026-04-03T08:03:55.534+0000] {spark_submit.py:579} INFO - at py4j.ClientServerConnection.run(ClientServerConnection.java:108)
[2026-04-03T08:03:55.535+0000] {spark_submit.py:579} INFO - at java.base/java.lang.Thread.run(Thread.java:840)
[2026-04-03T08:03:55.637+0000] {spark_submit.py:579} INFO - 26/04/03 08:03:55 INFO HadoopFSUtils: Listing leaf files and directories in parallel under50 paths. The first several paths are: file:/data/raw/sensors/log_00562d.json, file:/data/raw/sensors/log_0170c3.json, file:/data/raw/sensors/log_028779.json, file:/data/raw/sensors/log_0394c3.json, file:/data/raw/sensors/log_16ba56.json, file:/data/raw/sensors/log_1f5f24.json, file:/data/raw/sensors/log_213236.json, file:/data/raw/sensors/log_25cef9.json, file:/data/raw/sensors/log_2b3ddf.json, file:/data/raw/sensors/log_32bc05.json.
[2026-04-03T08:03:56.018+0000] {spark_submit.py:579} INFO - 26/04/03 08:03:56 INFO SparkContext: Starting job: json at NativeMethodAccessorImpl.java:0
[2026-04-03T08:03:56.061+0000] {spark_submit.py:579} INFO - 26/04/03 08:03:56 INFO DAGScheduler: Got job 0 (json at NativeMethodAccessorImpl.java:0) with 50 output partitions
[2026-04-03T08:03:56.063+0000] {spark_submit.py:579} INFO - 26/04/03 08:03:56 INFO DAGScheduler: Final stage: ResultStage 0 (json at NativeMethodAccessorImpl.java:0)
[2026-04-03T08:03:56.064+0000] {spark_submit.py:579} INFO - 26/04/03 08:03:56 INFO DAGScheduler: Parents of final stage: List()
[2026-04-03T08:03:56.069+0000] {spark_submit.py:579} INFO - 26/04/03 08:03:56 INFO DAGScheduler: Missing parents: List()
[2026-04-03T08:03:56.075+0000] {spark_submit.py:579} INFO - 26/04/03 08:03:56 INFO DAGScheduler: Missing parents found for ResultStage 0: List()
[2026-04-03T08:03:56.078+0000] {spark_submit.py:579} INFO - 26/04/03 08:03:56 INFO DAGScheduler: Submitting ResultStage 0 (MapPartitionsRDD[1] at json at NativeMethodAccessorImpl.java:0), which has no missing parents
[2026-04-03T08:03:56.179+0000] {spark_submit.py:579} INFO - 26/04/03 08:03:56 INFO MemoryStore: MemoryStore started with capacity 434.4 MiB
[2026-04-03T08:03:56.230+0000] {spark_submit.py:579} INFO - 26/04/03 08:03:56 INFO MemoryStore: Block broadcast_0 stored as values in memory (estimated size 115.0 KiB, free 434.3 MiB)
[2026-04-03T08:03:56.304+0000] {spark_submit.py:579} INFO - 26/04/03 08:03:56 INFO MemoryStore: Block broadcast_0_piece0 stored as bytes in memory (estimated size 41.5 KiB, free 434.2 MiB)
[2026-04-03T08:03:56.329+0000] {spark_submit.py:579} INFO - 26/04/03 08:03:56 INFO SparkContext: Created broadcast 0 from broadcast at DAGScheduler.scala:1686
[2026-04-03T08:03:56.378+0000] {spark_submit.py:579} INFO - 26/04/03 08:03:56 INFO DAGScheduler: Submitting 50 missing tasks from ResultStage 0 (MapPartitionsRDD[1] at json at NativeMethodAccessorImpl.java:0) (first 15 tasks are for partitions Vector(0, 1, 2, 3, 4, 5, 6, 7, 8, 9, 10, 11, 12, 13, 14))
[2026-04-03T08:03:56.382+0000] {spark_submit.py:579} INFO - 26/04/03 08:03:56 INFO TaskSchedulerImpl: Adding task set 0.0 with 50 tasks resource profile 0
[2026-04-03T08:04:11.410+0000] {spark_submit.py:579} INFO - 26/04/03 08:04:11 WARN TaskSchedulerImpl: Initial job has not accepted any resources; check your cluster UI to ensure that workers are registered and have sufficient resources
[2026-04-03T08:04:25.624+0000] {spark_submit.py:579} INFO - 26/04/03 08:04:25 INFO StandaloneAppClient$ClientEndpoint: Executor added: app-20260403080347-0005/0 on worker-20260403074029-172.20.0.2-43131 (172.20.0.2:43131) with 2 core(s)
[2026-04-03T08:04:25.627+0000] {spark_submit.py:579} INFO - 26/04/03 08:04:25 INFO StandaloneSchedulerBackend: Granted executor ID app-20260403080347-0005/0 on hostPort 172.20.0.2:43131 with 2 core(s), 1024.0 MiB RAM
[2026-04-03T08:04:25.656+0000] {spark_submit.py:579} INFO - 26/04/03 08:04:25 INFO StandaloneAppClient$ClientEndpoint: Executor updated: app-20260403080347-0005/0 is now RUNNING
[2026-04-03T08:04:26.409+0000] {spark_submit.py:579} INFO - 26/04/03 08:04:26 WARN TaskSchedulerImpl: Initial job has not accepted any resources; check your cluster UI to ensure that workers are registered and have sufficient resources
[2026-04-03T08:04:28.759+0000] {spark_submit.py:579} INFO - 26/04/03 08:04:28 INFO StandaloneAppClient$ClientEndpoint: Executor updated: app-20260403080347-0005/0 is now EXITED (Command exited with code 1)
[2026-04-03T08:04:28.762+0000] {spark_submit.py:579} INFO - 26/04/03 08:04:28 INFO StandaloneSchedulerBackend: Executor app-20260403080347-0005/0 removed: Command exited with code 1
[2026-04-03T08:04:28.763+0000] {spark_submit.py:579} INFO - 26/04/03 08:04:28 INFO StandaloneAppClient$ClientEndpoint: Executor added: app-20260403080347-0005/1 on worker-20260403074029-172.20.0.2-43131 (172.20.0.2:43131) with 2 core(s)
[2026-04-03T08:04:28.764+0000] {spark_submit.py:579} INFO - 26/04/03 08:04:28 INFO StandaloneSchedulerBackend: Granted executor ID app-20260403080347-0005/1 on hostPort 172.20.0.2:43131 with 2 core(s), 1024.0 MiB RAM
[2026-04-03T08:04:28.774+0000] {spark_submit.py:579} INFO - 26/04/03 08:04:28 INFO BlockManagerMaster: Removal of executor 0 requested
[2026-04-03T08:04:28.776+0000] {spark_submit.py:579} INFO - 26/04/03 08:04:28 INFO StandaloneSchedulerBackend$StandaloneDriverEndpoint: Asked to remove non-existent executor 0
[2026-04-03T08:04:28.778+0000] {spark_submit.py:579} INFO - 26/04/03 08:04:28 INFO StandaloneAppClient$ClientEndpoint: Executor updated: app-20260403080347-0005/1 is now RUNNING
[2026-04-03T08:04:28.786+0000] {spark_submit.py:579} INFO - 26/04/03 08:04:28 INFO BlockManagerMasterEndpoint: Trying to remove executor 0 from BlockManagerMaster.
[2026-04-03T08:04:28.787+0000] {spark_submit.py:579} INFO - 26/04/03 08:04:28 INFO BlockManagerMasterEndpoint: Removed 0 successfully in removeExecutor
[2026-04-03T08:04:31.815+0000] {spark_submit.py:579} INFO - 26/04/03 08:04:31 INFO StandaloneAppClient$ClientEndpoint: Executor updated: app-20260403080347-0005/1 is now EXITED (Command exited with code 1)
[2026-04-03T08:04:31.815+0000] {spark_submit.py:579} INFO - 26/04/03 08:04:31 INFO StandaloneSchedulerBackend: Executor app-20260403080347-0005/1 removed: Command exited with code 1
[2026-04-03T08:04:31.816+0000] {spark_submit.py:579} INFO - 26/04/03 08:04:31 INFO BlockManagerMaster: Removal of executor 1 requested
[2026-04-03T08:04:31.816+0000] {spark_submit.py:579} INFO - 26/04/03 08:04:31 INFO StandaloneAppClient$ClientEndpoint: Executor added: app-20260403080347-0005/2 on worker-20260403074029-172.20.0.2-43131 (172.20.0.2:43131) with 2 core(s)
[2026-04-03T08:04:31.817+0000] {spark_submit.py:579} INFO - 26/04/03 08:04:31 INFO BlockManagerMasterEndpoint: Trying to remove executor 1 from BlockManagerMaster.
[2026-04-03T08:04:31.817+0000] {spark_submit.py:579} INFO - 26/04/03 08:04:31 INFO StandaloneSchedulerBackend$StandaloneDriverEndpoint: Asked to remove non-existent executor 1
[2026-04-03T08:04:31.817+0000] {spark_submit.py:579} INFO - 26/04/03 08:04:31 INFO BlockManagerMasterEndpoint: Removed 1 successfully in removeExecutor
[2026-04-03T08:04:31.817+0000] {spark_submit.py:579} INFO - 26/04/03 08:04:31 INFO StandaloneSchedulerBackend: Granted executor ID app-20260403080347-0005/2 on hostPort 172.20.0.2:43131 with 2 core(s), 1024.0 MiB RAM
[2026-04-03T08:04:31.839+0000] {spark_submit.py:579} INFO - 26/04/03 08:04:31 INFO StandaloneAppClient$ClientEndpoint: Executor updated: app-20260403080347-0005/2 is now RUNNING
[2026-04-03T08:04:34.924+0000] {spark_submit.py:579} INFO - 26/04/03 08:04:34 INFO StandaloneAppClient$ClientEndpoint: Executor updated: app-20260403080347-0005/2 is now EXITED (Command exited with code 1)
[2026-04-03T08:04:34.925+0000] {spark_submit.py:579} INFO - 26/04/03 08:04:34 INFO StandaloneSchedulerBackend: Executor app-20260403080347-0005/2 removed: Command exited with code 1
[2026-04-03T08:04:34.925+0000] {spark_submit.py:579} INFO - 26/04/03 08:04:34 INFO BlockManagerMasterEndpoint: Trying to remove executor 2 from BlockManagerMaster.
[2026-04-03T08:04:34.926+0000] {spark_submit.py:579} INFO - 26/04/03 08:04:34 INFO BlockManagerMaster: Removal of executor 2 requested
[2026-04-03T08:04:34.926+0000] {spark_submit.py:579} INFO - 26/04/03 08:04:34 INFO StandaloneAppClient$ClientEndpoint: Executor added: app-20260403080347-0005/3 on worker-20260403074029-172.20.0.2-43131 (172.20.0.2:43131) with 2 core(s)
[2026-04-03T08:04:34.926+0000] {spark_submit.py:579} INFO - 26/04/03 08:04:34 INFO BlockManagerMasterEndpoint: Removed 2 successfully in removeExecutor
[2026-04-03T08:04:34.927+0000] {spark_submit.py:579} INFO - 26/04/03 08:04:34 INFO StandaloneSchedulerBackend$StandaloneDriverEndpoint: Asked to remove non-existent executor 2
[2026-04-03T08:04:34.927+0000] {spark_submit.py:579} INFO - 26/04/03 08:04:34 INFO StandaloneSchedulerBackend: Granted executor ID app-20260403080347-0005/3 on hostPort 172.20.0.2:43131 with 2 core(s), 1024.0 MiB RAM
[2026-04-03T08:04:34.950+0000] {spark_submit.py:579} INFO - 26/04/03 08:04:34 INFO StandaloneAppClient$ClientEndpoint: Executor updated: app-20260403080347-0005/3 is now RUNNING
[2026-04-03T08:04:38.052+0000] {spark_submit.py:579} INFO - 26/04/03 08:04:38 INFO StandaloneAppClient$ClientEndpoint: Executor updated: app-20260403080347-0005/3 is now EXITED (Command exited with code 1)
[2026-04-03T08:04:38.053+0000] {spark_submit.py:579} INFO - 26/04/03 08:04:38 INFO StandaloneSchedulerBackend: Executor app-20260403080347-0005/3 removed: Command exited with code 1
[2026-04-03T08:04:38.054+0000] {spark_submit.py:579} INFO - 26/04/03 08:04:38 INFO BlockManagerMaster: Removal of executor 3 requested
[2026-04-03T08:04:38.055+0000] {spark_submit.py:579} INFO - 26/04/03 08:04:38 INFO BlockManagerMasterEndpoint: Trying to remove executor 3 from BlockManagerMaster.
[2026-04-03T08:04:38.056+0000] {spark_submit.py:579} INFO - 26/04/03 08:04:38 INFO BlockManagerMasterEndpoint: Removed 3 successfully in removeExecutor
[2026-04-03T08:04:38.056+0000] {spark_submit.py:579} INFO - 26/04/03 08:04:38 INFO StandaloneSchedulerBackend$StandaloneDriverEndpoint: Asked to remove non-existent executor 3
[2026-04-03T08:04:38.056+0000] {spark_submit.py:579} INFO - 26/04/03 08:04:38 INFO StandaloneAppClient$ClientEndpoint: Executor added: app-20260403080347-0005/4 on worker-20260403074029-172.20.0.2-43131 (172.20.0.2:43131) with 2 core(s)
[2026-04-03T08:04:38.057+0000] {spark_submit.py:579} INFO - 26/04/03 08:04:38 INFO StandaloneSchedulerBackend: Granted executor ID app-20260403080347-0005/4 on hostPort 172.20.0.2:43131 with 2 core(s), 1024.0 MiB RAM
[2026-04-03T08:04:38.078+0000] {spark_submit.py:579} INFO - 26/04/03 08:04:38 INFO StandaloneAppClient$ClientEndpoint: Executor updated: app-20260403080347-0005/4 is now RUNNING
[2026-04-03T08:04:41.078+0000] {spark_submit.py:579} INFO - 26/04/03 08:04:41 INFO StandaloneAppClient$ClientEndpoint: Executor updated: app-20260403080347-0005/4 is now EXITED (Command exited with code 1)
[2026-04-03T08:04:41.079+0000] {spark_submit.py:579} INFO - 26/04/03 08:04:41 INFO StandaloneSchedulerBackend: Executor app-20260403080347-0005/4 removed: Command exited with code 1
[2026-04-03T08:04:41.079+0000] {spark_submit.py:579} INFO - 26/04/03 08:04:41 INFO StandaloneAppClient$ClientEndpoint: Executor added: app-20260403080347-0005/5 on worker-20260403074029-172.20.0.2-43131 (172.20.0.2:43131) with 2 core(s)
[2026-04-03T08:04:41.080+0000] {spark_submit.py:579} INFO - 26/04/03 08:04:41 INFO BlockManagerMasterEndpoint: Trying to remove executor 4 from BlockManagerMaster.
[2026-04-03T08:04:41.080+0000] {spark_submit.py:579} INFO - 26/04/03 08:04:41 INFO StandaloneSchedulerBackend: Granted executor ID app-20260403080347-0005/5 on hostPort 172.20.0.2:43131 with 2 core(s), 1024.0 MiB RAM
[2026-04-03T08:04:41.081+0000] {spark_submit.py:579} INFO - 26/04/03 08:04:41 INFO BlockManagerMaster: Removal of executor 4 requested
[2026-04-03T08:04:41.081+0000] {spark_submit.py:579} INFO - 26/04/03 08:04:41 INFO BlockManagerMasterEndpoint: Removed 4 successfully in removeExecutor
[2026-04-03T08:04:41.081+0000] {spark_submit.py:579} INFO - 26/04/03 08:04:41 INFO StandaloneSchedulerBackend$StandaloneDriverEndpoint: Asked to remove non-existent executor 4
[2026-04-03T08:04:41.106+0000] {spark_submit.py:579} INFO - 26/04/03 08:04:41 INFO StandaloneAppClient$ClientEndpoint: Executor updated: app-20260403080347-0005/5 is now RUNNING
[2026-04-03T08:04:41.409+0000] {spark_submit.py:579} INFO - 26/04/03 08:04:41 WARN TaskSchedulerImpl: Initial job has not accepted any resources; check your cluster UI to ensure that workers are registered and have sufficient resources
[2026-04-03T08:04:44.213+0000] {spark_submit.py:579} INFO - 26/04/03 08:04:44 INFO StandaloneAppClient$ClientEndpoint: Executor updated: app-20260403080347-0005/5 is now EXITED (Command exited with code 1)
[2026-04-03T08:04:44.214+0000] {spark_submit.py:579} INFO - 26/04/03 08:04:44 INFO StandaloneSchedulerBackend: Executor app-20260403080347-0005/5 removed: Command exited with code 1
[2026-04-03T08:04:44.215+0000] {spark_submit.py:579} INFO - 26/04/03 08:04:44 INFO StandaloneAppClient$ClientEndpoint: Executor added: app-20260403080347-0005/6 on worker-20260403074029-172.20.0.2-43131 (172.20.0.2:43131) with 2 core(s)
[2026-04-03T08:04:44.215+0000] {spark_submit.py:579} INFO - 26/04/03 08:04:44 INFO StandaloneSchedulerBackend: Granted executor ID app-20260403080347-0005/6 on hostPort 172.20.0.2:43131 with 2 core(s), 1024.0 MiB RAM
[2026-04-03T08:04:44.215+0000] {spark_submit.py:579} INFO - 26/04/03 08:04:44 INFO BlockManagerMaster: Removal of executor 5 requested
[2026-04-03T08:04:44.216+0000] {spark_submit.py:579} INFO - 26/04/03 08:04:44 INFO BlockManagerMasterEndpoint: Trying to remove executor 5 from BlockManagerMaster.
[2026-04-03T08:04:44.216+0000] {spark_submit.py:579} INFO - 26/04/03 08:04:44 INFO BlockManagerMasterEndpoint: Removed 5 successfully in removeExecutor
[2026-04-03T08:04:44.217+0000] {spark_submit.py:579} INFO - 26/04/03 08:04:44 INFO StandaloneSchedulerBackend$StandaloneDriverEndpoint: Asked to remove non-existent executor 5
[2026-04-03T08:04:44.246+0000] {spark_submit.py:579} INFO - 26/04/03 08:04:44 INFO StandaloneAppClient$ClientEndpoint: Executor updated: app-20260403080347-0005/6 is now RUNNING
[2026-04-03T08:04:47.545+0000] {spark_submit.py:579} INFO - 26/04/03 08:04:47 INFO StandaloneAppClient$ClientEndpoint: Executor updated: app-20260403080347-0005/6 is now EXITED (Command exited with code 1)
[2026-04-03T08:04:47.546+0000] {spark_submit.py:579} INFO - 26/04/03 08:04:47 INFO StandaloneSchedulerBackend: Executor app-20260403080347-0005/6 removed: Command exited with code 1
[2026-04-03T08:04:47.547+0000] {spark_submit.py:579} INFO - 26/04/03 08:04:47 INFO StandaloneAppClient$ClientEndpoint: Executor added: app-20260403080347-0005/7 on worker-20260403074029-172.20.0.2-43131 (172.20.0.2:43131) with 2 core(s)
[2026-04-03T08:04:47.548+0000] {spark_submit.py:579} INFO - 26/04/03 08:04:47 INFO StandaloneSchedulerBackend: Granted executor ID app-20260403080347-0005/7 on hostPort 172.20.0.2:43131 with 2 core(s), 1024.0 MiB RAM
[2026-04-03T08:04:47.550+0000] {spark_submit.py:579} INFO - 26/04/03 08:04:47 INFO BlockManagerMasterEndpoint: Trying to remove executor 6 from BlockManagerMaster.
[2026-04-03T08:04:47.552+0000] {spark_submit.py:579} INFO - 26/04/03 08:04:47 INFO BlockManagerMaster: Removal of executor 6 requested
[2026-04-03T08:04:47.553+0000] {spark_submit.py:579} INFO - 26/04/03 08:04:47 INFO BlockManagerMasterEndpoint: Removed 6 successfully in removeExecutor
[2026-04-03T08:04:47.554+0000] {spark_submit.py:579} INFO - 26/04/03 08:04:47 INFO StandaloneSchedulerBackend$StandaloneDriverEndpoint: Asked to remove non-existent executor 6
[2026-04-03T08:04:47.576+0000] {spark_submit.py:579} INFO - 26/04/03 08:04:47 INFO StandaloneAppClient$ClientEndpoint: Executor updated: app-20260403080347-0005/7 is now RUNNING
[2026-04-03T08:04:51.439+0000] {spark_submit.py:579} INFO - 26/04/03 08:04:51 INFO StandaloneAppClient$ClientEndpoint: Executor updated: app-20260403080347-0005/7 is now EXITED (Command exited with code 1)
[2026-04-03T08:04:51.440+0000] {spark_submit.py:579} INFO - 26/04/03 08:04:51 INFO StandaloneSchedulerBackend: Executor app-20260403080347-0005/7 removed: Command exited with code 1
[2026-04-03T08:04:51.440+0000] {spark_submit.py:579} INFO - 26/04/03 08:04:51 INFO BlockManagerMaster: Removal of executor 7 requested
[2026-04-03T08:04:51.440+0000] {spark_submit.py:579} INFO - 26/04/03 08:04:51 INFO BlockManagerMasterEndpoint: Trying to remove executor 7 from BlockManagerMaster.
[2026-04-03T08:04:51.441+0000] {spark_submit.py:579} INFO - 26/04/03 08:04:51 INFO BlockManagerMasterEndpoint: Removed 7 successfully in removeExecutor
[2026-04-03T08:04:51.441+0000] {spark_submit.py:579} INFO - 26/04/03 08:04:51 INFO StandaloneAppClient$ClientEndpoint: Executor added: app-20260403080347-0005/8 on worker-20260403074029-172.20.0.2-43131 (172.20.0.2:43131) with 2 core(s)
[2026-04-03T08:04:51.441+0000] {spark_submit.py:579} INFO - 26/04/03 08:04:51 INFO StandaloneSchedulerBackend$StandaloneDriverEndpoint: Asked to remove non-existent executor 7
[2026-04-03T08:04:51.441+0000] {spark_submit.py:579} INFO - 26/04/03 08:04:51 INFO StandaloneSchedulerBackend: Granted executor ID app-20260403080347-0005/8 on hostPort 172.20.0.2:43131 with 2 core(s), 1024.0 MiB RAM
[2026-04-03T08:04:51.465+0000] {spark_submit.py:579} INFO - 26/04/03 08:04:51 INFO StandaloneAppClient$ClientEndpoint: Executor updated: app-20260403080347-0005/8 is now RUNNING
[2026-04-03T08:04:54.998+0000] {spark_submit.py:579} INFO - 26/04/03 08:04:54 INFO StandaloneAppClient$ClientEndpoint: Executor updated: app-20260403080347-0005/8 is now EXITED (Command exited with code 1)
[2026-04-03T08:04:54.999+0000] {spark_submit.py:579} INFO - 26/04/03 08:04:54 INFO StandaloneSchedulerBackend: Executor app-20260403080347-0005/8 removed: Command exited with code 1
[2026-04-03T08:04:55.000+0000] {spark_submit.py:579} INFO - 26/04/03 08:04:54 INFO BlockManagerMaster: Removal of executor 8 requested
[2026-04-03T08:04:55.000+0000] {spark_submit.py:579} INFO - 26/04/03 08:04:54 INFO BlockManagerMasterEndpoint: Trying to remove executor 8 from BlockManagerMaster.
[2026-04-03T08:04:55.001+0000] {spark_submit.py:579} INFO - 26/04/03 08:04:54 INFO StandaloneAppClient$ClientEndpoint: Executor added: app-20260403080347-0005/9 on worker-20260403074029-172.20.0.2-43131 (172.20.0.2:43131) with 2 core(s)
[2026-04-03T08:04:55.001+0000] {spark_submit.py:579} INFO - 26/04/03 08:04:54 INFO StandaloneSchedulerBackend$StandaloneDriverEndpoint: Asked to remove non-existent executor 8
[2026-04-03T08:04:55.002+0000] {spark_submit.py:579} INFO - 26/04/03 08:04:54 INFO BlockManagerMasterEndpoint: Removed 8 successfully in removeExecutor
[2026-04-03T08:04:55.002+0000] {spark_submit.py:579} INFO - 26/04/03 08:04:54 INFO StandaloneSchedulerBackend: Granted executor ID app-20260403080347-0005/9 on hostPort 172.20.0.2:43131 with 2 core(s), 1024.0 MiB RAM
[2026-04-03T08:04:55.027+0000] {spark_submit.py:579} INFO - 26/04/03 08:04:55 INFO StandaloneAppClient$ClientEndpoint: Executor updated: app-20260403080347-0005/9 is now RUNNING
[2026-04-03T08:04:56.409+0000] {spark_submit.py:579} INFO - 26/04/03 08:04:56 WARN TaskSchedulerImpl: Initial job has not accepted any resources; check your cluster UI to ensure that workers are registered and have sufficient resources
[2026-04-03T08:04:58.757+0000] {spark_submit.py:579} INFO - 26/04/03 08:04:58 INFO StandaloneAppClient$ClientEndpoint: Executor updated: app-20260403080347-0005/9 is now EXITED (Command exited with code 1)
[2026-04-03T08:04:58.758+0000] {spark_submit.py:579} INFO - 26/04/03 08:04:58 INFO StandaloneSchedulerBackend: Executor app-20260403080347-0005/9 removed: Command exited with code 1
[2026-04-03T08:04:58.759+0000] {spark_submit.py:579} INFO - 26/04/03 08:04:58 INFO BlockManagerMaster: Removal of executor 9 requested
[2026-04-03T08:04:58.759+0000] {spark_submit.py:579} INFO - 26/04/03 08:04:58 INFO StandaloneAppClient$ClientEndpoint: Executor added: app-20260403080347-0005/10 on worker-20260403074029-172.20.0.2-43131 (172.20.0.2:43131) with 2 core(s)
[2026-04-03T08:04:58.760+0000] {spark_submit.py:579} INFO - 26/04/03 08:04:58 INFO BlockManagerMasterEndpoint: Trying to remove executor 9 from BlockManagerMaster.
[2026-04-03T08:04:58.760+0000] {spark_submit.py:579} INFO - 26/04/03 08:04:58 INFO BlockManagerMasterEndpoint: Removed 9 successfully in removeExecutor
[2026-04-03T08:04:58.760+0000] {spark_submit.py:579} INFO - 26/04/03 08:04:58 INFO StandaloneSchedulerBackend$StandaloneDriverEndpoint: Asked to remove non-existent executor 9
[2026-04-03T08:04:58.760+0000] {spark_submit.py:579} INFO - 26/04/03 08:04:58 INFO StandaloneSchedulerBackend: Granted executor ID app-20260403080347-0005/10 on hostPort 172.20.0.2:43131 with 2 core(s), 1024.0 MiB RAM
[2026-04-03T08:04:58.792+0000] {spark_submit.py:579} INFO - 26/04/03 08:04:58 INFO StandaloneAppClient$ClientEndpoint: Executor updated: app-20260403080347-0005/10 is now RUNNING
[2026-04-03T08:05:02.125+0000] {spark_submit.py:579} INFO - 26/04/03 08:05:02 INFO StandaloneAppClient$ClientEndpoint: Executor updated: app-20260403080347-0005/10 is now EXITED (Command exited with code 1)
[2026-04-03T08:05:02.126+0000] {spark_submit.py:579} INFO - 26/04/03 08:05:02 INFO StandaloneSchedulerBackend: Executor app-20260403080347-0005/10 removed: Command exited with code 1
[2026-04-03T08:05:02.126+0000] {spark_submit.py:579} INFO - 26/04/03 08:05:02 INFO BlockManagerMaster: Removal of executor 10 requested
[2026-04-03T08:05:02.126+0000] {spark_submit.py:579} INFO - 26/04/03 08:05:02 INFO BlockManagerMasterEndpoint: Trying to remove executor 10 from BlockManagerMaster.
[2026-04-03T08:05:02.126+0000] {spark_submit.py:579} INFO - 26/04/03 08:05:02 INFO StandaloneAppClient$ClientEndpoint: Executor added: app-20260403080347-0005/11 on worker-20260403074029-172.20.0.2-43131 (172.20.0.2:43131) with 2 core(s)
[2026-04-03T08:05:02.127+0000] {spark_submit.py:579} INFO - 26/04/03 08:05:02 INFO StandaloneSchedulerBackend$StandaloneDriverEndpoint: Asked to remove non-existent executor 10
[2026-04-03T08:05:02.127+0000] {spark_submit.py:579} INFO - 26/04/03 08:05:02 INFO BlockManagerMasterEndpoint: Removed 10 successfully in removeExecutor
[2026-04-03T08:05:02.127+0000] {spark_submit.py:579} INFO - 26/04/03 08:05:02 INFO StandaloneSchedulerBackend: Granted executor ID app-20260403080347-0005/11 on hostPort 172.20.0.2:43131 with 2 core(s), 1024.0 MiB RAM
[2026-04-03T08:05:02.153+0000] {spark_submit.py:579} INFO - 26/04/03 08:05:02 INFO StandaloneAppClient$ClientEndpoint: Executor updated: app-20260403080347-0005/11 is now RUNNING
[2026-04-03T08:05:05.240+0000] {spark_submit.py:579} INFO - 26/04/03 08:05:05 INFO StandaloneAppClient$ClientEndpoint: Executor updated: app-20260403080347-0005/11 is now EXITED (Command exited with code 1)
[2026-04-03T08:05:05.241+0000] {spark_submit.py:579} INFO - 26/04/03 08:05:05 INFO StandaloneSchedulerBackend: Executor app-20260403080347-0005/11 removed: Command exited with code 1
[2026-04-03T08:05:05.242+0000] {spark_submit.py:579} INFO - 26/04/03 08:05:05 INFO BlockManagerMasterEndpoint: Trying to remove executor 11 from BlockManagerMaster.
[2026-04-03T08:05:05.242+0000] {spark_submit.py:579} INFO - 26/04/03 08:05:05 INFO StandaloneAppClient$ClientEndpoint: Executor added: app-20260403080347-0005/12 on worker-20260403074029-172.20.0.2-43131 (172.20.0.2:43131) with 2 core(s)
[2026-04-03T08:05:05.242+0000] {spark_submit.py:579} INFO - 26/04/03 08:05:05 INFO BlockManagerMaster: Removal of executor 11 requested
[2026-04-03T08:05:05.243+0000] {spark_submit.py:579} INFO - 26/04/03 08:05:05 INFO BlockManagerMasterEndpoint: Removed 11 successfully in removeExecutor
[2026-04-03T08:05:05.243+0000] {spark_submit.py:579} INFO - 26/04/03 08:05:05 INFO StandaloneSchedulerBackend$StandaloneDriverEndpoint: Asked to remove non-existent executor 11
[2026-04-03T08:05:05.243+0000] {spark_submit.py:579} INFO - 26/04/03 08:05:05 INFO StandaloneSchedulerBackend: Granted executor ID app-20260403080347-0005/12 on hostPort 172.20.0.2:43131 with 2 core(s), 1024.0 MiB RAM
[2026-04-03T08:05:05.268+0000] {spark_submit.py:579} INFO - 26/04/03 08:05:05 INFO StandaloneAppClient$ClientEndpoint: Executor updated: app-20260403080347-0005/12 is now RUNNING
[2026-04-03T08:05:08.322+0000] {spark_submit.py:579} INFO - 26/04/03 08:05:08 INFO StandaloneAppClient$ClientEndpoint: Executor updated: app-20260403080347-0005/12 is now EXITED (Command exited with code 1)
[2026-04-03T08:05:08.322+0000] {spark_submit.py:579} INFO - 26/04/03 08:05:08 INFO StandaloneSchedulerBackend: Executor app-20260403080347-0005/12 removed: Command exited with code 1
[2026-04-03T08:05:08.323+0000] {spark_submit.py:579} INFO - 26/04/03 08:05:08 INFO StandaloneAppClient$ClientEndpoint: Executor added: app-20260403080347-0005/13 on worker-20260403074029-172.20.0.2-43131 (172.20.0.2:43131) with 2 core(s)
[2026-04-03T08:05:08.323+0000] {spark_submit.py:579} INFO - 26/04/03 08:05:08 INFO BlockManagerMaster: Removal of executor 12 requested
[2026-04-03T08:05:08.324+0000] {spark_submit.py:579} INFO - 26/04/03 08:05:08 INFO BlockManagerMasterEndpoint: Trying to remove executor 12 from BlockManagerMaster.
[2026-04-03T08:05:08.324+0000] {spark_submit.py:579} INFO - 26/04/03 08:05:08 INFO BlockManagerMasterEndpoint: Removed 12 successfully in removeExecutor
[2026-04-03T08:05:08.324+0000] {spark_submit.py:579} INFO - 26/04/03 08:05:08 INFO StandaloneSchedulerBackend$StandaloneDriverEndpoint: Asked to remove non-existent executor 12
[2026-04-03T08:05:08.324+0000] {spark_submit.py:579} INFO - 26/04/03 08:05:08 INFO StandaloneSchedulerBackend: Granted executor ID app-20260403080347-0005/13 on hostPort 172.20.0.2:43131 with 2 core(s), 1024.0 MiB RAM
[2026-04-03T08:05:08.348+0000] {spark_submit.py:579} INFO - 26/04/03 08:05:08 INFO StandaloneAppClient$ClientEndpoint: Executor updated: app-20260403080347-0005/13 is now RUNNING
[2026-04-03T08:05:11.389+0000] {spark_submit.py:579} INFO - 26/04/03 08:05:11 INFO StandaloneAppClient$ClientEndpoint: Executor updated: app-20260403080347-0005/13 is now EXITED (Command exited with code 1)
[2026-04-03T08:05:11.390+0000] {spark_submit.py:579} INFO - 26/04/03 08:05:11 INFO StandaloneSchedulerBackend: Executor app-20260403080347-0005/13 removed: Command exited with code 1
[2026-04-03T08:05:11.391+0000] {spark_submit.py:579} INFO - 26/04/03 08:05:11 INFO StandaloneAppClient$ClientEndpoint: Executor added: app-20260403080347-0005/14 on worker-20260403074029-172.20.0.2-43131 (172.20.0.2:43131) with 2 core(s)
[2026-04-03T08:05:11.391+0000] {spark_submit.py:579} INFO - 26/04/03 08:05:11 INFO BlockManagerMasterEndpoint: Trying to remove executor 13 from BlockManagerMaster.
[2026-04-03T08:05:11.391+0000] {spark_submit.py:579} INFO - 26/04/03 08:05:11 INFO BlockManagerMaster: Removal of executor 13 requested
[2026-04-03T08:05:11.391+0000] {spark_submit.py:579} INFO - 26/04/03 08:05:11 INFO StandaloneSchedulerBackend: Granted executor ID app-20260403080347-0005/14 on hostPort 172.20.0.2:43131 with 2 core(s), 1024.0 MiB RAM
[2026-04-03T08:05:11.392+0000] {spark_submit.py:579} INFO - 26/04/03 08:05:11 INFO BlockManagerMasterEndpoint: Removed 13 successfully in removeExecutor
[2026-04-03T08:05:11.392+0000] {spark_submit.py:579} INFO - 26/04/03 08:05:11 INFO StandaloneSchedulerBackend$StandaloneDriverEndpoint: Asked to remove non-existent executor 13
[2026-04-03T08:05:11.409+0000] {spark_submit.py:579} INFO - 26/04/03 08:05:11 WARN TaskSchedulerImpl: Initial job has not accepted any resources; check your cluster UI to ensure that workers are registered and have sufficient resources
[2026-04-03T08:05:11.416+0000] {spark_submit.py:579} INFO - 26/04/03 08:05:11 INFO StandaloneAppClient$ClientEndpoint: Executor updated: app-20260403080347-0005/14 is now RUNNING
[2026-04-03T08:05:14.582+0000] {spark_submit.py:579} INFO - 26/04/03 08:05:14 INFO StandaloneAppClient$ClientEndpoint: Executor updated: app-20260403080347-0005/14 is now EXITED (Command exited with code 1)
[2026-04-03T08:05:14.583+0000] {spark_submit.py:579} INFO - 26/04/03 08:05:14 INFO StandaloneSchedulerBackend: Executor app-20260403080347-0005/14 removed: Command exited with code 1
[2026-04-03T08:05:14.583+0000] {spark_submit.py:579} INFO - 26/04/03 08:05:14 INFO BlockManagerMasterEndpoint: Trying to remove executor 14 from BlockManagerMaster.
[2026-04-03T08:05:14.584+0000] {spark_submit.py:579} INFO - 26/04/03 08:05:14 INFO StandaloneAppClient$ClientEndpoint: Executor added: app-20260403080347-0005/15 on worker-20260403074029-172.20.0.2-43131 (172.20.0.2:43131) with 2 core(s)
[2026-04-03T08:05:14.585+0000] {spark_submit.py:579} INFO - 26/04/03 08:05:14 INFO BlockManagerMaster: Removal of executor 14 requested
[2026-04-03T08:05:14.585+0000] {spark_submit.py:579} INFO - 26/04/03 08:05:14 INFO BlockManagerMasterEndpoint: Removed 14 successfully in removeExecutor
[2026-04-03T08:05:14.586+0000] {spark_submit.py:579} INFO - 26/04/03 08:05:14 INFO StandaloneSchedulerBackend$StandaloneDriverEndpoint: Asked to remove non-existent executor 14
[2026-04-03T08:05:14.586+0000] {spark_submit.py:579} INFO - 26/04/03 08:05:14 INFO StandaloneSchedulerBackend: Granted executor ID app-20260403080347-0005/15 on hostPort 172.20.0.2:43131 with 2 core(s), 1024.0 MiB RAM
[2026-04-03T08:05:14.611+0000] {spark_submit.py:579} INFO - 26/04/03 08:05:14 INFO StandaloneAppClient$ClientEndpoint: Executor updated: app-20260403080347-0005/15 is now RUNNING
[2026-04-03T08:05:17.573+0000] {spark_submit.py:579} INFO - 26/04/03 08:05:17 INFO StandaloneAppClient$ClientEndpoint: Executor updated: app-20260403080347-0005/15 is now EXITED (Command exited with code 1)
[2026-04-03T08:05:17.574+0000] {spark_submit.py:579} INFO - 26/04/03 08:05:17 INFO StandaloneSchedulerBackend: Executor app-20260403080347-0005/15 removed: Command exited with code 1
[2026-04-03T08:05:17.575+0000] {spark_submit.py:579} INFO - 26/04/03 08:05:17 INFO BlockManagerMasterEndpoint: Trying to remove executor 15 from BlockManagerMaster.
[2026-04-03T08:05:17.575+0000] {spark_submit.py:579} INFO - 26/04/03 08:05:17 INFO StandaloneAppClient$ClientEndpoint: Executor added: app-20260403080347-0005/16 on worker-20260403074029-172.20.0.2-43131 (172.20.0.2:43131) with 2 core(s)
[2026-04-03T08:05:17.575+0000] {spark_submit.py:579} INFO - 26/04/03 08:05:17 INFO BlockManagerMaster: Removal of executor 15 requested
[2026-04-03T08:05:17.576+0000] {spark_submit.py:579} INFO - 26/04/03 08:05:17 INFO BlockManagerMasterEndpoint: Removed 15 successfully in removeExecutor
[2026-04-03T08:05:17.576+0000] {spark_submit.py:579} INFO - 26/04/03 08:05:17 INFO StandaloneSchedulerBackend$StandaloneDriverEndpoint: Asked to remove non-existent executor 15
[2026-04-03T08:05:17.576+0000] {spark_submit.py:579} INFO - 26/04/03 08:05:17 INFO StandaloneSchedulerBackend: Granted executor ID app-20260403080347-0005/16 on hostPort 172.20.0.2:43131 with 2 core(s), 1024.0 MiB RAM
[2026-04-03T08:05:17.599+0000] {spark_submit.py:579} INFO - 26/04/03 08:05:17 INFO StandaloneAppClient$ClientEndpoint: Executor updated: app-20260403080347-0005/16 is now RUNNING
[2026-04-03T08:05:20.724+0000] {spark_submit.py:579} INFO - 26/04/03 08:05:20 INFO StandaloneAppClient$ClientEndpoint: Executor updated: app-20260403080347-0005/16 is now EXITED (Command exited with code 1)
[2026-04-03T08:05:20.725+0000] {spark_submit.py:579} INFO - 26/04/03 08:05:20 INFO StandaloneSchedulerBackend: Executor app-20260403080347-0005/16 removed: Command exited with code 1
[2026-04-03T08:05:20.725+0000] {spark_submit.py:579} INFO - 26/04/03 08:05:20 INFO StandaloneAppClient$ClientEndpoint: Executor added: app-20260403080347-0005/17 on worker-20260403074029-172.20.0.2-43131 (172.20.0.2:43131) with 2 core(s)
[2026-04-03T08:05:20.725+0000] {spark_submit.py:579} INFO - 26/04/03 08:05:20 INFO BlockManagerMaster: Removal of executor 16 requested
[2026-04-03T08:05:20.726+0000] {spark_submit.py:579} INFO - 26/04/03 08:05:20 INFO BlockManagerMasterEndpoint: Trying to remove executor 16 from BlockManagerMaster.
[2026-04-03T08:05:20.726+0000] {spark_submit.py:579} INFO - 26/04/03 08:05:20 INFO StandaloneSchedulerBackend$StandaloneDriverEndpoint: Asked to remove non-existent executor 16
[2026-04-03T08:05:20.726+0000] {spark_submit.py:579} INFO - 26/04/03 08:05:20 INFO BlockManagerMasterEndpoint: Removed 16 successfully in removeExecutor
[2026-04-03T08:05:20.726+0000] {spark_submit.py:579} INFO - 26/04/03 08:05:20 INFO StandaloneSchedulerBackend: Granted executor ID app-20260403080347-0005/17 on hostPort 172.20.0.2:43131 with 2 core(s), 1024.0 MiB RAM
[2026-04-03T08:05:20.749+0000] {spark_submit.py:579} INFO - 26/04/03 08:05:20 INFO StandaloneAppClient$ClientEndpoint: Executor updated: app-20260403080347-0005/17 is now RUNNING
[2026-04-03T08:05:23.869+0000] {spark_submit.py:579} INFO - 26/04/03 08:05:23 INFO StandaloneAppClient$ClientEndpoint: Executor updated: app-20260403080347-0005/17 is now EXITED (Command exited with code 1)
[2026-04-03T08:05:23.870+0000] {spark_submit.py:579} INFO - 26/04/03 08:05:23 INFO StandaloneSchedulerBackend: Executor app-20260403080347-0005/17 removed: Command exited with code 1
[2026-04-03T08:05:23.871+0000] {spark_submit.py:579} INFO - 26/04/03 08:05:23 INFO BlockManagerMasterEndpoint: Trying to remove executor 17 from BlockManagerMaster.
[2026-04-03T08:05:23.871+0000] {spark_submit.py:579} INFO - 26/04/03 08:05:23 INFO StandaloneAppClient$ClientEndpoint: Executor added: app-20260403080347-0005/18 on worker-20260403074029-172.20.0.2-43131 (172.20.0.2:43131) with 2 core(s)
[2026-04-03T08:05:23.871+0000] {spark_submit.py:579} INFO - 26/04/03 08:05:23 INFO BlockManagerMaster: Removal of executor 17 requested
[2026-04-03T08:05:23.872+0000] {spark_submit.py:579} INFO - 26/04/03 08:05:23 INFO BlockManagerMasterEndpoint: Removed 17 successfully in removeExecutor
[2026-04-03T08:05:23.872+0000] {spark_submit.py:579} INFO - 26/04/03 08:05:23 INFO StandaloneSchedulerBackend$StandaloneDriverEndpoint: Asked to remove non-existent executor 17
[2026-04-03T08:05:23.872+0000] {spark_submit.py:579} INFO - 26/04/03 08:05:23 INFO StandaloneSchedulerBackend: Granted executor ID app-20260403080347-0005/18 on hostPort 172.20.0.2:43131 with 2 core(s), 1024.0 MiB RAM
[2026-04-03T08:05:23.895+0000] {spark_submit.py:579} INFO - 26/04/03 08:05:23 INFO StandaloneAppClient$ClientEndpoint: Executor updated: app-20260403080347-0005/18 is now RUNNING
[2026-04-03T08:05:26.409+0000] {spark_submit.py:579} INFO - 26/04/03 08:05:26 WARN TaskSchedulerImpl: Initial job has not accepted any resources; check your cluster UI to ensure that workers are registered and have sufficient resources
[2026-04-03T08:05:26.827+0000] {spark_submit.py:579} INFO - 26/04/03 08:05:26 INFO StandaloneAppClient$ClientEndpoint: Executor updated: app-20260403080347-0005/18 is now EXITED (Command exited with code 1)
[2026-04-03T08:05:26.828+0000] {spark_submit.py:579} INFO - 26/04/03 08:05:26 INFO StandaloneSchedulerBackend: Executor app-20260403080347-0005/18 removed: Command exited with code 1
[2026-04-03T08:05:26.828+0000] {spark_submit.py:579} INFO - 26/04/03 08:05:26 INFO BlockManagerMaster: Removal of executor 18 requested
[2026-04-03T08:05:26.829+0000] {spark_submit.py:579} INFO - 26/04/03 08:05:26 INFO BlockManagerMasterEndpoint: Trying to remove executor 18 from BlockManagerMaster.
[2026-04-03T08:05:26.830+0000] {spark_submit.py:579} INFO - 26/04/03 08:05:26 INFO StandaloneSchedulerBackend$StandaloneDriverEndpoint: Asked to remove non-existent executor 18
[2026-04-03T08:05:26.830+0000] {spark_submit.py:579} INFO - 26/04/03 08:05:26 INFO StandaloneAppClient$ClientEndpoint: Executor added: app-20260403080347-0005/19 on worker-20260403074029-172.20.0.2-43131 (172.20.0.2:43131) with 2 core(s)
[2026-04-03T08:05:26.830+0000] {spark_submit.py:579} INFO - 26/04/03 08:05:26 INFO BlockManagerMasterEndpoint: Removed 18 successfully in removeExecutor
[2026-04-03T08:05:26.831+0000] {spark_submit.py:579} INFO - 26/04/03 08:05:26 INFO StandaloneSchedulerBackend: Granted executor ID app-20260403080347-0005/19 on hostPort 172.20.0.2:43131 with 2 core(s), 1024.0 MiB RAM
[2026-04-03T08:05:26.855+0000] {spark_submit.py:579} INFO - 26/04/03 08:05:26 INFO StandaloneAppClient$ClientEndpoint: Executor updated: app-20260403080347-0005/19 is now RUNNING
[2026-04-03T08:05:29.821+0000] {spark_submit.py:579} INFO - 26/04/03 08:05:29 INFO StandaloneAppClient$ClientEndpoint: Executor updated: app-20260403080347-0005/19 is now EXITED (Command exited with code 1)
[2026-04-03T08:05:29.821+0000] {spark_submit.py:579} INFO - 26/04/03 08:05:29 INFO StandaloneSchedulerBackend: Executor app-20260403080347-0005/19 removed: Command exited with code 1
[2026-04-03T08:05:29.822+0000] {spark_submit.py:579} INFO - 26/04/03 08:05:29 INFO BlockManagerMaster: Removal of executor 19 requested
[2026-04-03T08:05:29.822+0000] {spark_submit.py:579} INFO - 26/04/03 08:05:29 INFO StandaloneAppClient$ClientEndpoint: Executor added: app-20260403080347-0005/20 on worker-20260403074029-172.20.0.2-43131 (172.20.0.2:43131) with 2 core(s)
[2026-04-03T08:05:29.822+0000] {spark_submit.py:579} INFO - 26/04/03 08:05:29 INFO BlockManagerMasterEndpoint: Trying to remove executor 19 from BlockManagerMaster.
[2026-04-03T08:05:29.823+0000] {spark_submit.py:579} INFO - 26/04/03 08:05:29 INFO StandaloneSchedulerBackend$StandaloneDriverEndpoint: Asked to remove non-existent executor 19
[2026-04-03T08:05:29.823+0000] {spark_submit.py:579} INFO - 26/04/03 08:05:29 INFO BlockManagerMasterEndpoint: Removed 19 successfully in removeExecutor
[2026-04-03T08:05:29.823+0000] {spark_submit.py:579} INFO - 26/04/03 08:05:29 INFO StandaloneSchedulerBackend: Granted executor ID app-20260403080347-0005/20 on hostPort 172.20.0.2:43131 with 2 core(s), 1024.0 MiB RAM
[2026-04-03T08:05:29.845+0000] {spark_submit.py:579} INFO - 26/04/03 08:05:29 INFO StandaloneAppClient$ClientEndpoint: Executor updated: app-20260403080347-0005/20 is now RUNNING
[2026-04-03T08:05:32.757+0000] {spark_submit.py:579} INFO - 26/04/03 08:05:32 INFO StandaloneAppClient$ClientEndpoint: Executor updated: app-20260403080347-0005/20 is now EXITED (Command exited with code 1)
[2026-04-03T08:05:32.758+0000] {spark_submit.py:579} INFO - 26/04/03 08:05:32 INFO StandaloneSchedulerBackend: Executor app-20260403080347-0005/20 removed: Command exited with code 1
[2026-04-03T08:05:32.758+0000] {spark_submit.py:579} INFO - 26/04/03 08:05:32 INFO StandaloneAppClient$ClientEndpoint: Executor added: app-20260403080347-0005/21 on worker-20260403074029-172.20.0.2-43131 (172.20.0.2:43131) with 2 core(s)
[2026-04-03T08:05:32.759+0000] {spark_submit.py:579} INFO - 26/04/03 08:05:32 INFO StandaloneSchedulerBackend: Granted executor ID app-20260403080347-0005/21 on hostPort 172.20.0.2:43131 with 2 core(s), 1024.0 MiB RAM
[2026-04-03T08:05:32.759+0000] {spark_submit.py:579} INFO - 26/04/03 08:05:32 INFO BlockManagerMaster: Removal of executor 20 requested
[2026-04-03T08:05:32.759+0000] {spark_submit.py:579} INFO - 26/04/03 08:05:32 INFO BlockManagerMasterEndpoint: Trying to remove executor 20 from BlockManagerMaster.
[2026-04-03T08:05:32.759+0000] {spark_submit.py:579} INFO - 26/04/03 08:05:32 INFO BlockManagerMasterEndpoint: Removed 20 successfully in removeExecutor
[2026-04-03T08:05:32.760+0000] {spark_submit.py:579} INFO - 26/04/03 08:05:32 INFO StandaloneSchedulerBackend$StandaloneDriverEndpoint: Asked to remove non-existent executor 20
[2026-04-03T08:05:32.782+0000] {spark_submit.py:579} INFO - 26/04/03 08:05:32 INFO StandaloneAppClient$ClientEndpoint: Executor updated: app-20260403080347-0005/21 is now RUNNING
[2026-04-03T08:05:35.843+0000] {spark_submit.py:579} INFO - 26/04/03 08:05:35 INFO StandaloneAppClient$ClientEndpoint: Executor updated: app-20260403080347-0005/21 is now EXITED (Command exited with code 1)
[2026-04-03T08:05:35.843+0000] {spark_submit.py:579} INFO - 26/04/03 08:05:35 INFO StandaloneSchedulerBackend: Executor app-20260403080347-0005/21 removed: Command exited with code 1
[2026-04-03T08:05:35.844+0000] {spark_submit.py:579} INFO - 26/04/03 08:05:35 INFO StandaloneAppClient$ClientEndpoint: Executor added: app-20260403080347-0005/22 on worker-20260403074029-172.20.0.2-43131 (172.20.0.2:43131) with 2 core(s)
[2026-04-03T08:05:35.844+0000] {spark_submit.py:579} INFO - 26/04/03 08:05:35 INFO BlockManagerMasterEndpoint: Trying to remove executor 21 from BlockManagerMaster.
[2026-04-03T08:05:35.845+0000] {spark_submit.py:579} INFO - 26/04/03 08:05:35 INFO BlockManagerMaster: Removal of executor 21 requested
[2026-04-03T08:05:35.845+0000] {spark_submit.py:579} INFO - 26/04/03 08:05:35 INFO BlockManagerMasterEndpoint: Removed 21 successfully in removeExecutor
[2026-04-03T08:05:35.845+0000] {spark_submit.py:579} INFO - 26/04/03 08:05:35 INFO StandaloneSchedulerBackend: Granted executor ID app-20260403080347-0005/22 on hostPort 172.20.0.2:43131 with 2 core(s), 1024.0 MiB RAM
[2026-04-03T08:05:35.845+0000] {spark_submit.py:579} INFO - 26/04/03 08:05:35 INFO StandaloneSchedulerBackend$StandaloneDriverEndpoint: Asked to remove non-existent executor 21
[2026-04-03T08:05:35.868+0000] {spark_submit.py:579} INFO - 26/04/03 08:05:35 INFO StandaloneAppClient$ClientEndpoint: Executor updated: app-20260403080347-0005/22 is now RUNNING
[2026-04-03T08:05:38.942+0000] {spark_submit.py:579} INFO - 26/04/03 08:05:38 INFO StandaloneAppClient$ClientEndpoint: Executor updated: app-20260403080347-0005/22 is now EXITED (Command exited with code 1)
[2026-04-03T08:05:38.943+0000] {spark_submit.py:579} INFO - 26/04/03 08:05:38 INFO StandaloneSchedulerBackend: Executor app-20260403080347-0005/22 removed: Command exited with code 1
[2026-04-03T08:05:38.944+0000] {spark_submit.py:579} INFO - 26/04/03 08:05:38 INFO StandaloneAppClient$ClientEndpoint: Executor added: app-20260403080347-0005/23 on worker-20260403074029-172.20.0.2-43131 (172.20.0.2:43131) with 2 core(s)
[2026-04-03T08:05:38.944+0000] {spark_submit.py:579} INFO - 26/04/03 08:05:38 INFO BlockManagerMasterEndpoint: Trying to remove executor 22 from BlockManagerMaster.
[2026-04-03T08:05:38.944+0000] {spark_submit.py:579} INFO - 26/04/03 08:05:38 INFO BlockManagerMaster: Removal of executor 22 requested
[2026-04-03T08:05:38.945+0000] {spark_submit.py:579} INFO - 26/04/03 08:05:38 INFO BlockManagerMasterEndpoint: Removed 22 successfully in removeExecutor
[2026-04-03T08:05:38.945+0000] {spark_submit.py:579} INFO - 26/04/03 08:05:38 INFO StandaloneSchedulerBackend$StandaloneDriverEndpoint: Asked to remove non-existent executor 22
[2026-04-03T08:05:38.945+0000] {spark_submit.py:579} INFO - 26/04/03 08:05:38 INFO StandaloneSchedulerBackend: Granted executor ID app-20260403080347-0005/23 on hostPort 172.20.0.2:43131 with 2 core(s), 1024.0 MiB RAM
[2026-04-03T08:05:38.969+0000] {spark_submit.py:579} INFO - 26/04/03 08:05:38 INFO StandaloneAppClient$ClientEndpoint: Executor updated: app-20260403080347-0005/23 is now RUNNING
[2026-04-03T08:05:41.409+0000] {spark_submit.py:579} INFO - 26/04/03 08:05:41 WARN TaskSchedulerImpl: Initial job has not accepted any resources; check your cluster UI to ensure that workers are registered and have sufficient resources
[2026-04-03T08:05:42.302+0000] {spark_submit.py:579} INFO - 26/04/03 08:05:42 INFO StandaloneAppClient$ClientEndpoint: Executor updated: app-20260403080347-0005/23 is now EXITED (Command exited with code 1)
[2026-04-03T08:05:42.303+0000] {spark_submit.py:579} INFO - 26/04/03 08:05:42 INFO StandaloneSchedulerBackend: Executor app-20260403080347-0005/23 removed: Command exited with code 1
[2026-04-03T08:05:42.304+0000] {spark_submit.py:579} INFO - 26/04/03 08:05:42 INFO StandaloneAppClient$ClientEndpoint: Executor added: app-20260403080347-0005/24 on worker-20260403074029-172.20.0.2-43131 (172.20.0.2:43131) with 2 core(s)
[2026-04-03T08:05:42.304+0000] {spark_submit.py:579} INFO - 26/04/03 08:05:42 INFO BlockManagerMasterEndpoint: Trying to remove executor 23 from BlockManagerMaster.
[2026-04-03T08:05:42.305+0000] {spark_submit.py:579} INFO - 26/04/03 08:05:42 INFO BlockManagerMaster: Removal of executor 23 requested
[2026-04-03T08:05:42.305+0000] {spark_submit.py:579} INFO - 26/04/03 08:05:42 INFO BlockManagerMasterEndpoint: Removed 23 successfully in removeExecutor
[2026-04-03T08:05:42.305+0000] {spark_submit.py:579} INFO - 26/04/03 08:05:42 INFO StandaloneSchedulerBackend$StandaloneDriverEndpoint: Asked to remove non-existent executor 23
[2026-04-03T08:05:42.306+0000] {spark_submit.py:579} INFO - 26/04/03 08:05:42 INFO StandaloneSchedulerBackend: Granted executor ID app-20260403080347-0005/24 on hostPort 172.20.0.2:43131 with 2 core(s), 1024.0 MiB RAM
[2026-04-03T08:05:42.326+0000] {spark_submit.py:579} INFO - 26/04/03 08:05:42 INFO StandaloneAppClient$ClientEndpoint: Executor updated: app-20260403080347-0005/24 is now RUNNING
[2026-04-03T08:05:45.463+0000] {spark_submit.py:579} INFO - 26/04/03 08:05:45 INFO StandaloneAppClient$ClientEndpoint: Executor updated: app-20260403080347-0005/24 is now EXITED (Command exited with code 1)
[2026-04-03T08:05:45.464+0000] {spark_submit.py:579} INFO - 26/04/03 08:05:45 INFO StandaloneSchedulerBackend: Executor app-20260403080347-0005/24 removed: Command exited with code 1
[2026-04-03T08:05:45.465+0000] {spark_submit.py:579} INFO - 26/04/03 08:05:45 INFO StandaloneAppClient$ClientEndpoint: Executor added: app-20260403080347-0005/25 on worker-20260403074029-172.20.0.2-43131 (172.20.0.2:43131) with 2 core(s)
[2026-04-03T08:05:45.465+0000] {spark_submit.py:579} INFO - 26/04/03 08:05:45 INFO BlockManagerMasterEndpoint: Trying to remove executor 24 from BlockManagerMaster.
[2026-04-03T08:05:45.465+0000] {spark_submit.py:579} INFO - 26/04/03 08:05:45 INFO BlockManagerMaster: Removal of executor 24 requested
[2026-04-03T08:05:45.465+0000] {spark_submit.py:579} INFO - 26/04/03 08:05:45 INFO BlockManagerMasterEndpoint: Removed 24 successfully in removeExecutor
[2026-04-03T08:05:45.466+0000] {spark_submit.py:579} INFO - 26/04/03 08:05:45 INFO StandaloneSchedulerBackend$StandaloneDriverEndpoint: Asked to remove non-existent executor 24
[2026-04-03T08:05:45.466+0000] {spark_submit.py:579} INFO - 26/04/03 08:05:45 INFO StandaloneSchedulerBackend: Granted executor ID app-20260403080347-0005/25 on hostPort 172.20.0.2:43131 with 2 core(s), 1024.0 MiB RAM
[2026-04-03T08:05:45.487+0000] {spark_submit.py:579} INFO - 26/04/03 08:05:45 INFO StandaloneAppClient$ClientEndpoint: Executor updated: app-20260403080347-0005/25 is now RUNNING
[2026-04-03T08:05:48.457+0000] {spark_submit.py:579} INFO - 26/04/03 08:05:48 INFO StandaloneAppClient$ClientEndpoint: Executor updated: app-20260403080347-0005/25 is now EXITED (Command exited with code 1)
[2026-04-03T08:05:48.458+0000] {spark_submit.py:579} INFO - 26/04/03 08:05:48 INFO StandaloneSchedulerBackend: Executor app-20260403080347-0005/25 removed: Command exited with code 1
[2026-04-03T08:05:48.458+0000] {spark_submit.py:579} INFO - 26/04/03 08:05:48 INFO StandaloneAppClient$ClientEndpoint: Executor added: app-20260403080347-0005/26 on worker-20260403074029-172.20.0.2-43131 (172.20.0.2:43131) with 2 core(s)
[2026-04-03T08:05:48.458+0000] {spark_submit.py:579} INFO - 26/04/03 08:05:48 INFO BlockManagerMasterEndpoint: Trying to remove executor 25 from BlockManagerMaster.
[2026-04-03T08:05:48.459+0000] {spark_submit.py:579} INFO - 26/04/03 08:05:48 INFO BlockManagerMaster: Removal of executor 25 requested
[2026-04-03T08:05:48.459+0000] {spark_submit.py:579} INFO - 26/04/03 08:05:48 INFO BlockManagerMasterEndpoint: Removed 25 successfully in removeExecutor
[2026-04-03T08:05:48.459+0000] {spark_submit.py:579} INFO - 26/04/03 08:05:48 INFO StandaloneSchedulerBackend$StandaloneDriverEndpoint: Asked to remove non-existent executor 25
[2026-04-03T08:05:48.459+0000] {spark_submit.py:579} INFO - 26/04/03 08:05:48 INFO StandaloneSchedulerBackend: Granted executor ID app-20260403080347-0005/26 on hostPort 172.20.0.2:43131 with 2 core(s), 1024.0 MiB RAM
[2026-04-03T08:05:48.482+0000] {spark_submit.py:579} INFO - 26/04/03 08:05:48 INFO StandaloneAppClient$ClientEndpoint: Executor updated: app-20260403080347-0005/26 is now RUNNING
[2026-04-03T08:05:51.403+0000] {spark_submit.py:579} INFO - 26/04/03 08:05:51 INFO StandaloneAppClient$ClientEndpoint: Executor updated: app-20260403080347-0005/26 is now EXITED (Command exited with code 1)
[2026-04-03T08:05:51.404+0000] {spark_submit.py:579} INFO - 26/04/03 08:05:51 INFO StandaloneSchedulerBackend: Executor app-20260403080347-0005/26 removed: Command exited with code 1
[2026-04-03T08:05:51.405+0000] {spark_submit.py:579} INFO - 26/04/03 08:05:51 INFO BlockManagerMaster: Removal of executor 26 requested
[2026-04-03T08:05:51.405+0000] {spark_submit.py:579} INFO - 26/04/03 08:05:51 INFO StandaloneAppClient$ClientEndpoint: Executor added: app-20260403080347-0005/27 on worker-20260403074029-172.20.0.2-43131 (172.20.0.2:43131) with 2 core(s)
[2026-04-03T08:05:51.406+0000] {spark_submit.py:579} INFO - 26/04/03 08:05:51 INFO BlockManagerMasterEndpoint: Trying to remove executor 26 from BlockManagerMaster.
[2026-04-03T08:05:51.406+0000] {spark_submit.py:579} INFO - 26/04/03 08:05:51 INFO StandaloneSchedulerBackend$StandaloneDriverEndpoint: Asked to remove non-existent executor 26
[2026-04-03T08:05:51.406+0000] {spark_submit.py:579} INFO - 26/04/03 08:05:51 INFO BlockManagerMasterEndpoint: Removed 26 successfully in removeExecutor
[2026-04-03T08:05:51.406+0000] {spark_submit.py:579} INFO - 26/04/03 08:05:51 INFO StandaloneSchedulerBackend: Granted executor ID app-20260403080347-0005/27 on hostPort 172.20.0.2:43131 with 2 core(s), 1024.0 MiB RAM
[2026-04-03T08:05:51.428+0000] {spark_submit.py:579} INFO - 26/04/03 08:05:51 INFO StandaloneAppClient$ClientEndpoint: Executor updated: app-20260403080347-0005/27 is now RUNNING
[2026-04-03T08:05:54.982+0000] {spark_submit.py:579} INFO - 26/04/03 08:05:54 INFO StandaloneAppClient$ClientEndpoint: Executor updated: app-20260403080347-0005/27 is now EXITED (Command exited with code 1)
[2026-04-03T08:05:54.983+0000] {spark_submit.py:579} INFO - 26/04/03 08:05:54 INFO StandaloneSchedulerBackend: Executor app-20260403080347-0005/27 removed: Command exited with code 1
[2026-04-03T08:05:54.983+0000] {spark_submit.py:579} INFO - 26/04/03 08:05:54 INFO BlockManagerMasterEndpoint: Trying to remove executor 27 from BlockManagerMaster.
[2026-04-03T08:05:54.984+0000] {spark_submit.py:579} INFO - 26/04/03 08:05:54 INFO BlockManagerMaster: Removal of executor 27 requested
[2026-04-03T08:05:54.984+0000] {spark_submit.py:579} INFO - 26/04/03 08:05:54 INFO StandaloneAppClient$ClientEndpoint: Executor added: app-20260403080347-0005/28 on worker-20260403074029-172.20.0.2-43131 (172.20.0.2:43131) with 2 core(s)
[2026-04-03T08:05:54.984+0000] {spark_submit.py:579} INFO - 26/04/03 08:05:54 INFO BlockManagerMasterEndpoint: Removed 27 successfully in removeExecutor
[2026-04-03T08:05:54.984+0000] {spark_submit.py:579} INFO - 26/04/03 08:05:54 INFO StandaloneSchedulerBackend$StandaloneDriverEndpoint: Asked to remove non-existent executor 27
[2026-04-03T08:05:54.985+0000] {spark_submit.py:579} INFO - 26/04/03 08:05:54 INFO StandaloneSchedulerBackend: Granted executor ID app-20260403080347-0005/28 on hostPort 172.20.0.2:43131 with 2 core(s), 1024.0 MiB RAM
[2026-04-03T08:05:55.007+0000] {spark_submit.py:579} INFO - 26/04/03 08:05:55 INFO StandaloneAppClient$ClientEndpoint: Executor updated: app-20260403080347-0005/28 is now RUNNING
[2026-04-03T08:05:56.409+0000] {spark_submit.py:579} INFO - 26/04/03 08:05:56 WARN TaskSchedulerImpl: Initial job has not accepted any resources; check your cluster UI to ensure that workers are registered and have sufficient resources
[2026-04-03T08:05:57.844+0000] {spark_submit.py:579} INFO - 26/04/03 08:05:57 INFO StandaloneAppClient$ClientEndpoint: Executor updated: app-20260403080347-0005/28 is now EXITED (Command exited with code 1)
[2026-04-03T08:05:57.845+0000] {spark_submit.py:579} INFO - 26/04/03 08:05:57 INFO StandaloneSchedulerBackend: Executor app-20260403080347-0005/28 removed: Command exited with code 1
[2026-04-03T08:05:57.846+0000] {spark_submit.py:579} INFO - 26/04/03 08:05:57 INFO StandaloneAppClient$ClientEndpoint: Executor added: app-20260403080347-0005/29 on worker-20260403074029-172.20.0.2-43131 (172.20.0.2:43131) with 2 core(s)
[2026-04-03T08:05:57.846+0000] {spark_submit.py:579} INFO - 26/04/03 08:05:57 INFO BlockManagerMaster: Removal of executor 28 requested
[2026-04-03T08:05:57.846+0000] {spark_submit.py:579} INFO - 26/04/03 08:05:57 INFO BlockManagerMasterEndpoint: Trying to remove executor 28 from BlockManagerMaster.
[2026-04-03T08:05:57.847+0000] {spark_submit.py:579} INFO - 26/04/03 08:05:57 INFO StandaloneSchedulerBackend$StandaloneDriverEndpoint: Asked to remove non-existent executor 28
[2026-04-03T08:05:57.847+0000] {spark_submit.py:579} INFO - 26/04/03 08:05:57 INFO BlockManagerMasterEndpoint: Removed 28 successfully in removeExecutor
[2026-04-03T08:05:57.847+0000] {spark_submit.py:579} INFO - 26/04/03 08:05:57 INFO StandaloneSchedulerBackend: Granted executor ID app-20260403080347-0005/29 on hostPort 172.20.0.2:43131 with 2 core(s), 1024.0 MiB RAM
[2026-04-03T08:05:57.871+0000] {spark_submit.py:579} INFO - 26/04/03 08:05:57 INFO StandaloneAppClient$ClientEndpoint: Executor updated: app-20260403080347-0005/29 is now RUNNING
[2026-04-03T08:06:00.880+0000] {spark_submit.py:579} INFO - 26/04/03 08:06:00 INFO StandaloneAppClient$ClientEndpoint: Executor updated: app-20260403080347-0005/29 is now EXITED (Command exited with code 1)
[2026-04-03T08:06:00.881+0000] {spark_submit.py:579} INFO - 26/04/03 08:06:00 INFO StandaloneSchedulerBackend: Executor app-20260403080347-0005/29 removed: Command exited with code 1
[2026-04-03T08:06:00.882+0000] {spark_submit.py:579} INFO - 26/04/03 08:06:00 INFO BlockManagerMasterEndpoint: Trying to remove executor 29 from BlockManagerMaster.
[2026-04-03T08:06:00.882+0000] {spark_submit.py:579} INFO - 26/04/03 08:06:00 INFO BlockManagerMaster: Removal of executor 29 requested
[2026-04-03T08:06:00.883+0000] {spark_submit.py:579} INFO - 26/04/03 08:06:00 INFO StandaloneAppClient$ClientEndpoint: Executor added: app-20260403080347-0005/30 on worker-20260403074029-172.20.0.2-43131 (172.20.0.2:43131) with 2 core(s)
[2026-04-03T08:06:00.883+0000] {spark_submit.py:579} INFO - 26/04/03 08:06:00 INFO BlockManagerMasterEndpoint: Removed 29 successfully in removeExecutor
[2026-04-03T08:06:00.883+0000] {spark_submit.py:579} INFO - 26/04/03 08:06:00 INFO StandaloneSchedulerBackend$StandaloneDriverEndpoint: Asked to remove non-existent executor 29
[2026-04-03T08:06:00.883+0000] {spark_submit.py:579} INFO - 26/04/03 08:06:00 INFO StandaloneSchedulerBackend: Granted executor ID app-20260403080347-0005/30 on hostPort 172.20.0.2:43131 with 2 core(s), 1024.0 MiB RAM
[2026-04-03T08:06:00.906+0000] {spark_submit.py:579} INFO - 26/04/03 08:06:00 INFO StandaloneAppClient$ClientEndpoint: Executor updated: app-20260403080347-0005/30 is now RUNNING
[2026-04-03T08:06:03.798+0000] {spark_submit.py:579} INFO - 26/04/03 08:06:03 INFO StandaloneAppClient$ClientEndpoint: Executor updated: app-20260403080347-0005/30 is now EXITED (Command exited with code 1)
[2026-04-03T08:06:03.799+0000] {spark_submit.py:579} INFO - 26/04/03 08:06:03 INFO StandaloneSchedulerBackend: Executor app-20260403080347-0005/30 removed: Command exited with code 1
[2026-04-03T08:06:03.799+0000] {spark_submit.py:579} INFO - 26/04/03 08:06:03 INFO BlockManagerMaster: Removal of executor 30 requested
[2026-04-03T08:06:03.799+0000] {spark_submit.py:579} INFO - 26/04/03 08:06:03 INFO BlockManagerMasterEndpoint: Trying to remove executor 30 from BlockManagerMaster.
[2026-04-03T08:06:03.800+0000] {spark_submit.py:579} INFO - 26/04/03 08:06:03 INFO StandaloneSchedulerBackend$StandaloneDriverEndpoint: Asked to remove non-existent executor 30
[2026-04-03T08:06:03.800+0000] {spark_submit.py:579} INFO - 26/04/03 08:06:03 INFO BlockManagerMasterEndpoint: Removed 30 successfully in removeExecutor
[2026-04-03T08:06:03.800+0000] {spark_submit.py:579} INFO - 26/04/03 08:06:03 INFO StandaloneAppClient$ClientEndpoint: Executor added: app-20260403080347-0005/31 on worker-20260403074029-172.20.0.2-43131 (172.20.0.2:43131) with 2 core(s)
[2026-04-03T08:06:03.800+0000] {spark_submit.py:579} INFO - 26/04/03 08:06:03 INFO StandaloneSchedulerBackend: Granted executor ID app-20260403080347-0005/31 on hostPort 172.20.0.2:43131 with 2 core(s), 1024.0 MiB RAM
[2026-04-03T08:06:03.822+0000] {spark_submit.py:579} INFO - 26/04/03 08:06:03 INFO StandaloneAppClient$ClientEndpoint: Executor updated: app-20260403080347-0005/31 is now RUNNING
[2026-04-03T08:06:06.883+0000] {spark_submit.py:579} INFO - 26/04/03 08:06:06 INFO StandaloneAppClient$ClientEndpoint: Executor updated: app-20260403080347-0005/31 is now EXITED (Command exited with code 1)
[2026-04-03T08:06:06.884+0000] {spark_submit.py:579} INFO - 26/04/03 08:06:06 INFO StandaloneSchedulerBackend: Executor app-20260403080347-0005/31 removed: Command exited with code 1
[2026-04-03T08:06:06.884+0000] {spark_submit.py:579} INFO - 26/04/03 08:06:06 INFO StandaloneAppClient$ClientEndpoint: Executor added: app-20260403080347-0005/32 on worker-20260403074029-172.20.0.2-43131 (172.20.0.2:43131) with 2 core(s)
[2026-04-03T08:06:06.884+0000] {spark_submit.py:579} INFO - 26/04/03 08:06:06 INFO BlockManagerMasterEndpoint: Trying to remove executor 31 from BlockManagerMaster.
[2026-04-03T08:06:06.884+0000] {spark_submit.py:579} INFO - 26/04/03 08:06:06 INFO BlockManagerMaster: Removal of executor 31 requested
[2026-04-03T08:06:06.885+0000] {spark_submit.py:579} INFO - 26/04/03 08:06:06 INFO BlockManagerMasterEndpoint: Removed 31 successfully in removeExecutor
[2026-04-03T08:06:06.885+0000] {spark_submit.py:579} INFO - 26/04/03 08:06:06 INFO StandaloneSchedulerBackend$StandaloneDriverEndpoint: Asked to remove non-existent executor 31
[2026-04-03T08:06:06.885+0000] {spark_submit.py:579} INFO - 26/04/03 08:06:06 INFO StandaloneSchedulerBackend: Granted executor ID app-20260403080347-0005/32 on hostPort 172.20.0.2:43131 with 2 core(s), 1024.0 MiB RAM
[2026-04-03T08:06:06.907+0000] {spark_submit.py:579} INFO - 26/04/03 08:06:06 INFO StandaloneAppClient$ClientEndpoint: Executor updated: app-20260403080347-0005/32 is now RUNNING
[2026-04-03T08:06:09.861+0000] {spark_submit.py:579} INFO - 26/04/03 08:06:09 INFO StandaloneAppClient$ClientEndpoint: Executor updated: app-20260403080347-0005/32 is now EXITED (Command exited with code 1)
[2026-04-03T08:06:09.862+0000] {spark_submit.py:579} INFO - 26/04/03 08:06:09 INFO StandaloneSchedulerBackend: Executor app-20260403080347-0005/32 removed: Command exited with code 1
[2026-04-03T08:06:09.863+0000] {spark_submit.py:579} INFO - 26/04/03 08:06:09 INFO StandaloneAppClient$ClientEndpoint: Executor added: app-20260403080347-0005/33 on worker-20260403074029-172.20.0.2-43131 (172.20.0.2:43131) with 2 core(s)
[2026-04-03T08:06:09.863+0000] {spark_submit.py:579} INFO - 26/04/03 08:06:09 INFO BlockManagerMasterEndpoint: Trying to remove executor 32 from BlockManagerMaster.
[2026-04-03T08:06:09.863+0000] {spark_submit.py:579} INFO - 26/04/03 08:06:09 INFO BlockManagerMaster: Removal of executor 32 requested
[2026-04-03T08:06:09.864+0000] {spark_submit.py:579} INFO - 26/04/03 08:06:09 INFO BlockManagerMasterEndpoint: Removed 32 successfully in removeExecutor
[2026-04-03T08:06:09.864+0000] {spark_submit.py:579} INFO - 26/04/03 08:06:09 INFO StandaloneSchedulerBackend: Granted executor ID app-20260403080347-0005/33 on hostPort 172.20.0.2:43131 with 2 core(s), 1024.0 MiB RAM
[2026-04-03T08:06:09.864+0000] {spark_submit.py:579} INFO - 26/04/03 08:06:09 INFO StandaloneSchedulerBackend$StandaloneDriverEndpoint: Asked to remove non-existent executor 32
[2026-04-03T08:06:09.886+0000] {spark_submit.py:579} INFO - 26/04/03 08:06:09 INFO StandaloneAppClient$ClientEndpoint: Executor updated: app-20260403080347-0005/33 is now RUNNING
[2026-04-03T08:06:11.409+0000] {spark_submit.py:579} INFO - 26/04/03 08:06:11 WARN TaskSchedulerImpl: Initial job has not accepted any resources; check your cluster UI to ensure that workers are registered and have sufficient resources
[2026-04-03T08:06:12.844+0000] {spark_submit.py:579} INFO - 26/04/03 08:06:12 INFO StandaloneAppClient$ClientEndpoint: Executor updated: app-20260403080347-0005/33 is now EXITED (Command exited with code 1)
[2026-04-03T08:06:12.845+0000] {spark_submit.py:579} INFO - 26/04/03 08:06:12 INFO StandaloneSchedulerBackend: Executor app-20260403080347-0005/33 removed: Command exited with code 1
[2026-04-03T08:06:12.845+0000] {spark_submit.py:579} INFO - 26/04/03 08:06:12 INFO BlockManagerMasterEndpoint: Trying to remove executor 33 from BlockManagerMaster.
[2026-04-03T08:06:12.846+0000] {spark_submit.py:579} INFO - 26/04/03 08:06:12 INFO BlockManagerMasterEndpoint: Removed 33 successfully in removeExecutor
[2026-04-03T08:06:12.846+0000] {spark_submit.py:579} INFO - 26/04/03 08:06:12 INFO BlockManagerMaster: Removal of executor 33 requested
[2026-04-03T08:06:12.846+0000] {spark_submit.py:579} INFO - 26/04/03 08:06:12 INFO StandaloneAppClient$ClientEndpoint: Executor added: app-20260403080347-0005/34 on worker-20260403074029-172.20.0.2-43131 (172.20.0.2:43131) with 2 core(s)
[2026-04-03T08:06:12.846+0000] {spark_submit.py:579} INFO - 26/04/03 08:06:12 INFO StandaloneSchedulerBackend$StandaloneDriverEndpoint: Asked to remove non-existent executor 33
[2026-04-03T08:06:12.847+0000] {spark_submit.py:579} INFO - 26/04/03 08:06:12 INFO StandaloneSchedulerBackend: Granted executor ID app-20260403080347-0005/34 on hostPort 172.20.0.2:43131 with 2 core(s), 1024.0 MiB RAM
[2026-04-03T08:06:12.868+0000] {spark_submit.py:579} INFO - 26/04/03 08:06:12 INFO StandaloneAppClient$ClientEndpoint: Executor updated: app-20260403080347-0005/34 is now RUNNING
[2026-04-03T08:06:15.725+0000] {spark_submit.py:579} INFO - 26/04/03 08:06:15 INFO StandaloneAppClient$ClientEndpoint: Executor updated: app-20260403080347-0005/34 is now EXITED (Command exited with code 1)
[2026-04-03T08:06:15.726+0000] {spark_submit.py:579} INFO - 26/04/03 08:06:15 INFO StandaloneSchedulerBackend: Executor app-20260403080347-0005/34 removed: Command exited with code 1
[2026-04-03T08:06:15.727+0000] {spark_submit.py:579} INFO - 26/04/03 08:06:15 INFO StandaloneAppClient$ClientEndpoint: Executor added: app-20260403080347-0005/35 on worker-20260403074029-172.20.0.2-43131 (172.20.0.2:43131) with 2 core(s)
[2026-04-03T08:06:15.727+0000] {spark_submit.py:579} INFO - 26/04/03 08:06:15 INFO BlockManagerMasterEndpoint: Trying to remove executor 34 from BlockManagerMaster.
[2026-04-03T08:06:15.727+0000] {spark_submit.py:579} INFO - 26/04/03 08:06:15 INFO BlockManagerMasterEndpoint: Removed 34 successfully in removeExecutor
[2026-04-03T08:06:15.728+0000] {spark_submit.py:579} INFO - 26/04/03 08:06:15 INFO BlockManagerMaster: Removal of executor 34 requested
[2026-04-03T08:06:15.728+0000] {spark_submit.py:579} INFO - 26/04/03 08:06:15 INFO StandaloneSchedulerBackend: Granted executor ID app-20260403080347-0005/35 on hostPort 172.20.0.2:43131 with 2 core(s), 1024.0 MiB RAM
[2026-04-03T08:06:15.728+0000] {spark_submit.py:579} INFO - 26/04/03 08:06:15 INFO StandaloneSchedulerBackend$StandaloneDriverEndpoint: Asked to remove non-existent executor 34
[2026-04-03T08:06:15.750+0000] {spark_submit.py:579} INFO - 26/04/03 08:06:15 INFO StandaloneAppClient$ClientEndpoint: Executor updated: app-20260403080347-0005/35 is now RUNNING
[2026-04-03T08:06:18.834+0000] {spark_submit.py:579} INFO - 26/04/03 08:06:18 INFO StandaloneAppClient$ClientEndpoint: Executor updated: app-20260403080347-0005/35 is now EXITED (Command exited with code 1)
[2026-04-03T08:06:18.835+0000] {spark_submit.py:579} INFO - 26/04/03 08:06:18 INFO StandaloneSchedulerBackend: Executor app-20260403080347-0005/35 removed: Command exited with code 1
[2026-04-03T08:06:18.836+0000] {spark_submit.py:579} INFO - 26/04/03 08:06:18 INFO BlockManagerMaster: Removal of executor 35 requested
[2026-04-03T08:06:18.836+0000] {spark_submit.py:579} INFO - 26/04/03 08:06:18 INFO StandaloneAppClient$ClientEndpoint: Executor added: app-20260403080347-0005/36 on worker-20260403074029-172.20.0.2-43131 (172.20.0.2:43131) with 2 core(s)
[2026-04-03T08:06:18.836+0000] {spark_submit.py:579} INFO - 26/04/03 08:06:18 INFO BlockManagerMasterEndpoint: Trying to remove executor 35 from BlockManagerMaster.
[2026-04-03T08:06:18.836+0000] {spark_submit.py:579} INFO - 26/04/03 08:06:18 INFO BlockManagerMasterEndpoint: Removed 35 successfully in removeExecutor
[2026-04-03T08:06:18.837+0000] {spark_submit.py:579} INFO - 26/04/03 08:06:18 INFO StandaloneSchedulerBackend$StandaloneDriverEndpoint: Asked to remove non-existent executor 35
[2026-04-03T08:06:18.837+0000] {spark_submit.py:579} INFO - 26/04/03 08:06:18 INFO StandaloneSchedulerBackend: Granted executor ID app-20260403080347-0005/36 on hostPort 172.20.0.2:43131 with 2 core(s), 1024.0 MiB RAM
[2026-04-03T08:06:18.858+0000] {spark_submit.py:579} INFO - 26/04/03 08:06:18 INFO StandaloneAppClient$ClientEndpoint: Executor updated: app-20260403080347-0005/36 is now RUNNING
[2026-04-03T08:06:21.759+0000] {spark_submit.py:579} INFO - 26/04/03 08:06:21 INFO StandaloneAppClient$ClientEndpoint: Executor updated: app-20260403080347-0005/36 is now EXITED (Command exited with code 1)
[2026-04-03T08:06:21.760+0000] {spark_submit.py:579} INFO - 26/04/03 08:06:21 INFO StandaloneSchedulerBackend: Executor app-20260403080347-0005/36 removed: Command exited with code 1
[2026-04-03T08:06:21.761+0000] {spark_submit.py:579} INFO - 26/04/03 08:06:21 INFO BlockManagerMaster: Removal of executor 36 requested
[2026-04-03T08:06:21.761+0000] {spark_submit.py:579} INFO - 26/04/03 08:06:21 INFO BlockManagerMasterEndpoint: Trying to remove executor 36 from BlockManagerMaster.
[2026-04-03T08:06:21.762+0000] {spark_submit.py:579} INFO - 26/04/03 08:06:21 INFO BlockManagerMasterEndpoint: Removed 36 successfully in removeExecutor
[2026-04-03T08:06:21.762+0000] {spark_submit.py:579} INFO - 26/04/03 08:06:21 INFO StandaloneSchedulerBackend$StandaloneDriverEndpoint: Asked to remove non-existent executor 36
[2026-04-03T08:06:21.762+0000] {spark_submit.py:579} INFO - 26/04/03 08:06:21 INFO StandaloneAppClient$ClientEndpoint: Executor added: app-20260403080347-0005/37 on worker-20260403074029-172.20.0.2-43131 (172.20.0.2:43131) with 2 core(s)
[2026-04-03T08:06:21.763+0000] {spark_submit.py:579} INFO - 26/04/03 08:06:21 INFO StandaloneSchedulerBackend: Granted executor ID app-20260403080347-0005/37 on hostPort 172.20.0.2:43131 with 2 core(s), 1024.0 MiB RAM
[2026-04-03T08:06:21.783+0000] {spark_submit.py:579} INFO - 26/04/03 08:06:21 INFO StandaloneAppClient$ClientEndpoint: Executor updated: app-20260403080347-0005/37 is now RUNNING
[2026-04-03T08:06:24.670+0000] {spark_submit.py:579} INFO - 26/04/03 08:06:24 INFO StandaloneAppClient$ClientEndpoint: Executor updated: app-20260403080347-0005/37 is now EXITED (Command exited with code 1)
[2026-04-03T08:06:24.671+0000] {spark_submit.py:579} INFO - 26/04/03 08:06:24 INFO StandaloneSchedulerBackend: Executor app-20260403080347-0005/37 removed: Command exited with code 1
[2026-04-03T08:06:24.672+0000] {spark_submit.py:579} INFO - 26/04/03 08:06:24 INFO StandaloneAppClient$ClientEndpoint: Executor added: app-20260403080347-0005/38 on worker-20260403074029-172.20.0.2-43131 (172.20.0.2:43131) with 2 core(s)
[2026-04-03T08:06:24.672+0000] {spark_submit.py:579} INFO - 26/04/03 08:06:24 INFO BlockManagerMasterEndpoint: Trying to remove executor 37 from BlockManagerMaster.
[2026-04-03T08:06:24.672+0000] {spark_submit.py:579} INFO - 26/04/03 08:06:24 INFO BlockManagerMaster: Removal of executor 37 requested
[2026-04-03T08:06:24.673+0000] {spark_submit.py:579} INFO - 26/04/03 08:06:24 INFO BlockManagerMasterEndpoint: Removed 37 successfully in removeExecutor
[2026-04-03T08:06:24.673+0000] {spark_submit.py:579} INFO - 26/04/03 08:06:24 INFO StandaloneSchedulerBackend$StandaloneDriverEndpoint: Asked to remove non-existent executor 37
[2026-04-03T08:06:24.673+0000] {spark_submit.py:579} INFO - 26/04/03 08:06:24 INFO StandaloneSchedulerBackend: Granted executor ID app-20260403080347-0005/38 on hostPort 172.20.0.2:43131 with 2 core(s), 1024.0 MiB RAM
[2026-04-03T08:06:24.696+0000] {spark_submit.py:579} INFO - 26/04/03 08:06:24 INFO StandaloneAppClient$ClientEndpoint: Executor updated: app-20260403080347-0005/38 is now RUNNING
[2026-04-03T08:06:26.409+0000] {spark_submit.py:579} INFO - 26/04/03 08:06:26 WARN TaskSchedulerImpl: Initial job has not accepted any resources; check your cluster UI to ensure that workers are registered and have sufficient resources
[2026-04-03T08:06:27.553+0000] {spark_submit.py:579} INFO - 26/04/03 08:06:27 INFO StandaloneAppClient$ClientEndpoint: Executor updated: app-20260403080347-0005/38 is now EXITED (Command exited with code 1)
[2026-04-03T08:06:27.553+0000] {spark_submit.py:579} INFO - 26/04/03 08:06:27 INFO StandaloneSchedulerBackend: Executor app-20260403080347-0005/38 removed: Command exited with code 1
[2026-04-03T08:06:27.554+0000] {spark_submit.py:579} INFO - 26/04/03 08:06:27 INFO StandaloneAppClient$ClientEndpoint: Executor added: app-20260403080347-0005/39 on worker-20260403074029-172.20.0.2-43131 (172.20.0.2:43131) with 2 core(s)
[2026-04-03T08:06:27.554+0000] {spark_submit.py:579} INFO - 26/04/03 08:06:27 INFO BlockManagerMasterEndpoint: Trying to remove executor 38 from BlockManagerMaster.
[2026-04-03T08:06:27.555+0000] {spark_submit.py:579} INFO - 26/04/03 08:06:27 INFO BlockManagerMaster: Removal of executor 38 requested
[2026-04-03T08:06:27.555+0000] {spark_submit.py:579} INFO - 26/04/03 08:06:27 INFO StandaloneSchedulerBackend$StandaloneDriverEndpoint: Asked to remove non-existent executor 38
[2026-04-03T08:06:27.555+0000] {spark_submit.py:579} INFO - 26/04/03 08:06:27 INFO BlockManagerMasterEndpoint: Removed 38 successfully in removeExecutor
[2026-04-03T08:06:27.555+0000] {spark_submit.py:579} INFO - 26/04/03 08:06:27 INFO StandaloneSchedulerBackend: Granted executor ID app-20260403080347-0005/39 on hostPort 172.20.0.2:43131 with 2 core(s), 1024.0 MiB RAM
[2026-04-03T08:06:27.579+0000] {spark_submit.py:579} INFO - 26/04/03 08:06:27 INFO StandaloneAppClient$ClientEndpoint: Executor updated: app-20260403080347-0005/39 is now RUNNING
[2026-04-03T08:06:30.580+0000] {spark_submit.py:579} INFO - 26/04/03 08:06:30 INFO StandaloneAppClient$ClientEndpoint: Executor updated: app-20260403080347-0005/39 is now EXITED (Command exited with code 1)
[2026-04-03T08:06:30.581+0000] {spark_submit.py:579} INFO - 26/04/03 08:06:30 INFO StandaloneSchedulerBackend: Executor app-20260403080347-0005/39 removed: Command exited with code 1
[2026-04-03T08:06:30.581+0000] {spark_submit.py:579} INFO - 26/04/03 08:06:30 INFO StandaloneAppClient$ClientEndpoint: Executor added: app-20260403080347-0005/40 on worker-20260403074029-172.20.0.2-43131 (172.20.0.2:43131) with 2 core(s)
[2026-04-03T08:06:30.582+0000] {spark_submit.py:579} INFO - 26/04/03 08:06:30 INFO BlockManagerMasterEndpoint: Trying to remove executor 39 from BlockManagerMaster.
[2026-04-03T08:06:30.582+0000] {spark_submit.py:579} INFO - 26/04/03 08:06:30 INFO BlockManagerMaster: Removal of executor 39 requested
[2026-04-03T08:06:30.582+0000] {spark_submit.py:579} INFO - 26/04/03 08:06:30 INFO BlockManagerMasterEndpoint: Removed 39 successfully in removeExecutor
[2026-04-03T08:06:30.582+0000] {spark_submit.py:579} INFO - 26/04/03 08:06:30 INFO StandaloneSchedulerBackend$StandaloneDriverEndpoint: Asked to remove non-existent executor 39
[2026-04-03T08:06:30.583+0000] {spark_submit.py:579} INFO - 26/04/03 08:06:30 INFO StandaloneSchedulerBackend: Granted executor ID app-20260403080347-0005/40 on hostPort 172.20.0.2:43131 with 2 core(s), 1024.0 MiB RAM
[2026-04-03T08:06:30.604+0000] {spark_submit.py:579} INFO - 26/04/03 08:06:30 INFO StandaloneAppClient$ClientEndpoint: Executor updated: app-20260403080347-0005/40 is now RUNNING
[2026-04-03T08:06:33.644+0000] {spark_submit.py:579} INFO - 26/04/03 08:06:33 INFO StandaloneAppClient$ClientEndpoint: Executor updated: app-20260403080347-0005/40 is now EXITED (Command exited with code 1)
[2026-04-03T08:06:33.645+0000] {spark_submit.py:579} INFO - 26/04/03 08:06:33 INFO StandaloneSchedulerBackend: Executor app-20260403080347-0005/40 removed: Command exited with code 1
[2026-04-03T08:06:33.646+0000] {spark_submit.py:579} INFO - 26/04/03 08:06:33 INFO StandaloneAppClient$ClientEndpoint: Executor added: app-20260403080347-0005/41 on worker-20260403074029-172.20.0.2-43131 (172.20.0.2:43131) with 2 core(s)
[2026-04-03T08:06:33.646+0000] {spark_submit.py:579} INFO - 26/04/03 08:06:33 INFO BlockManagerMasterEndpoint: Trying to remove executor 40 from BlockManagerMaster.
[2026-04-03T08:06:33.647+0000] {spark_submit.py:579} INFO - 26/04/03 08:06:33 INFO BlockManagerMaster: Removal of executor 40 requested
[2026-04-03T08:06:33.647+0000] {spark_submit.py:579} INFO - 26/04/03 08:06:33 INFO BlockManagerMasterEndpoint: Removed 40 successfully in removeExecutor
[2026-04-03T08:06:33.647+0000] {spark_submit.py:579} INFO - 26/04/03 08:06:33 INFO StandaloneSchedulerBackend$StandaloneDriverEndpoint: Asked to remove non-existent executor 40
[2026-04-03T08:06:33.648+0000] {spark_submit.py:579} INFO - 26/04/03 08:06:33 INFO StandaloneSchedulerBackend: Granted executor ID app-20260403080347-0005/41 on hostPort 172.20.0.2:43131 with 2 core(s), 1024.0 MiB RAM
[2026-04-03T08:06:33.671+0000] {spark_submit.py:579} INFO - 26/04/03 08:06:33 INFO StandaloneAppClient$ClientEndpoint: Executor updated: app-20260403080347-0005/41 is now RUNNING
[2026-04-03T08:06:36.795+0000] {spark_submit.py:579} INFO - 26/04/03 08:06:36 INFO StandaloneAppClient$ClientEndpoint: Executor updated: app-20260403080347-0005/41 is now EXITED (Command exited with code 1)
[2026-04-03T08:06:36.796+0000] {spark_submit.py:579} INFO - 26/04/03 08:06:36 INFO StandaloneSchedulerBackend: Executor app-20260403080347-0005/41 removed: Command exited with code 1
[2026-04-03T08:06:36.796+0000] {spark_submit.py:579} INFO - 26/04/03 08:06:36 INFO StandaloneAppClient$ClientEndpoint: Executor added: app-20260403080347-0005/42 on worker-20260403074029-172.20.0.2-43131 (172.20.0.2:43131) with 2 core(s)
[2026-04-03T08:06:36.797+0000] {spark_submit.py:579} INFO - 26/04/03 08:06:36 INFO BlockManagerMaster: Removal of executor 41 requested
[2026-04-03T08:06:36.797+0000] {spark_submit.py:579} INFO - 26/04/03 08:06:36 INFO BlockManagerMasterEndpoint: Trying to remove executor 41 from BlockManagerMaster.
[2026-04-03T08:06:36.797+0000] {spark_submit.py:579} INFO - 26/04/03 08:06:36 INFO StandaloneSchedulerBackend$StandaloneDriverEndpoint: Asked to remove non-existent executor 41
[2026-04-03T08:06:36.797+0000] {spark_submit.py:579} INFO - 26/04/03 08:06:36 INFO BlockManagerMasterEndpoint: Removed 41 successfully in removeExecutor
[2026-04-03T08:06:36.798+0000] {spark_submit.py:579} INFO - 26/04/03 08:06:36 INFO StandaloneSchedulerBackend: Granted executor ID app-20260403080347-0005/42 on hostPort 172.20.0.2:43131 with 2 core(s), 1024.0 MiB RAM
[2026-04-03T08:06:36.826+0000] {spark_submit.py:579} INFO - 26/04/03 08:06:36 INFO StandaloneAppClient$ClientEndpoint: Executor updated: app-20260403080347-0005/42 is now RUNNING
[2026-04-03T08:06:39.829+0000] {spark_submit.py:579} INFO - 26/04/03 08:06:39 INFO StandaloneAppClient$ClientEndpoint: Executor updated: app-20260403080347-0005/42 is now EXITED (Command exited with code 1)
[2026-04-03T08:06:39.830+0000] {spark_submit.py:579} INFO - 26/04/03 08:06:39 INFO StandaloneSchedulerBackend: Executor app-20260403080347-0005/42 removed: Command exited with code 1
[2026-04-03T08:06:39.830+0000] {spark_submit.py:579} INFO - 26/04/03 08:06:39 INFO StandaloneAppClient$ClientEndpoint: Executor added: app-20260403080347-0005/43 on worker-20260403074029-172.20.0.2-43131 (172.20.0.2:43131) with 2 core(s)
[2026-04-03T08:06:39.830+0000] {spark_submit.py:579} INFO - 26/04/03 08:06:39 INFO BlockManagerMasterEndpoint: Trying to remove executor 42 from BlockManagerMaster.
[2026-04-03T08:06:39.831+0000] {spark_submit.py:579} INFO - 26/04/03 08:06:39 INFO BlockManagerMaster: Removal of executor 42 requested
[2026-04-03T08:06:39.831+0000] {spark_submit.py:579} INFO - 26/04/03 08:06:39 INFO BlockManagerMasterEndpoint: Removed 42 successfully in removeExecutor
[2026-04-03T08:06:39.831+0000] {spark_submit.py:579} INFO - 26/04/03 08:06:39 INFO StandaloneSchedulerBackend$StandaloneDriverEndpoint: Asked to remove non-existent executor 42
[2026-04-03T08:06:39.832+0000] {spark_submit.py:579} INFO - 26/04/03 08:06:39 INFO StandaloneSchedulerBackend: Granted executor ID app-20260403080347-0005/43 on hostPort 172.20.0.2:43131 with 2 core(s), 1024.0 MiB RAM
[2026-04-03T08:06:39.854+0000] {spark_submit.py:579} INFO - 26/04/03 08:06:39 INFO StandaloneAppClient$ClientEndpoint: Executor updated: app-20260403080347-0005/43 is now RUNNING
[2026-04-03T08:06:41.409+0000] {spark_submit.py:579} INFO - 26/04/03 08:06:41 WARN TaskSchedulerImpl: Initial job has not accepted any resources; check your cluster UI to ensure that workers are registered and have sufficient resources
[2026-04-03T08:06:42.933+0000] {spark_submit.py:579} INFO - 26/04/03 08:06:42 INFO StandaloneAppClient$ClientEndpoint: Executor updated: app-20260403080347-0005/43 is now EXITED (Command exited with code 1)
[2026-04-03T08:06:42.934+0000] {spark_submit.py:579} INFO - 26/04/03 08:06:42 INFO StandaloneSchedulerBackend: Executor app-20260403080347-0005/43 removed: Command exited with code 1
[2026-04-03T08:06:42.935+0000] {spark_submit.py:579} INFO - 26/04/03 08:06:42 INFO BlockManagerMaster: Removal of executor 43 requested
[2026-04-03T08:06:42.935+0000] {spark_submit.py:579} INFO - 26/04/03 08:06:42 INFO BlockManagerMasterEndpoint: Trying to remove executor 43 from BlockManagerMaster.
[2026-04-03T08:06:42.935+0000] {spark_submit.py:579} INFO - 26/04/03 08:06:42 INFO StandaloneAppClient$ClientEndpoint: Executor added: app-20260403080347-0005/44 on worker-20260403074029-172.20.0.2-43131 (172.20.0.2:43131) with 2 core(s)
[2026-04-03T08:06:42.935+0000] {spark_submit.py:579} INFO - 26/04/03 08:06:42 INFO StandaloneSchedulerBackend$StandaloneDriverEndpoint: Asked to remove non-existent executor 43
[2026-04-03T08:06:42.935+0000] {spark_submit.py:579} INFO - 26/04/03 08:06:42 INFO BlockManagerMasterEndpoint: Removed 43 successfully in removeExecutor
[2026-04-03T08:06:42.936+0000] {spark_submit.py:579} INFO - 26/04/03 08:06:42 INFO StandaloneSchedulerBackend: Granted executor ID app-20260403080347-0005/44 on hostPort 172.20.0.2:43131 with 2 core(s), 1024.0 MiB RAM
[2026-04-03T08:06:42.958+0000] {spark_submit.py:579} INFO - 26/04/03 08:06:42 INFO StandaloneAppClient$ClientEndpoint: Executor updated: app-20260403080347-0005/44 is now RUNNING
[2026-04-03T08:06:46.037+0000] {spark_submit.py:579} INFO - 26/04/03 08:06:46 INFO StandaloneAppClient$ClientEndpoint: Executor updated: app-20260403080347-0005/44 is now EXITED (Command exited with code 1)
[2026-04-03T08:06:46.038+0000] {spark_submit.py:579} INFO - 26/04/03 08:06:46 INFO StandaloneSchedulerBackend: Executor app-20260403080347-0005/44 removed: Command exited with code 1
[2026-04-03T08:06:46.038+0000] {spark_submit.py:579} INFO - 26/04/03 08:06:46 INFO BlockManagerMaster: Removal of executor 44 requested
[2026-04-03T08:06:46.038+0000] {spark_submit.py:579} INFO - 26/04/03 08:06:46 INFO BlockManagerMasterEndpoint: Trying to remove executor 44 from BlockManagerMaster.
[2026-04-03T08:06:46.038+0000] {spark_submit.py:579} INFO - 26/04/03 08:06:46 INFO BlockManagerMasterEndpoint: Removed 44 successfully in removeExecutor
[2026-04-03T08:06:46.039+0000] {spark_submit.py:579} INFO - 26/04/03 08:06:46 INFO StandaloneSchedulerBackend$StandaloneDriverEndpoint: Asked to remove non-existent executor 44
[2026-04-03T08:06:46.039+0000] {spark_submit.py:579} INFO - 26/04/03 08:06:46 INFO StandaloneAppClient$ClientEndpoint: Executor added: app-20260403080347-0005/45 on worker-20260403074029-172.20.0.2-43131 (172.20.0.2:43131) with 2 core(s)
[2026-04-03T08:06:46.039+0000] {spark_submit.py:579} INFO - 26/04/03 08:06:46 INFO StandaloneSchedulerBackend: Granted executor ID app-20260403080347-0005/45 on hostPort 172.20.0.2:43131 with 2 core(s), 1024.0 MiB RAM
[2026-04-03T08:06:46.063+0000] {spark_submit.py:579} INFO - 26/04/03 08:06:46 INFO StandaloneAppClient$ClientEndpoint: Executor updated: app-20260403080347-0005/45 is now RUNNING
[2026-04-03T08:06:49.398+0000] {spark_submit.py:579} INFO - 26/04/03 08:06:49 INFO StandaloneAppClient$ClientEndpoint: Executor updated: app-20260403080347-0005/45 is now EXITED (Command exited with code 1)
[2026-04-03T08:06:49.399+0000] {spark_submit.py:579} INFO - 26/04/03 08:06:49 INFO StandaloneSchedulerBackend: Executor app-20260403080347-0005/45 removed: Command exited with code 1
[2026-04-03T08:06:49.400+0000] {spark_submit.py:579} INFO - 26/04/03 08:06:49 INFO StandaloneAppClient$ClientEndpoint: Executor added: app-20260403080347-0005/46 on worker-20260403074029-172.20.0.2-43131 (172.20.0.2:43131) with 2 core(s)
[2026-04-03T08:06:49.400+0000] {spark_submit.py:579} INFO - 26/04/03 08:06:49 INFO BlockManagerMaster: Removal of executor 45 requested
[2026-04-03T08:06:49.401+0000] {spark_submit.py:579} INFO - 26/04/03 08:06:49 INFO BlockManagerMasterEndpoint: Trying to remove executor 45 from BlockManagerMaster.
[2026-04-03T08:06:49.401+0000] {spark_submit.py:579} INFO - 26/04/03 08:06:49 INFO StandaloneSchedulerBackend$StandaloneDriverEndpoint: Asked to remove non-existent executor 45
[2026-04-03T08:06:49.401+0000] {spark_submit.py:579} INFO - 26/04/03 08:06:49 INFO BlockManagerMasterEndpoint: Removed 45 successfully in removeExecutor
[2026-04-03T08:06:49.401+0000] {spark_submit.py:579} INFO - 26/04/03 08:06:49 INFO StandaloneSchedulerBackend: Granted executor ID app-20260403080347-0005/46 on hostPort 172.20.0.2:43131 with 2 core(s), 1024.0 MiB RAM
[2026-04-03T08:06:49.426+0000] {spark_submit.py:579} INFO - 26/04/03 08:06:49 INFO StandaloneAppClient$ClientEndpoint: Executor updated: app-20260403080347-0005/46 is now RUNNING
[2026-04-03T08:06:52.565+0000] {spark_submit.py:579} INFO - 26/04/03 08:06:52 INFO StandaloneAppClient$ClientEndpoint: Executor updated: app-20260403080347-0005/46 is now EXITED (Command exited with code 1)
[2026-04-03T08:06:52.566+0000] {spark_submit.py:579} INFO - 26/04/03 08:06:52 INFO StandaloneSchedulerBackend: Executor app-20260403080347-0005/46 removed: Command exited with code 1
[2026-04-03T08:06:52.567+0000] {spark_submit.py:579} INFO - 26/04/03 08:06:52 INFO BlockManagerMasterEndpoint: Trying to remove executor 46 from BlockManagerMaster.
[2026-04-03T08:06:52.567+0000] {spark_submit.py:579} INFO - 26/04/03 08:06:52 INFO BlockManagerMaster: Removal of executor 46 requested
[2026-04-03T08:06:52.567+0000] {spark_submit.py:579} INFO - 26/04/03 08:06:52 INFO BlockManagerMasterEndpoint: Removed 46 successfully in removeExecutor
[2026-04-03T08:06:52.568+0000] {spark_submit.py:579} INFO - 26/04/03 08:06:52 INFO StandaloneAppClient$ClientEndpoint: Executor added: app-20260403080347-0005/47 on worker-20260403074029-172.20.0.2-43131 (172.20.0.2:43131) with 2 core(s)
[2026-04-03T08:06:52.568+0000] {spark_submit.py:579} INFO - 26/04/03 08:06:52 INFO StandaloneSchedulerBackend$StandaloneDriverEndpoint: Asked to remove non-existent executor 46
[2026-04-03T08:06:52.569+0000] {spark_submit.py:579} INFO - 26/04/03 08:06:52 INFO StandaloneSchedulerBackend: Granted executor ID app-20260403080347-0005/47 on hostPort 172.20.0.2:43131 with 2 core(s), 1024.0 MiB RAM
[2026-04-03T08:06:52.592+0000] {spark_submit.py:579} INFO - 26/04/03 08:06:52 INFO StandaloneAppClient$ClientEndpoint: Executor updated: app-20260403080347-0005/47 is now RUNNING
[2026-04-03T08:06:55.578+0000] {spark_submit.py:579} INFO - 26/04/03 08:06:55 INFO StandaloneAppClient$ClientEndpoint: Executor updated: app-20260403080347-0005/47 is now EXITED (Command exited with code 1)
[2026-04-03T08:06:55.579+0000] {spark_submit.py:579} INFO - 26/04/03 08:06:55 INFO StandaloneSchedulerBackend: Executor app-20260403080347-0005/47 removed: Command exited with code 1
[2026-04-03T08:06:55.579+0000] {spark_submit.py:579} INFO - 26/04/03 08:06:55 INFO BlockManagerMaster: Removal of executor 47 requested
[2026-04-03T08:06:55.580+0000] {spark_submit.py:579} INFO - 26/04/03 08:06:55 INFO BlockManagerMasterEndpoint: Trying to remove executor 47 from BlockManagerMaster.
[2026-04-03T08:06:55.580+0000] {spark_submit.py:579} INFO - 26/04/03 08:06:55 INFO BlockManagerMasterEndpoint: Removed 47 successfully in removeExecutor
[2026-04-03T08:06:55.580+0000] {spark_submit.py:579} INFO - 26/04/03 08:06:55 INFO StandaloneSchedulerBackend$StandaloneDriverEndpoint: Asked to remove non-existent executor 47
[2026-04-03T08:06:55.580+0000] {spark_submit.py:579} INFO - 26/04/03 08:06:55 INFO StandaloneAppClient$ClientEndpoint: Executor added: app-20260403080347-0005/48 on worker-20260403074029-172.20.0.2-43131 (172.20.0.2:43131) with 2 core(s)
[2026-04-03T08:06:55.581+0000] {spark_submit.py:579} INFO - 26/04/03 08:06:55 INFO StandaloneSchedulerBackend: Granted executor ID app-20260403080347-0005/48 on hostPort 172.20.0.2:43131 with 2 core(s), 1024.0 MiB RAM
[2026-04-03T08:06:55.604+0000] {spark_submit.py:579} INFO - 26/04/03 08:06:55 INFO StandaloneAppClient$ClientEndpoint: Executor updated: app-20260403080347-0005/48 is now RUNNING
[2026-04-03T08:06:56.409+0000] {spark_submit.py:579} INFO - 26/04/03 08:06:56 WARN TaskSchedulerImpl: Initial job has not accepted any resources; check your cluster UI to ensure that workers are registered and have sufficient resources
[2026-04-03T08:06:58.610+0000] {spark_submit.py:579} INFO - 26/04/03 08:06:58 INFO StandaloneAppClient$ClientEndpoint: Executor updated: app-20260403080347-0005/48 is now EXITED (Command exited with code 1)
[2026-04-03T08:06:58.611+0000] {spark_submit.py:579} INFO - 26/04/03 08:06:58 INFO StandaloneSchedulerBackend: Executor app-20260403080347-0005/48 removed: Command exited with code 1
[2026-04-03T08:06:58.611+0000] {spark_submit.py:579} INFO - 26/04/03 08:06:58 INFO BlockManagerMasterEndpoint: Trying to remove executor 48 from BlockManagerMaster.
[2026-04-03T08:06:58.613+0000] {spark_submit.py:579} INFO - 26/04/03 08:06:58 INFO BlockManagerMaster: Removal of executor 48 requested
[2026-04-03T08:06:58.613+0000] {spark_submit.py:579} INFO - 26/04/03 08:06:58 INFO BlockManagerMasterEndpoint: Removed 48 successfully in removeExecutor
[2026-04-03T08:06:58.613+0000] {spark_submit.py:579} INFO - 26/04/03 08:06:58 INFO StandaloneSchedulerBackend$StandaloneDriverEndpoint: Asked to remove non-existent executor 48
[2026-04-03T08:06:58.614+0000] {spark_submit.py:579} INFO - 26/04/03 08:06:58 INFO StandaloneAppClient$ClientEndpoint: Executor added: app-20260403080347-0005/49 on worker-20260403074029-172.20.0.2-43131 (172.20.0.2:43131) with 2 core(s)
[2026-04-03T08:06:58.614+0000] {spark_submit.py:579} INFO - 26/04/03 08:06:58 INFO StandaloneSchedulerBackend: Granted executor ID app-20260403080347-0005/49 on hostPort 172.20.0.2:43131 with 2 core(s), 1024.0 MiB RAM
[2026-04-03T08:06:58.636+0000] {spark_submit.py:579} INFO - 26/04/03 08:06:58 INFO StandaloneAppClient$ClientEndpoint: Executor updated: app-20260403080347-0005/49 is now RUNNING
[2026-04-03T08:07:01.666+0000] {spark_submit.py:579} INFO - 26/04/03 08:07:01 INFO StandaloneAppClient$ClientEndpoint: Executor updated: app-20260403080347-0005/49 is now EXITED (Command exited with code 1)
[2026-04-03T08:07:01.666+0000] {spark_submit.py:579} INFO - 26/04/03 08:07:01 INFO StandaloneSchedulerBackend: Executor app-20260403080347-0005/49 removed: Command exited with code 1
[2026-04-03T08:07:01.667+0000] {spark_submit.py:579} INFO - 26/04/03 08:07:01 INFO StandaloneAppClient$ClientEndpoint: Executor added: app-20260403080347-0005/50 on worker-20260403074029-172.20.0.2-43131 (172.20.0.2:43131) with 2 core(s)
[2026-04-03T08:07:01.667+0000] {spark_submit.py:579} INFO - 26/04/03 08:07:01 INFO BlockManagerMasterEndpoint: Trying to remove executor 49 from BlockManagerMaster.
[2026-04-03T08:07:01.667+0000] {spark_submit.py:579} INFO - 26/04/03 08:07:01 INFO BlockManagerMaster: Removal of executor 49 requested
[2026-04-03T08:07:01.668+0000] {spark_submit.py:579} INFO - 26/04/03 08:07:01 INFO StandaloneSchedulerBackend: Granted executor ID app-20260403080347-0005/50 on hostPort 172.20.0.2:43131 with 2 core(s), 1024.0 MiB RAM
[2026-04-03T08:07:01.668+0000] {spark_submit.py:579} INFO - 26/04/03 08:07:01 INFO BlockManagerMasterEndpoint: Removed 49 successfully in removeExecutor
[2026-04-03T08:07:01.668+0000] {spark_submit.py:579} INFO - 26/04/03 08:07:01 INFO StandaloneSchedulerBackend$StandaloneDriverEndpoint: Asked to remove non-existent executor 49
[2026-04-03T08:07:01.689+0000] {spark_submit.py:579} INFO - 26/04/03 08:07:01 INFO StandaloneAppClient$ClientEndpoint: Executor updated: app-20260403080347-0005/50 is now RUNNING
[2026-04-03T08:07:04.668+0000] {spark_submit.py:579} INFO - 26/04/03 08:07:04 INFO StandaloneAppClient$ClientEndpoint: Executor updated: app-20260403080347-0005/50 is now EXITED (Command exited with code 1)
[2026-04-03T08:07:04.669+0000] {spark_submit.py:579} INFO - 26/04/03 08:07:04 INFO StandaloneSchedulerBackend: Executor app-20260403080347-0005/50 removed: Command exited with code 1
[2026-04-03T08:07:04.669+0000] {spark_submit.py:579} INFO - 26/04/03 08:07:04 INFO BlockManagerMasterEndpoint: Trying to remove executor 50 from BlockManagerMaster.
[2026-04-03T08:07:04.669+0000] {spark_submit.py:579} INFO - 26/04/03 08:07:04 INFO BlockManagerMaster: Removal of executor 50 requested
[2026-04-03T08:07:04.670+0000] {spark_submit.py:579} INFO - 26/04/03 08:07:04 INFO StandaloneAppClient$ClientEndpoint: Executor added: app-20260403080347-0005/51 on worker-20260403074029-172.20.0.2-43131 (172.20.0.2:43131) with 2 core(s)
[2026-04-03T08:07:04.670+0000] {spark_submit.py:579} INFO - 26/04/03 08:07:04 INFO BlockManagerMasterEndpoint: Removed 50 successfully in removeExecutor
[2026-04-03T08:07:04.670+0000] {spark_submit.py:579} INFO - 26/04/03 08:07:04 INFO StandaloneSchedulerBackend$StandaloneDriverEndpoint: Asked to remove non-existent executor 50
[2026-04-03T08:07:04.670+0000] {spark_submit.py:579} INFO - 26/04/03 08:07:04 INFO StandaloneSchedulerBackend: Granted executor ID app-20260403080347-0005/51 on hostPort 172.20.0.2:43131 with 2 core(s), 1024.0 MiB RAM
[2026-04-03T08:07:04.694+0000] {spark_submit.py:579} INFO - 26/04/03 08:07:04 INFO StandaloneAppClient$ClientEndpoint: Executor updated: app-20260403080347-0005/51 is now RUNNING
[2026-04-03T08:07:07.720+0000] {spark_submit.py:579} INFO - 26/04/03 08:07:07 INFO StandaloneAppClient$ClientEndpoint: Executor updated: app-20260403080347-0005/51 is now EXITED (Command exited with code 1)
[2026-04-03T08:07:07.721+0000] {spark_submit.py:579} INFO - 26/04/03 08:07:07 INFO StandaloneSchedulerBackend: Executor app-20260403080347-0005/51 removed: Command exited with code 1
[2026-04-03T08:07:07.722+0000] {spark_submit.py:579} INFO - 26/04/03 08:07:07 INFO StandaloneAppClient$ClientEndpoint: Executor added: app-20260403080347-0005/52 on worker-20260403074029-172.20.0.2-43131 (172.20.0.2:43131) with 2 core(s)
[2026-04-03T08:07:07.722+0000] {spark_submit.py:579} INFO - 26/04/03 08:07:07 INFO BlockManagerMasterEndpoint: Trying to remove executor 51 from BlockManagerMaster.
[2026-04-03T08:07:07.722+0000] {spark_submit.py:579} INFO - 26/04/03 08:07:07 INFO BlockManagerMasterEndpoint: Removed 51 successfully in removeExecutor
[2026-04-03T08:07:07.723+0000] {spark_submit.py:579} INFO - 26/04/03 08:07:07 INFO BlockManagerMaster: Removal of executor 51 requested
[2026-04-03T08:07:07.723+0000] {spark_submit.py:579} INFO - 26/04/03 08:07:07 INFO StandaloneSchedulerBackend$StandaloneDriverEndpoint: Asked to remove non-existent executor 51
[2026-04-03T08:07:07.723+0000] {spark_submit.py:579} INFO - 26/04/03 08:07:07 INFO StandaloneSchedulerBackend: Granted executor ID app-20260403080347-0005/52 on hostPort 172.20.0.2:43131 with 2 core(s), 1024.0 MiB RAM
[2026-04-03T08:07:07.746+0000] {spark_submit.py:579} INFO - 26/04/03 08:07:07 INFO StandaloneAppClient$ClientEndpoint: Executor updated: app-20260403080347-0005/52 is now RUNNING
[2026-04-03T08:07:10.553+0000] {spark_submit.py:579} INFO - 26/04/03 08:07:10 INFO StandaloneAppClient$ClientEndpoint: Executor updated: app-20260403080347-0005/52 is now EXITED (Command exited with code 1)
[2026-04-03T08:07:10.554+0000] {spark_submit.py:579} INFO - 26/04/03 08:07:10 INFO StandaloneSchedulerBackend: Executor app-20260403080347-0005/52 removed: Command exited with code 1
[2026-04-03T08:07:10.554+0000] {spark_submit.py:579} INFO - 26/04/03 08:07:10 INFO BlockManagerMasterEndpoint: Trying to remove executor 52 from BlockManagerMaster.
[2026-04-03T08:07:10.554+0000] {spark_submit.py:579} INFO - 26/04/03 08:07:10 INFO BlockManagerMaster: Removal of executor 52 requested
[2026-04-03T08:07:10.555+0000] {spark_submit.py:579} INFO - 26/04/03 08:07:10 INFO StandaloneAppClient$ClientEndpoint: Executor added: app-20260403080347-0005/53 on worker-20260403074029-172.20.0.2-43131 (172.20.0.2:43131) with 2 core(s)
[2026-04-03T08:07:10.555+0000] {spark_submit.py:579} INFO - 26/04/03 08:07:10 INFO BlockManagerMasterEndpoint: Removed 52 successfully in removeExecutor
[2026-04-03T08:07:10.555+0000] {spark_submit.py:579} INFO - 26/04/03 08:07:10 INFO StandaloneSchedulerBackend$StandaloneDriverEndpoint: Asked to remove non-existent executor 52
[2026-04-03T08:07:10.555+0000] {spark_submit.py:579} INFO - 26/04/03 08:07:10 INFO StandaloneSchedulerBackend: Granted executor ID app-20260403080347-0005/53 on hostPort 172.20.0.2:43131 with 2 core(s), 1024.0 MiB RAM
[2026-04-03T08:07:10.577+0000] {spark_submit.py:579} INFO - 26/04/03 08:07:10 INFO StandaloneAppClient$ClientEndpoint: Executor updated: app-20260403080347-0005/53 is now RUNNING
[2026-04-03T08:07:11.409+0000] {spark_submit.py:579} INFO - 26/04/03 08:07:11 WARN TaskSchedulerImpl: Initial job has not accepted any resources; check your cluster UI to ensure that workers are registered and have sufficient resources
[2026-04-03T08:07:13.451+0000] {spark_submit.py:579} INFO - 26/04/03 08:07:13 INFO StandaloneAppClient$ClientEndpoint: Executor updated: app-20260403080347-0005/53 is now EXITED (Command exited with code 1)
[2026-04-03T08:07:13.452+0000] {spark_submit.py:579} INFO - 26/04/03 08:07:13 INFO StandaloneSchedulerBackend: Executor app-20260403080347-0005/53 removed: Command exited with code 1
[2026-04-03T08:07:13.452+0000] {spark_submit.py:579} INFO - 26/04/03 08:07:13 INFO BlockManagerMaster: Removal of executor 53 requested
[2026-04-03T08:07:13.453+0000] {spark_submit.py:579} INFO - 26/04/03 08:07:13 INFO BlockManagerMasterEndpoint: Trying to remove executor 53 from BlockManagerMaster.
[2026-04-03T08:07:13.453+0000] {spark_submit.py:579} INFO - 26/04/03 08:07:13 INFO BlockManagerMasterEndpoint: Removed 53 successfully in removeExecutor
[2026-04-03T08:07:13.453+0000] {spark_submit.py:579} INFO - 26/04/03 08:07:13 INFO StandaloneSchedulerBackend$StandaloneDriverEndpoint: Asked to remove non-existent executor 53
[2026-04-03T08:07:13.453+0000] {spark_submit.py:579} INFO - 26/04/03 08:07:13 INFO StandaloneAppClient$ClientEndpoint: Executor added: app-20260403080347-0005/54 on worker-20260403074029-172.20.0.2-43131 (172.20.0.2:43131) with 2 core(s)
[2026-04-03T08:07:13.454+0000] {spark_submit.py:579} INFO - 26/04/03 08:07:13 INFO StandaloneSchedulerBackend: Granted executor ID app-20260403080347-0005/54 on hostPort 172.20.0.2:43131 with 2 core(s), 1024.0 MiB RAM
[2026-04-03T08:07:13.475+0000] {spark_submit.py:579} INFO - 26/04/03 08:07:13 INFO StandaloneAppClient$ClientEndpoint: Executor updated: app-20260403080347-0005/54 is now RUNNING
[2026-04-03T08:07:16.460+0000] {spark_submit.py:579} INFO - 26/04/03 08:07:16 INFO StandaloneAppClient$ClientEndpoint: Executor updated: app-20260403080347-0005/54 is now EXITED (Command exited with code 1)
[2026-04-03T08:07:16.461+0000] {spark_submit.py:579} INFO - 26/04/03 08:07:16 INFO StandaloneSchedulerBackend: Executor app-20260403080347-0005/54 removed: Command exited with code 1
[2026-04-03T08:07:16.461+0000] {spark_submit.py:579} INFO - 26/04/03 08:07:16 INFO BlockManagerMaster: Removal of executor 54 requested
[2026-04-03T08:07:16.461+0000] {spark_submit.py:579} INFO - 26/04/03 08:07:16 INFO BlockManagerMasterEndpoint: Trying to remove executor 54 from BlockManagerMaster.
[2026-04-03T08:07:16.462+0000] {spark_submit.py:579} INFO - 26/04/03 08:07:16 INFO BlockManagerMasterEndpoint: Removed 54 successfully in removeExecutor
[2026-04-03T08:07:16.462+0000] {spark_submit.py:579} INFO - 26/04/03 08:07:16 INFO StandaloneSchedulerBackend$StandaloneDriverEndpoint: Asked to remove non-existent executor 54
[2026-04-03T08:07:16.462+0000] {spark_submit.py:579} INFO - 26/04/03 08:07:16 INFO StandaloneAppClient$ClientEndpoint: Executor added: app-20260403080347-0005/55 on worker-20260403074029-172.20.0.2-43131 (172.20.0.2:43131) with 2 core(s)
[2026-04-03T08:07:16.462+0000] {spark_submit.py:579} INFO - 26/04/03 08:07:16 INFO StandaloneSchedulerBackend: Granted executor ID app-20260403080347-0005/55 on hostPort 172.20.0.2:43131 with 2 core(s), 1024.0 MiB RAM
[2026-04-03T08:07:16.484+0000] {spark_submit.py:579} INFO - 26/04/03 08:07:16 INFO StandaloneAppClient$ClientEndpoint: Executor updated: app-20260403080347-0005/55 is now RUNNING
[2026-04-03T08:07:19.312+0000] {spark_submit.py:579} INFO - 26/04/03 08:07:19 INFO StandaloneAppClient$ClientEndpoint: Executor updated: app-20260403080347-0005/55 is now EXITED (Command exited with code 1)
[2026-04-03T08:07:19.313+0000] {spark_submit.py:579} INFO - 26/04/03 08:07:19 INFO StandaloneSchedulerBackend: Executor app-20260403080347-0005/55 removed: Command exited with code 1
[2026-04-03T08:07:19.313+0000] {spark_submit.py:579} INFO - 26/04/03 08:07:19 INFO BlockManagerMaster: Removal of executor 55 requested
[2026-04-03T08:07:19.314+0000] {spark_submit.py:579} INFO - 26/04/03 08:07:19 INFO BlockManagerMasterEndpoint: Trying to remove executor 55 from BlockManagerMaster.
[2026-04-03T08:07:19.314+0000] {spark_submit.py:579} INFO - 26/04/03 08:07:19 INFO StandaloneAppClient$ClientEndpoint: Executor added: app-20260403080347-0005/56 on worker-20260403074029-172.20.0.2-43131 (172.20.0.2:43131) with 2 core(s)
[2026-04-03T08:07:19.314+0000] {spark_submit.py:579} INFO - 26/04/03 08:07:19 INFO StandaloneSchedulerBackend$StandaloneDriverEndpoint: Asked to remove non-existent executor 55
[2026-04-03T08:07:19.314+0000] {spark_submit.py:579} INFO - 26/04/03 08:07:19 INFO BlockManagerMasterEndpoint: Removed 55 successfully in removeExecutor
[2026-04-03T08:07:19.315+0000] {spark_submit.py:579} INFO - 26/04/03 08:07:19 INFO StandaloneSchedulerBackend: Granted executor ID app-20260403080347-0005/56 on hostPort 172.20.0.2:43131 with 2 core(s), 1024.0 MiB RAM
[2026-04-03T08:07:19.337+0000] {spark_submit.py:579} INFO - 26/04/03 08:07:19 INFO StandaloneAppClient$ClientEndpoint: Executor updated: app-20260403080347-0005/56 is now RUNNING
[2026-04-03T08:07:22.246+0000] {spark_submit.py:579} INFO - 26/04/03 08:07:22 INFO StandaloneAppClient$ClientEndpoint: Executor updated: app-20260403080347-0005/56 is now EXITED (Command exited with code 1)
[2026-04-03T08:07:22.247+0000] {spark_submit.py:579} INFO - 26/04/03 08:07:22 INFO StandaloneSchedulerBackend: Executor app-20260403080347-0005/56 removed: Command exited with code 1
[2026-04-03T08:07:22.248+0000] {spark_submit.py:579} INFO - 26/04/03 08:07:22 INFO BlockManagerMaster: Removal of executor 56 requested
[2026-04-03T08:07:22.248+0000] {spark_submit.py:579} INFO - 26/04/03 08:07:22 INFO BlockManagerMasterEndpoint: Trying to remove executor 56 from BlockManagerMaster.
[2026-04-03T08:07:22.248+0000] {spark_submit.py:579} INFO - 26/04/03 08:07:22 INFO StandaloneAppClient$ClientEndpoint: Executor added: app-20260403080347-0005/57 on worker-20260403074029-172.20.0.2-43131 (172.20.0.2:43131) with 2 core(s)
[2026-04-03T08:07:22.249+0000] {spark_submit.py:579} INFO - 26/04/03 08:07:22 INFO BlockManagerMasterEndpoint: Removed 56 successfully in removeExecutor
[2026-04-03T08:07:22.249+0000] {spark_submit.py:579} INFO - 26/04/03 08:07:22 INFO StandaloneSchedulerBackend$StandaloneDriverEndpoint: Asked to remove non-existent executor 56
[2026-04-03T08:07:22.249+0000] {spark_submit.py:579} INFO - 26/04/03 08:07:22 INFO StandaloneSchedulerBackend: Granted executor ID app-20260403080347-0005/57 on hostPort 172.20.0.2:43131 with 2 core(s), 1024.0 MiB RAM
[2026-04-03T08:07:22.273+0000] {spark_submit.py:579} INFO - 26/04/03 08:07:22 INFO StandaloneAppClient$ClientEndpoint: Executor updated: app-20260403080347-0005/57 is now RUNNING
[2026-04-03T08:07:25.260+0000] {spark_submit.py:579} INFO - 26/04/03 08:07:25 INFO StandaloneAppClient$ClientEndpoint: Executor updated: app-20260403080347-0005/57 is now EXITED (Command exited with code 1)
[2026-04-03T08:07:25.261+0000] {spark_submit.py:579} INFO - 26/04/03 08:07:25 INFO StandaloneSchedulerBackend: Executor app-20260403080347-0005/57 removed: Command exited with code 1
[2026-04-03T08:07:25.261+0000] {spark_submit.py:579} INFO - 26/04/03 08:07:25 INFO BlockManagerMaster: Removal of executor 57 requested
[2026-04-03T08:07:25.261+0000] {spark_submit.py:579} INFO - 26/04/03 08:07:25 INFO BlockManagerMasterEndpoint: Trying to remove executor 57 from BlockManagerMaster.
[2026-04-03T08:07:25.262+0000] {spark_submit.py:579} INFO - 26/04/03 08:07:25 INFO StandaloneSchedulerBackend$StandaloneDriverEndpoint: Asked to remove non-existent executor 57
[2026-04-03T08:07:25.262+0000] {spark_submit.py:579} INFO - 26/04/03 08:07:25 INFO StandaloneAppClient$ClientEndpoint: Executor added: app-20260403080347-0005/58 on worker-20260403074029-172.20.0.2-43131 (172.20.0.2:43131) with 2 core(s)
[2026-04-03T08:07:25.262+0000] {spark_submit.py:579} INFO - 26/04/03 08:07:25 INFO BlockManagerMasterEndpoint: Removed 57 successfully in removeExecutor
[2026-04-03T08:07:25.262+0000] {spark_submit.py:579} INFO - 26/04/03 08:07:25 INFO StandaloneSchedulerBackend: Granted executor ID app-20260403080347-0005/58 on hostPort 172.20.0.2:43131 with 2 core(s), 1024.0 MiB RAM
[2026-04-03T08:07:25.283+0000] {spark_submit.py:579} INFO - 26/04/03 08:07:25 INFO StandaloneAppClient$ClientEndpoint: Executor updated: app-20260403080347-0005/58 is now RUNNING
[2026-04-03T08:07:26.409+0000] {spark_submit.py:579} INFO - 26/04/03 08:07:26 WARN TaskSchedulerImpl: Initial job has not accepted any resources; check your cluster UI to ensure that workers are registered and have sufficient resources
[2026-04-03T08:07:28.152+0000] {spark_submit.py:579} INFO - 26/04/03 08:07:28 INFO StandaloneAppClient$ClientEndpoint: Executor updated: app-20260403080347-0005/58 is now EXITED (Command exited with code 1)
[2026-04-03T08:07:28.152+0000] {spark_submit.py:579} INFO - 26/04/03 08:07:28 INFO StandaloneSchedulerBackend: Executor app-20260403080347-0005/58 removed: Command exited with code 1
[2026-04-03T08:07:28.153+0000] {spark_submit.py:579} INFO - 26/04/03 08:07:28 INFO BlockManagerMaster: Removal of executor 58 requested
[2026-04-03T08:07:28.153+0000] {spark_submit.py:579} INFO - 26/04/03 08:07:28 INFO BlockManagerMasterEndpoint: Trying to remove executor 58 from BlockManagerMaster.
[2026-04-03T08:07:28.154+0000] {spark_submit.py:579} INFO - 26/04/03 08:07:28 INFO StandaloneSchedulerBackend$StandaloneDriverEndpoint: Asked to remove non-existent executor 58
[2026-04-03T08:07:28.154+0000] {spark_submit.py:579} INFO - 26/04/03 08:07:28 INFO BlockManagerMasterEndpoint: Removed 58 successfully in removeExecutor
[2026-04-03T08:07:28.154+0000] {spark_submit.py:579} INFO - 26/04/03 08:07:28 INFO StandaloneAppClient$ClientEndpoint: Executor added: app-20260403080347-0005/59 on worker-20260403074029-172.20.0.2-43131 (172.20.0.2:43131) with 2 core(s)
[2026-04-03T08:07:28.154+0000] {spark_submit.py:579} INFO - 26/04/03 08:07:28 INFO StandaloneSchedulerBackend: Granted executor ID app-20260403080347-0005/59 on hostPort 172.20.0.2:43131 with 2 core(s), 1024.0 MiB RAM
[2026-04-03T08:07:28.178+0000] {spark_submit.py:579} INFO - 26/04/03 08:07:28 INFO StandaloneAppClient$ClientEndpoint: Executor updated: app-20260403080347-0005/59 is now RUNNING
[2026-04-03T08:07:30.994+0000] {spark_submit.py:579} INFO - 26/04/03 08:07:30 INFO StandaloneAppClient$ClientEndpoint: Executor updated: app-20260403080347-0005/59 is now EXITED (Command exited with code 1)
[2026-04-03T08:07:30.995+0000] {spark_submit.py:579} INFO - 26/04/03 08:07:30 INFO StandaloneSchedulerBackend: Executor app-20260403080347-0005/59 removed: Command exited with code 1
[2026-04-03T08:07:30.996+0000] {spark_submit.py:579} INFO - 26/04/03 08:07:30 INFO BlockManagerMaster: Removal of executor 59 requested
[2026-04-03T08:07:30.996+0000] {spark_submit.py:579} INFO - 26/04/03 08:07:30 INFO StandaloneAppClient$ClientEndpoint: Executor added: app-20260403080347-0005/60 on worker-20260403074029-172.20.0.2-43131 (172.20.0.2:43131) with 2 core(s)
[2026-04-03T08:07:30.996+0000] {spark_submit.py:579} INFO - 26/04/03 08:07:30 INFO StandaloneSchedulerBackend$StandaloneDriverEndpoint: Asked to remove non-existent executor 59
[2026-04-03T08:07:30.996+0000] {spark_submit.py:579} INFO - 26/04/03 08:07:30 INFO BlockManagerMasterEndpoint: Trying to remove executor 59 from BlockManagerMaster.
[2026-04-03T08:07:30.997+0000] {spark_submit.py:579} INFO - 26/04/03 08:07:30 INFO BlockManagerMasterEndpoint: Removed 59 successfully in removeExecutor
[2026-04-03T08:07:30.997+0000] {spark_submit.py:579} INFO - 26/04/03 08:07:30 INFO StandaloneSchedulerBackend: Granted executor ID app-20260403080347-0005/60 on hostPort 172.20.0.2:43131 with 2 core(s), 1024.0 MiB RAM
[2026-04-03T08:07:31.018+0000] {spark_submit.py:579} INFO - 26/04/03 08:07:31 INFO StandaloneAppClient$ClientEndpoint: Executor updated: app-20260403080347-0005/60 is now RUNNING
[2026-04-03T08:07:33.905+0000] {spark_submit.py:579} INFO - 26/04/03 08:07:33 INFO StandaloneAppClient$ClientEndpoint: Executor updated: app-20260403080347-0005/60 is now EXITED (Command exited with code 1)
[2026-04-03T08:07:33.905+0000] {spark_submit.py:579} INFO - 26/04/03 08:07:33 INFO StandaloneSchedulerBackend: Executor app-20260403080347-0005/60 removed: Command exited with code 1
[2026-04-03T08:07:33.906+0000] {spark_submit.py:579} INFO - 26/04/03 08:07:33 INFO StandaloneAppClient$ClientEndpoint: Executor added: app-20260403080347-0005/61 on worker-20260403074029-172.20.0.2-43131 (172.20.0.2:43131) with 2 core(s)
[2026-04-03T08:07:33.906+0000] {spark_submit.py:579} INFO - 26/04/03 08:07:33 INFO BlockManagerMasterEndpoint: Trying to remove executor 60 from BlockManagerMaster.
[2026-04-03T08:07:33.906+0000] {spark_submit.py:579} INFO - 26/04/03 08:07:33 INFO BlockManagerMaster: Removal of executor 60 requested
[2026-04-03T08:07:33.906+0000] {spark_submit.py:579} INFO - 26/04/03 08:07:33 INFO BlockManagerMasterEndpoint: Removed 60 successfully in removeExecutor
[2026-04-03T08:07:33.907+0000] {spark_submit.py:579} INFO - 26/04/03 08:07:33 INFO StandaloneSchedulerBackend$StandaloneDriverEndpoint: Asked to remove non-existent executor 60
[2026-04-03T08:07:33.907+0000] {spark_submit.py:579} INFO - 26/04/03 08:07:33 INFO StandaloneSchedulerBackend: Granted executor ID app-20260403080347-0005/61 on hostPort 172.20.0.2:43131 with 2 core(s), 1024.0 MiB RAM
[2026-04-03T08:07:33.929+0000] {spark_submit.py:579} INFO - 26/04/03 08:07:33 INFO StandaloneAppClient$ClientEndpoint: Executor updated: app-20260403080347-0005/61 is now RUNNING
[2026-04-03T08:07:36.823+0000] {spark_submit.py:579} INFO - 26/04/03 08:07:36 INFO StandaloneAppClient$ClientEndpoint: Executor updated: app-20260403080347-0005/61 is now EXITED (Command exited with code 1)
[2026-04-03T08:07:36.824+0000] {spark_submit.py:579} INFO - 26/04/03 08:07:36 INFO StandaloneSchedulerBackend: Executor app-20260403080347-0005/61 removed: Command exited with code 1
[2026-04-03T08:07:36.824+0000] {spark_submit.py:579} INFO - 26/04/03 08:07:36 INFO BlockManagerMaster: Removal of executor 61 requested
[2026-04-03T08:07:36.825+0000] {spark_submit.py:579} INFO - 26/04/03 08:07:36 INFO StandaloneAppClient$ClientEndpoint: Executor added: app-20260403080347-0005/62 on worker-20260403074029-172.20.0.2-43131 (172.20.0.2:43131) with 2 core(s)
[2026-04-03T08:07:36.825+0000] {spark_submit.py:579} INFO - 26/04/03 08:07:36 INFO BlockManagerMasterEndpoint: Trying to remove executor 61 from BlockManagerMaster.
[2026-04-03T08:07:36.825+0000] {spark_submit.py:579} INFO - 26/04/03 08:07:36 INFO StandaloneSchedulerBackend$StandaloneDriverEndpoint: Asked to remove non-existent executor 61
[2026-04-03T08:07:36.825+0000] {spark_submit.py:579} INFO - 26/04/03 08:07:36 INFO StandaloneSchedulerBackend: Granted executor ID app-20260403080347-0005/62 on hostPort 172.20.0.2:43131 with 2 core(s), 1024.0 MiB RAM
[2026-04-03T08:07:36.826+0000] {spark_submit.py:579} INFO - 26/04/03 08:07:36 INFO BlockManagerMasterEndpoint: Removed 61 successfully in removeExecutor
[2026-04-03T08:07:36.846+0000] {spark_submit.py:579} INFO - 26/04/03 08:07:36 INFO StandaloneAppClient$ClientEndpoint: Executor updated: app-20260403080347-0005/62 is now RUNNING
[2026-04-03T08:07:39.711+0000] {spark_submit.py:579} INFO - 26/04/03 08:07:39 INFO StandaloneAppClient$ClientEndpoint: Executor updated: app-20260403080347-0005/62 is now EXITED (Command exited with code 1)
[2026-04-03T08:07:39.712+0000] {spark_submit.py:579} INFO - 26/04/03 08:07:39 INFO StandaloneSchedulerBackend: Executor app-20260403080347-0005/62 removed: Command exited with code 1
[2026-04-03T08:07:39.712+0000] {spark_submit.py:579} INFO - 26/04/03 08:07:39 INFO BlockManagerMasterEndpoint: Trying to remove executor 62 from BlockManagerMaster.
[2026-04-03T08:07:39.713+0000] {spark_submit.py:579} INFO - 26/04/03 08:07:39 INFO StandaloneAppClient$ClientEndpoint: Executor added: app-20260403080347-0005/63 on worker-20260403074029-172.20.0.2-43131 (172.20.0.2:43131) with 2 core(s)
[2026-04-03T08:07:39.713+0000] {spark_submit.py:579} INFO - 26/04/03 08:07:39 INFO BlockManagerMaster: Removal of executor 62 requested
[2026-04-03T08:07:39.713+0000] {spark_submit.py:579} INFO - 26/04/03 08:07:39 INFO StandaloneSchedulerBackend$StandaloneDriverEndpoint: Asked to remove non-existent executor 62
[2026-04-03T08:07:39.713+0000] {spark_submit.py:579} INFO - 26/04/03 08:07:39 INFO BlockManagerMasterEndpoint: Removed 62 successfully in removeExecutor
[2026-04-03T08:07:39.713+0000] {spark_submit.py:579} INFO - 26/04/03 08:07:39 INFO StandaloneSchedulerBackend: Granted executor ID app-20260403080347-0005/63 on hostPort 172.20.0.2:43131 with 2 core(s), 1024.0 MiB RAM
[2026-04-03T08:07:39.737+0000] {spark_submit.py:579} INFO - 26/04/03 08:07:39 INFO StandaloneAppClient$ClientEndpoint: Executor updated: app-20260403080347-0005/63 is now RUNNING
[2026-04-03T08:07:41.409+0000] {spark_submit.py:579} INFO - 26/04/03 08:07:41 WARN TaskSchedulerImpl: Initial job has not accepted any resources; check your cluster UI to ensure that workers are registered and have sufficient resources
[2026-04-03T08:07:42.687+0000] {spark_submit.py:579} INFO - 26/04/03 08:07:42 INFO StandaloneAppClient$ClientEndpoint: Executor updated: app-20260403080347-0005/63 is now EXITED (Command exited with code 1)
[2026-04-03T08:07:42.688+0000] {spark_submit.py:579} INFO - 26/04/03 08:07:42 INFO StandaloneSchedulerBackend: Executor app-20260403080347-0005/63 removed: Command exited with code 1
[2026-04-03T08:07:42.688+0000] {spark_submit.py:579} INFO - 26/04/03 08:07:42 INFO BlockManagerMaster: Removal of executor 63 requested
[2026-04-03T08:07:42.688+0000] {spark_submit.py:579} INFO - 26/04/03 08:07:42 INFO StandaloneAppClient$ClientEndpoint: Executor added: app-20260403080347-0005/64 on worker-20260403074029-172.20.0.2-43131 (172.20.0.2:43131) with 2 core(s)
[2026-04-03T08:07:42.689+0000] {spark_submit.py:579} INFO - 26/04/03 08:07:42 INFO BlockManagerMasterEndpoint: Trying to remove executor 63 from BlockManagerMaster.
[2026-04-03T08:07:42.689+0000] {spark_submit.py:579} INFO - 26/04/03 08:07:42 INFO StandaloneSchedulerBackend$StandaloneDriverEndpoint: Asked to remove non-existent executor 63
[2026-04-03T08:07:42.689+0000] {spark_submit.py:579} INFO - 26/04/03 08:07:42 INFO BlockManagerMasterEndpoint: Removed 63 successfully in removeExecutor
[2026-04-03T08:07:42.689+0000] {spark_submit.py:579} INFO - 26/04/03 08:07:42 INFO StandaloneSchedulerBackend: Granted executor ID app-20260403080347-0005/64 on hostPort 172.20.0.2:43131 with 2 core(s), 1024.0 MiB RAM
[2026-04-03T08:07:42.713+0000] {spark_submit.py:579} INFO - 26/04/03 08:07:42 INFO StandaloneAppClient$ClientEndpoint: Executor updated: app-20260403080347-0005/64 is now RUNNING
[2026-04-03T08:07:45.792+0000] {spark_submit.py:579} INFO - 26/04/03 08:07:45 INFO StandaloneAppClient$ClientEndpoint: Executor updated: app-20260403080347-0005/64 is now EXITED (Command exited with code 1)
[2026-04-03T08:07:45.793+0000] {spark_submit.py:579} INFO - 26/04/03 08:07:45 INFO StandaloneSchedulerBackend: Executor app-20260403080347-0005/64 removed: Command exited with code 1
[2026-04-03T08:07:45.793+0000] {spark_submit.py:579} INFO - 26/04/03 08:07:45 INFO BlockManagerMasterEndpoint: Trying to remove executor 64 from BlockManagerMaster.
[2026-04-03T08:07:45.794+0000] {spark_submit.py:579} INFO - 26/04/03 08:07:45 INFO BlockManagerMasterEndpoint: Removed 64 successfully in removeExecutor
[2026-04-03T08:07:45.794+0000] {spark_submit.py:579} INFO - 26/04/03 08:07:45 INFO BlockManagerMaster: Removal of executor 64 requested
[2026-04-03T08:07:45.794+0000] {spark_submit.py:579} INFO - 26/04/03 08:07:45 INFO StandaloneAppClient$ClientEndpoint: Executor added: app-20260403080347-0005/65 on worker-20260403074029-172.20.0.2-43131 (172.20.0.2:43131) with 2 core(s)
[2026-04-03T08:07:45.794+0000] {spark_submit.py:579} INFO - 26/04/03 08:07:45 INFO StandaloneSchedulerBackend$StandaloneDriverEndpoint: Asked to remove non-existent executor 64
[2026-04-03T08:07:45.795+0000] {spark_submit.py:579} INFO - 26/04/03 08:07:45 INFO StandaloneSchedulerBackend: Granted executor ID app-20260403080347-0005/65 on hostPort 172.20.0.2:43131 with 2 core(s), 1024.0 MiB RAM
[2026-04-03T08:07:45.818+0000] {spark_submit.py:579} INFO - 26/04/03 08:07:45 INFO StandaloneAppClient$ClientEndpoint: Executor updated: app-20260403080347-0005/65 is now RUNNING
[2026-04-03T08:07:48.798+0000] {spark_submit.py:579} INFO - 26/04/03 08:07:48 INFO StandaloneAppClient$ClientEndpoint: Executor updated: app-20260403080347-0005/65 is now EXITED (Command exited with code 1)
[2026-04-03T08:07:48.799+0000] {spark_submit.py:579} INFO - 26/04/03 08:07:48 INFO StandaloneSchedulerBackend: Executor app-20260403080347-0005/65 removed: Command exited with code 1
[2026-04-03T08:07:48.799+0000] {spark_submit.py:579} INFO - 26/04/03 08:07:48 INFO StandaloneAppClient$ClientEndpoint: Executor added: app-20260403080347-0005/66 on worker-20260403074029-172.20.0.2-43131 (172.20.0.2:43131) with 2 core(s)
[2026-04-03T08:07:48.800+0000] {spark_submit.py:579} INFO - 26/04/03 08:07:48 INFO BlockManagerMaster: Removal of executor 65 requested
[2026-04-03T08:07:48.800+0000] {spark_submit.py:579} INFO - 26/04/03 08:07:48 INFO BlockManagerMasterEndpoint: Trying to remove executor 65 from BlockManagerMaster.
[2026-04-03T08:07:48.800+0000] {spark_submit.py:579} INFO - 26/04/03 08:07:48 INFO BlockManagerMasterEndpoint: Removed 65 successfully in removeExecutor
[2026-04-03T08:07:48.800+0000] {spark_submit.py:579} INFO - 26/04/03 08:07:48 INFO StandaloneSchedulerBackend$StandaloneDriverEndpoint: Asked to remove non-existent executor 65
[2026-04-03T08:07:48.800+0000] {spark_submit.py:579} INFO - 26/04/03 08:07:48 INFO StandaloneSchedulerBackend: Granted executor ID app-20260403080347-0005/66 on hostPort 172.20.0.2:43131 with 2 core(s), 1024.0 MiB RAM
[2026-04-03T08:07:48.826+0000] {spark_submit.py:579} INFO - 26/04/03 08:07:48 INFO StandaloneAppClient$ClientEndpoint: Executor updated: app-20260403080347-0005/66 is now RUNNING
[2026-04-03T08:07:51.730+0000] {spark_submit.py:579} INFO - 26/04/03 08:07:51 INFO StandaloneAppClient$ClientEndpoint: Executor updated: app-20260403080347-0005/66 is now EXITED (Command exited with code 1)
[2026-04-03T08:07:51.731+0000] {spark_submit.py:579} INFO - 26/04/03 08:07:51 INFO StandaloneSchedulerBackend: Executor app-20260403080347-0005/66 removed: Command exited with code 1
[2026-04-03T08:07:51.732+0000] {spark_submit.py:579} INFO - 26/04/03 08:07:51 INFO BlockManagerMaster: Removal of executor 66 requested
[2026-04-03T08:07:51.732+0000] {spark_submit.py:579} INFO - 26/04/03 08:07:51 INFO BlockManagerMasterEndpoint: Trying to remove executor 66 from BlockManagerMaster.
[2026-04-03T08:07:51.732+0000] {spark_submit.py:579} INFO - 26/04/03 08:07:51 INFO StandaloneSchedulerBackend$StandaloneDriverEndpoint: Asked to remove non-existent executor 66
[2026-04-03T08:07:51.732+0000] {spark_submit.py:579} INFO - 26/04/03 08:07:51 INFO BlockManagerMasterEndpoint: Removed 66 successfully in removeExecutor
[2026-04-03T08:07:51.732+0000] {spark_submit.py:579} INFO - 26/04/03 08:07:51 INFO StandaloneAppClient$ClientEndpoint: Executor added: app-20260403080347-0005/67 on worker-20260403074029-172.20.0.2-43131 (172.20.0.2:43131) with 2 core(s)
[2026-04-03T08:07:51.733+0000] {spark_submit.py:579} INFO - 26/04/03 08:07:51 INFO StandaloneSchedulerBackend: Granted executor ID app-20260403080347-0005/67 on hostPort 172.20.0.2:43131 with 2 core(s), 1024.0 MiB RAM
[2026-04-03T08:07:51.756+0000] {spark_submit.py:579} INFO - 26/04/03 08:07:51 INFO StandaloneAppClient$ClientEndpoint: Executor updated: app-20260403080347-0005/67 is now RUNNING
[2026-04-03T08:07:54.922+0000] {spark_submit.py:579} INFO - 26/04/03 08:07:54 INFO StandaloneAppClient$ClientEndpoint: Executor updated: app-20260403080347-0005/67 is now EXITED (Command exited with code 1)
[2026-04-03T08:07:54.923+0000] {spark_submit.py:579} INFO - 26/04/03 08:07:54 INFO StandaloneSchedulerBackend: Executor app-20260403080347-0005/67 removed: Command exited with code 1
[2026-04-03T08:07:54.924+0000] {spark_submit.py:579} INFO - 26/04/03 08:07:54 INFO StandaloneAppClient$ClientEndpoint: Executor added: app-20260403080347-0005/68 on worker-20260403074029-172.20.0.2-43131 (172.20.0.2:43131) with 2 core(s)
[2026-04-03T08:07:54.924+0000] {spark_submit.py:579} INFO - 26/04/03 08:07:54 INFO BlockManagerMaster: Removal of executor 67 requested
[2026-04-03T08:07:54.924+0000] {spark_submit.py:579} INFO - 26/04/03 08:07:54 INFO BlockManagerMasterEndpoint: Trying to remove executor 67 from BlockManagerMaster.
[2026-04-03T08:07:54.925+0000] {spark_submit.py:579} INFO - 26/04/03 08:07:54 INFO BlockManagerMasterEndpoint: Removed 67 successfully in removeExecutor
[2026-04-03T08:07:54.925+0000] {spark_submit.py:579} INFO - 26/04/03 08:07:54 INFO StandaloneSchedulerBackend$StandaloneDriverEndpoint: Asked to remove non-existent executor 67
[2026-04-03T08:07:54.925+0000] {spark_submit.py:579} INFO - 26/04/03 08:07:54 INFO StandaloneSchedulerBackend: Granted executor ID app-20260403080347-0005/68 on hostPort 172.20.0.2:43131 with 2 core(s), 1024.0 MiB RAM
[2026-04-03T08:07:54.947+0000] {spark_submit.py:579} INFO - 26/04/03 08:07:54 INFO StandaloneAppClient$ClientEndpoint: Executor updated: app-20260403080347-0005/68 is now RUNNING
[2026-04-03T08:07:56.409+0000] {spark_submit.py:579} INFO - 26/04/03 08:07:56 WARN TaskSchedulerImpl: Initial job has not accepted any resources; check your cluster UI to ensure that workers are registered and have sufficient resources
[2026-04-03T08:07:58.061+0000] {spark_submit.py:579} INFO - 26/04/03 08:07:58 INFO StandaloneAppClient$ClientEndpoint: Executor updated: app-20260403080347-0005/68 is now EXITED (Command exited with code 1)
[2026-04-03T08:07:58.062+0000] {spark_submit.py:579} INFO - 26/04/03 08:07:58 INFO StandaloneSchedulerBackend: Executor app-20260403080347-0005/68 removed: Command exited with code 1
[2026-04-03T08:07:58.062+0000] {spark_submit.py:579} INFO - 26/04/03 08:07:58 INFO BlockManagerMasterEndpoint: Trying to remove executor 68 from BlockManagerMaster.
[2026-04-03T08:07:58.062+0000] {spark_submit.py:579} INFO - 26/04/03 08:07:58 INFO BlockManagerMaster: Removal of executor 68 requested
[2026-04-03T08:07:58.062+0000] {spark_submit.py:579} INFO - 26/04/03 08:07:58 INFO BlockManagerMasterEndpoint: Removed 68 successfully in removeExecutor
[2026-04-03T08:07:58.063+0000] {spark_submit.py:579} INFO - 26/04/03 08:07:58 INFO StandaloneSchedulerBackend$StandaloneDriverEndpoint: Asked to remove non-existent executor 68
[2026-04-03T08:07:58.063+0000] {spark_submit.py:579} INFO - 26/04/03 08:07:58 INFO StandaloneAppClient$ClientEndpoint: Executor added: app-20260403080347-0005/69 on worker-20260403074029-172.20.0.2-43131 (172.20.0.2:43131) with 2 core(s)
[2026-04-03T08:07:58.063+0000] {spark_submit.py:579} INFO - 26/04/03 08:07:58 INFO StandaloneSchedulerBackend: Granted executor ID app-20260403080347-0005/69 on hostPort 172.20.0.2:43131 with 2 core(s), 1024.0 MiB RAM
[2026-04-03T08:07:58.087+0000] {spark_submit.py:579} INFO - 26/04/03 08:07:58 INFO StandaloneAppClient$ClientEndpoint: Executor updated: app-20260403080347-0005/69 is now RUNNING
[2026-04-03T08:08:01.192+0000] {spark_submit.py:579} INFO - 26/04/03 08:08:01 INFO StandaloneAppClient$ClientEndpoint: Executor updated: app-20260403080347-0005/69 is now EXITED (Command exited with code 1)
[2026-04-03T08:08:01.193+0000] {spark_submit.py:579} INFO - 26/04/03 08:08:01 INFO StandaloneSchedulerBackend: Executor app-20260403080347-0005/69 removed: Command exited with code 1
[2026-04-03T08:08:01.193+0000] {spark_submit.py:579} INFO - 26/04/03 08:08:01 INFO BlockManagerMasterEndpoint: Trying to remove executor 69 from BlockManagerMaster.
[2026-04-03T08:08:01.193+0000] {spark_submit.py:579} INFO - 26/04/03 08:08:01 INFO BlockManagerMasterEndpoint: Removed 69 successfully in removeExecutor
[2026-04-03T08:08:01.194+0000] {spark_submit.py:579} INFO - 26/04/03 08:08:01 INFO BlockManagerMaster: Removal of executor 69 requested
[2026-04-03T08:08:01.194+0000] {spark_submit.py:579} INFO - 26/04/03 08:08:01 INFO StandaloneSchedulerBackend$StandaloneDriverEndpoint: Asked to remove non-existent executor 69
[2026-04-03T08:08:01.194+0000] {spark_submit.py:579} INFO - 26/04/03 08:08:01 INFO StandaloneAppClient$ClientEndpoint: Executor added: app-20260403080347-0005/70 on worker-20260403074029-172.20.0.2-43131 (172.20.0.2:43131) with 2 core(s)
[2026-04-03T08:08:01.194+0000] {spark_submit.py:579} INFO - 26/04/03 08:08:01 INFO StandaloneSchedulerBackend: Granted executor ID app-20260403080347-0005/70 on hostPort 172.20.0.2:43131 with 2 core(s), 1024.0 MiB RAM
[2026-04-03T08:08:01.216+0000] {spark_submit.py:579} INFO - 26/04/03 08:08:01 INFO StandaloneAppClient$ClientEndpoint: Executor updated: app-20260403080347-0005/70 is now RUNNING
[2026-04-03T08:08:04.136+0000] {spark_submit.py:579} INFO - 26/04/03 08:08:04 INFO StandaloneAppClient$ClientEndpoint: Executor updated: app-20260403080347-0005/70 is now EXITED (Command exited with code 1)
[2026-04-03T08:08:04.137+0000] {spark_submit.py:579} INFO - 26/04/03 08:08:04 INFO StandaloneSchedulerBackend: Executor app-20260403080347-0005/70 removed: Command exited with code 1
[2026-04-03T08:08:04.138+0000] {spark_submit.py:579} INFO - 26/04/03 08:08:04 INFO BlockManagerMasterEndpoint: Trying to remove executor 70 from BlockManagerMaster.
[2026-04-03T08:08:04.138+0000] {spark_submit.py:579} INFO - 26/04/03 08:08:04 INFO BlockManagerMaster: Removal of executor 70 requested
[2026-04-03T08:08:04.139+0000] {spark_submit.py:579} INFO - 26/04/03 08:08:04 INFO BlockManagerMasterEndpoint: Removed 70 successfully in removeExecutor
[2026-04-03T08:08:04.139+0000] {spark_submit.py:579} INFO - 26/04/03 08:08:04 INFO StandaloneSchedulerBackend$StandaloneDriverEndpoint: Asked to remove non-existent executor 70
[2026-04-03T08:08:04.139+0000] {spark_submit.py:579} INFO - 26/04/03 08:08:04 INFO StandaloneAppClient$ClientEndpoint: Executor added: app-20260403080347-0005/71 on worker-20260403074029-172.20.0.2-43131 (172.20.0.2:43131) with 2 core(s)
[2026-04-03T08:08:04.139+0000] {spark_submit.py:579} INFO - 26/04/03 08:08:04 INFO StandaloneSchedulerBackend: Granted executor ID app-20260403080347-0005/71 on hostPort 172.20.0.2:43131 with 2 core(s), 1024.0 MiB RAM
[2026-04-03T08:08:04.163+0000] {spark_submit.py:579} INFO - 26/04/03 08:08:04 INFO StandaloneAppClient$ClientEndpoint: Executor updated: app-20260403080347-0005/71 is now RUNNING
[2026-04-03T08:08:07.109+0000] {spark_submit.py:579} INFO - 26/04/03 08:08:07 INFO StandaloneAppClient$ClientEndpoint: Executor updated: app-20260403080347-0005/71 is now EXITED (Command exited with code 1)
[2026-04-03T08:08:07.110+0000] {spark_submit.py:579} INFO - 26/04/03 08:08:07 INFO StandaloneSchedulerBackend: Executor app-20260403080347-0005/71 removed: Command exited with code 1
[2026-04-03T08:08:07.111+0000] {spark_submit.py:579} INFO - 26/04/03 08:08:07 INFO BlockManagerMaster: Removal of executor 71 requested
[2026-04-03T08:08:07.111+0000] {spark_submit.py:579} INFO - 26/04/03 08:08:07 INFO BlockManagerMasterEndpoint: Trying to remove executor 71 from BlockManagerMaster.
[2026-04-03T08:08:07.111+0000] {spark_submit.py:579} INFO - 26/04/03 08:08:07 INFO StandaloneAppClient$ClientEndpoint: Executor added: app-20260403080347-0005/72 on worker-20260403074029-172.20.0.2-43131 (172.20.0.2:43131) with 2 core(s)
[2026-04-03T08:08:07.112+0000] {spark_submit.py:579} INFO - 26/04/03 08:08:07 INFO BlockManagerMasterEndpoint: Removed 71 successfully in removeExecutor
[2026-04-03T08:08:07.112+0000] {spark_submit.py:579} INFO - 26/04/03 08:08:07 INFO StandaloneSchedulerBackend$StandaloneDriverEndpoint: Asked to remove non-existent executor 71
[2026-04-03T08:08:07.112+0000] {spark_submit.py:579} INFO - 26/04/03 08:08:07 INFO StandaloneSchedulerBackend: Granted executor ID app-20260403080347-0005/72 on hostPort 172.20.0.2:43131 with 2 core(s), 1024.0 MiB RAM
[2026-04-03T08:08:07.135+0000] {spark_submit.py:579} INFO - 26/04/03 08:08:07 INFO StandaloneAppClient$ClientEndpoint: Executor updated: app-20260403080347-0005/72 is now RUNNING
[2026-04-03T08:08:10.308+0000] {spark_submit.py:579} INFO - 26/04/03 08:08:10 INFO StandaloneAppClient$ClientEndpoint: Executor updated: app-20260403080347-0005/72 is now EXITED (Command exited with code 1)
[2026-04-03T08:08:10.309+0000] {spark_submit.py:579} INFO - 26/04/03 08:08:10 INFO StandaloneSchedulerBackend: Executor app-20260403080347-0005/72 removed: Command exited with code 1
[2026-04-03T08:08:10.310+0000] {spark_submit.py:579} INFO - 26/04/03 08:08:10 INFO BlockManagerMasterEndpoint: Trying to remove executor 72 from BlockManagerMaster.
[2026-04-03T08:08:10.310+0000] {spark_submit.py:579} INFO - 26/04/03 08:08:10 INFO BlockManagerMaster: Removal of executor 72 requested
[2026-04-03T08:08:10.310+0000] {spark_submit.py:579} INFO - 26/04/03 08:08:10 INFO BlockManagerMasterEndpoint: Removed 72 successfully in removeExecutor
[2026-04-03T08:08:10.310+0000] {spark_submit.py:579} INFO - 26/04/03 08:08:10 INFO StandaloneSchedulerBackend$StandaloneDriverEndpoint: Asked to remove non-existent executor 72
[2026-04-03T08:08:10.311+0000] {spark_submit.py:579} INFO - 26/04/03 08:08:10 INFO StandaloneAppClient$ClientEndpoint: Executor added: app-20260403080347-0005/73 on worker-20260403074029-172.20.0.2-43131 (172.20.0.2:43131) with 2 core(s)
[2026-04-03T08:08:10.311+0000] {spark_submit.py:579} INFO - 26/04/03 08:08:10 INFO StandaloneSchedulerBackend: Granted executor ID app-20260403080347-0005/73 on hostPort 172.20.0.2:43131 with 2 core(s), 1024.0 MiB RAM
[2026-04-03T08:08:10.334+0000] {spark_submit.py:579} INFO - 26/04/03 08:08:10 INFO StandaloneAppClient$ClientEndpoint: Executor updated: app-20260403080347-0005/73 is now RUNNING
[2026-04-03T08:08:11.409+0000] {spark_submit.py:579} INFO - 26/04/03 08:08:11 WARN TaskSchedulerImpl: Initial job has not accepted any resources; check your cluster UI to ensure that workers are registered and have sufficient resources
[2026-04-03T08:08:13.371+0000] {spark_submit.py:579} INFO - 26/04/03 08:08:13 INFO StandaloneAppClient$ClientEndpoint: Executor updated: app-20260403080347-0005/73 is now EXITED (Command exited with code 1)
[2026-04-03T08:08:13.372+0000] {spark_submit.py:579} INFO - 26/04/03 08:08:13 INFO StandaloneSchedulerBackend: Executor app-20260403080347-0005/73 removed: Command exited with code 1
[2026-04-03T08:08:13.372+0000] {spark_submit.py:579} INFO - 26/04/03 08:08:13 INFO BlockManagerMaster: Removal of executor 73 requested
[2026-04-03T08:08:13.373+0000] {spark_submit.py:579} INFO - 26/04/03 08:08:13 INFO BlockManagerMasterEndpoint: Trying to remove executor 73 from BlockManagerMaster.
[2026-04-03T08:08:13.373+0000] {spark_submit.py:579} INFO - 26/04/03 08:08:13 INFO BlockManagerMasterEndpoint: Removed 73 successfully in removeExecutor
[2026-04-03T08:08:13.373+0000] {spark_submit.py:579} INFO - 26/04/03 08:08:13 INFO StandaloneSchedulerBackend$StandaloneDriverEndpoint: Asked to remove non-existent executor 73
[2026-04-03T08:08:13.374+0000] {spark_submit.py:579} INFO - 26/04/03 08:08:13 INFO StandaloneAppClient$ClientEndpoint: Executor added: app-20260403080347-0005/74 on worker-20260403074029-172.20.0.2-43131 (172.20.0.2:43131) with 2 core(s)
[2026-04-03T08:08:13.374+0000] {spark_submit.py:579} INFO - 26/04/03 08:08:13 INFO StandaloneSchedulerBackend: Granted executor ID app-20260403080347-0005/74 on hostPort 172.20.0.2:43131 with 2 core(s), 1024.0 MiB RAM
[2026-04-03T08:08:13.395+0000] {spark_submit.py:579} INFO - 26/04/03 08:08:13 INFO StandaloneAppClient$ClientEndpoint: Executor updated: app-20260403080347-0005/74 is now RUNNING
[2026-04-03T08:08:16.638+0000] {spark_submit.py:579} INFO - 26/04/03 08:08:16 INFO StandaloneAppClient$ClientEndpoint: Executor updated: app-20260403080347-0005/74 is now EXITED (Command exited with code 1)
[2026-04-03T08:08:16.639+0000] {spark_submit.py:579} INFO - 26/04/03 08:08:16 INFO StandaloneSchedulerBackend: Executor app-20260403080347-0005/74 removed: Command exited with code 1
[2026-04-03T08:08:16.640+0000] {spark_submit.py:579} INFO - 26/04/03 08:08:16 INFO BlockManagerMaster: Removal of executor 74 requested
[2026-04-03T08:08:16.640+0000] {spark_submit.py:579} INFO - 26/04/03 08:08:16 INFO BlockManagerMasterEndpoint: Trying to remove executor 74 from BlockManagerMaster.
[2026-04-03T08:08:16.641+0000] {spark_submit.py:579} INFO - 26/04/03 08:08:16 INFO BlockManagerMasterEndpoint: Removed 74 successfully in removeExecutor
[2026-04-03T08:08:16.641+0000] {spark_submit.py:579} INFO - 26/04/03 08:08:16 INFO StandaloneSchedulerBackend$StandaloneDriverEndpoint: Asked to remove non-existent executor 74
[2026-04-03T08:08:16.641+0000] {spark_submit.py:579} INFO - 26/04/03 08:08:16 INFO StandaloneAppClient$ClientEndpoint: Executor added: app-20260403080347-0005/75 on worker-20260403074029-172.20.0.2-43131 (172.20.0.2:43131) with 2 core(s)
[2026-04-03T08:08:16.641+0000] {spark_submit.py:579} INFO - 26/04/03 08:08:16 INFO StandaloneSchedulerBackend: Granted executor ID app-20260403080347-0005/75 on hostPort 172.20.0.2:43131 with 2 core(s), 1024.0 MiB RAM
[2026-04-03T08:08:16.666+0000] {spark_submit.py:579} INFO - 26/04/03 08:08:16 INFO StandaloneAppClient$ClientEndpoint: Executor updated: app-20260403080347-0005/75 is now RUNNING
[2026-04-03T08:08:19.737+0000] {spark_submit.py:579} INFO - 26/04/03 08:08:19 INFO StandaloneAppClient$ClientEndpoint: Executor updated: app-20260403080347-0005/75 is now EXITED (Command exited with code 1)
[2026-04-03T08:08:19.738+0000] {spark_submit.py:579} INFO - 26/04/03 08:08:19 INFO StandaloneSchedulerBackend: Executor app-20260403080347-0005/75 removed: Command exited with code 1
[2026-04-03T08:08:19.738+0000] {spark_submit.py:579} INFO - 26/04/03 08:08:19 INFO BlockManagerMaster: Removal of executor 75 requested
[2026-04-03T08:08:19.738+0000] {spark_submit.py:579} INFO - 26/04/03 08:08:19 INFO BlockManagerMasterEndpoint: Trying to remove executor 75 from BlockManagerMaster.
[2026-04-03T08:08:19.738+0000] {spark_submit.py:579} INFO - 26/04/03 08:08:19 INFO BlockManagerMasterEndpoint: Removed 75 successfully in removeExecutor
[2026-04-03T08:08:19.739+0000] {spark_submit.py:579} INFO - 26/04/03 08:08:19 INFO StandaloneAppClient$ClientEndpoint: Executor added: app-20260403080347-0005/76 on worker-20260403074029-172.20.0.2-43131 (172.20.0.2:43131) with 2 core(s)
[2026-04-03T08:08:19.739+0000] {spark_submit.py:579} INFO - 26/04/03 08:08:19 INFO StandaloneSchedulerBackend$StandaloneDriverEndpoint: Asked to remove non-existent executor 75
[2026-04-03T08:08:19.739+0000] {spark_submit.py:579} INFO - 26/04/03 08:08:19 INFO StandaloneSchedulerBackend: Granted executor ID app-20260403080347-0005/76 on hostPort 172.20.0.2:43131 with 2 core(s), 1024.0 MiB RAM
[2026-04-03T08:08:19.761+0000] {spark_submit.py:579} INFO - 26/04/03 08:08:19 INFO StandaloneAppClient$ClientEndpoint: Executor updated: app-20260403080347-0005/76 is now RUNNING
[2026-04-03T08:08:22.757+0000] {spark_submit.py:579} INFO - 26/04/03 08:08:22 INFO StandaloneAppClient$ClientEndpoint: Executor updated: app-20260403080347-0005/76 is now EXITED (Command exited with code 1)
[2026-04-03T08:08:22.758+0000] {spark_submit.py:579} INFO - 26/04/03 08:08:22 INFO StandaloneSchedulerBackend: Executor app-20260403080347-0005/76 removed: Command exited with code 1
[2026-04-03T08:08:22.758+0000] {spark_submit.py:579} INFO - 26/04/03 08:08:22 INFO BlockManagerMasterEndpoint: Trying to remove executor 76 from BlockManagerMaster.
[2026-04-03T08:08:22.758+0000] {spark_submit.py:579} INFO - 26/04/03 08:08:22 INFO BlockManagerMaster: Removal of executor 76 requested
[2026-04-03T08:08:22.759+0000] {spark_submit.py:579} INFO - 26/04/03 08:08:22 INFO BlockManagerMasterEndpoint: Removed 76 successfully in removeExecutor
[2026-04-03T08:08:22.759+0000] {spark_submit.py:579} INFO - 26/04/03 08:08:22 INFO StandaloneAppClient$ClientEndpoint: Executor added: app-20260403080347-0005/77 on worker-20260403074029-172.20.0.2-43131 (172.20.0.2:43131) with 2 core(s)
[2026-04-03T08:08:22.759+0000] {spark_submit.py:579} INFO - 26/04/03 08:08:22 INFO StandaloneSchedulerBackend$StandaloneDriverEndpoint: Asked to remove non-existent executor 76
[2026-04-03T08:08:22.759+0000] {spark_submit.py:579} INFO - 26/04/03 08:08:22 INFO StandaloneSchedulerBackend: Granted executor ID app-20260403080347-0005/77 on hostPort 172.20.0.2:43131 with 2 core(s), 1024.0 MiB RAM
[2026-04-03T08:08:22.782+0000] {spark_submit.py:579} INFO - 26/04/03 08:08:22 INFO StandaloneAppClient$ClientEndpoint: Executor updated: app-20260403080347-0005/77 is now RUNNING
[2026-04-03T08:08:25.843+0000] {spark_submit.py:579} INFO - 26/04/03 08:08:25 INFO StandaloneAppClient$ClientEndpoint: Executor updated: app-20260403080347-0005/77 is now EXITED (Command exited with code 1)
[2026-04-03T08:08:25.844+0000] {spark_submit.py:579} INFO - 26/04/03 08:08:25 INFO StandaloneSchedulerBackend: Executor app-20260403080347-0005/77 removed: Command exited with code 1
[2026-04-03T08:08:25.844+0000] {spark_submit.py:579} INFO - 26/04/03 08:08:25 INFO BlockManagerMasterEndpoint: Trying to remove executor 77 from BlockManagerMaster.
[2026-04-03T08:08:25.844+0000] {spark_submit.py:579} INFO - 26/04/03 08:08:25 INFO BlockManagerMaster: Removal of executor 77 requested
[2026-04-03T08:08:25.844+0000] {spark_submit.py:579} INFO - 26/04/03 08:08:25 INFO BlockManagerMasterEndpoint: Removed 77 successfully in removeExecutor
[2026-04-03T08:08:25.845+0000] {spark_submit.py:579} INFO - 26/04/03 08:08:25 INFO StandaloneAppClient$ClientEndpoint: Executor added: app-20260403080347-0005/78 on worker-20260403074029-172.20.0.2-43131 (172.20.0.2:43131) with 2 core(s)
[2026-04-03T08:08:25.845+0000] {spark_submit.py:579} INFO - 26/04/03 08:08:25 INFO StandaloneSchedulerBackend$StandaloneDriverEndpoint: Asked to remove non-existent executor 77
[2026-04-03T08:08:25.845+0000] {spark_submit.py:579} INFO - 26/04/03 08:08:25 INFO StandaloneSchedulerBackend: Granted executor ID app-20260403080347-0005/78 on hostPort 172.20.0.2:43131 with 2 core(s), 1024.0 MiB RAM
[2026-04-03T08:08:25.874+0000] {spark_submit.py:579} INFO - 26/04/03 08:08:25 INFO StandaloneAppClient$ClientEndpoint: Executor updated: app-20260403080347-0005/78 is now RUNNING
[2026-04-03T08:08:26.409+0000] {spark_submit.py:579} INFO - 26/04/03 08:08:26 WARN TaskSchedulerImpl: Initial job has not accepted any resources; check your cluster UI to ensure that workers are registered and have sufficient resources
[2026-04-03T08:08:28.975+0000] {spark_submit.py:579} INFO - 26/04/03 08:08:28 INFO StandaloneAppClient$ClientEndpoint: Executor updated: app-20260403080347-0005/78 is now EXITED (Command exited with code 1)
[2026-04-03T08:08:28.975+0000] {spark_submit.py:579} INFO - 26/04/03 08:08:28 INFO StandaloneSchedulerBackend: Executor app-20260403080347-0005/78 removed: Command exited with code 1
[2026-04-03T08:08:28.976+0000] {spark_submit.py:579} INFO - 26/04/03 08:08:28 INFO BlockManagerMasterEndpoint: Trying to remove executor 78 from BlockManagerMaster.
[2026-04-03T08:08:28.976+0000] {spark_submit.py:579} INFO - 26/04/03 08:08:28 INFO BlockManagerMaster: Removal of executor 78 requested
[2026-04-03T08:08:28.976+0000] {spark_submit.py:579} INFO - 26/04/03 08:08:28 INFO BlockManagerMasterEndpoint: Removed 78 successfully in removeExecutor
[2026-04-03T08:08:28.977+0000] {spark_submit.py:579} INFO - 26/04/03 08:08:28 INFO StandaloneSchedulerBackend$StandaloneDriverEndpoint: Asked to remove non-existent executor 78
[2026-04-03T08:08:28.977+0000] {spark_submit.py:579} INFO - 26/04/03 08:08:28 INFO StandaloneAppClient$ClientEndpoint: Executor added: app-20260403080347-0005/79 on worker-20260403074029-172.20.0.2-43131 (172.20.0.2:43131) with 2 core(s)
[2026-04-03T08:08:28.977+0000] {spark_submit.py:579} INFO - 26/04/03 08:08:28 INFO StandaloneSchedulerBackend: Granted executor ID app-20260403080347-0005/79 on hostPort 172.20.0.2:43131 with 2 core(s), 1024.0 MiB RAM
[2026-04-03T08:08:28.999+0000] {spark_submit.py:579} INFO - 26/04/03 08:08:28 INFO StandaloneAppClient$ClientEndpoint: Executor updated: app-20260403080347-0005/79 is now RUNNING
[2026-04-03T08:08:32.079+0000] {spark_submit.py:579} INFO - 26/04/03 08:08:32 INFO StandaloneAppClient$ClientEndpoint: Executor updated: app-20260403080347-0005/79 is now EXITED (Command exited with code 1)
[2026-04-03T08:08:32.080+0000] {spark_submit.py:579} INFO - 26/04/03 08:08:32 INFO StandaloneSchedulerBackend: Executor app-20260403080347-0005/79 removed: Command exited with code 1
[2026-04-03T08:08:32.080+0000] {spark_submit.py:579} INFO - 26/04/03 08:08:32 INFO BlockManagerMasterEndpoint: Trying to remove executor 79 from BlockManagerMaster.
[2026-04-03T08:08:32.080+0000] {spark_submit.py:579} INFO - 26/04/03 08:08:32 INFO BlockManagerMaster: Removal of executor 79 requested
[2026-04-03T08:08:32.081+0000] {spark_submit.py:579} INFO - 26/04/03 08:08:32 INFO BlockManagerMasterEndpoint: Removed 79 successfully in removeExecutor
[2026-04-03T08:08:32.081+0000] {spark_submit.py:579} INFO - 26/04/03 08:08:32 INFO StandaloneSchedulerBackend$StandaloneDriverEndpoint: Asked to remove non-existent executor 79
[2026-04-03T08:08:32.081+0000] {spark_submit.py:579} INFO - 26/04/03 08:08:32 INFO StandaloneAppClient$ClientEndpoint: Executor added: app-20260403080347-0005/80 on worker-20260403074029-172.20.0.2-43131 (172.20.0.2:43131) with 2 core(s)
[2026-04-03T08:08:32.081+0000] {spark_submit.py:579} INFO - 26/04/03 08:08:32 INFO StandaloneSchedulerBackend: Granted executor ID app-20260403080347-0005/80 on hostPort 172.20.0.2:43131 with 2 core(s), 1024.0 MiB RAM
[2026-04-03T08:08:32.105+0000] {spark_submit.py:579} INFO - 26/04/03 08:08:32 INFO StandaloneAppClient$ClientEndpoint: Executor updated: app-20260403080347-0005/80 is now RUNNING
[2026-04-03T08:08:35.084+0000] {spark_submit.py:579} INFO - 26/04/03 08:08:35 INFO StandaloneAppClient$ClientEndpoint: Executor updated: app-20260403080347-0005/80 is now EXITED (Command exited with code 1)
[2026-04-03T08:08:35.085+0000] {spark_submit.py:579} INFO - 26/04/03 08:08:35 INFO StandaloneSchedulerBackend: Executor app-20260403080347-0005/80 removed: Command exited with code 1
[2026-04-03T08:08:35.085+0000] {spark_submit.py:579} INFO - 26/04/03 08:08:35 INFO BlockManagerMasterEndpoint: Trying to remove executor 80 from BlockManagerMaster.
[2026-04-03T08:08:35.086+0000] {spark_submit.py:579} INFO - 26/04/03 08:08:35 INFO BlockManagerMaster: Removal of executor 80 requested
[2026-04-03T08:08:35.086+0000] {spark_submit.py:579} INFO - 26/04/03 08:08:35 INFO StandaloneAppClient$ClientEndpoint: Executor added: app-20260403080347-0005/81 on worker-20260403074029-172.20.0.2-43131 (172.20.0.2:43131) with 2 core(s)
[2026-04-03T08:08:35.086+0000] {spark_submit.py:579} INFO - 26/04/03 08:08:35 INFO BlockManagerMasterEndpoint: Removed 80 successfully in removeExecutor
[2026-04-03T08:08:35.086+0000] {spark_submit.py:579} INFO - 26/04/03 08:08:35 INFO StandaloneSchedulerBackend$StandaloneDriverEndpoint: Asked to remove non-existent executor 80
[2026-04-03T08:08:35.086+0000] {spark_submit.py:579} INFO - 26/04/03 08:08:35 INFO StandaloneSchedulerBackend: Granted executor ID app-20260403080347-0005/81 on hostPort 172.20.0.2:43131 with 2 core(s), 1024.0 MiB RAM
[2026-04-03T08:08:35.108+0000] {spark_submit.py:579} INFO - 26/04/03 08:08:35 INFO StandaloneAppClient$ClientEndpoint: Executor updated: app-20260403080347-0005/81 is now RUNNING
[2026-04-03T08:08:38.103+0000] {spark_submit.py:579} INFO - 26/04/03 08:08:38 INFO StandaloneAppClient$ClientEndpoint: Executor updated: app-20260403080347-0005/81 is now EXITED (Command exited with code 1)
[2026-04-03T08:08:38.104+0000] {spark_submit.py:579} INFO - 26/04/03 08:08:38 INFO StandaloneSchedulerBackend: Executor app-20260403080347-0005/81 removed: Command exited with code 1
[2026-04-03T08:08:38.104+0000] {spark_submit.py:579} INFO - 26/04/03 08:08:38 INFO BlockManagerMasterEndpoint: Trying to remove executor 81 from BlockManagerMaster.
[2026-04-03T08:08:38.105+0000] {spark_submit.py:579} INFO - 26/04/03 08:08:38 INFO BlockManagerMaster: Removal of executor 81 requested
[2026-04-03T08:08:38.105+0000] {spark_submit.py:579} INFO - 26/04/03 08:08:38 INFO BlockManagerMasterEndpoint: Removed 81 successfully in removeExecutor
[2026-04-03T08:08:38.105+0000] {spark_submit.py:579} INFO - 26/04/03 08:08:38 INFO StandaloneSchedulerBackend$StandaloneDriverEndpoint: Asked to remove non-existent executor 81
[2026-04-03T08:08:38.105+0000] {spark_submit.py:579} INFO - 26/04/03 08:08:38 INFO StandaloneAppClient$ClientEndpoint: Executor added: app-20260403080347-0005/82 on worker-20260403074029-172.20.0.2-43131 (172.20.0.2:43131) with 2 core(s)
[2026-04-03T08:08:38.106+0000] {spark_submit.py:579} INFO - 26/04/03 08:08:38 INFO StandaloneSchedulerBackend: Granted executor ID app-20260403080347-0005/82 on hostPort 172.20.0.2:43131 with 2 core(s), 1024.0 MiB RAM
[2026-04-03T08:08:38.127+0000] {spark_submit.py:579} INFO - 26/04/03 08:08:38 INFO StandaloneAppClient$ClientEndpoint: Executor updated: app-20260403080347-0005/82 is now RUNNING
[2026-04-03T08:08:41.138+0000] {spark_submit.py:579} INFO - 26/04/03 08:08:41 INFO StandaloneAppClient$ClientEndpoint: Executor updated: app-20260403080347-0005/82 is now EXITED (Command exited with code 1)
[2026-04-03T08:08:41.139+0000] {spark_submit.py:579} INFO - 26/04/03 08:08:41 INFO StandaloneSchedulerBackend: Executor app-20260403080347-0005/82 removed: Command exited with code 1
[2026-04-03T08:08:41.139+0000] {spark_submit.py:579} INFO - 26/04/03 08:08:41 INFO StandaloneAppClient$ClientEndpoint: Executor added: app-20260403080347-0005/83 on worker-20260403074029-172.20.0.2-43131 (172.20.0.2:43131) with 2 core(s)
[2026-04-03T08:08:41.140+0000] {spark_submit.py:579} INFO - 26/04/03 08:08:41 INFO BlockManagerMasterEndpoint: Trying to remove executor 82 from BlockManagerMaster.
[2026-04-03T08:08:41.140+0000] {spark_submit.py:579} INFO - 26/04/03 08:08:41 INFO BlockManagerMaster: Removal of executor 82 requested
[2026-04-03T08:08:41.140+0000] {spark_submit.py:579} INFO - 26/04/03 08:08:41 INFO BlockManagerMasterEndpoint: Removed 82 successfully in removeExecutor
[2026-04-03T08:08:41.140+0000] {spark_submit.py:579} INFO - 26/04/03 08:08:41 INFO StandaloneSchedulerBackend: Granted executor ID app-20260403080347-0005/83 on hostPort 172.20.0.2:43131 with 2 core(s), 1024.0 MiB RAM
[2026-04-03T08:08:41.141+0000] {spark_submit.py:579} INFO - 26/04/03 08:08:41 INFO StandaloneSchedulerBackend$StandaloneDriverEndpoint: Asked to remove non-existent executor 82
[2026-04-03T08:08:41.162+0000] {spark_submit.py:579} INFO - 26/04/03 08:08:41 INFO StandaloneAppClient$ClientEndpoint: Executor updated: app-20260403080347-0005/83 is now RUNNING
[2026-04-03T08:08:41.409+0000] {spark_submit.py:579} INFO - 26/04/03 08:08:41 WARN TaskSchedulerImpl: Initial job has not accepted any resources; check your cluster UI to ensure that workers are registered and have sufficient resources
[2026-04-03T08:08:44.139+0000] {spark_submit.py:579} INFO - 26/04/03 08:08:44 INFO StandaloneAppClient$ClientEndpoint: Executor updated: app-20260403080347-0005/83 is now EXITED (Command exited with code 1)
[2026-04-03T08:08:44.140+0000] {spark_submit.py:579} INFO - 26/04/03 08:08:44 INFO StandaloneSchedulerBackend: Executor app-20260403080347-0005/83 removed: Command exited with code 1
[2026-04-03T08:08:44.140+0000] {spark_submit.py:579} INFO - 26/04/03 08:08:44 INFO StandaloneAppClient$ClientEndpoint: Executor added: app-20260403080347-0005/84 on worker-20260403074029-172.20.0.2-43131 (172.20.0.2:43131) with 2 core(s)
[2026-04-03T08:08:44.141+0000] {spark_submit.py:579} INFO - 26/04/03 08:08:44 INFO BlockManagerMasterEndpoint: Trying to remove executor 83 from BlockManagerMaster.
[2026-04-03T08:08:44.141+0000] {spark_submit.py:579} INFO - 26/04/03 08:08:44 INFO BlockManagerMasterEndpoint: Removed 83 successfully in removeExecutor
[2026-04-03T08:08:44.141+0000] {spark_submit.py:579} INFO - 26/04/03 08:08:44 INFO BlockManagerMaster: Removal of executor 83 requested
[2026-04-03T08:08:44.141+0000] {spark_submit.py:579} INFO - 26/04/03 08:08:44 INFO StandaloneSchedulerBackend: Granted executor ID app-20260403080347-0005/84 on hostPort 172.20.0.2:43131 with 2 core(s), 1024.0 MiB RAM
[2026-04-03T08:08:44.141+0000] {spark_submit.py:579} INFO - 26/04/03 08:08:44 INFO StandaloneSchedulerBackend$StandaloneDriverEndpoint: Asked to remove non-existent executor 83
[2026-04-03T08:08:44.163+0000] {spark_submit.py:579} INFO - 26/04/03 08:08:44 INFO StandaloneAppClient$ClientEndpoint: Executor updated: app-20260403080347-0005/84 is now RUNNING
[2026-04-03T08:08:47.155+0000] {spark_submit.py:579} INFO - 26/04/03 08:08:47 INFO StandaloneAppClient$ClientEndpoint: Executor updated: app-20260403080347-0005/84 is now EXITED (Command exited with code 1)
[2026-04-03T08:08:47.155+0000] {spark_submit.py:579} INFO - 26/04/03 08:08:47 INFO StandaloneSchedulerBackend: Executor app-20260403080347-0005/84 removed: Command exited with code 1
[2026-04-03T08:08:47.155+0000] {spark_submit.py:579} INFO - 26/04/03 08:08:47 INFO BlockManagerMasterEndpoint: Trying to remove executor 84 from BlockManagerMaster.
[2026-04-03T08:08:47.156+0000] {spark_submit.py:579} INFO - 26/04/03 08:08:47 INFO StandaloneAppClient$ClientEndpoint: Executor added: app-20260403080347-0005/85 on worker-20260403074029-172.20.0.2-43131 (172.20.0.2:43131) with 2 core(s)
[2026-04-03T08:08:47.156+0000] {spark_submit.py:579} INFO - 26/04/03 08:08:47 INFO BlockManagerMasterEndpoint: Removed 84 successfully in removeExecutor
[2026-04-03T08:08:47.156+0000] {spark_submit.py:579} INFO - 26/04/03 08:08:47 INFO BlockManagerMaster: Removal of executor 84 requested
[2026-04-03T08:08:47.156+0000] {spark_submit.py:579} INFO - 26/04/03 08:08:47 INFO StandaloneSchedulerBackend$StandaloneDriverEndpoint: Asked to remove non-existent executor 84
[2026-04-03T08:08:47.157+0000] {spark_submit.py:579} INFO - 26/04/03 08:08:47 INFO StandaloneSchedulerBackend: Granted executor ID app-20260403080347-0005/85 on hostPort 172.20.0.2:43131 with 2 core(s), 1024.0 MiB RAM
[2026-04-03T08:08:47.179+0000] {spark_submit.py:579} INFO - 26/04/03 08:08:47 INFO StandaloneAppClient$ClientEndpoint: Executor updated: app-20260403080347-0005/85 is now RUNNING
[2026-04-03T08:08:50.240+0000] {spark_submit.py:579} INFO - 26/04/03 08:08:50 INFO StandaloneAppClient$ClientEndpoint: Executor updated: app-20260403080347-0005/85 is now EXITED (Command exited with code 1)
[2026-04-03T08:08:50.240+0000] {spark_submit.py:579} INFO - 26/04/03 08:08:50 INFO StandaloneSchedulerBackend: Executor app-20260403080347-0005/85 removed: Command exited with code 1
[2026-04-03T08:08:50.241+0000] {spark_submit.py:579} INFO - 26/04/03 08:08:50 INFO StandaloneAppClient$ClientEndpoint: Executor added: app-20260403080347-0005/86 on worker-20260403074029-172.20.0.2-43131 (172.20.0.2:43131) with 2 core(s)
[2026-04-03T08:08:50.241+0000] {spark_submit.py:579} INFO - 26/04/03 08:08:50 INFO BlockManagerMaster: Removal of executor 85 requested
[2026-04-03T08:08:50.241+0000] {spark_submit.py:579} INFO - 26/04/03 08:08:50 INFO BlockManagerMasterEndpoint: Trying to remove executor 85 from BlockManagerMaster.
[2026-04-03T08:08:50.242+0000] {spark_submit.py:579} INFO - 26/04/03 08:08:50 INFO StandaloneSchedulerBackend$StandaloneDriverEndpoint: Asked to remove non-existent executor 85
[2026-04-03T08:08:50.242+0000] {spark_submit.py:579} INFO - 26/04/03 08:08:50 INFO BlockManagerMasterEndpoint: Removed 85 successfully in removeExecutor
[2026-04-03T08:08:50.242+0000] {spark_submit.py:579} INFO - 26/04/03 08:08:50 INFO StandaloneSchedulerBackend: Granted executor ID app-20260403080347-0005/86 on hostPort 172.20.0.2:43131 with 2 core(s), 1024.0 MiB RAM
[2026-04-03T08:08:50.265+0000] {spark_submit.py:579} INFO - 26/04/03 08:08:50 INFO StandaloneAppClient$ClientEndpoint: Executor updated: app-20260403080347-0005/86 is now RUNNING
[2026-04-03T08:08:53.272+0000] {spark_submit.py:579} INFO - 26/04/03 08:08:53 INFO StandaloneAppClient$ClientEndpoint: Executor updated: app-20260403080347-0005/86 is now EXITED (Command exited with code 1)
[2026-04-03T08:08:53.273+0000] {spark_submit.py:579} INFO - 26/04/03 08:08:53 INFO StandaloneSchedulerBackend: Executor app-20260403080347-0005/86 removed: Command exited with code 1
[2026-04-03T08:08:53.273+0000] {spark_submit.py:579} INFO - 26/04/03 08:08:53 INFO StandaloneAppClient$ClientEndpoint: Executor added: app-20260403080347-0005/87 on worker-20260403074029-172.20.0.2-43131 (172.20.0.2:43131) with 2 core(s)
[2026-04-03T08:08:53.274+0000] {spark_submit.py:579} INFO - 26/04/03 08:08:53 INFO StandaloneSchedulerBackend: Granted executor ID app-20260403080347-0005/87 on hostPort 172.20.0.2:43131 with 2 core(s), 1024.0 MiB RAM
[2026-04-03T08:08:53.274+0000] {spark_submit.py:579} INFO - 26/04/03 08:08:53 INFO BlockManagerMaster: Removal of executor 86 requested
[2026-04-03T08:08:53.274+0000] {spark_submit.py:579} INFO - 26/04/03 08:08:53 INFO BlockManagerMasterEndpoint: Trying to remove executor 86 from BlockManagerMaster.
[2026-04-03T08:08:53.274+0000] {spark_submit.py:579} INFO - 26/04/03 08:08:53 INFO StandaloneSchedulerBackend$StandaloneDriverEndpoint: Asked to remove non-existent executor 86
[2026-04-03T08:08:53.275+0000] {spark_submit.py:579} INFO - 26/04/03 08:08:53 INFO BlockManagerMasterEndpoint: Removed 86 successfully in removeExecutor
[2026-04-03T08:08:53.296+0000] {spark_submit.py:579} INFO - 26/04/03 08:08:53 INFO StandaloneAppClient$ClientEndpoint: Executor updated: app-20260403080347-0005/87 is now RUNNING
[2026-04-03T08:08:56.409+0000] {spark_submit.py:579} INFO - 26/04/03 08:08:56 WARN TaskSchedulerImpl: Initial job has not accepted any resources; check your cluster UI to ensure that workers are registered and have sufficient resources
[2026-04-03T08:08:56.542+0000] {spark_submit.py:579} INFO - 26/04/03 08:08:56 INFO StandaloneAppClient$ClientEndpoint: Executor updated: app-20260403080347-0005/87 is now EXITED (Command exited with code 1)
[2026-04-03T08:08:56.543+0000] {spark_submit.py:579} INFO - 26/04/03 08:08:56 INFO StandaloneSchedulerBackend: Executor app-20260403080347-0005/87 removed: Command exited with code 1
[2026-04-03T08:08:56.543+0000] {spark_submit.py:579} INFO - 26/04/03 08:08:56 INFO StandaloneAppClient$ClientEndpoint: Executor added: app-20260403080347-0005/88 on worker-20260403074029-172.20.0.2-43131 (172.20.0.2:43131) with 2 core(s)
[2026-04-03T08:08:56.544+0000] {spark_submit.py:579} INFO - 26/04/03 08:08:56 INFO BlockManagerMaster: Removal of executor 87 requested
[2026-04-03T08:08:56.544+0000] {spark_submit.py:579} INFO - 26/04/03 08:08:56 INFO BlockManagerMasterEndpoint: Trying to remove executor 87 from BlockManagerMaster.
[2026-04-03T08:08:56.544+0000] {spark_submit.py:579} INFO - 26/04/03 08:08:56 INFO StandaloneSchedulerBackend: Granted executor ID app-20260403080347-0005/88 on hostPort 172.20.0.2:43131 with 2 core(s), 1024.0 MiB RAM
[2026-04-03T08:08:56.545+0000] {spark_submit.py:579} INFO - 26/04/03 08:08:56 INFO BlockManagerMasterEndpoint: Removed 87 successfully in removeExecutor
[2026-04-03T08:08:56.545+0000] {spark_submit.py:579} INFO - 26/04/03 08:08:56 INFO StandaloneSchedulerBackend$StandaloneDriverEndpoint: Asked to remove non-existent executor 87
[2026-04-03T08:08:56.566+0000] {spark_submit.py:579} INFO - 26/04/03 08:08:56 INFO StandaloneAppClient$ClientEndpoint: Executor updated: app-20260403080347-0005/88 is now RUNNING
[2026-04-03T08:08:59.775+0000] {spark_submit.py:579} INFO - 26/04/03 08:08:59 INFO StandaloneAppClient$ClientEndpoint: Executor updated: app-20260403080347-0005/88 is now EXITED (Command exited with code 1)
[2026-04-03T08:08:59.776+0000] {spark_submit.py:579} INFO - 26/04/03 08:08:59 INFO StandaloneSchedulerBackend: Executor app-20260403080347-0005/88 removed: Command exited with code 1
[2026-04-03T08:08:59.777+0000] {spark_submit.py:579} INFO - 26/04/03 08:08:59 INFO StandaloneAppClient$ClientEndpoint: Executor added: app-20260403080347-0005/89 on worker-20260403074029-172.20.0.2-43131 (172.20.0.2:43131) with 2 core(s)
[2026-04-03T08:08:59.777+0000] {spark_submit.py:579} INFO - 26/04/03 08:08:59 INFO BlockManagerMasterEndpoint: Trying to remove executor 88 from BlockManagerMaster.
[2026-04-03T08:08:59.777+0000] {spark_submit.py:579} INFO - 26/04/03 08:08:59 INFO BlockManagerMaster: Removal of executor 88 requested
[2026-04-03T08:08:59.778+0000] {spark_submit.py:579} INFO - 26/04/03 08:08:59 INFO BlockManagerMasterEndpoint: Removed 88 successfully in removeExecutor
[2026-04-03T08:08:59.778+0000] {spark_submit.py:579} INFO - 26/04/03 08:08:59 INFO StandaloneSchedulerBackend: Granted executor ID app-20260403080347-0005/89 on hostPort 172.20.0.2:43131 with 2 core(s), 1024.0 MiB RAM
[2026-04-03T08:08:59.778+0000] {spark_submit.py:579} INFO - 26/04/03 08:08:59 INFO StandaloneSchedulerBackend$StandaloneDriverEndpoint: Asked to remove non-existent executor 88
[2026-04-03T08:08:59.799+0000] {spark_submit.py:579} INFO - 26/04/03 08:08:59 INFO StandaloneAppClient$ClientEndpoint: Executor updated: app-20260403080347-0005/89 is now RUNNING
[2026-04-03T08:09:03.056+0000] {spark_submit.py:579} INFO - 26/04/03 08:09:03 INFO StandaloneAppClient$ClientEndpoint: Executor updated: app-20260403080347-0005/89 is now EXITED (Command exited with code 1)
[2026-04-03T08:09:03.057+0000] {spark_submit.py:579} INFO - 26/04/03 08:09:03 INFO StandaloneSchedulerBackend: Executor app-20260403080347-0005/89 removed: Command exited with code 1
[2026-04-03T08:09:03.057+0000] {spark_submit.py:579} INFO - 26/04/03 08:09:03 INFO BlockManagerMaster: Removal of executor 89 requested
[2026-04-03T08:09:03.057+0000] {spark_submit.py:579} INFO - 26/04/03 08:09:03 INFO BlockManagerMasterEndpoint: Trying to remove executor 89 from BlockManagerMaster.
[2026-04-03T08:09:03.058+0000] {spark_submit.py:579} INFO - 26/04/03 08:09:03 INFO BlockManagerMasterEndpoint: Removed 89 successfully in removeExecutor
[2026-04-03T08:09:03.058+0000] {spark_submit.py:579} INFO - 26/04/03 08:09:03 INFO StandaloneAppClient$ClientEndpoint: Executor added: app-20260403080347-0005/90 on worker-20260403074029-172.20.0.2-43131 (172.20.0.2:43131) with 2 core(s)
[2026-04-03T08:09:03.058+0000] {spark_submit.py:579} INFO - 26/04/03 08:09:03 INFO StandaloneSchedulerBackend$StandaloneDriverEndpoint: Asked to remove non-existent executor 89
[2026-04-03T08:09:03.058+0000] {spark_submit.py:579} INFO - 26/04/03 08:09:03 INFO StandaloneSchedulerBackend: Granted executor ID app-20260403080347-0005/90 on hostPort 172.20.0.2:43131 with 2 core(s), 1024.0 MiB RAM
[2026-04-03T08:09:03.082+0000] {spark_submit.py:579} INFO - 26/04/03 08:09:03 INFO StandaloneAppClient$ClientEndpoint: Executor updated: app-20260403080347-0005/90 is now RUNNING
[2026-04-03T08:09:06.088+0000] {spark_submit.py:579} INFO - 26/04/03 08:09:06 INFO StandaloneAppClient$ClientEndpoint: Executor updated: app-20260403080347-0005/90 is now EXITED (Command exited with code 1)
[2026-04-03T08:09:06.089+0000] {spark_submit.py:579} INFO - 26/04/03 08:09:06 INFO StandaloneSchedulerBackend: Executor app-20260403080347-0005/90 removed: Command exited with code 1
[2026-04-03T08:09:06.089+0000] {spark_submit.py:579} INFO - 26/04/03 08:09:06 INFO BlockManagerMasterEndpoint: Trying to remove executor 90 from BlockManagerMaster.
[2026-04-03T08:09:06.089+0000] {spark_submit.py:579} INFO - 26/04/03 08:09:06 INFO BlockManagerMaster: Removal of executor 90 requested
[2026-04-03T08:09:06.089+0000] {spark_submit.py:579} INFO - 26/04/03 08:09:06 INFO BlockManagerMasterEndpoint: Removed 90 successfully in removeExecutor
[2026-04-03T08:09:06.090+0000] {spark_submit.py:579} INFO - 26/04/03 08:09:06 INFO StandaloneAppClient$ClientEndpoint: Executor added: app-20260403080347-0005/91 on worker-20260403074029-172.20.0.2-43131 (172.20.0.2:43131) with 2 core(s)
[2026-04-03T08:09:06.090+0000] {spark_submit.py:579} INFO - 26/04/03 08:09:06 INFO StandaloneSchedulerBackend$StandaloneDriverEndpoint: Asked to remove non-existent executor 90
[2026-04-03T08:09:06.090+0000] {spark_submit.py:579} INFO - 26/04/03 08:09:06 INFO StandaloneSchedulerBackend: Granted executor ID app-20260403080347-0005/91 on hostPort 172.20.0.2:43131 with 2 core(s), 1024.0 MiB RAM
[2026-04-03T08:09:06.114+0000] {spark_submit.py:579} INFO - 26/04/03 08:09:06 INFO StandaloneAppClient$ClientEndpoint: Executor updated: app-20260403080347-0005/91 is now RUNNING
[2026-04-03T08:09:09.144+0000] {spark_submit.py:579} INFO - 26/04/03 08:09:09 INFO StandaloneAppClient$ClientEndpoint: Executor updated: app-20260403080347-0005/91 is now EXITED (Command exited with code 1)
[2026-04-03T08:09:09.145+0000] {spark_submit.py:579} INFO - 26/04/03 08:09:09 INFO StandaloneSchedulerBackend: Executor app-20260403080347-0005/91 removed: Command exited with code 1
[2026-04-03T08:09:09.145+0000] {spark_submit.py:579} INFO - 26/04/03 08:09:09 INFO StandaloneAppClient$ClientEndpoint: Executor added: app-20260403080347-0005/92 on worker-20260403074029-172.20.0.2-43131 (172.20.0.2:43131) with 2 core(s)
[2026-04-03T08:09:09.146+0000] {spark_submit.py:579} INFO - 26/04/03 08:09:09 INFO BlockManagerMasterEndpoint: Trying to remove executor 91 from BlockManagerMaster.
[2026-04-03T08:09:09.146+0000] {spark_submit.py:579} INFO - 26/04/03 08:09:09 INFO BlockManagerMaster: Removal of executor 91 requested
[2026-04-03T08:09:09.146+0000] {spark_submit.py:579} INFO - 26/04/03 08:09:09 INFO BlockManagerMasterEndpoint: Removed 91 successfully in removeExecutor
[2026-04-03T08:09:09.147+0000] {spark_submit.py:579} INFO - 26/04/03 08:09:09 INFO StandaloneSchedulerBackend: Granted executor ID app-20260403080347-0005/92 on hostPort 172.20.0.2:43131 with 2 core(s), 1024.0 MiB RAM
[2026-04-03T08:09:09.147+0000] {spark_submit.py:579} INFO - 26/04/03 08:09:09 INFO StandaloneSchedulerBackend$StandaloneDriverEndpoint: Asked to remove non-existent executor 91
[2026-04-03T08:09:09.171+0000] {spark_submit.py:579} INFO - 26/04/03 08:09:09 INFO StandaloneAppClient$ClientEndpoint: Executor updated: app-20260403080347-0005/92 is now RUNNING
[2026-04-03T08:09:11.409+0000] {spark_submit.py:579} INFO - 26/04/03 08:09:11 WARN TaskSchedulerImpl: Initial job has not accepted any resources; check your cluster UI to ensure that workers are registered and have sufficient resources
[2026-04-03T08:09:12.168+0000] {spark_submit.py:579} INFO - 26/04/03 08:09:12 INFO StandaloneAppClient$ClientEndpoint: Executor updated: app-20260403080347-0005/92 is now EXITED (Command exited with code 1)
[2026-04-03T08:09:12.170+0000] {spark_submit.py:579} INFO - 26/04/03 08:09:12 INFO StandaloneSchedulerBackend: Executor app-20260403080347-0005/92 removed: Command exited with code 1
[2026-04-03T08:09:12.170+0000] {spark_submit.py:579} INFO - 26/04/03 08:09:12 INFO StandaloneAppClient$ClientEndpoint: Executor added: app-20260403080347-0005/93 on worker-20260403074029-172.20.0.2-43131 (172.20.0.2:43131) with 2 core(s)
[2026-04-03T08:09:12.171+0000] {spark_submit.py:579} INFO - 26/04/03 08:09:12 INFO BlockManagerMasterEndpoint: Trying to remove executor 92 from BlockManagerMaster.
[2026-04-03T08:09:12.171+0000] {spark_submit.py:579} INFO - 26/04/03 08:09:12 INFO BlockManagerMaster: Removal of executor 92 requested
[2026-04-03T08:09:12.171+0000] {spark_submit.py:579} INFO - 26/04/03 08:09:12 INFO StandaloneSchedulerBackend: Granted executor ID app-20260403080347-0005/93 on hostPort 172.20.0.2:43131 with 2 core(s), 1024.0 MiB RAM
[2026-04-03T08:09:12.171+0000] {spark_submit.py:579} INFO - 26/04/03 08:09:12 INFO BlockManagerMasterEndpoint: Removed 92 successfully in removeExecutor
[2026-04-03T08:09:12.171+0000] {spark_submit.py:579} INFO - 26/04/03 08:09:12 INFO StandaloneSchedulerBackend$StandaloneDriverEndpoint: Asked to remove non-existent executor 92
[2026-04-03T08:09:12.194+0000] {spark_submit.py:579} INFO - 26/04/03 08:09:12 INFO StandaloneAppClient$ClientEndpoint: Executor updated: app-20260403080347-0005/93 is now RUNNING
[2026-04-03T08:09:15.236+0000] {spark_submit.py:579} INFO - 26/04/03 08:09:15 INFO StandaloneAppClient$ClientEndpoint: Executor updated: app-20260403080347-0005/93 is now EXITED (Command exited with code 1)
[2026-04-03T08:09:15.237+0000] {spark_submit.py:579} INFO - 26/04/03 08:09:15 INFO StandaloneSchedulerBackend: Executor app-20260403080347-0005/93 removed: Command exited with code 1
[2026-04-03T08:09:15.238+0000] {spark_submit.py:579} INFO - 26/04/03 08:09:15 INFO StandaloneAppClient$ClientEndpoint: Executor added: app-20260403080347-0005/94 on worker-20260403074029-172.20.0.2-43131 (172.20.0.2:43131) with 2 core(s)
[2026-04-03T08:09:15.238+0000] {spark_submit.py:579} INFO - 26/04/03 08:09:15 INFO StandaloneSchedulerBackend: Granted executor ID app-20260403080347-0005/94 on hostPort 172.20.0.2:43131 with 2 core(s), 1024.0 MiB RAM
[2026-04-03T08:09:15.238+0000] {spark_submit.py:579} INFO - 26/04/03 08:09:15 INFO BlockManagerMasterEndpoint: Trying to remove executor 93 from BlockManagerMaster.
[2026-04-03T08:09:15.238+0000] {spark_submit.py:579} INFO - 26/04/03 08:09:15 INFO BlockManagerMaster: Removal of executor 93 requested
[2026-04-03T08:09:15.239+0000] {spark_submit.py:579} INFO - 26/04/03 08:09:15 INFO BlockManagerMasterEndpoint: Removed 93 successfully in removeExecutor
[2026-04-03T08:09:15.239+0000] {spark_submit.py:579} INFO - 26/04/03 08:09:15 INFO StandaloneSchedulerBackend$StandaloneDriverEndpoint: Asked to remove non-existent executor 93
[2026-04-03T08:09:15.261+0000] {spark_submit.py:579} INFO - 26/04/03 08:09:15 INFO StandaloneAppClient$ClientEndpoint: Executor updated: app-20260403080347-0005/94 is now RUNNING
[2026-04-03T08:09:18.831+0000] {spark_submit.py:579} INFO - 26/04/03 08:09:18 INFO StandaloneAppClient$ClientEndpoint: Executor updated: app-20260403080347-0005/94 is now EXITED (Command exited with code 1)
[2026-04-03T08:09:18.832+0000] {spark_submit.py:579} INFO - 26/04/03 08:09:18 INFO StandaloneSchedulerBackend: Executor app-20260403080347-0005/94 removed: Command exited with code 1
[2026-04-03T08:09:18.833+0000] {spark_submit.py:579} INFO - 26/04/03 08:09:18 INFO BlockManagerMaster: Removal of executor 94 requested
[2026-04-03T08:09:18.833+0000] {spark_submit.py:579} INFO - 26/04/03 08:09:18 INFO StandaloneAppClient$ClientEndpoint: Executor added: app-20260403080347-0005/95 on worker-20260403074029-172.20.0.2-43131 (172.20.0.2:43131) with 2 core(s)
[2026-04-03T08:09:18.833+0000] {spark_submit.py:579} INFO - 26/04/03 08:09:18 INFO BlockManagerMasterEndpoint: Trying to remove executor 94 from BlockManagerMaster.
[2026-04-03T08:09:18.833+0000] {spark_submit.py:579} INFO - 26/04/03 08:09:18 INFO BlockManagerMasterEndpoint: Removed 94 successfully in removeExecutor
[2026-04-03T08:09:18.834+0000] {spark_submit.py:579} INFO - 26/04/03 08:09:18 INFO StandaloneSchedulerBackend$StandaloneDriverEndpoint: Asked to remove non-existent executor 94
[2026-04-03T08:09:18.834+0000] {spark_submit.py:579} INFO - 26/04/03 08:09:18 INFO StandaloneSchedulerBackend: Granted executor ID app-20260403080347-0005/95 on hostPort 172.20.0.2:43131 with 2 core(s), 1024.0 MiB RAM
[2026-04-03T08:09:18.857+0000] {spark_submit.py:579} INFO - 26/04/03 08:09:18 INFO StandaloneAppClient$ClientEndpoint: Executor updated: app-20260403080347-0005/95 is now RUNNING
[2026-04-03T08:09:21.707+0000] {spark_submit.py:579} INFO - 26/04/03 08:09:21 INFO StandaloneAppClient$ClientEndpoint: Executor updated: app-20260403080347-0005/95 is now EXITED (Command exited with code 1)
[2026-04-03T08:09:21.707+0000] {spark_submit.py:579} INFO - 26/04/03 08:09:21 INFO StandaloneSchedulerBackend: Executor app-20260403080347-0005/95 removed: Command exited with code 1
[2026-04-03T08:09:21.708+0000] {spark_submit.py:579} INFO - 26/04/03 08:09:21 INFO StandaloneAppClient$ClientEndpoint: Executor added: app-20260403080347-0005/96 on worker-20260403074029-172.20.0.2-43131 (172.20.0.2:43131) with 2 core(s)
[2026-04-03T08:09:21.708+0000] {spark_submit.py:579} INFO - 26/04/03 08:09:21 INFO BlockManagerMaster: Removal of executor 95 requested
[2026-04-03T08:09:21.708+0000] {spark_submit.py:579} INFO - 26/04/03 08:09:21 INFO BlockManagerMasterEndpoint: Trying to remove executor 95 from BlockManagerMaster.
[2026-04-03T08:09:21.708+0000] {spark_submit.py:579} INFO - 26/04/03 08:09:21 INFO BlockManagerMasterEndpoint: Removed 95 successfully in removeExecutor
[2026-04-03T08:09:21.709+0000] {spark_submit.py:579} INFO - 26/04/03 08:09:21 INFO StandaloneSchedulerBackend$StandaloneDriverEndpoint: Asked to remove non-existent executor 95
[2026-04-03T08:09:21.709+0000] {spark_submit.py:579} INFO - 26/04/03 08:09:21 INFO StandaloneSchedulerBackend: Granted executor ID app-20260403080347-0005/96 on hostPort 172.20.0.2:43131 with 2 core(s), 1024.0 MiB RAM
[2026-04-03T08:09:21.730+0000] {spark_submit.py:579} INFO - 26/04/03 08:09:21 INFO StandaloneAppClient$ClientEndpoint: Executor updated: app-20260403080347-0005/96 is now RUNNING
[2026-04-03T08:09:24.643+0000] {spark_submit.py:579} INFO - 26/04/03 08:09:24 INFO StandaloneAppClient$ClientEndpoint: Executor updated: app-20260403080347-0005/96 is now EXITED (Command exited with code 1)
[2026-04-03T08:09:24.644+0000] {spark_submit.py:579} INFO - 26/04/03 08:09:24 INFO StandaloneSchedulerBackend: Executor app-20260403080347-0005/96 removed: Command exited with code 1
[2026-04-03T08:09:24.644+0000] {spark_submit.py:579} INFO - 26/04/03 08:09:24 INFO BlockManagerMasterEndpoint: Trying to remove executor 96 from BlockManagerMaster.
[2026-04-03T08:09:24.644+0000] {spark_submit.py:579} INFO - 26/04/03 08:09:24 INFO BlockManagerMaster: Removal of executor 96 requested
[2026-04-03T08:09:24.644+0000] {spark_submit.py:579} INFO - 26/04/03 08:09:24 INFO StandaloneAppClient$ClientEndpoint: Executor added: app-20260403080347-0005/97 on worker-20260403074029-172.20.0.2-43131 (172.20.0.2:43131) with 2 core(s)
[2026-04-03T08:09:24.645+0000] {spark_submit.py:579} INFO - 26/04/03 08:09:24 INFO BlockManagerMasterEndpoint: Removed 96 successfully in removeExecutor
[2026-04-03T08:09:24.645+0000] {spark_submit.py:579} INFO - 26/04/03 08:09:24 INFO StandaloneSchedulerBackend$StandaloneDriverEndpoint: Asked to remove non-existent executor 96
[2026-04-03T08:09:24.645+0000] {spark_submit.py:579} INFO - 26/04/03 08:09:24 INFO StandaloneSchedulerBackend: Granted executor ID app-20260403080347-0005/97 on hostPort 172.20.0.2:43131 with 2 core(s), 1024.0 MiB RAM
[2026-04-03T08:09:24.667+0000] {spark_submit.py:579} INFO - 26/04/03 08:09:24 INFO StandaloneAppClient$ClientEndpoint: Executor updated: app-20260403080347-0005/97 is now RUNNING
[2026-04-03T08:09:26.409+0000] {spark_submit.py:579} INFO - 26/04/03 08:09:26 WARN TaskSchedulerImpl: Initial job has not accepted any resources; check your cluster UI to ensure that workers are registered and have sufficient resources
[2026-04-03T08:09:27.572+0000] {spark_submit.py:579} INFO - 26/04/03 08:09:27 INFO StandaloneAppClient$ClientEndpoint: Executor updated: app-20260403080347-0005/97 is now EXITED (Command exited with code 1)
[2026-04-03T08:09:27.573+0000] {spark_submit.py:579} INFO - 26/04/03 08:09:27 INFO StandaloneSchedulerBackend: Executor app-20260403080347-0005/97 removed: Command exited with code 1
[2026-04-03T08:09:27.573+0000] {spark_submit.py:579} INFO - 26/04/03 08:09:27 INFO StandaloneAppClient$ClientEndpoint: Executor added: app-20260403080347-0005/98 on worker-20260403074029-172.20.0.2-43131 (172.20.0.2:43131) with 2 core(s)
[2026-04-03T08:09:27.574+0000] {spark_submit.py:579} INFO - 26/04/03 08:09:27 INFO BlockManagerMasterEndpoint: Trying to remove executor 97 from BlockManagerMaster.
[2026-04-03T08:09:27.574+0000] {spark_submit.py:579} INFO - 26/04/03 08:09:27 INFO BlockManagerMaster: Removal of executor 97 requested
[2026-04-03T08:09:27.574+0000] {spark_submit.py:579} INFO - 26/04/03 08:09:27 INFO BlockManagerMasterEndpoint: Removed 97 successfully in removeExecutor
[2026-04-03T08:09:27.574+0000] {spark_submit.py:579} INFO - 26/04/03 08:09:27 INFO StandaloneSchedulerBackend$StandaloneDriverEndpoint: Asked to remove non-existent executor 97
[2026-04-03T08:09:27.575+0000] {spark_submit.py:579} INFO - 26/04/03 08:09:27 INFO StandaloneSchedulerBackend: Granted executor ID app-20260403080347-0005/98 on hostPort 172.20.0.2:43131 with 2 core(s), 1024.0 MiB RAM
[2026-04-03T08:09:27.596+0000] {spark_submit.py:579} INFO - 26/04/03 08:09:27 INFO StandaloneAppClient$ClientEndpoint: Executor updated: app-20260403080347-0005/98 is now RUNNING
[2026-04-03T08:09:30.537+0000] {spark_submit.py:579} INFO - 26/04/03 08:09:30 INFO StandaloneAppClient$ClientEndpoint: Executor updated: app-20260403080347-0005/98 is now EXITED (Command exited with code 1)
[2026-04-03T08:09:30.538+0000] {spark_submit.py:579} INFO - 26/04/03 08:09:30 INFO StandaloneSchedulerBackend: Executor app-20260403080347-0005/98 removed: Command exited with code 1
[2026-04-03T08:09:30.538+0000] {spark_submit.py:579} INFO - 26/04/03 08:09:30 INFO StandaloneAppClient$ClientEndpoint: Executor added: app-20260403080347-0005/99 on worker-20260403074029-172.20.0.2-43131 (172.20.0.2:43131) with 2 core(s)
[2026-04-03T08:09:30.539+0000] {spark_submit.py:579} INFO - 26/04/03 08:09:30 INFO BlockManagerMasterEndpoint: Trying to remove executor 98 from BlockManagerMaster.
[2026-04-03T08:09:30.539+0000] {spark_submit.py:579} INFO - 26/04/03 08:09:30 INFO BlockManagerMaster: Removal of executor 98 requested
[2026-04-03T08:09:30.540+0000] {spark_submit.py:579} INFO - 26/04/03 08:09:30 INFO StandaloneSchedulerBackend: Granted executor ID app-20260403080347-0005/99 on hostPort 172.20.0.2:43131 with 2 core(s), 1024.0 MiB RAM
[2026-04-03T08:09:30.540+0000] {spark_submit.py:579} INFO - 26/04/03 08:09:30 INFO BlockManagerMasterEndpoint: Removed 98 successfully in removeExecutor
[2026-04-03T08:09:30.541+0000] {spark_submit.py:579} INFO - 26/04/03 08:09:30 INFO StandaloneSchedulerBackend$StandaloneDriverEndpoint: Asked to remove non-existent executor 98
[2026-04-03T08:09:30.562+0000] {spark_submit.py:579} INFO - 26/04/03 08:09:30 INFO StandaloneAppClient$ClientEndpoint: Executor updated: app-20260403080347-0005/99 is now RUNNING
[2026-04-03T08:09:33.548+0000] {spark_submit.py:579} INFO - 26/04/03 08:09:33 INFO StandaloneAppClient$ClientEndpoint: Executor updated: app-20260403080347-0005/99 is now EXITED (Command exited with code 1)
[2026-04-03T08:09:33.548+0000] {spark_submit.py:579} INFO - 26/04/03 08:09:33 INFO StandaloneSchedulerBackend: Executor app-20260403080347-0005/99 removed: Command exited with code 1
[2026-04-03T08:09:33.549+0000] {spark_submit.py:579} INFO - 26/04/03 08:09:33 INFO BlockManagerMasterEndpoint: Trying to remove executor 99 from BlockManagerMaster.
[2026-04-03T08:09:33.549+0000] {spark_submit.py:579} INFO - 26/04/03 08:09:33 INFO StandaloneAppClient$ClientEndpoint: Executor added: app-20260403080347-0005/100 on worker-20260403074029-172.20.0.2-43131 (172.20.0.2:43131) with 2 core(s)
[2026-04-03T08:09:33.549+0000] {spark_submit.py:579} INFO - 26/04/03 08:09:33 INFO BlockManagerMaster: Removal of executor 99 requested
[2026-04-03T08:09:33.549+0000] {spark_submit.py:579} INFO - 26/04/03 08:09:33 INFO BlockManagerMasterEndpoint: Removed 99 successfully in removeExecutor
[2026-04-03T08:09:33.550+0000] {spark_submit.py:579} INFO - 26/04/03 08:09:33 INFO StandaloneSchedulerBackend$StandaloneDriverEndpoint: Asked to remove non-existent executor 99
[2026-04-03T08:09:33.550+0000] {spark_submit.py:579} INFO - 26/04/03 08:09:33 INFO StandaloneSchedulerBackend: Granted executor ID app-20260403080347-0005/100 on hostPort 172.20.0.2:43131 with 2 core(s), 1024.0 MiB RAM
[2026-04-03T08:09:33.573+0000] {spark_submit.py:579} INFO - 26/04/03 08:09:33 INFO StandaloneAppClient$ClientEndpoint: Executor updated: app-20260403080347-0005/100 is now RUNNING
[2026-04-03T08:09:36.506+0000] {spark_submit.py:579} INFO - 26/04/03 08:09:36 INFO StandaloneAppClient$ClientEndpoint: Executor updated: app-20260403080347-0005/100 is now EXITED (Command exited with code 1)
[2026-04-03T08:09:36.507+0000] {spark_submit.py:579} INFO - 26/04/03 08:09:36 INFO StandaloneSchedulerBackend: Executor app-20260403080347-0005/100 removed: Command exited with code 1
[2026-04-03T08:09:36.507+0000] {spark_submit.py:579} INFO - 26/04/03 08:09:36 INFO BlockManagerMasterEndpoint: Trying to remove executor 100 from BlockManagerMaster.
[2026-04-03T08:09:36.508+0000] {spark_submit.py:579} INFO - 26/04/03 08:09:36 INFO BlockManagerMaster: Removal of executor 100 requested
[2026-04-03T08:09:36.508+0000] {spark_submit.py:579} INFO - 26/04/03 08:09:36 INFO StandaloneAppClient$ClientEndpoint: Executor added: app-20260403080347-0005/101 on worker-20260403074029-172.20.0.2-43131 (172.20.0.2:43131) with 2 core(s)
[2026-04-03T08:09:36.508+0000] {spark_submit.py:579} INFO - 26/04/03 08:09:36 INFO BlockManagerMasterEndpoint: Removed 100 successfully in removeExecutor
[2026-04-03T08:09:36.509+0000] {spark_submit.py:579} INFO - 26/04/03 08:09:36 INFO StandaloneSchedulerBackend$StandaloneDriverEndpoint: Asked to remove non-existent executor 100
[2026-04-03T08:09:36.509+0000] {spark_submit.py:579} INFO - 26/04/03 08:09:36 INFO StandaloneSchedulerBackend: Granted executor ID app-20260403080347-0005/101 on hostPort 172.20.0.2:43131 with 2 core(s), 1024.0 MiB RAM
[2026-04-03T08:09:36.531+0000] {spark_submit.py:579} INFO - 26/04/03 08:09:36 INFO StandaloneAppClient$ClientEndpoint: Executor updated: app-20260403080347-0005/101 is now RUNNING
[2026-04-03T08:09:39.408+0000] {spark_submit.py:579} INFO - 26/04/03 08:09:39 INFO StandaloneAppClient$ClientEndpoint: Executor updated: app-20260403080347-0005/101 is now EXITED (Command exited with code 1)
[2026-04-03T08:09:39.409+0000] {spark_submit.py:579} INFO - 26/04/03 08:09:39 INFO StandaloneSchedulerBackend: Executor app-20260403080347-0005/101 removed: Command exited with code 1
[2026-04-03T08:09:39.409+0000] {spark_submit.py:579} INFO - 26/04/03 08:09:39 INFO BlockManagerMasterEndpoint: Trying to remove executor 101 from BlockManagerMaster.
[2026-04-03T08:09:39.410+0000] {spark_submit.py:579} INFO - 26/04/03 08:09:39 INFO BlockManagerMasterEndpoint: Removed 101 successfully in removeExecutor
[2026-04-03T08:09:39.410+0000] {spark_submit.py:579} INFO - 26/04/03 08:09:39 INFO BlockManagerMaster: Removal of executor 101 requested
[2026-04-03T08:09:39.410+0000] {spark_submit.py:579} INFO - 26/04/03 08:09:39 INFO StandaloneAppClient$ClientEndpoint: Executor added: app-20260403080347-0005/102 on worker-20260403074029-172.20.0.2-43131 (172.20.0.2:43131) with 2 core(s)
[2026-04-03T08:09:39.410+0000] {spark_submit.py:579} INFO - 26/04/03 08:09:39 INFO StandaloneSchedulerBackend$StandaloneDriverEndpoint: Asked to remove non-existent executor 101
[2026-04-03T08:09:39.411+0000] {spark_submit.py:579} INFO - 26/04/03 08:09:39 INFO StandaloneSchedulerBackend: Granted executor ID app-20260403080347-0005/102 on hostPort 172.20.0.2:43131 with 2 core(s), 1024.0 MiB RAM
[2026-04-03T08:09:39.434+0000] {spark_submit.py:579} INFO - 26/04/03 08:09:39 INFO StandaloneAppClient$ClientEndpoint: Executor updated: app-20260403080347-0005/102 is now RUNNING
[2026-04-03T08:09:41.409+0000] {spark_submit.py:579} INFO - 26/04/03 08:09:41 WARN TaskSchedulerImpl: Initial job has not accepted any resources; check your cluster UI to ensure that workers are registered and have sufficient resources
[2026-04-03T08:09:42.391+0000] {spark_submit.py:579} INFO - 26/04/03 08:09:42 INFO StandaloneAppClient$ClientEndpoint: Executor updated: app-20260403080347-0005/102 is now EXITED (Command exited with code 1)
[2026-04-03T08:09:42.392+0000] {spark_submit.py:579} INFO - 26/04/03 08:09:42 INFO StandaloneSchedulerBackend: Executor app-20260403080347-0005/102 removed: Command exited with code 1
[2026-04-03T08:09:42.392+0000] {spark_submit.py:579} INFO - 26/04/03 08:09:42 INFO BlockManagerMasterEndpoint: Trying to remove executor 102 from BlockManagerMaster.
[2026-04-03T08:09:42.393+0000] {spark_submit.py:579} INFO - 26/04/03 08:09:42 INFO BlockManagerMaster: Removal of executor 102 requested
[2026-04-03T08:09:42.393+0000] {spark_submit.py:579} INFO - 26/04/03 08:09:42 INFO StandaloneAppClient$ClientEndpoint: Executor added: app-20260403080347-0005/103 on worker-20260403074029-172.20.0.2-43131 (172.20.0.2:43131) with 2 core(s)
[2026-04-03T08:09:42.393+0000] {spark_submit.py:579} INFO - 26/04/03 08:09:42 INFO BlockManagerMasterEndpoint: Removed 102 successfully in removeExecutor
[2026-04-03T08:09:42.393+0000] {spark_submit.py:579} INFO - 26/04/03 08:09:42 INFO StandaloneSchedulerBackend$StandaloneDriverEndpoint: Asked to remove non-existent executor 102
[2026-04-03T08:09:42.393+0000] {spark_submit.py:579} INFO - 26/04/03 08:09:42 INFO StandaloneSchedulerBackend: Granted executor ID app-20260403080347-0005/103 on hostPort 172.20.0.2:43131 with 2 core(s), 1024.0 MiB RAM
[2026-04-03T08:09:42.416+0000] {spark_submit.py:579} INFO - 26/04/03 08:09:42 INFO StandaloneAppClient$ClientEndpoint: Executor updated: app-20260403080347-0005/103 is now RUNNING
[2026-04-03T08:09:45.420+0000] {spark_submit.py:579} INFO - 26/04/03 08:09:45 INFO StandaloneAppClient$ClientEndpoint: Executor updated: app-20260403080347-0005/103 is now EXITED (Command exited with code 1)
[2026-04-03T08:09:45.421+0000] {spark_submit.py:579} INFO - 26/04/03 08:09:45 INFO StandaloneSchedulerBackend: Executor app-20260403080347-0005/103 removed: Command exited with code 1
[2026-04-03T08:09:45.421+0000] {spark_submit.py:579} INFO - 26/04/03 08:09:45 INFO BlockManagerMasterEndpoint: Trying to remove executor 103 from BlockManagerMaster.
[2026-04-03T08:09:45.421+0000] {spark_submit.py:579} INFO - 26/04/03 08:09:45 INFO BlockManagerMaster: Removal of executor 103 requested
[2026-04-03T08:09:45.421+0000] {spark_submit.py:579} INFO - 26/04/03 08:09:45 INFO StandaloneAppClient$ClientEndpoint: Executor added: app-20260403080347-0005/104 on worker-20260403074029-172.20.0.2-43131 (172.20.0.2:43131) with 2 core(s)
[2026-04-03T08:09:45.422+0000] {spark_submit.py:579} INFO - 26/04/03 08:09:45 INFO BlockManagerMasterEndpoint: Removed 103 successfully in removeExecutor
[2026-04-03T08:09:45.422+0000] {spark_submit.py:579} INFO - 26/04/03 08:09:45 INFO StandaloneSchedulerBackend$StandaloneDriverEndpoint: Asked to remove non-existent executor 103
[2026-04-03T08:09:45.422+0000] {spark_submit.py:579} INFO - 26/04/03 08:09:45 INFO StandaloneSchedulerBackend: Granted executor ID app-20260403080347-0005/104 on hostPort 172.20.0.2:43131 with 2 core(s), 1024.0 MiB RAM
[2026-04-03T08:09:45.446+0000] {spark_submit.py:579} INFO - 26/04/03 08:09:45 INFO StandaloneAppClient$ClientEndpoint: Executor updated: app-20260403080347-0005/104 is now RUNNING
[2026-04-03T08:09:48.387+0000] {spark_submit.py:579} INFO - 26/04/03 08:09:48 INFO StandaloneAppClient$ClientEndpoint: Executor updated: app-20260403080347-0005/104 is now EXITED (Command exited with code 1)
[2026-04-03T08:09:48.387+0000] {spark_submit.py:579} INFO - 26/04/03 08:09:48 INFO StandaloneSchedulerBackend: Executor app-20260403080347-0005/104 removed: Command exited with code 1
[2026-04-03T08:09:48.388+0000] {spark_submit.py:579} INFO - 26/04/03 08:09:48 INFO BlockManagerMasterEndpoint: Trying to remove executor 104 from BlockManagerMaster.
[2026-04-03T08:09:48.388+0000] {spark_submit.py:579} INFO - 26/04/03 08:09:48 INFO BlockManagerMaster: Removal of executor 104 requested
[2026-04-03T08:09:48.388+0000] {spark_submit.py:579} INFO - 26/04/03 08:09:48 INFO StandaloneAppClient$ClientEndpoint: Executor added: app-20260403080347-0005/105 on worker-20260403074029-172.20.0.2-43131 (172.20.0.2:43131) with 2 core(s)
[2026-04-03T08:09:48.388+0000] {spark_submit.py:579} INFO - 26/04/03 08:09:48 INFO BlockManagerMasterEndpoint: Removed 104 successfully in removeExecutor
[2026-04-03T08:09:48.389+0000] {spark_submit.py:579} INFO - 26/04/03 08:09:48 INFO StandaloneSchedulerBackend$StandaloneDriverEndpoint: Asked to remove non-existent executor 104
[2026-04-03T08:09:48.389+0000] {spark_submit.py:579} INFO - 26/04/03 08:09:48 INFO StandaloneSchedulerBackend: Granted executor ID app-20260403080347-0005/105 on hostPort 172.20.0.2:43131 with 2 core(s), 1024.0 MiB RAM
[2026-04-03T08:09:48.411+0000] {spark_submit.py:579} INFO - 26/04/03 08:09:48 INFO StandaloneAppClient$ClientEndpoint: Executor updated: app-20260403080347-0005/105 is now RUNNING
[2026-04-03T08:09:51.311+0000] {spark_submit.py:579} INFO - 26/04/03 08:09:51 INFO StandaloneAppClient$ClientEndpoint: Executor updated: app-20260403080347-0005/105 is now EXITED (Command exited with code 1)
[2026-04-03T08:09:51.312+0000] {spark_submit.py:579} INFO - 26/04/03 08:09:51 INFO StandaloneSchedulerBackend: Executor app-20260403080347-0005/105 removed: Command exited with code 1
[2026-04-03T08:09:51.312+0000] {spark_submit.py:579} INFO - 26/04/03 08:09:51 INFO BlockManagerMasterEndpoint: Trying to remove executor 105 from BlockManagerMaster.
[2026-04-03T08:09:51.313+0000] {spark_submit.py:579} INFO - 26/04/03 08:09:51 INFO BlockManagerMasterEndpoint: Removed 105 successfully in removeExecutor
[2026-04-03T08:09:51.313+0000] {spark_submit.py:579} INFO - 26/04/03 08:09:51 INFO BlockManagerMaster: Removal of executor 105 requested
[2026-04-03T08:09:51.314+0000] {spark_submit.py:579} INFO - 26/04/03 08:09:51 INFO StandaloneAppClient$ClientEndpoint: Executor added: app-20260403080347-0005/106 on worker-20260403074029-172.20.0.2-43131 (172.20.0.2:43131) with 2 core(s)
[2026-04-03T08:09:51.314+0000] {spark_submit.py:579} INFO - 26/04/03 08:09:51 INFO StandaloneSchedulerBackend$StandaloneDriverEndpoint: Asked to remove non-existent executor 105
[2026-04-03T08:09:51.314+0000] {spark_submit.py:579} INFO - 26/04/03 08:09:51 INFO StandaloneSchedulerBackend: Granted executor ID app-20260403080347-0005/106 on hostPort 172.20.0.2:43131 with 2 core(s), 1024.0 MiB RAM
[2026-04-03T08:09:51.335+0000] {spark_submit.py:579} INFO - 26/04/03 08:09:51 INFO StandaloneAppClient$ClientEndpoint: Executor updated: app-20260403080347-0005/106 is now RUNNING
[2026-04-03T08:09:54.201+0000] {spark_submit.py:579} INFO - 26/04/03 08:09:54 INFO StandaloneAppClient$ClientEndpoint: Executor updated: app-20260403080347-0005/106 is now EXITED (Command exited with code 1)
[2026-04-03T08:09:54.202+0000] {spark_submit.py:579} INFO - 26/04/03 08:09:54 INFO StandaloneSchedulerBackend: Executor app-20260403080347-0005/106 removed: Command exited with code 1
[2026-04-03T08:09:54.203+0000] {spark_submit.py:579} INFO - 26/04/03 08:09:54 INFO BlockManagerMasterEndpoint: Trying to remove executor 106 from BlockManagerMaster.
[2026-04-03T08:09:54.203+0000] {spark_submit.py:579} INFO - 26/04/03 08:09:54 INFO BlockManagerMaster: Removal of executor 106 requested
[2026-04-03T08:09:54.203+0000] {spark_submit.py:579} INFO - 26/04/03 08:09:54 INFO BlockManagerMasterEndpoint: Removed 106 successfully in removeExecutor
[2026-04-03T08:09:54.204+0000] {spark_submit.py:579} INFO - 26/04/03 08:09:54 INFO StandaloneSchedulerBackend$StandaloneDriverEndpoint: Asked to remove non-existent executor 106
[2026-04-03T08:09:54.204+0000] {spark_submit.py:579} INFO - 26/04/03 08:09:54 INFO StandaloneAppClient$ClientEndpoint: Executor added: app-20260403080347-0005/107 on worker-20260403074029-172.20.0.2-43131 (172.20.0.2:43131) with 2 core(s)
[2026-04-03T08:09:54.204+0000] {spark_submit.py:579} INFO - 26/04/03 08:09:54 INFO StandaloneSchedulerBackend: Granted executor ID app-20260403080347-0005/107 on hostPort 172.20.0.2:43131 with 2 core(s), 1024.0 MiB RAM
[2026-04-03T08:09:54.227+0000] {spark_submit.py:579} INFO - 26/04/03 08:09:54 INFO StandaloneAppClient$ClientEndpoint: Executor updated: app-20260403080347-0005/107 is now RUNNING
[2026-04-03T08:09:56.409+0000] {spark_submit.py:579} INFO - 26/04/03 08:09:56 WARN TaskSchedulerImpl: Initial job has not accepted any resources; check your cluster UI to ensure that workers are registered and have sufficient resources
[2026-04-03T08:09:57.126+0000] {spark_submit.py:579} INFO - 26/04/03 08:09:57 INFO StandaloneAppClient$ClientEndpoint: Executor updated: app-20260403080347-0005/107 is now EXITED (Command exited with code 1)
[2026-04-03T08:09:57.127+0000] {spark_submit.py:579} INFO - 26/04/03 08:09:57 INFO StandaloneSchedulerBackend: Executor app-20260403080347-0005/107 removed: Command exited with code 1
[2026-04-03T08:09:57.127+0000] {spark_submit.py:579} INFO - 26/04/03 08:09:57 INFO StandaloneAppClient$ClientEndpoint: Executor added: app-20260403080347-0005/108 on worker-20260403074029-172.20.0.2-43131 (172.20.0.2:43131) with 2 core(s)
[2026-04-03T08:09:57.128+0000] {spark_submit.py:579} INFO - 26/04/03 08:09:57 INFO BlockManagerMaster: Removal of executor 107 requested
[2026-04-03T08:09:57.128+0000] {spark_submit.py:579} INFO - 26/04/03 08:09:57 INFO BlockManagerMasterEndpoint: Trying to remove executor 107 from BlockManagerMaster.
[2026-04-03T08:09:57.128+0000] {spark_submit.py:579} INFO - 26/04/03 08:09:57 INFO BlockManagerMasterEndpoint: Removed 107 successfully in removeExecutor
[2026-04-03T08:09:57.128+0000] {spark_submit.py:579} INFO - 26/04/03 08:09:57 INFO StandaloneSchedulerBackend$StandaloneDriverEndpoint: Asked to remove non-existent executor 107
[2026-04-03T08:09:57.129+0000] {spark_submit.py:579} INFO - 26/04/03 08:09:57 INFO StandaloneSchedulerBackend: Granted executor ID app-20260403080347-0005/108 on hostPort 172.20.0.2:43131 with 2 core(s), 1024.0 MiB RAM
[2026-04-03T08:09:57.151+0000] {spark_submit.py:579} INFO - 26/04/03 08:09:57 INFO StandaloneAppClient$ClientEndpoint: Executor updated: app-20260403080347-0005/108 is now RUNNING
[2026-04-03T08:10:00.020+0000] {spark_submit.py:579} INFO - 26/04/03 08:10:00 INFO StandaloneAppClient$ClientEndpoint: Executor updated: app-20260403080347-0005/108 is now EXITED (Command exited with code 1)
[2026-04-03T08:10:00.021+0000] {spark_submit.py:579} INFO - 26/04/03 08:10:00 INFO StandaloneSchedulerBackend: Executor app-20260403080347-0005/108 removed: Command exited with code 1
[2026-04-03T08:10:00.021+0000] {spark_submit.py:579} INFO - 26/04/03 08:10:00 INFO StandaloneAppClient$ClientEndpoint: Executor added: app-20260403080347-0005/109 on worker-20260403074029-172.20.0.2-43131 (172.20.0.2:43131) with 2 core(s)
[2026-04-03T08:10:00.021+0000] {spark_submit.py:579} INFO - 26/04/03 08:10:00 INFO BlockManagerMasterEndpoint: Trying to remove executor 108 from BlockManagerMaster.
[2026-04-03T08:10:00.021+0000] {spark_submit.py:579} INFO - 26/04/03 08:10:00 INFO BlockManagerMaster: Removal of executor 108 requested
[2026-04-03T08:10:00.022+0000] {spark_submit.py:579} INFO - 26/04/03 08:10:00 INFO StandaloneSchedulerBackend: Granted executor ID app-20260403080347-0005/109 on hostPort 172.20.0.2:43131 with 2 core(s), 1024.0 MiB RAM
[2026-04-03T08:10:00.022+0000] {spark_submit.py:579} INFO - 26/04/03 08:10:00 INFO BlockManagerMasterEndpoint: Removed 108 successfully in removeExecutor
[2026-04-03T08:10:00.022+0000] {spark_submit.py:579} INFO - 26/04/03 08:10:00 INFO StandaloneSchedulerBackend$StandaloneDriverEndpoint: Asked to remove non-existent executor 108
[2026-04-03T08:10:00.044+0000] {spark_submit.py:579} INFO - 26/04/03 08:10:00 INFO StandaloneAppClient$ClientEndpoint: Executor updated: app-20260403080347-0005/109 is now RUNNING
[2026-04-03T08:10:03.159+0000] {spark_submit.py:579} INFO - 26/04/03 08:10:03 INFO StandaloneAppClient$ClientEndpoint: Executor updated: app-20260403080347-0005/109 is now EXITED (Command exited with code 1)
[2026-04-03T08:10:03.159+0000] {spark_submit.py:579} INFO - 26/04/03 08:10:03 INFO StandaloneSchedulerBackend: Executor app-20260403080347-0005/109 removed: Command exited with code 1
[2026-04-03T08:10:03.160+0000] {spark_submit.py:579} INFO - 26/04/03 08:10:03 INFO StandaloneAppClient$ClientEndpoint: Executor added: app-20260403080347-0005/110 on worker-20260403074029-172.20.0.2-43131 (172.20.0.2:43131) with 2 core(s)
[2026-04-03T08:10:03.160+0000] {spark_submit.py:579} INFO - 26/04/03 08:10:03 INFO BlockManagerMasterEndpoint: Trying to remove executor 109 from BlockManagerMaster.
[2026-04-03T08:10:03.160+0000] {spark_submit.py:579} INFO - 26/04/03 08:10:03 INFO BlockManagerMaster: Removal of executor 109 requested
[2026-04-03T08:10:03.160+0000] {spark_submit.py:579} INFO - 26/04/03 08:10:03 INFO BlockManagerMasterEndpoint: Removed 109 successfully in removeExecutor
[2026-04-03T08:10:03.161+0000] {spark_submit.py:579} INFO - 26/04/03 08:10:03 INFO StandaloneSchedulerBackend$StandaloneDriverEndpoint: Asked to remove non-existent executor 109
[2026-04-03T08:10:03.161+0000] {spark_submit.py:579} INFO - 26/04/03 08:10:03 INFO StandaloneSchedulerBackend: Granted executor ID app-20260403080347-0005/110 on hostPort 172.20.0.2:43131 with 2 core(s), 1024.0 MiB RAM
[2026-04-03T08:10:03.184+0000] {spark_submit.py:579} INFO - 26/04/03 08:10:03 INFO StandaloneAppClient$ClientEndpoint: Executor updated: app-20260403080347-0005/110 is now RUNNING
[2026-04-03T08:10:06.208+0000] {spark_submit.py:579} INFO - 26/04/03 08:10:06 INFO StandaloneAppClient$ClientEndpoint: Executor updated: app-20260403080347-0005/110 is now EXITED (Command exited with code 1)
[2026-04-03T08:10:06.209+0000] {spark_submit.py:579} INFO - 26/04/03 08:10:06 INFO StandaloneSchedulerBackend: Executor app-20260403080347-0005/110 removed: Command exited with code 1
[2026-04-03T08:10:06.210+0000] {spark_submit.py:579} INFO - 26/04/03 08:10:06 INFO BlockManagerMaster: Removal of executor 110 requested
[2026-04-03T08:10:06.210+0000] {spark_submit.py:579} INFO - 26/04/03 08:10:06 INFO BlockManagerMasterEndpoint: Trying to remove executor 110 from BlockManagerMaster.
[2026-04-03T08:10:06.210+0000] {spark_submit.py:579} INFO - 26/04/03 08:10:06 INFO BlockManagerMasterEndpoint: Removed 110 successfully in removeExecutor
[2026-04-03T08:10:06.211+0000] {spark_submit.py:579} INFO - 26/04/03 08:10:06 INFO StandaloneSchedulerBackend$StandaloneDriverEndpoint: Asked to remove non-existent executor 110
[2026-04-03T08:10:06.211+0000] {spark_submit.py:579} INFO - 26/04/03 08:10:06 INFO StandaloneAppClient$ClientEndpoint: Executor added: app-20260403080347-0005/111 on worker-20260403074029-172.20.0.2-43131 (172.20.0.2:43131) with 2 core(s)
[2026-04-03T08:10:06.211+0000] {spark_submit.py:579} INFO - 26/04/03 08:10:06 INFO StandaloneSchedulerBackend: Granted executor ID app-20260403080347-0005/111 on hostPort 172.20.0.2:43131 with 2 core(s), 1024.0 MiB RAM
[2026-04-03T08:10:06.234+0000] {spark_submit.py:579} INFO - 26/04/03 08:10:06 INFO StandaloneAppClient$ClientEndpoint: Executor updated: app-20260403080347-0005/111 is now RUNNING
[2026-04-03T08:10:09.365+0000] {spark_submit.py:579} INFO - 26/04/03 08:10:09 INFO StandaloneAppClient$ClientEndpoint: Executor updated: app-20260403080347-0005/111 is now EXITED (Command exited with code 1)
[2026-04-03T08:10:09.366+0000] {spark_submit.py:579} INFO - 26/04/03 08:10:09 INFO StandaloneSchedulerBackend: Executor app-20260403080347-0005/111 removed: Command exited with code 1
[2026-04-03T08:10:09.366+0000] {spark_submit.py:579} INFO - 26/04/03 08:10:09 INFO BlockManagerMasterEndpoint: Trying to remove executor 111 from BlockManagerMaster.
[2026-04-03T08:10:09.366+0000] {spark_submit.py:579} INFO - 26/04/03 08:10:09 INFO StandaloneAppClient$ClientEndpoint: Executor added: app-20260403080347-0005/112 on worker-20260403074029-172.20.0.2-43131 (172.20.0.2:43131) with 2 core(s)
[2026-04-03T08:10:09.367+0000] {spark_submit.py:579} INFO - 26/04/03 08:10:09 INFO BlockManagerMaster: Removal of executor 111 requested
[2026-04-03T08:10:09.367+0000] {spark_submit.py:579} INFO - 26/04/03 08:10:09 INFO BlockManagerMasterEndpoint: Removed 111 successfully in removeExecutor
[2026-04-03T08:10:09.367+0000] {spark_submit.py:579} INFO - 26/04/03 08:10:09 INFO StandaloneSchedulerBackend$StandaloneDriverEndpoint: Asked to remove non-existent executor 111
[2026-04-03T08:10:09.367+0000] {spark_submit.py:579} INFO - 26/04/03 08:10:09 INFO StandaloneSchedulerBackend: Granted executor ID app-20260403080347-0005/112 on hostPort 172.20.0.2:43131 with 2 core(s), 1024.0 MiB RAM
[2026-04-03T08:10:09.390+0000] {spark_submit.py:579} INFO - 26/04/03 08:10:09 INFO StandaloneAppClient$ClientEndpoint: Executor updated: app-20260403080347-0005/112 is now RUNNING
[2026-04-03T08:10:11.409+0000] {spark_submit.py:579} INFO - 26/04/03 08:10:11 WARN TaskSchedulerImpl: Initial job has not accepted any resources; check your cluster UI to ensure that workers are registered and have sufficient resources
[2026-04-03T08:10:12.402+0000] {spark_submit.py:579} INFO - 26/04/03 08:10:12 INFO StandaloneAppClient$ClientEndpoint: Executor updated: app-20260403080347-0005/112 is now EXITED (Command exited with code 1)
[2026-04-03T08:10:12.403+0000] {spark_submit.py:579} INFO - 26/04/03 08:10:12 INFO StandaloneSchedulerBackend: Executor app-20260403080347-0005/112 removed: Command exited with code 1
[2026-04-03T08:10:12.403+0000] {spark_submit.py:579} INFO - 26/04/03 08:10:12 INFO BlockManagerMasterEndpoint: Trying to remove executor 112 from BlockManagerMaster.
[2026-04-03T08:10:12.403+0000] {spark_submit.py:579} INFO - 26/04/03 08:10:12 INFO StandaloneAppClient$ClientEndpoint: Executor added: app-20260403080347-0005/113 on worker-20260403074029-172.20.0.2-43131 (172.20.0.2:43131) with 2 core(s)
[2026-04-03T08:10:12.404+0000] {spark_submit.py:579} INFO - 26/04/03 08:10:12 INFO BlockManagerMasterEndpoint: Removed 112 successfully in removeExecutor
[2026-04-03T08:10:12.404+0000] {spark_submit.py:579} INFO - 26/04/03 08:10:12 INFO BlockManagerMaster: Removal of executor 112 requested
[2026-04-03T08:10:12.404+0000] {spark_submit.py:579} INFO - 26/04/03 08:10:12 INFO StandaloneSchedulerBackend$StandaloneDriverEndpoint: Asked to remove non-existent executor 112
[2026-04-03T08:10:12.404+0000] {spark_submit.py:579} INFO - 26/04/03 08:10:12 INFO StandaloneSchedulerBackend: Granted executor ID app-20260403080347-0005/113 on hostPort 172.20.0.2:43131 with 2 core(s), 1024.0 MiB RAM
[2026-04-03T08:10:12.433+0000] {spark_submit.py:579} INFO - 26/04/03 08:10:12 INFO StandaloneAppClient$ClientEndpoint: Executor updated: app-20260403080347-0005/113 is now RUNNING
[2026-04-03T08:10:15.459+0000] {spark_submit.py:579} INFO - 26/04/03 08:10:15 INFO StandaloneAppClient$ClientEndpoint: Executor updated: app-20260403080347-0005/113 is now EXITED (Command exited with code 1)
[2026-04-03T08:10:15.460+0000] {spark_submit.py:579} INFO - 26/04/03 08:10:15 INFO StandaloneSchedulerBackend: Executor app-20260403080347-0005/113 removed: Command exited with code 1
[2026-04-03T08:10:15.460+0000] {spark_submit.py:579} INFO - 26/04/03 08:10:15 INFO BlockManagerMasterEndpoint: Trying to remove executor 113 from BlockManagerMaster.
[2026-04-03T08:10:15.460+0000] {spark_submit.py:579} INFO - 26/04/03 08:10:15 INFO BlockManagerMasterEndpoint: Removed 113 successfully in removeExecutor
[2026-04-03T08:10:15.461+0000] {spark_submit.py:579} INFO - 26/04/03 08:10:15 INFO BlockManagerMaster: Removal of executor 113 requested
[2026-04-03T08:10:15.461+0000] {spark_submit.py:579} INFO - 26/04/03 08:10:15 INFO StandaloneSchedulerBackend$StandaloneDriverEndpoint: Asked to remove non-existent executor 113
[2026-04-03T08:10:15.461+0000] {spark_submit.py:579} INFO - 26/04/03 08:10:15 INFO StandaloneAppClient$ClientEndpoint: Executor added: app-20260403080347-0005/114 on worker-20260403074029-172.20.0.2-43131 (172.20.0.2:43131) with 2 core(s)
[2026-04-03T08:10:15.461+0000] {spark_submit.py:579} INFO - 26/04/03 08:10:15 INFO StandaloneSchedulerBackend: Granted executor ID app-20260403080347-0005/114 on hostPort 172.20.0.2:43131 with 2 core(s), 1024.0 MiB RAM
[2026-04-03T08:10:15.483+0000] {spark_submit.py:579} INFO - 26/04/03 08:10:15 INFO StandaloneAppClient$ClientEndpoint: Executor updated: app-20260403080347-0005/114 is now RUNNING
[2026-04-03T08:10:18.600+0000] {spark_submit.py:579} INFO - 26/04/03 08:10:18 INFO StandaloneAppClient$ClientEndpoint: Executor updated: app-20260403080347-0005/114 is now EXITED (Command exited with code 1)
[2026-04-03T08:10:18.600+0000] {spark_submit.py:579} INFO - 26/04/03 08:10:18 INFO StandaloneSchedulerBackend: Executor app-20260403080347-0005/114 removed: Command exited with code 1
[2026-04-03T08:10:18.601+0000] {spark_submit.py:579} INFO - 26/04/03 08:10:18 INFO StandaloneAppClient$ClientEndpoint: Executor added: app-20260403080347-0005/115 on worker-20260403074029-172.20.0.2-43131 (172.20.0.2:43131) with 2 core(s)
[2026-04-03T08:10:18.601+0000] {spark_submit.py:579} INFO - 26/04/03 08:10:18 INFO BlockManagerMasterEndpoint: Trying to remove executor 114 from BlockManagerMaster.
[2026-04-03T08:10:18.601+0000] {spark_submit.py:579} INFO - 26/04/03 08:10:18 INFO BlockManagerMaster: Removal of executor 114 requested
[2026-04-03T08:10:18.602+0000] {spark_submit.py:579} INFO - 26/04/03 08:10:18 INFO BlockManagerMasterEndpoint: Removed 114 successfully in removeExecutor
[2026-04-03T08:10:18.602+0000] {spark_submit.py:579} INFO - 26/04/03 08:10:18 INFO StandaloneSchedulerBackend$StandaloneDriverEndpoint: Asked to remove non-existent executor 114
[2026-04-03T08:10:18.602+0000] {spark_submit.py:579} INFO - 26/04/03 08:10:18 INFO StandaloneSchedulerBackend: Granted executor ID app-20260403080347-0005/115 on hostPort 172.20.0.2:43131 with 2 core(s), 1024.0 MiB RAM
[2026-04-03T08:10:18.625+0000] {spark_submit.py:579} INFO - 26/04/03 08:10:18 INFO StandaloneAppClient$ClientEndpoint: Executor updated: app-20260403080347-0005/115 is now RUNNING
[2026-04-03T08:10:21.593+0000] {spark_submit.py:579} INFO - 26/04/03 08:10:21 INFO StandaloneAppClient$ClientEndpoint: Executor updated: app-20260403080347-0005/115 is now EXITED (Command exited with code 1)
[2026-04-03T08:10:21.593+0000] {spark_submit.py:579} INFO - 26/04/03 08:10:21 INFO StandaloneSchedulerBackend: Executor app-20260403080347-0005/115 removed: Command exited with code 1
[2026-04-03T08:10:21.594+0000] {spark_submit.py:579} INFO - 26/04/03 08:10:21 INFO BlockManagerMasterEndpoint: Trying to remove executor 115 from BlockManagerMaster.
[2026-04-03T08:10:21.594+0000] {spark_submit.py:579} INFO - 26/04/03 08:10:21 INFO BlockManagerMaster: Removal of executor 115 requested
[2026-04-03T08:10:21.594+0000] {spark_submit.py:579} INFO - 26/04/03 08:10:21 INFO BlockManagerMasterEndpoint: Removed 115 successfully in removeExecutor
[2026-04-03T08:10:21.595+0000] {spark_submit.py:579} INFO - 26/04/03 08:10:21 INFO StandaloneSchedulerBackend$StandaloneDriverEndpoint: Asked to remove non-existent executor 115
[2026-04-03T08:10:21.595+0000] {spark_submit.py:579} INFO - 26/04/03 08:10:21 INFO StandaloneAppClient$ClientEndpoint: Executor added: app-20260403080347-0005/116 on worker-20260403074029-172.20.0.2-43131 (172.20.0.2:43131) with 2 core(s)
[2026-04-03T08:10:21.595+0000] {spark_submit.py:579} INFO - 26/04/03 08:10:21 INFO StandaloneSchedulerBackend: Granted executor ID app-20260403080347-0005/116 on hostPort 172.20.0.2:43131 with 2 core(s), 1024.0 MiB RAM
[2026-04-03T08:10:21.617+0000] {spark_submit.py:579} INFO - 26/04/03 08:10:21 INFO StandaloneAppClient$ClientEndpoint: Executor updated: app-20260403080347-0005/116 is now RUNNING
[2026-04-03T08:10:24.604+0000] {spark_submit.py:579} INFO - 26/04/03 08:10:24 INFO StandaloneAppClient$ClientEndpoint: Executor updated: app-20260403080347-0005/116 is now EXITED (Command exited with code 1)
[2026-04-03T08:10:24.605+0000] {spark_submit.py:579} INFO - 26/04/03 08:10:24 INFO StandaloneSchedulerBackend: Executor app-20260403080347-0005/116 removed: Command exited with code 1
[2026-04-03T08:10:24.605+0000] {spark_submit.py:579} INFO - 26/04/03 08:10:24 INFO StandaloneAppClient$ClientEndpoint: Executor added: app-20260403080347-0005/117 on worker-20260403074029-172.20.0.2-43131 (172.20.0.2:43131) with 2 core(s)
[2026-04-03T08:10:24.605+0000] {spark_submit.py:579} INFO - 26/04/03 08:10:24 INFO BlockManagerMaster: Removal of executor 116 requested
[2026-04-03T08:10:24.605+0000] {spark_submit.py:579} INFO - 26/04/03 08:10:24 INFO BlockManagerMasterEndpoint: Trying to remove executor 116 from BlockManagerMaster.
[2026-04-03T08:10:24.606+0000] {spark_submit.py:579} INFO - 26/04/03 08:10:24 INFO BlockManagerMasterEndpoint: Removed 116 successfully in removeExecutor
[2026-04-03T08:10:24.606+0000] {spark_submit.py:579} INFO - 26/04/03 08:10:24 INFO StandaloneSchedulerBackend$StandaloneDriverEndpoint: Asked to remove non-existent executor 116
[2026-04-03T08:10:24.608+0000] {spark_submit.py:579} INFO - 26/04/03 08:10:24 INFO StandaloneSchedulerBackend: Granted executor ID app-20260403080347-0005/117 on hostPort 172.20.0.2:43131 with 2 core(s), 1024.0 MiB RAM
[2026-04-03T08:10:24.630+0000] {spark_submit.py:579} INFO - 26/04/03 08:10:24 INFO StandaloneAppClient$ClientEndpoint: Executor updated: app-20260403080347-0005/117 is now RUNNING
[2026-04-03T08:10:26.409+0000] {spark_submit.py:579} INFO - 26/04/03 08:10:26 WARN TaskSchedulerImpl: Initial job has not accepted any resources; check your cluster UI to ensure that workers are registered and have sufficient resources
[2026-04-03T08:10:27.524+0000] {spark_submit.py:579} INFO - 26/04/03 08:10:27 INFO StandaloneAppClient$ClientEndpoint: Executor updated: app-20260403080347-0005/117 is now EXITED (Command exited with code 1)
[2026-04-03T08:10:27.525+0000] {spark_submit.py:579} INFO - 26/04/03 08:10:27 INFO StandaloneSchedulerBackend: Executor app-20260403080347-0005/117 removed: Command exited with code 1
[2026-04-03T08:10:27.525+0000] {spark_submit.py:579} INFO - 26/04/03 08:10:27 INFO StandaloneAppClient$ClientEndpoint: Executor added: app-20260403080347-0005/118 on worker-20260403074029-172.20.0.2-43131 (172.20.0.2:43131) with 2 core(s)
[2026-04-03T08:10:27.526+0000] {spark_submit.py:579} INFO - 26/04/03 08:10:27 INFO BlockManagerMasterEndpoint: Trying to remove executor 117 from BlockManagerMaster.
[2026-04-03T08:10:27.526+0000] {spark_submit.py:579} INFO - 26/04/03 08:10:27 INFO BlockManagerMasterEndpoint: Removed 117 successfully in removeExecutor
[2026-04-03T08:10:27.526+0000] {spark_submit.py:579} INFO - 26/04/03 08:10:27 INFO BlockManagerMaster: Removal of executor 117 requested
[2026-04-03T08:10:27.526+0000] {spark_submit.py:579} INFO - 26/04/03 08:10:27 INFO StandaloneSchedulerBackend$StandaloneDriverEndpoint: Asked to remove non-existent executor 117
[2026-04-03T08:10:27.527+0000] {spark_submit.py:579} INFO - 26/04/03 08:10:27 INFO StandaloneSchedulerBackend: Granted executor ID app-20260403080347-0005/118 on hostPort 172.20.0.2:43131 with 2 core(s), 1024.0 MiB RAM
[2026-04-03T08:10:27.548+0000] {spark_submit.py:579} INFO - 26/04/03 08:10:27 INFO StandaloneAppClient$ClientEndpoint: Executor updated: app-20260403080347-0005/118 is now RUNNING
[2026-04-03T08:10:30.490+0000] {spark_submit.py:579} INFO - 26/04/03 08:10:30 INFO StandaloneAppClient$ClientEndpoint: Executor updated: app-20260403080347-0005/118 is now EXITED (Command exited with code 1)
[2026-04-03T08:10:30.491+0000] {spark_submit.py:579} INFO - 26/04/03 08:10:30 INFO StandaloneSchedulerBackend: Executor app-20260403080347-0005/118 removed: Command exited with code 1
[2026-04-03T08:10:30.491+0000] {spark_submit.py:579} INFO - 26/04/03 08:10:30 INFO BlockManagerMasterEndpoint: Trying to remove executor 118 from BlockManagerMaster.
[2026-04-03T08:10:30.492+0000] {spark_submit.py:579} INFO - 26/04/03 08:10:30 INFO BlockManagerMaster: Removal of executor 118 requested
[2026-04-03T08:10:30.492+0000] {spark_submit.py:579} INFO - 26/04/03 08:10:30 INFO BlockManagerMasterEndpoint: Removed 118 successfully in removeExecutor
[2026-04-03T08:10:30.492+0000] {spark_submit.py:579} INFO - 26/04/03 08:10:30 INFO StandaloneAppClient$ClientEndpoint: Executor added: app-20260403080347-0005/119 on worker-20260403074029-172.20.0.2-43131 (172.20.0.2:43131) with 2 core(s)
[2026-04-03T08:10:30.492+0000] {spark_submit.py:579} INFO - 26/04/03 08:10:30 INFO StandaloneSchedulerBackend$StandaloneDriverEndpoint: Asked to remove non-existent executor 118
[2026-04-03T08:10:30.493+0000] {spark_submit.py:579} INFO - 26/04/03 08:10:30 INFO StandaloneSchedulerBackend: Granted executor ID app-20260403080347-0005/119 on hostPort 172.20.0.2:43131 with 2 core(s), 1024.0 MiB RAM
[2026-04-03T08:10:30.516+0000] {spark_submit.py:579} INFO - 26/04/03 08:10:30 INFO StandaloneAppClient$ClientEndpoint: Executor updated: app-20260403080347-0005/119 is now RUNNING
[2026-04-03T08:10:33.599+0000] {spark_submit.py:579} INFO - 26/04/03 08:10:33 INFO StandaloneAppClient$ClientEndpoint: Executor updated: app-20260403080347-0005/119 is now EXITED (Command exited with code 1)
[2026-04-03T08:10:33.600+0000] {spark_submit.py:579} INFO - 26/04/03 08:10:33 INFO StandaloneSchedulerBackend: Executor app-20260403080347-0005/119 removed: Command exited with code 1
[2026-04-03T08:10:33.600+0000] {spark_submit.py:579} INFO - 26/04/03 08:10:33 INFO StandaloneAppClient$ClientEndpoint: Executor added: app-20260403080347-0005/120 on worker-20260403074029-172.20.0.2-43131 (172.20.0.2:43131) with 2 core(s)
[2026-04-03T08:10:33.601+0000] {spark_submit.py:579} INFO - 26/04/03 08:10:33 INFO StandaloneSchedulerBackend: Granted executor ID app-20260403080347-0005/120 on hostPort 172.20.0.2:43131 with 2 core(s), 1024.0 MiB RAM
[2026-04-03T08:10:33.601+0000] {spark_submit.py:579} INFO - 26/04/03 08:10:33 INFO BlockManagerMaster: Removal of executor 119 requested
[2026-04-03T08:10:33.601+0000] {spark_submit.py:579} INFO - 26/04/03 08:10:33 INFO BlockManagerMasterEndpoint: Trying to remove executor 119 from BlockManagerMaster.
[2026-04-03T08:10:33.601+0000] {spark_submit.py:579} INFO - 26/04/03 08:10:33 INFO StandaloneSchedulerBackend$StandaloneDriverEndpoint: Asked to remove non-existent executor 119
[2026-04-03T08:10:33.602+0000] {spark_submit.py:579} INFO - 26/04/03 08:10:33 INFO BlockManagerMasterEndpoint: Removed 119 successfully in removeExecutor
[2026-04-03T08:10:33.624+0000] {spark_submit.py:579} INFO - 26/04/03 08:10:33 INFO StandaloneAppClient$ClientEndpoint: Executor updated: app-20260403080347-0005/120 is now RUNNING
[2026-04-03T08:10:36.583+0000] {spark_submit.py:579} INFO - 26/04/03 08:10:36 INFO StandaloneAppClient$ClientEndpoint: Executor updated: app-20260403080347-0005/120 is now EXITED (Command exited with code 1)
[2026-04-03T08:10:36.583+0000] {spark_submit.py:579} INFO - 26/04/03 08:10:36 INFO StandaloneSchedulerBackend: Executor app-20260403080347-0005/120 removed: Command exited with code 1
[2026-04-03T08:10:36.584+0000] {spark_submit.py:579} INFO - 26/04/03 08:10:36 INFO BlockManagerMasterEndpoint: Trying to remove executor 120 from BlockManagerMaster.
[2026-04-03T08:10:36.584+0000] {spark_submit.py:579} INFO - 26/04/03 08:10:36 INFO BlockManagerMasterEndpoint: Removed 120 successfully in removeExecutor
[2026-04-03T08:10:36.585+0000] {spark_submit.py:579} INFO - 26/04/03 08:10:36 INFO BlockManagerMaster: Removal of executor 120 requested
[2026-04-03T08:10:36.585+0000] {spark_submit.py:579} INFO - 26/04/03 08:10:36 INFO StandaloneAppClient$ClientEndpoint: Executor added: app-20260403080347-0005/121 on worker-20260403074029-172.20.0.2-43131 (172.20.0.2:43131) with 2 core(s)
[2026-04-03T08:10:36.585+0000] {spark_submit.py:579} INFO - 26/04/03 08:10:36 INFO StandaloneSchedulerBackend$StandaloneDriverEndpoint: Asked to remove non-existent executor 120
[2026-04-03T08:10:36.585+0000] {spark_submit.py:579} INFO - 26/04/03 08:10:36 INFO StandaloneSchedulerBackend: Granted executor ID app-20260403080347-0005/121 on hostPort 172.20.0.2:43131 with 2 core(s), 1024.0 MiB RAM
[2026-04-03T08:10:36.607+0000] {spark_submit.py:579} INFO - 26/04/03 08:10:36 INFO StandaloneAppClient$ClientEndpoint: Executor updated: app-20260403080347-0005/121 is now RUNNING
[2026-04-03T08:10:39.479+0000] {spark_submit.py:579} INFO - 26/04/03 08:10:39 INFO StandaloneAppClient$ClientEndpoint: Executor updated: app-20260403080347-0005/121 is now EXITED (Command exited with code 1)
[2026-04-03T08:10:39.480+0000] {spark_submit.py:579} INFO - 26/04/03 08:10:39 INFO StandaloneSchedulerBackend: Executor app-20260403080347-0005/121 removed: Command exited with code 1
[2026-04-03T08:10:39.480+0000] {spark_submit.py:579} INFO - 26/04/03 08:10:39 INFO StandaloneAppClient$ClientEndpoint: Executor added: app-20260403080347-0005/122 on worker-20260403074029-172.20.0.2-43131 (172.20.0.2:43131) with 2 core(s)
[2026-04-03T08:10:39.480+0000] {spark_submit.py:579} INFO - 26/04/03 08:10:39 INFO BlockManagerMasterEndpoint: Trying to remove executor 121 from BlockManagerMaster.
[2026-04-03T08:10:39.481+0000] {spark_submit.py:579} INFO - 26/04/03 08:10:39 INFO BlockManagerMaster: Removal of executor 121 requested
[2026-04-03T08:10:39.481+0000] {spark_submit.py:579} INFO - 26/04/03 08:10:39 INFO BlockManagerMasterEndpoint: Removed 121 successfully in removeExecutor
[2026-04-03T08:10:39.481+0000] {spark_submit.py:579} INFO - 26/04/03 08:10:39 INFO StandaloneSchedulerBackend$StandaloneDriverEndpoint: Asked to remove non-existent executor 121
[2026-04-03T08:10:39.482+0000] {spark_submit.py:579} INFO - 26/04/03 08:10:39 INFO StandaloneSchedulerBackend: Granted executor ID app-20260403080347-0005/122 on hostPort 172.20.0.2:43131 with 2 core(s), 1024.0 MiB RAM
[2026-04-03T08:10:39.504+0000] {spark_submit.py:579} INFO - 26/04/03 08:10:39 INFO StandaloneAppClient$ClientEndpoint: Executor updated: app-20260403080347-0005/122 is now RUNNING
[2026-04-03T08:10:41.409+0000] {spark_submit.py:579} INFO - 26/04/03 08:10:41 WARN TaskSchedulerImpl: Initial job has not accepted any resources; check your cluster UI to ensure that workers are registered and have sufficient resources
[2026-04-03T08:10:42.422+0000] {spark_submit.py:579} INFO - 26/04/03 08:10:42 INFO StandaloneAppClient$ClientEndpoint: Executor updated: app-20260403080347-0005/122 is now EXITED (Command exited with code 1)
[2026-04-03T08:10:42.423+0000] {spark_submit.py:579} INFO - 26/04/03 08:10:42 INFO StandaloneSchedulerBackend: Executor app-20260403080347-0005/122 removed: Command exited with code 1
[2026-04-03T08:10:42.424+0000] {spark_submit.py:579} INFO - 26/04/03 08:10:42 INFO BlockManagerMasterEndpoint: Trying to remove executor 122 from BlockManagerMaster.
[2026-04-03T08:10:42.424+0000] {spark_submit.py:579} INFO - 26/04/03 08:10:42 INFO StandaloneAppClient$ClientEndpoint: Executor added: app-20260403080347-0005/123 on worker-20260403074029-172.20.0.2-43131 (172.20.0.2:43131) with 2 core(s)
[2026-04-03T08:10:42.424+0000] {spark_submit.py:579} INFO - 26/04/03 08:10:42 INFO BlockManagerMaster: Removal of executor 122 requested
[2026-04-03T08:10:42.424+0000] {spark_submit.py:579} INFO - 26/04/03 08:10:42 INFO BlockManagerMasterEndpoint: Removed 122 successfully in removeExecutor
[2026-04-03T08:10:42.425+0000] {spark_submit.py:579} INFO - 26/04/03 08:10:42 INFO StandaloneSchedulerBackend$StandaloneDriverEndpoint: Asked to remove non-existent executor 122
[2026-04-03T08:10:42.425+0000] {spark_submit.py:579} INFO - 26/04/03 08:10:42 INFO StandaloneSchedulerBackend: Granted executor ID app-20260403080347-0005/123 on hostPort 172.20.0.2:43131 with 2 core(s), 1024.0 MiB RAM
[2026-04-03T08:10:42.446+0000] {spark_submit.py:579} INFO - 26/04/03 08:10:42 INFO StandaloneAppClient$ClientEndpoint: Executor updated: app-20260403080347-0005/123 is now RUNNING
[2026-04-03T08:10:45.563+0000] {spark_submit.py:579} INFO - 26/04/03 08:10:45 INFO StandaloneAppClient$ClientEndpoint: Executor updated: app-20260403080347-0005/123 is now EXITED (Command exited with code 1)
[2026-04-03T08:10:45.564+0000] {spark_submit.py:579} INFO - 26/04/03 08:10:45 INFO StandaloneSchedulerBackend: Executor app-20260403080347-0005/123 removed: Command exited with code 1
[2026-04-03T08:10:45.565+0000] {spark_submit.py:579} INFO - 26/04/03 08:10:45 INFO StandaloneAppClient$ClientEndpoint: Executor added: app-20260403080347-0005/124 on worker-20260403074029-172.20.0.2-43131 (172.20.0.2:43131) with 2 core(s)
[2026-04-03T08:10:45.565+0000] {spark_submit.py:579} INFO - 26/04/03 08:10:45 INFO StandaloneSchedulerBackend: Granted executor ID app-20260403080347-0005/124 on hostPort 172.20.0.2:43131 with 2 core(s), 1024.0 MiB RAM
[2026-04-03T08:10:45.565+0000] {spark_submit.py:579} INFO - 26/04/03 08:10:45 INFO BlockManagerMasterEndpoint: Trying to remove executor 123 from BlockManagerMaster.
[2026-04-03T08:10:45.566+0000] {spark_submit.py:579} INFO - 26/04/03 08:10:45 INFO BlockManagerMasterEndpoint: Removed 123 successfully in removeExecutor
[2026-04-03T08:10:45.566+0000] {spark_submit.py:579} INFO - 26/04/03 08:10:45 INFO BlockManagerMaster: Removal of executor 123 requested
[2026-04-03T08:10:45.566+0000] {spark_submit.py:579} INFO - 26/04/03 08:10:45 INFO StandaloneSchedulerBackend$StandaloneDriverEndpoint: Asked to remove non-existent executor 123
[2026-04-03T08:10:45.589+0000] {spark_submit.py:579} INFO - 26/04/03 08:10:45 INFO StandaloneAppClient$ClientEndpoint: Executor updated: app-20260403080347-0005/124 is now RUNNING
[2026-04-03T08:10:48.630+0000] {spark_submit.py:579} INFO - 26/04/03 08:10:48 INFO StandaloneAppClient$ClientEndpoint: Executor updated: app-20260403080347-0005/124 is now EXITED (Command exited with code 1)
[2026-04-03T08:10:48.631+0000] {spark_submit.py:579} INFO - 26/04/03 08:10:48 INFO StandaloneSchedulerBackend: Executor app-20260403080347-0005/124 removed: Command exited with code 1
[2026-04-03T08:10:48.631+0000] {spark_submit.py:579} INFO - 26/04/03 08:10:48 INFO StandaloneAppClient$ClientEndpoint: Executor added: app-20260403080347-0005/125 on worker-20260403074029-172.20.0.2-43131 (172.20.0.2:43131) with 2 core(s)
[2026-04-03T08:10:48.632+0000] {spark_submit.py:579} INFO - 26/04/03 08:10:48 INFO BlockManagerMasterEndpoint: Trying to remove executor 124 from BlockManagerMaster.
[2026-04-03T08:10:48.632+0000] {spark_submit.py:579} INFO - 26/04/03 08:10:48 INFO BlockManagerMaster: Removal of executor 124 requested
[2026-04-03T08:10:48.632+0000] {spark_submit.py:579} INFO - 26/04/03 08:10:48 INFO BlockManagerMasterEndpoint: Removed 124 successfully in removeExecutor
[2026-04-03T08:10:48.632+0000] {spark_submit.py:579} INFO - 26/04/03 08:10:48 INFO StandaloneSchedulerBackend$StandaloneDriverEndpoint: Asked to remove non-existent executor 124
[2026-04-03T08:10:48.633+0000] {spark_submit.py:579} INFO - 26/04/03 08:10:48 INFO StandaloneSchedulerBackend: Granted executor ID app-20260403080347-0005/125 on hostPort 172.20.0.2:43131 with 2 core(s), 1024.0 MiB RAM
[2026-04-03T08:10:48.657+0000] {spark_submit.py:579} INFO - 26/04/03 08:10:48 INFO StandaloneAppClient$ClientEndpoint: Executor updated: app-20260403080347-0005/125 is now RUNNING
[2026-04-03T08:10:51.619+0000] {spark_submit.py:579} INFO - 26/04/03 08:10:51 INFO StandaloneAppClient$ClientEndpoint: Executor updated: app-20260403080347-0005/125 is now EXITED (Command exited with code 1)
[2026-04-03T08:10:51.619+0000] {spark_submit.py:579} INFO - 26/04/03 08:10:51 INFO StandaloneSchedulerBackend: Executor app-20260403080347-0005/125 removed: Command exited with code 1
[2026-04-03T08:10:51.620+0000] {spark_submit.py:579} INFO - 26/04/03 08:10:51 INFO BlockManagerMasterEndpoint: Trying to remove executor 125 from BlockManagerMaster.
[2026-04-03T08:10:51.621+0000] {spark_submit.py:579} INFO - 26/04/03 08:10:51 INFO StandaloneAppClient$ClientEndpoint: Executor added: app-20260403080347-0005/126 on worker-20260403074029-172.20.0.2-43131 (172.20.0.2:43131) with 2 core(s)
[2026-04-03T08:10:51.621+0000] {spark_submit.py:579} INFO - 26/04/03 08:10:51 INFO BlockManagerMaster: Removal of executor 125 requested
[2026-04-03T08:10:51.622+0000] {spark_submit.py:579} INFO - 26/04/03 08:10:51 INFO BlockManagerMasterEndpoint: Removed 125 successfully in removeExecutor
[2026-04-03T08:10:51.622+0000] {spark_submit.py:579} INFO - 26/04/03 08:10:51 INFO StandaloneSchedulerBackend$StandaloneDriverEndpoint: Asked to remove non-existent executor 125
[2026-04-03T08:10:51.622+0000] {spark_submit.py:579} INFO - 26/04/03 08:10:51 INFO StandaloneSchedulerBackend: Granted executor ID app-20260403080347-0005/126 on hostPort 172.20.0.2:43131 with 2 core(s), 1024.0 MiB RAM
[2026-04-03T08:10:51.643+0000] {spark_submit.py:579} INFO - 26/04/03 08:10:51 INFO StandaloneAppClient$ClientEndpoint: Executor updated: app-20260403080347-0005/126 is now RUNNING
[2026-04-03T08:10:54.690+0000] {spark_submit.py:579} INFO - 26/04/03 08:10:54 INFO StandaloneAppClient$ClientEndpoint: Executor updated: app-20260403080347-0005/126 is now EXITED (Command exited with code 1)
[2026-04-03T08:10:54.691+0000] {spark_submit.py:579} INFO - 26/04/03 08:10:54 INFO StandaloneSchedulerBackend: Executor app-20260403080347-0005/126 removed: Command exited with code 1
[2026-04-03T08:10:54.692+0000] {spark_submit.py:579} INFO - 26/04/03 08:10:54 INFO BlockManagerMaster: Removal of executor 126 requested
[2026-04-03T08:10:54.692+0000] {spark_submit.py:579} INFO - 26/04/03 08:10:54 INFO BlockManagerMasterEndpoint: Trying to remove executor 126 from BlockManagerMaster.
[2026-04-03T08:10:54.693+0000] {spark_submit.py:579} INFO - 26/04/03 08:10:54 INFO StandaloneAppClient$ClientEndpoint: Executor added: app-20260403080347-0005/127 on worker-20260403074029-172.20.0.2-43131 (172.20.0.2:43131) with 2 core(s)
[2026-04-03T08:10:54.693+0000] {spark_submit.py:579} INFO - 26/04/03 08:10:54 INFO BlockManagerMasterEndpoint: Removed 126 successfully in removeExecutor
[2026-04-03T08:10:54.694+0000] {spark_submit.py:579} INFO - 26/04/03 08:10:54 INFO StandaloneSchedulerBackend$StandaloneDriverEndpoint: Asked to remove non-existent executor 126
[2026-04-03T08:10:54.694+0000] {spark_submit.py:579} INFO - 26/04/03 08:10:54 INFO StandaloneSchedulerBackend: Granted executor ID app-20260403080347-0005/127 on hostPort 172.20.0.2:43131 with 2 core(s), 1024.0 MiB RAM
[2026-04-03T08:10:54.716+0000] {spark_submit.py:579} INFO - 26/04/03 08:10:54 INFO StandaloneAppClient$ClientEndpoint: Executor updated: app-20260403080347-0005/127 is now RUNNING
[2026-04-03T08:10:56.409+0000] {spark_submit.py:579} INFO - 26/04/03 08:10:56 WARN TaskSchedulerImpl: Initial job has not accepted any resources; check your cluster UI to ensure that workers are registered and have sufficient resources
[2026-04-03T08:10:57.734+0000] {spark_submit.py:579} INFO - 26/04/03 08:10:57 INFO StandaloneAppClient$ClientEndpoint: Executor updated: app-20260403080347-0005/127 is now EXITED (Command exited with code 1)
[2026-04-03T08:10:57.735+0000] {spark_submit.py:579} INFO - 26/04/03 08:10:57 INFO StandaloneSchedulerBackend: Executor app-20260403080347-0005/127 removed: Command exited with code 1
[2026-04-03T08:10:57.735+0000] {spark_submit.py:579} INFO - 26/04/03 08:10:57 INFO StandaloneAppClient$ClientEndpoint: Executor added: app-20260403080347-0005/128 on worker-20260403074029-172.20.0.2-43131 (172.20.0.2:43131) with 2 core(s)
[2026-04-03T08:10:57.736+0000] {spark_submit.py:579} INFO - 26/04/03 08:10:57 INFO BlockManagerMaster: Removal of executor 127 requested
[2026-04-03T08:10:57.736+0000] {spark_submit.py:579} INFO - 26/04/03 08:10:57 INFO BlockManagerMasterEndpoint: Trying to remove executor 127 from BlockManagerMaster.
[2026-04-03T08:10:57.736+0000] {spark_submit.py:579} INFO - 26/04/03 08:10:57 INFO BlockManagerMasterEndpoint: Removed 127 successfully in removeExecutor
[2026-04-03T08:10:57.737+0000] {spark_submit.py:579} INFO - 26/04/03 08:10:57 INFO StandaloneSchedulerBackend: Granted executor ID app-20260403080347-0005/128 on hostPort 172.20.0.2:43131 with 2 core(s), 1024.0 MiB RAM
[2026-04-03T08:10:57.737+0000] {spark_submit.py:579} INFO - 26/04/03 08:10:57 INFO StandaloneSchedulerBackend$StandaloneDriverEndpoint: Asked to remove non-existent executor 127
[2026-04-03T08:10:57.759+0000] {spark_submit.py:579} INFO - 26/04/03 08:10:57 INFO StandaloneAppClient$ClientEndpoint: Executor updated: app-20260403080347-0005/128 is now RUNNING
[2026-04-03T08:11:00.709+0000] {spark_submit.py:579} INFO - 26/04/03 08:11:00 INFO StandaloneAppClient$ClientEndpoint: Executor updated: app-20260403080347-0005/128 is now EXITED (Command exited with code 1)
[2026-04-03T08:11:00.710+0000] {spark_submit.py:579} INFO - 26/04/03 08:11:00 INFO StandaloneSchedulerBackend: Executor app-20260403080347-0005/128 removed: Command exited with code 1
[2026-04-03T08:11:00.711+0000] {spark_submit.py:579} INFO - 26/04/03 08:11:00 INFO BlockManagerMaster: Removal of executor 128 requested
[2026-04-03T08:11:00.711+0000] {spark_submit.py:579} INFO - 26/04/03 08:11:00 INFO BlockManagerMasterEndpoint: Trying to remove executor 128 from BlockManagerMaster.
[2026-04-03T08:11:00.712+0000] {spark_submit.py:579} INFO - 26/04/03 08:11:00 INFO BlockManagerMasterEndpoint: Removed 128 successfully in removeExecutor
[2026-04-03T08:11:00.712+0000] {spark_submit.py:579} INFO - 26/04/03 08:11:00 INFO StandaloneAppClient$ClientEndpoint: Executor added: app-20260403080347-0005/129 on worker-20260403074029-172.20.0.2-43131 (172.20.0.2:43131) with 2 core(s)
[2026-04-03T08:11:00.712+0000] {spark_submit.py:579} INFO - 26/04/03 08:11:00 INFO StandaloneSchedulerBackend$StandaloneDriverEndpoint: Asked to remove non-existent executor 128
[2026-04-03T08:11:00.712+0000] {spark_submit.py:579} INFO - 26/04/03 08:11:00 INFO StandaloneSchedulerBackend: Granted executor ID app-20260403080347-0005/129 on hostPort 172.20.0.2:43131 with 2 core(s), 1024.0 MiB RAM
[2026-04-03T08:11:00.734+0000] {spark_submit.py:579} INFO - 26/04/03 08:11:00 INFO StandaloneAppClient$ClientEndpoint: Executor updated: app-20260403080347-0005/129 is now RUNNING
[2026-04-03T08:11:03.785+0000] {spark_submit.py:579} INFO - 26/04/03 08:11:03 INFO StandaloneAppClient$ClientEndpoint: Executor updated: app-20260403080347-0005/129 is now EXITED (Command exited with code 1)
[2026-04-03T08:11:03.786+0000] {spark_submit.py:579} INFO - 26/04/03 08:11:03 INFO StandaloneSchedulerBackend: Executor app-20260403080347-0005/129 removed: Command exited with code 1
[2026-04-03T08:11:03.786+0000] {spark_submit.py:579} INFO - 26/04/03 08:11:03 INFO BlockManagerMaster: Removal of executor 129 requested
[2026-04-03T08:11:03.786+0000] {spark_submit.py:579} INFO - 26/04/03 08:11:03 INFO BlockManagerMasterEndpoint: Trying to remove executor 129 from BlockManagerMaster.
[2026-04-03T08:11:03.787+0000] {spark_submit.py:579} INFO - 26/04/03 08:11:03 INFO BlockManagerMasterEndpoint: Removed 129 successfully in removeExecutor
[2026-04-03T08:11:03.787+0000] {spark_submit.py:579} INFO - 26/04/03 08:11:03 INFO StandaloneSchedulerBackend$StandaloneDriverEndpoint: Asked to remove non-existent executor 129
[2026-04-03T08:11:03.787+0000] {spark_submit.py:579} INFO - 26/04/03 08:11:03 INFO StandaloneAppClient$ClientEndpoint: Executor added: app-20260403080347-0005/130 on worker-20260403074029-172.20.0.2-43131 (172.20.0.2:43131) with 2 core(s)
[2026-04-03T08:11:03.787+0000] {spark_submit.py:579} INFO - 26/04/03 08:11:03 INFO StandaloneSchedulerBackend: Granted executor ID app-20260403080347-0005/130 on hostPort 172.20.0.2:43131 with 2 core(s), 1024.0 MiB RAM
[2026-04-03T08:11:03.809+0000] {spark_submit.py:579} INFO - 26/04/03 08:11:03 INFO StandaloneAppClient$ClientEndpoint: Executor updated: app-20260403080347-0005/130 is now RUNNING
[2026-04-03T08:11:06.860+0000] {spark_submit.py:579} INFO - 26/04/03 08:11:06 INFO StandaloneAppClient$ClientEndpoint: Executor updated: app-20260403080347-0005/130 is now EXITED (Command exited with code 1)
[2026-04-03T08:11:06.860+0000] {spark_submit.py:579} INFO - 26/04/03 08:11:06 INFO StandaloneSchedulerBackend: Executor app-20260403080347-0005/130 removed: Command exited with code 1
[2026-04-03T08:11:06.860+0000] {spark_submit.py:579} INFO - 26/04/03 08:11:06 INFO BlockManagerMasterEndpoint: Trying to remove executor 130 from BlockManagerMaster.
[2026-04-03T08:11:06.861+0000] {spark_submit.py:579} INFO - 26/04/03 08:11:06 INFO BlockManagerMaster: Removal of executor 130 requested
[2026-04-03T08:11:06.861+0000] {spark_submit.py:579} INFO - 26/04/03 08:11:06 INFO BlockManagerMasterEndpoint: Removed 130 successfully in removeExecutor
[2026-04-03T08:11:06.861+0000] {spark_submit.py:579} INFO - 26/04/03 08:11:06 INFO StandaloneAppClient$ClientEndpoint: Executor added: app-20260403080347-0005/131 on worker-20260403074029-172.20.0.2-43131 (172.20.0.2:43131) with 2 core(s)
[2026-04-03T08:11:06.861+0000] {spark_submit.py:579} INFO - 26/04/03 08:11:06 INFO StandaloneSchedulerBackend$StandaloneDriverEndpoint: Asked to remove non-existent executor 130
[2026-04-03T08:11:06.862+0000] {spark_submit.py:579} INFO - 26/04/03 08:11:06 INFO StandaloneSchedulerBackend: Granted executor ID app-20260403080347-0005/131 on hostPort 172.20.0.2:43131 with 2 core(s), 1024.0 MiB RAM
[2026-04-03T08:11:06.884+0000] {spark_submit.py:579} INFO - 26/04/03 08:11:06 INFO StandaloneAppClient$ClientEndpoint: Executor updated: app-20260403080347-0005/131 is now RUNNING
[2026-04-03T08:11:10.088+0000] {spark_submit.py:579} INFO - 26/04/03 08:11:10 INFO StandaloneAppClient$ClientEndpoint: Executor updated: app-20260403080347-0005/131 is now EXITED (Command exited with code 1)
[2026-04-03T08:11:10.089+0000] {spark_submit.py:579} INFO - 26/04/03 08:11:10 INFO StandaloneSchedulerBackend: Executor app-20260403080347-0005/131 removed: Command exited with code 1
[2026-04-03T08:11:10.090+0000] {spark_submit.py:579} INFO - 26/04/03 08:11:10 INFO BlockManagerMasterEndpoint: Trying to remove executor 131 from BlockManagerMaster.
[2026-04-03T08:11:10.090+0000] {spark_submit.py:579} INFO - 26/04/03 08:11:10 INFO BlockManagerMaster: Removal of executor 131 requested
[2026-04-03T08:11:10.091+0000] {spark_submit.py:579} INFO - 26/04/03 08:11:10 INFO StandaloneAppClient$ClientEndpoint: Executor added: app-20260403080347-0005/132 on worker-20260403074029-172.20.0.2-43131 (172.20.0.2:43131) with 2 core(s)
[2026-04-03T08:11:10.091+0000] {spark_submit.py:579} INFO - 26/04/03 08:11:10 INFO BlockManagerMasterEndpoint: Removed 131 successfully in removeExecutor
[2026-04-03T08:11:10.091+0000] {spark_submit.py:579} INFO - 26/04/03 08:11:10 INFO StandaloneSchedulerBackend$StandaloneDriverEndpoint: Asked to remove non-existent executor 131
[2026-04-03T08:11:10.091+0000] {spark_submit.py:579} INFO - 26/04/03 08:11:10 INFO StandaloneSchedulerBackend: Granted executor ID app-20260403080347-0005/132 on hostPort 172.20.0.2:43131 with 2 core(s), 1024.0 MiB RAM
[2026-04-03T08:11:10.114+0000] {spark_submit.py:579} INFO - 26/04/03 08:11:10 INFO StandaloneAppClient$ClientEndpoint: Executor updated: app-20260403080347-0005/132 is now RUNNING
[2026-04-03T08:11:11.409+0000] {spark_submit.py:579} INFO - 26/04/03 08:11:11 WARN TaskSchedulerImpl: Initial job has not accepted any resources; check your cluster UI to ensure that workers are registered and have sufficient resources
[2026-04-03T08:11:13.235+0000] {spark_submit.py:579} INFO - 26/04/03 08:11:13 INFO StandaloneAppClient$ClientEndpoint: Executor updated: app-20260403080347-0005/132 is now EXITED (Command exited with code 1)
[2026-04-03T08:11:13.235+0000] {spark_submit.py:579} INFO - 26/04/03 08:11:13 INFO StandaloneSchedulerBackend: Executor app-20260403080347-0005/132 removed: Command exited with code 1
[2026-04-03T08:11:13.236+0000] {spark_submit.py:579} INFO - 26/04/03 08:11:13 INFO StandaloneAppClient$ClientEndpoint: Executor added: app-20260403080347-0005/133 on worker-20260403074029-172.20.0.2-43131 (172.20.0.2:43131) with 2 core(s)
[2026-04-03T08:11:13.236+0000] {spark_submit.py:579} INFO - 26/04/03 08:11:13 INFO BlockManagerMasterEndpoint: Trying to remove executor 132 from BlockManagerMaster.
[2026-04-03T08:11:13.236+0000] {spark_submit.py:579} INFO - 26/04/03 08:11:13 INFO BlockManagerMaster: Removal of executor 132 requested
[2026-04-03T08:11:13.237+0000] {spark_submit.py:579} INFO - 26/04/03 08:11:13 INFO BlockManagerMasterEndpoint: Removed 132 successfully in removeExecutor
[2026-04-03T08:11:13.237+0000] {spark_submit.py:579} INFO - 26/04/03 08:11:13 INFO StandaloneSchedulerBackend$StandaloneDriverEndpoint: Asked to remove non-existent executor 132
[2026-04-03T08:11:13.237+0000] {spark_submit.py:579} INFO - 26/04/03 08:11:13 INFO StandaloneSchedulerBackend: Granted executor ID app-20260403080347-0005/133 on hostPort 172.20.0.2:43131 with 2 core(s), 1024.0 MiB RAM
[2026-04-03T08:11:13.261+0000] {spark_submit.py:579} INFO - 26/04/03 08:11:13 INFO StandaloneAppClient$ClientEndpoint: Executor updated: app-20260403080347-0005/133 is now RUNNING
[2026-04-03T08:11:16.207+0000] {spark_submit.py:579} INFO - 26/04/03 08:11:16 INFO StandaloneAppClient$ClientEndpoint: Executor updated: app-20260403080347-0005/133 is now EXITED (Command exited with code 1)
[2026-04-03T08:11:16.208+0000] {spark_submit.py:579} INFO - 26/04/03 08:11:16 INFO StandaloneSchedulerBackend: Executor app-20260403080347-0005/133 removed: Command exited with code 1
[2026-04-03T08:11:16.208+0000] {spark_submit.py:579} INFO - 26/04/03 08:11:16 INFO StandaloneAppClient$ClientEndpoint: Executor added: app-20260403080347-0005/134 on worker-20260403074029-172.20.0.2-43131 (172.20.0.2:43131) with 2 core(s)
[2026-04-03T08:11:16.209+0000] {spark_submit.py:579} INFO - 26/04/03 08:11:16 INFO BlockManagerMaster: Removal of executor 133 requested
[2026-04-03T08:11:16.209+0000] {spark_submit.py:579} INFO - 26/04/03 08:11:16 INFO BlockManagerMasterEndpoint: Trying to remove executor 133 from BlockManagerMaster.
[2026-04-03T08:11:16.209+0000] {spark_submit.py:579} INFO - 26/04/03 08:11:16 INFO StandaloneSchedulerBackend$StandaloneDriverEndpoint: Asked to remove non-existent executor 133
[2026-04-03T08:11:16.209+0000] {spark_submit.py:579} INFO - 26/04/03 08:11:16 INFO BlockManagerMasterEndpoint: Removed 133 successfully in removeExecutor
[2026-04-03T08:11:16.209+0000] {spark_submit.py:579} INFO - 26/04/03 08:11:16 INFO StandaloneSchedulerBackend: Granted executor ID app-20260403080347-0005/134 on hostPort 172.20.0.2:43131 with 2 core(s), 1024.0 MiB RAM
[2026-04-03T08:11:16.232+0000] {spark_submit.py:579} INFO - 26/04/03 08:11:16 INFO StandaloneAppClient$ClientEndpoint: Executor updated: app-20260403080347-0005/134 is now RUNNING
[2026-04-03T08:11:19.152+0000] {spark_submit.py:579} INFO - 26/04/03 08:11:19 INFO StandaloneAppClient$ClientEndpoint: Executor updated: app-20260403080347-0005/134 is now EXITED (Command exited with code 1)
[2026-04-03T08:11:19.153+0000] {spark_submit.py:579} INFO - 26/04/03 08:11:19 INFO StandaloneSchedulerBackend: Executor app-20260403080347-0005/134 removed: Command exited with code 1
[2026-04-03T08:11:19.154+0000] {spark_submit.py:579} INFO - 26/04/03 08:11:19 INFO StandaloneAppClient$ClientEndpoint: Executor added: app-20260403080347-0005/135 on worker-20260403074029-172.20.0.2-43131 (172.20.0.2:43131) with 2 core(s)
[2026-04-03T08:11:19.154+0000] {spark_submit.py:579} INFO - 26/04/03 08:11:19 INFO BlockManagerMasterEndpoint: Trying to remove executor 134 from BlockManagerMaster.
[2026-04-03T08:11:19.154+0000] {spark_submit.py:579} INFO - 26/04/03 08:11:19 INFO BlockManagerMaster: Removal of executor 134 requested
[2026-04-03T08:11:19.154+0000] {spark_submit.py:579} INFO - 26/04/03 08:11:19 INFO BlockManagerMasterEndpoint: Removed 134 successfully in removeExecutor
[2026-04-03T08:11:19.154+0000] {spark_submit.py:579} INFO - 26/04/03 08:11:19 INFO StandaloneSchedulerBackend$StandaloneDriverEndpoint: Asked to remove non-existent executor 134
[2026-04-03T08:11:19.155+0000] {spark_submit.py:579} INFO - 26/04/03 08:11:19 INFO StandaloneSchedulerBackend: Granted executor ID app-20260403080347-0005/135 on hostPort 172.20.0.2:43131 with 2 core(s), 1024.0 MiB RAM
[2026-04-03T08:11:19.176+0000] {spark_submit.py:579} INFO - 26/04/03 08:11:19 INFO StandaloneAppClient$ClientEndpoint: Executor updated: app-20260403080347-0005/135 is now RUNNING
[2026-04-03T08:11:22.067+0000] {spark_submit.py:579} INFO - 26/04/03 08:11:22 INFO StandaloneAppClient$ClientEndpoint: Executor updated: app-20260403080347-0005/135 is now EXITED (Command exited with code 1)
[2026-04-03T08:11:22.068+0000] {spark_submit.py:579} INFO - 26/04/03 08:11:22 INFO StandaloneSchedulerBackend: Executor app-20260403080347-0005/135 removed: Command exited with code 1
[2026-04-03T08:11:22.069+0000] {spark_submit.py:579} INFO - 26/04/03 08:11:22 INFO BlockManagerMaster: Removal of executor 135 requested
[2026-04-03T08:11:22.069+0000] {spark_submit.py:579} INFO - 26/04/03 08:11:22 INFO BlockManagerMasterEndpoint: Trying to remove executor 135 from BlockManagerMaster.
[2026-04-03T08:11:22.069+0000] {spark_submit.py:579} INFO - 26/04/03 08:11:22 INFO StandaloneAppClient$ClientEndpoint: Executor added: app-20260403080347-0005/136 on worker-20260403074029-172.20.0.2-43131 (172.20.0.2:43131) with 2 core(s)
[2026-04-03T08:11:22.069+0000] {spark_submit.py:579} INFO - 26/04/03 08:11:22 INFO StandaloneSchedulerBackend$StandaloneDriverEndpoint: Asked to remove non-existent executor 135
[2026-04-03T08:11:22.070+0000] {spark_submit.py:579} INFO - 26/04/03 08:11:22 INFO BlockManagerMasterEndpoint: Removed 135 successfully in removeExecutor
[2026-04-03T08:11:22.070+0000] {spark_submit.py:579} INFO - 26/04/03 08:11:22 INFO StandaloneSchedulerBackend: Granted executor ID app-20260403080347-0005/136 on hostPort 172.20.0.2:43131 with 2 core(s), 1024.0 MiB RAM
[2026-04-03T08:11:22.092+0000] {spark_submit.py:579} INFO - 26/04/03 08:11:22 INFO StandaloneAppClient$ClientEndpoint: Executor updated: app-20260403080347-0005/136 is now RUNNING
[2026-04-03T08:11:25.085+0000] {spark_submit.py:579} INFO - 26/04/03 08:11:25 INFO StandaloneAppClient$ClientEndpoint: Executor updated: app-20260403080347-0005/136 is now EXITED (Command exited with code 1)
[2026-04-03T08:11:25.086+0000] {spark_submit.py:579} INFO - 26/04/03 08:11:25 INFO StandaloneSchedulerBackend: Executor app-20260403080347-0005/136 removed: Command exited with code 1
[2026-04-03T08:11:25.086+0000] {spark_submit.py:579} INFO - 26/04/03 08:11:25 INFO BlockManagerMasterEndpoint: Trying to remove executor 136 from BlockManagerMaster.
[2026-04-03T08:11:25.086+0000] {spark_submit.py:579} INFO - 26/04/03 08:11:25 INFO BlockManagerMaster: Removal of executor 136 requested
[2026-04-03T08:11:25.087+0000] {spark_submit.py:579} INFO - 26/04/03 08:11:25 INFO BlockManagerMasterEndpoint: Removed 136 successfully in removeExecutor
[2026-04-03T08:11:25.087+0000] {spark_submit.py:579} INFO - 26/04/03 08:11:25 INFO StandaloneSchedulerBackend$StandaloneDriverEndpoint: Asked to remove non-existent executor 136
[2026-04-03T08:11:25.087+0000] {spark_submit.py:579} INFO - 26/04/03 08:11:25 INFO StandaloneAppClient$ClientEndpoint: Executor added: app-20260403080347-0005/137 on worker-20260403074029-172.20.0.2-43131 (172.20.0.2:43131) with 2 core(s)
[2026-04-03T08:11:25.088+0000] {spark_submit.py:579} INFO - 26/04/03 08:11:25 INFO StandaloneSchedulerBackend: Granted executor ID app-20260403080347-0005/137 on hostPort 172.20.0.2:43131 with 2 core(s), 1024.0 MiB RAM
[2026-04-03T08:11:25.111+0000] {spark_submit.py:579} INFO - 26/04/03 08:11:25 INFO StandaloneAppClient$ClientEndpoint: Executor updated: app-20260403080347-0005/137 is now RUNNING
[2026-04-03T08:11:26.409+0000] {spark_submit.py:579} INFO - 26/04/03 08:11:26 WARN TaskSchedulerImpl: Initial job has not accepted any resources; check your cluster UI to ensure that workers are registered and have sufficient resources
[2026-04-03T08:11:28.166+0000] {spark_submit.py:579} INFO - 26/04/03 08:11:28 INFO StandaloneAppClient$ClientEndpoint: Executor updated: app-20260403080347-0005/137 is now EXITED (Command exited with code 1)
[2026-04-03T08:11:28.167+0000] {spark_submit.py:579} INFO - 26/04/03 08:11:28 INFO StandaloneSchedulerBackend: Executor app-20260403080347-0005/137 removed: Command exited with code 1
[2026-04-03T08:11:28.167+0000] {spark_submit.py:579} INFO - 26/04/03 08:11:28 INFO BlockManagerMaster: Removal of executor 137 requested
[2026-04-03T08:11:28.167+0000] {spark_submit.py:579} INFO - 26/04/03 08:11:28 INFO BlockManagerMasterEndpoint: Trying to remove executor 137 from BlockManagerMaster.
[2026-04-03T08:11:28.168+0000] {spark_submit.py:579} INFO - 26/04/03 08:11:28 INFO StandaloneAppClient$ClientEndpoint: Executor added: app-20260403080347-0005/138 on worker-20260403074029-172.20.0.2-43131 (172.20.0.2:43131) with 2 core(s)
[2026-04-03T08:11:28.168+0000] {spark_submit.py:579} INFO - 26/04/03 08:11:28 INFO StandaloneSchedulerBackend$StandaloneDriverEndpoint: Asked to remove non-existent executor 137
[2026-04-03T08:11:28.168+0000] {spark_submit.py:579} INFO - 26/04/03 08:11:28 INFO BlockManagerMasterEndpoint: Removed 137 successfully in removeExecutor
[2026-04-03T08:11:28.168+0000] {spark_submit.py:579} INFO - 26/04/03 08:11:28 INFO StandaloneSchedulerBackend: Granted executor ID app-20260403080347-0005/138 on hostPort 172.20.0.2:43131 with 2 core(s), 1024.0 MiB RAM
[2026-04-03T08:11:28.190+0000] {spark_submit.py:579} INFO - 26/04/03 08:11:28 INFO StandaloneAppClient$ClientEndpoint: Executor updated: app-20260403080347-0005/138 is now RUNNING
[2026-04-03T08:11:31.140+0000] {spark_submit.py:579} INFO - 26/04/03 08:11:31 INFO StandaloneAppClient$ClientEndpoint: Executor updated: app-20260403080347-0005/138 is now EXITED (Command exited with code 1)
[2026-04-03T08:11:31.141+0000] {spark_submit.py:579} INFO - 26/04/03 08:11:31 INFO StandaloneSchedulerBackend: Executor app-20260403080347-0005/138 removed: Command exited with code 1
[2026-04-03T08:11:31.141+0000] {spark_submit.py:579} INFO - 26/04/03 08:11:31 INFO BlockManagerMasterEndpoint: Trying to remove executor 138 from BlockManagerMaster.
[2026-04-03T08:11:31.142+0000] {spark_submit.py:579} INFO - 26/04/03 08:11:31 INFO StandaloneAppClient$ClientEndpoint: Executor added: app-20260403080347-0005/139 on worker-20260403074029-172.20.0.2-43131 (172.20.0.2:43131) with 2 core(s)
[2026-04-03T08:11:31.142+0000] {spark_submit.py:579} INFO - 26/04/03 08:11:31 INFO BlockManagerMasterEndpoint: Removed 138 successfully in removeExecutor
[2026-04-03T08:11:31.142+0000] {spark_submit.py:579} INFO - 26/04/03 08:11:31 INFO BlockManagerMaster: Removal of executor 138 requested
[2026-04-03T08:11:31.142+0000] {spark_submit.py:579} INFO - 26/04/03 08:11:31 INFO StandaloneSchedulerBackend$StandaloneDriverEndpoint: Asked to remove non-existent executor 138
[2026-04-03T08:11:31.143+0000] {spark_submit.py:579} INFO - 26/04/03 08:11:31 INFO StandaloneSchedulerBackend: Granted executor ID app-20260403080347-0005/139 on hostPort 172.20.0.2:43131 with 2 core(s), 1024.0 MiB RAM
[2026-04-03T08:11:31.164+0000] {spark_submit.py:579} INFO - 26/04/03 08:11:31 INFO StandaloneAppClient$ClientEndpoint: Executor updated: app-20260403080347-0005/139 is now RUNNING
[2026-04-03T08:11:34.103+0000] {spark_submit.py:579} INFO - 26/04/03 08:11:34 INFO StandaloneAppClient$ClientEndpoint: Executor updated: app-20260403080347-0005/139 is now EXITED (Command exited with code 1)
[2026-04-03T08:11:34.104+0000] {spark_submit.py:579} INFO - 26/04/03 08:11:34 INFO StandaloneSchedulerBackend: Executor app-20260403080347-0005/139 removed: Command exited with code 1
[2026-04-03T08:11:34.105+0000] {spark_submit.py:579} INFO - 26/04/03 08:11:34 INFO BlockManagerMasterEndpoint: Trying to remove executor 139 from BlockManagerMaster.
[2026-04-03T08:11:34.105+0000] {spark_submit.py:579} INFO - 26/04/03 08:11:34 INFO BlockManagerMaster: Removal of executor 139 requested
[2026-04-03T08:11:34.105+0000] {spark_submit.py:579} INFO - 26/04/03 08:11:34 INFO BlockManagerMasterEndpoint: Removed 139 successfully in removeExecutor
[2026-04-03T08:11:34.105+0000] {spark_submit.py:579} INFO - 26/04/03 08:11:34 INFO StandaloneAppClient$ClientEndpoint: Executor added: app-20260403080347-0005/140 on worker-20260403074029-172.20.0.2-43131 (172.20.0.2:43131) with 2 core(s)
[2026-04-03T08:11:34.106+0000] {spark_submit.py:579} INFO - 26/04/03 08:11:34 INFO StandaloneSchedulerBackend$StandaloneDriverEndpoint: Asked to remove non-existent executor 139
[2026-04-03T08:11:34.106+0000] {spark_submit.py:579} INFO - 26/04/03 08:11:34 INFO StandaloneSchedulerBackend: Granted executor ID app-20260403080347-0005/140 on hostPort 172.20.0.2:43131 with 2 core(s), 1024.0 MiB RAM
[2026-04-03T08:11:34.130+0000] {spark_submit.py:579} INFO - 26/04/03 08:11:34 INFO StandaloneAppClient$ClientEndpoint: Executor updated: app-20260403080347-0005/140 is now RUNNING
[2026-04-03T08:11:37.550+0000] {spark_submit.py:579} INFO - 26/04/03 08:11:37 INFO StandaloneAppClient$ClientEndpoint: Executor updated: app-20260403080347-0005/140 is now EXITED (Command exited with code 1)
[2026-04-03T08:11:37.551+0000] {spark_submit.py:579} INFO - 26/04/03 08:11:37 INFO StandaloneSchedulerBackend: Executor app-20260403080347-0005/140 removed: Command exited with code 1
[2026-04-03T08:11:37.551+0000] {spark_submit.py:579} INFO - 26/04/03 08:11:37 INFO StandaloneAppClient$ClientEndpoint: Executor added: app-20260403080347-0005/141 on worker-20260403074029-172.20.0.2-43131 (172.20.0.2:43131) with 2 core(s)
[2026-04-03T08:11:37.552+0000] {spark_submit.py:579} INFO - 26/04/03 08:11:37 INFO BlockManagerMaster: Removal of executor 140 requested
[2026-04-03T08:11:37.552+0000] {spark_submit.py:579} INFO - 26/04/03 08:11:37 INFO BlockManagerMasterEndpoint: Trying to remove executor 140 from BlockManagerMaster.
[2026-04-03T08:11:37.552+0000] {spark_submit.py:579} INFO - 26/04/03 08:11:37 INFO BlockManagerMasterEndpoint: Removed 140 successfully in removeExecutor
[2026-04-03T08:11:37.552+0000] {spark_submit.py:579} INFO - 26/04/03 08:11:37 INFO StandaloneSchedulerBackend$StandaloneDriverEndpoint: Asked to remove non-existent executor 140
[2026-04-03T08:11:37.553+0000] {spark_submit.py:579} INFO - 26/04/03 08:11:37 INFO StandaloneSchedulerBackend: Granted executor ID app-20260403080347-0005/141 on hostPort 172.20.0.2:43131 with 2 core(s), 1024.0 MiB RAM
[2026-04-03T08:11:37.577+0000] {spark_submit.py:579} INFO - 26/04/03 08:11:37 INFO StandaloneAppClient$ClientEndpoint: Executor updated: app-20260403080347-0005/141 is now RUNNING
[2026-04-03T08:11:40.579+0000] {spark_submit.py:579} INFO - 26/04/03 08:11:40 INFO StandaloneAppClient$ClientEndpoint: Executor updated: app-20260403080347-0005/141 is now EXITED (Command exited with code 1)
[2026-04-03T08:11:40.580+0000] {spark_submit.py:579} INFO - 26/04/03 08:11:40 INFO StandaloneSchedulerBackend: Executor app-20260403080347-0005/141 removed: Command exited with code 1
[2026-04-03T08:11:40.581+0000] {spark_submit.py:579} INFO - 26/04/03 08:11:40 INFO BlockManagerMasterEndpoint: Trying to remove executor 141 from BlockManagerMaster.
[2026-04-03T08:11:40.581+0000] {spark_submit.py:579} INFO - 26/04/03 08:11:40 INFO BlockManagerMaster: Removal of executor 141 requested
[2026-04-03T08:11:40.582+0000] {spark_submit.py:579} INFO - 26/04/03 08:11:40 INFO BlockManagerMasterEndpoint: Removed 141 successfully in removeExecutor
[2026-04-03T08:11:40.582+0000] {spark_submit.py:579} INFO - 26/04/03 08:11:40 INFO StandaloneAppClient$ClientEndpoint: Executor added: app-20260403080347-0005/142 on worker-20260403074029-172.20.0.2-43131 (172.20.0.2:43131) with 2 core(s)
[2026-04-03T08:11:40.583+0000] {spark_submit.py:579} INFO - 26/04/03 08:11:40 INFO StandaloneSchedulerBackend$StandaloneDriverEndpoint: Asked to remove non-existent executor 141
[2026-04-03T08:11:40.583+0000] {spark_submit.py:579} INFO - 26/04/03 08:11:40 INFO StandaloneSchedulerBackend: Granted executor ID app-20260403080347-0005/142 on hostPort 172.20.0.2:43131 with 2 core(s), 1024.0 MiB RAM
[2026-04-03T08:11:40.607+0000] {spark_submit.py:579} INFO - 26/04/03 08:11:40 INFO StandaloneAppClient$ClientEndpoint: Executor updated: app-20260403080347-0005/142 is now RUNNING
[2026-04-03T08:11:41.409+0000] {spark_submit.py:579} INFO - 26/04/03 08:11:41 WARN TaskSchedulerImpl: Initial job has not accepted any resources; check your cluster UI to ensure that workers are registered and have sufficient resources
[2026-04-03T08:11:43.456+0000] {spark_submit.py:579} INFO - 26/04/03 08:11:43 INFO StandaloneAppClient$ClientEndpoint: Executor updated: app-20260403080347-0005/142 is now EXITED (Command exited with code 1)
[2026-04-03T08:11:43.457+0000] {spark_submit.py:579} INFO - 26/04/03 08:11:43 INFO StandaloneSchedulerBackend: Executor app-20260403080347-0005/142 removed: Command exited with code 1
[2026-04-03T08:11:43.458+0000] {spark_submit.py:579} INFO - 26/04/03 08:11:43 INFO BlockManagerMasterEndpoint: Trying to remove executor 142 from BlockManagerMaster.
[2026-04-03T08:11:43.459+0000] {spark_submit.py:579} INFO - 26/04/03 08:11:43 INFO BlockManagerMaster: Removal of executor 142 requested
[2026-04-03T08:11:43.459+0000] {spark_submit.py:579} INFO - 26/04/03 08:11:43 INFO BlockManagerMasterEndpoint: Removed 142 successfully in removeExecutor
[2026-04-03T08:11:43.459+0000] {spark_submit.py:579} INFO - 26/04/03 08:11:43 INFO StandaloneSchedulerBackend$StandaloneDriverEndpoint: Asked to remove non-existent executor 142
[2026-04-03T08:11:43.460+0000] {spark_submit.py:579} INFO - 26/04/03 08:11:43 INFO StandaloneAppClient$ClientEndpoint: Executor added: app-20260403080347-0005/143 on worker-20260403074029-172.20.0.2-43131 (172.20.0.2:43131) with 2 core(s)
[2026-04-03T08:11:43.460+0000] {spark_submit.py:579} INFO - 26/04/03 08:11:43 INFO StandaloneSchedulerBackend: Granted executor ID app-20260403080347-0005/143 on hostPort 172.20.0.2:43131 with 2 core(s), 1024.0 MiB RAM
[2026-04-03T08:11:43.483+0000] {spark_submit.py:579} INFO - 26/04/03 08:11:43 INFO StandaloneAppClient$ClientEndpoint: Executor updated: app-20260403080347-0005/143 is now RUNNING
[2026-04-03T08:11:46.387+0000] {spark_submit.py:579} INFO - 26/04/03 08:11:46 INFO StandaloneAppClient$ClientEndpoint: Executor updated: app-20260403080347-0005/143 is now EXITED (Command exited with code 1)
[2026-04-03T08:11:46.388+0000] {spark_submit.py:579} INFO - 26/04/03 08:11:46 INFO StandaloneSchedulerBackend: Executor app-20260403080347-0005/143 removed: Command exited with code 1
[2026-04-03T08:11:46.388+0000] {spark_submit.py:579} INFO - 26/04/03 08:11:46 INFO BlockManagerMaster: Removal of executor 143 requested
[2026-04-03T08:11:46.388+0000] {spark_submit.py:579} INFO - 26/04/03 08:11:46 INFO BlockManagerMasterEndpoint: Trying to remove executor 143 from BlockManagerMaster.
[2026-04-03T08:11:46.389+0000] {spark_submit.py:579} INFO - 26/04/03 08:11:46 INFO StandaloneAppClient$ClientEndpoint: Executor added: app-20260403080347-0005/144 on worker-20260403074029-172.20.0.2-43131 (172.20.0.2:43131) with 2 core(s)
[2026-04-03T08:11:46.389+0000] {spark_submit.py:579} INFO - 26/04/03 08:11:46 INFO StandaloneSchedulerBackend$StandaloneDriverEndpoint: Asked to remove non-existent executor 143
[2026-04-03T08:11:46.389+0000] {spark_submit.py:579} INFO - 26/04/03 08:11:46 INFO BlockManagerMasterEndpoint: Removed 143 successfully in removeExecutor
[2026-04-03T08:11:46.389+0000] {spark_submit.py:579} INFO - 26/04/03 08:11:46 INFO StandaloneSchedulerBackend: Granted executor ID app-20260403080347-0005/144 on hostPort 172.20.0.2:43131 with 2 core(s), 1024.0 MiB RAM
[2026-04-03T08:11:46.411+0000] {spark_submit.py:579} INFO - 26/04/03 08:11:46 INFO StandaloneAppClient$ClientEndpoint: Executor updated: app-20260403080347-0005/144 is now RUNNING
[2026-04-03T08:11:49.205+0000] {spark_submit.py:579} INFO - 26/04/03 08:11:49 INFO StandaloneAppClient$ClientEndpoint: Executor updated: app-20260403080347-0005/144 is now EXITED (Command exited with code 1)
[2026-04-03T08:11:49.206+0000] {spark_submit.py:579} INFO - 26/04/03 08:11:49 INFO StandaloneSchedulerBackend: Executor app-20260403080347-0005/144 removed: Command exited with code 1
[2026-04-03T08:11:49.207+0000] {spark_submit.py:579} INFO - 26/04/03 08:11:49 INFO BlockManagerMasterEndpoint: Trying to remove executor 144 from BlockManagerMaster.
[2026-04-03T08:11:49.207+0000] {spark_submit.py:579} INFO - 26/04/03 08:11:49 INFO BlockManagerMaster: Removal of executor 144 requested
[2026-04-03T08:11:49.208+0000] {spark_submit.py:579} INFO - 26/04/03 08:11:49 INFO BlockManagerMasterEndpoint: Removed 144 successfully in removeExecutor
[2026-04-03T08:11:49.208+0000] {spark_submit.py:579} INFO - 26/04/03 08:11:49 INFO StandaloneSchedulerBackend$StandaloneDriverEndpoint: Asked to remove non-existent executor 144
[2026-04-03T08:11:49.208+0000] {spark_submit.py:579} INFO - 26/04/03 08:11:49 INFO StandaloneAppClient$ClientEndpoint: Executor added: app-20260403080347-0005/145 on worker-20260403074029-172.20.0.2-43131 (172.20.0.2:43131) with 2 core(s)
[2026-04-03T08:11:49.208+0000] {spark_submit.py:579} INFO - 26/04/03 08:11:49 INFO StandaloneSchedulerBackend: Granted executor ID app-20260403080347-0005/145 on hostPort 172.20.0.2:43131 with 2 core(s), 1024.0 MiB RAM
[2026-04-03T08:11:49.232+0000] {spark_submit.py:579} INFO - 26/04/03 08:11:49 INFO StandaloneAppClient$ClientEndpoint: Executor updated: app-20260403080347-0005/145 is now RUNNING
[2026-04-03T08:11:52.120+0000] {spark_submit.py:579} INFO - 26/04/03 08:11:52 INFO StandaloneAppClient$ClientEndpoint: Executor updated: app-20260403080347-0005/145 is now EXITED (Command exited with code 1)
[2026-04-03T08:11:52.120+0000] {spark_submit.py:579} INFO - 26/04/03 08:11:52 INFO StandaloneSchedulerBackend: Executor app-20260403080347-0005/145 removed: Command exited with code 1
[2026-04-03T08:11:52.121+0000] {spark_submit.py:579} INFO - 26/04/03 08:11:52 INFO StandaloneAppClient$ClientEndpoint: Executor added: app-20260403080347-0005/146 on worker-20260403074029-172.20.0.2-43131 (172.20.0.2:43131) with 2 core(s)
[2026-04-03T08:11:52.121+0000] {spark_submit.py:579} INFO - 26/04/03 08:11:52 INFO BlockManagerMasterEndpoint: Trying to remove executor 145 from BlockManagerMaster.
[2026-04-03T08:11:52.121+0000] {spark_submit.py:579} INFO - 26/04/03 08:11:52 INFO BlockManagerMaster: Removal of executor 145 requested
[2026-04-03T08:11:52.121+0000] {spark_submit.py:579} INFO - 26/04/03 08:11:52 INFO BlockManagerMasterEndpoint: Removed 145 successfully in removeExecutor
[2026-04-03T08:11:52.122+0000] {spark_submit.py:579} INFO - 26/04/03 08:11:52 INFO StandaloneSchedulerBackend$StandaloneDriverEndpoint: Asked to remove non-existent executor 145
[2026-04-03T08:11:52.122+0000] {spark_submit.py:579} INFO - 26/04/03 08:11:52 INFO StandaloneSchedulerBackend: Granted executor ID app-20260403080347-0005/146 on hostPort 172.20.0.2:43131 with 2 core(s), 1024.0 MiB RAM
[2026-04-03T08:11:52.143+0000] {spark_submit.py:579} INFO - 26/04/03 08:11:52 INFO StandaloneAppClient$ClientEndpoint: Executor updated: app-20260403080347-0005/146 is now RUNNING
[2026-04-03T08:11:55.118+0000] {spark_submit.py:579} INFO - 26/04/03 08:11:55 INFO StandaloneAppClient$ClientEndpoint: Executor updated: app-20260403080347-0005/146 is now EXITED (Command exited with code 1)
[2026-04-03T08:11:55.119+0000] {spark_submit.py:579} INFO - 26/04/03 08:11:55 INFO StandaloneSchedulerBackend: Executor app-20260403080347-0005/146 removed: Command exited with code 1
[2026-04-03T08:11:55.119+0000] {spark_submit.py:579} INFO - 26/04/03 08:11:55 INFO StandaloneAppClient$ClientEndpoint: Executor added: app-20260403080347-0005/147 on worker-20260403074029-172.20.0.2-43131 (172.20.0.2:43131) with 2 core(s)
[2026-04-03T08:11:55.120+0000] {spark_submit.py:579} INFO - 26/04/03 08:11:55 INFO BlockManagerMaster: Removal of executor 146 requested
[2026-04-03T08:11:55.120+0000] {spark_submit.py:579} INFO - 26/04/03 08:11:55 INFO BlockManagerMasterEndpoint: Trying to remove executor 146 from BlockManagerMaster.
[2026-04-03T08:11:55.120+0000] {spark_submit.py:579} INFO - 26/04/03 08:11:55 INFO BlockManagerMasterEndpoint: Removed 146 successfully in removeExecutor
[2026-04-03T08:11:55.121+0000] {spark_submit.py:579} INFO - 26/04/03 08:11:55 INFO StandaloneSchedulerBackend$StandaloneDriverEndpoint: Asked to remove non-existent executor 146
[2026-04-03T08:11:55.121+0000] {spark_submit.py:579} INFO - 26/04/03 08:11:55 INFO StandaloneSchedulerBackend: Granted executor ID app-20260403080347-0005/147 on hostPort 172.20.0.2:43131 with 2 core(s), 1024.0 MiB RAM
[2026-04-03T08:11:55.143+0000] {spark_submit.py:579} INFO - 26/04/03 08:11:55 INFO StandaloneAppClient$ClientEndpoint: Executor updated: app-20260403080347-0005/147 is now RUNNING
[2026-04-03T08:11:56.409+0000] {spark_submit.py:579} INFO - 26/04/03 08:11:56 WARN TaskSchedulerImpl: Initial job has not accepted any resources; check your cluster UI to ensure that workers are registered and have sufficient resources
[2026-04-03T08:11:58.147+0000] {spark_submit.py:579} INFO - 26/04/03 08:11:58 INFO StandaloneAppClient$ClientEndpoint: Executor updated: app-20260403080347-0005/147 is now EXITED (Command exited with code 1)
[2026-04-03T08:11:58.147+0000] {spark_submit.py:579} INFO - 26/04/03 08:11:58 INFO StandaloneSchedulerBackend: Executor app-20260403080347-0005/147 removed: Command exited with code 1
[2026-04-03T08:11:58.149+0000] {spark_submit.py:579} INFO - 26/04/03 08:11:58 INFO BlockManagerMasterEndpoint: Trying to remove executor 147 from BlockManagerMaster.
[2026-04-03T08:11:58.149+0000] {spark_submit.py:579} INFO - 26/04/03 08:11:58 INFO BlockManagerMaster: Removal of executor 147 requested
[2026-04-03T08:11:58.150+0000] {spark_submit.py:579} INFO - 26/04/03 08:11:58 INFO StandaloneAppClient$ClientEndpoint: Executor added: app-20260403080347-0005/148 on worker-20260403074029-172.20.0.2-43131 (172.20.0.2:43131) with 2 core(s)
[2026-04-03T08:11:58.150+0000] {spark_submit.py:579} INFO - 26/04/03 08:11:58 INFO StandaloneSchedulerBackend$StandaloneDriverEndpoint: Asked to remove non-existent executor 147
[2026-04-03T08:11:58.150+0000] {spark_submit.py:579} INFO - 26/04/03 08:11:58 INFO BlockManagerMasterEndpoint: Removed 147 successfully in removeExecutor
[2026-04-03T08:11:58.150+0000] {spark_submit.py:579} INFO - 26/04/03 08:11:58 INFO StandaloneSchedulerBackend: Granted executor ID app-20260403080347-0005/148 on hostPort 172.20.0.2:43131 with 2 core(s), 1024.0 MiB RAM
[2026-04-03T08:11:58.179+0000] {spark_submit.py:579} INFO - 26/04/03 08:11:58 INFO StandaloneAppClient$ClientEndpoint: Executor updated: app-20260403080347-0005/148 is now RUNNING
[2026-04-03T08:12:01.025+0000] {spark_submit.py:579} INFO - 26/04/03 08:12:01 INFO StandaloneAppClient$ClientEndpoint: Executor updated: app-20260403080347-0005/148 is now EXITED (Command exited with code 1)
[2026-04-03T08:12:01.025+0000] {spark_submit.py:579} INFO - 26/04/03 08:12:01 INFO StandaloneSchedulerBackend: Executor app-20260403080347-0005/148 removed: Command exited with code 1
[2026-04-03T08:12:01.026+0000] {spark_submit.py:579} INFO - 26/04/03 08:12:01 INFO StandaloneAppClient$ClientEndpoint: Executor added: app-20260403080347-0005/149 on worker-20260403074029-172.20.0.2-43131 (172.20.0.2:43131) with 2 core(s)
[2026-04-03T08:12:01.026+0000] {spark_submit.py:579} INFO - 26/04/03 08:12:01 INFO BlockManagerMasterEndpoint: Trying to remove executor 148 from BlockManagerMaster.
[2026-04-03T08:12:01.026+0000] {spark_submit.py:579} INFO - 26/04/03 08:12:01 INFO BlockManagerMaster: Removal of executor 148 requested
[2026-04-03T08:12:01.027+0000] {spark_submit.py:579} INFO - 26/04/03 08:12:01 INFO BlockManagerMasterEndpoint: Removed 148 successfully in removeExecutor
[2026-04-03T08:12:01.027+0000] {spark_submit.py:579} INFO - 26/04/03 08:12:01 INFO StandaloneSchedulerBackend$StandaloneDriverEndpoint: Asked to remove non-existent executor 148
[2026-04-03T08:12:01.027+0000] {spark_submit.py:579} INFO - 26/04/03 08:12:01 INFO StandaloneSchedulerBackend: Granted executor ID app-20260403080347-0005/149 on hostPort 172.20.0.2:43131 with 2 core(s), 1024.0 MiB RAM
[2026-04-03T08:12:01.048+0000] {spark_submit.py:579} INFO - 26/04/03 08:12:01 INFO StandaloneAppClient$ClientEndpoint: Executor updated: app-20260403080347-0005/149 is now RUNNING
[2026-04-03T08:12:04.020+0000] {spark_submit.py:579} INFO - 26/04/03 08:12:04 INFO StandaloneAppClient$ClientEndpoint: Executor updated: app-20260403080347-0005/149 is now EXITED (Command exited with code 1)
[2026-04-03T08:12:04.021+0000] {spark_submit.py:579} INFO - 26/04/03 08:12:04 INFO StandaloneSchedulerBackend: Executor app-20260403080347-0005/149 removed: Command exited with code 1
[2026-04-03T08:12:04.022+0000] {spark_submit.py:579} INFO - 26/04/03 08:12:04 INFO BlockManagerMaster: Removal of executor 149 requested
[2026-04-03T08:12:04.022+0000] {spark_submit.py:579} INFO - 26/04/03 08:12:04 INFO BlockManagerMasterEndpoint: Trying to remove executor 149 from BlockManagerMaster.
[2026-04-03T08:12:04.022+0000] {spark_submit.py:579} INFO - 26/04/03 08:12:04 INFO BlockManagerMasterEndpoint: Removed 149 successfully in removeExecutor
[2026-04-03T08:12:04.022+0000] {spark_submit.py:579} INFO - 26/04/03 08:12:04 INFO StandaloneAppClient$ClientEndpoint: Executor added: app-20260403080347-0005/150 on worker-20260403074029-172.20.0.2-43131 (172.20.0.2:43131) with 2 core(s)
[2026-04-03T08:12:04.023+0000] {spark_submit.py:579} INFO - 26/04/03 08:12:04 INFO StandaloneSchedulerBackend$StandaloneDriverEndpoint: Asked to remove non-existent executor 149
[2026-04-03T08:12:04.023+0000] {spark_submit.py:579} INFO - 26/04/03 08:12:04 INFO StandaloneSchedulerBackend: Granted executor ID app-20260403080347-0005/150 on hostPort 172.20.0.2:43131 with 2 core(s), 1024.0 MiB RAM
[2026-04-03T08:12:04.047+0000] {spark_submit.py:579} INFO - 26/04/03 08:12:04 INFO StandaloneAppClient$ClientEndpoint: Executor updated: app-20260403080347-0005/150 is now RUNNING
[2026-04-03T08:12:07.062+0000] {spark_submit.py:579} INFO - 26/04/03 08:12:07 INFO StandaloneAppClient$ClientEndpoint: Executor updated: app-20260403080347-0005/150 is now EXITED (Command exited with code 1)
[2026-04-03T08:12:07.063+0000] {spark_submit.py:579} INFO - 26/04/03 08:12:07 INFO StandaloneSchedulerBackend: Executor app-20260403080347-0005/150 removed: Command exited with code 1
[2026-04-03T08:12:07.063+0000] {spark_submit.py:579} INFO - 26/04/03 08:12:07 INFO BlockManagerMaster: Removal of executor 150 requested
[2026-04-03T08:12:07.064+0000] {spark_submit.py:579} INFO - 26/04/03 08:12:07 INFO BlockManagerMasterEndpoint: Trying to remove executor 150 from BlockManagerMaster.
[2026-04-03T08:12:07.064+0000] {spark_submit.py:579} INFO - 26/04/03 08:12:07 INFO StandaloneAppClient$ClientEndpoint: Executor added: app-20260403080347-0005/151 on worker-20260403074029-172.20.0.2-43131 (172.20.0.2:43131) with 2 core(s)
[2026-04-03T08:12:07.064+0000] {spark_submit.py:579} INFO - 26/04/03 08:12:07 INFO BlockManagerMasterEndpoint: Removed 150 successfully in removeExecutor
[2026-04-03T08:12:07.064+0000] {spark_submit.py:579} INFO - 26/04/03 08:12:07 INFO StandaloneSchedulerBackend$StandaloneDriverEndpoint: Asked to remove non-existent executor 150
[2026-04-03T08:12:07.065+0000] {spark_submit.py:579} INFO - 26/04/03 08:12:07 INFO StandaloneSchedulerBackend: Granted executor ID app-20260403080347-0005/151 on hostPort 172.20.0.2:43131 with 2 core(s), 1024.0 MiB RAM
[2026-04-03T08:12:07.085+0000] {spark_submit.py:579} INFO - 26/04/03 08:12:07 INFO StandaloneAppClient$ClientEndpoint: Executor updated: app-20260403080347-0005/151 is now RUNNING
[2026-04-03T08:12:10.043+0000] {spark_submit.py:579} INFO - 26/04/03 08:12:10 INFO StandaloneAppClient$ClientEndpoint: Executor updated: app-20260403080347-0005/151 is now EXITED (Command exited with code 1)
[2026-04-03T08:12:10.043+0000] {spark_submit.py:579} INFO - 26/04/03 08:12:10 INFO StandaloneSchedulerBackend: Executor app-20260403080347-0005/151 removed: Command exited with code 1
[2026-04-03T08:12:10.044+0000] {spark_submit.py:579} INFO - 26/04/03 08:12:10 INFO BlockManagerMaster: Removal of executor 151 requested
[2026-04-03T08:12:10.044+0000] {spark_submit.py:579} INFO - 26/04/03 08:12:10 INFO StandaloneSchedulerBackend$StandaloneDriverEndpoint: Asked to remove non-existent executor 151
[2026-04-03T08:12:10.045+0000] {spark_submit.py:579} INFO - 26/04/03 08:12:10 INFO BlockManagerMasterEndpoint: Trying to remove executor 151 from BlockManagerMaster.
[2026-04-03T08:12:10.045+0000] {spark_submit.py:579} INFO - 26/04/03 08:12:10 INFO BlockManagerMasterEndpoint: Removed 151 successfully in removeExecutor
[2026-04-03T08:12:10.045+0000] {spark_submit.py:579} INFO - 26/04/03 08:12:10 INFO StandaloneAppClient$ClientEndpoint: Executor added: app-20260403080347-0005/152 on worker-20260403074029-172.20.0.2-43131 (172.20.0.2:43131) with 2 core(s)
[2026-04-03T08:12:10.045+0000] {spark_submit.py:579} INFO - 26/04/03 08:12:10 INFO StandaloneSchedulerBackend: Granted executor ID app-20260403080347-0005/152 on hostPort 172.20.0.2:43131 with 2 core(s), 1024.0 MiB RAM
[2026-04-03T08:12:10.069+0000] {spark_submit.py:579} INFO - 26/04/03 08:12:10 INFO StandaloneAppClient$ClientEndpoint: Executor updated: app-20260403080347-0005/152 is now RUNNING
[2026-04-03T08:12:11.409+0000] {spark_submit.py:579} INFO - 26/04/03 08:12:11 WARN TaskSchedulerImpl: Initial job has not accepted any resources; check your cluster UI to ensure that workers are registered and have sufficient resources
[2026-04-03T08:12:12.844+0000] {spark_submit.py:579} INFO - 26/04/03 08:12:12 INFO StandaloneAppClient$ClientEndpoint: Executor updated: app-20260403080347-0005/152 is now EXITED (Command exited with code 1)
[2026-04-03T08:12:12.844+0000] {spark_submit.py:579} INFO - 26/04/03 08:12:12 INFO StandaloneSchedulerBackend: Executor app-20260403080347-0005/152 removed: Command exited with code 1
[2026-04-03T08:12:12.845+0000] {spark_submit.py:579} INFO - 26/04/03 08:12:12 INFO StandaloneAppClient$ClientEndpoint: Executor added: app-20260403080347-0005/153 on worker-20260403074029-172.20.0.2-43131 (172.20.0.2:43131) with 2 core(s)
[2026-04-03T08:12:12.845+0000] {spark_submit.py:579} INFO - 26/04/03 08:12:12 INFO BlockManagerMaster: Removal of executor 152 requested
[2026-04-03T08:12:12.845+0000] {spark_submit.py:579} INFO - 26/04/03 08:12:12 INFO BlockManagerMasterEndpoint: Trying to remove executor 152 from BlockManagerMaster.
[2026-04-03T08:12:12.845+0000] {spark_submit.py:579} INFO - 26/04/03 08:12:12 INFO BlockManagerMasterEndpoint: Removed 152 successfully in removeExecutor
[2026-04-03T08:12:12.846+0000] {spark_submit.py:579} INFO - 26/04/03 08:12:12 INFO StandaloneSchedulerBackend$StandaloneDriverEndpoint: Asked to remove non-existent executor 152
[2026-04-03T08:12:12.846+0000] {spark_submit.py:579} INFO - 26/04/03 08:12:12 INFO StandaloneSchedulerBackend: Granted executor ID app-20260403080347-0005/153 on hostPort 172.20.0.2:43131 with 2 core(s), 1024.0 MiB RAM
[2026-04-03T08:12:12.868+0000] {spark_submit.py:579} INFO - 26/04/03 08:12:12 INFO StandaloneAppClient$ClientEndpoint: Executor updated: app-20260403080347-0005/153 is now RUNNING
[2026-04-03T08:12:15.652+0000] {spark_submit.py:579} INFO - 26/04/03 08:12:15 INFO StandaloneAppClient$ClientEndpoint: Executor updated: app-20260403080347-0005/153 is now EXITED (Command exited with code 1)
[2026-04-03T08:12:15.653+0000] {spark_submit.py:579} INFO - 26/04/03 08:12:15 INFO StandaloneSchedulerBackend: Executor app-20260403080347-0005/153 removed: Command exited with code 1
[2026-04-03T08:12:15.654+0000] {spark_submit.py:579} INFO - 26/04/03 08:12:15 INFO BlockManagerMasterEndpoint: Trying to remove executor 153 from BlockManagerMaster.
[2026-04-03T08:12:15.654+0000] {spark_submit.py:579} INFO - 26/04/03 08:12:15 INFO BlockManagerMaster: Removal of executor 153 requested
[2026-04-03T08:12:15.654+0000] {spark_submit.py:579} INFO - 26/04/03 08:12:15 INFO BlockManagerMasterEndpoint: Removed 153 successfully in removeExecutor
[2026-04-03T08:12:15.654+0000] {spark_submit.py:579} INFO - 26/04/03 08:12:15 INFO StandaloneSchedulerBackend$StandaloneDriverEndpoint: Asked to remove non-existent executor 153
[2026-04-03T08:12:15.655+0000] {spark_submit.py:579} INFO - 26/04/03 08:12:15 INFO StandaloneAppClient$ClientEndpoint: Executor added: app-20260403080347-0005/154 on worker-20260403074029-172.20.0.2-43131 (172.20.0.2:43131) with 2 core(s)
[2026-04-03T08:12:15.655+0000] {spark_submit.py:579} INFO - 26/04/03 08:12:15 INFO StandaloneSchedulerBackend: Granted executor ID app-20260403080347-0005/154 on hostPort 172.20.0.2:43131 with 2 core(s), 1024.0 MiB RAM
[2026-04-03T08:12:15.677+0000] {spark_submit.py:579} INFO - 26/04/03 08:12:15 INFO StandaloneAppClient$ClientEndpoint: Executor updated: app-20260403080347-0005/154 is now RUNNING
[2026-04-03T08:12:18.621+0000] {spark_submit.py:579} INFO - 26/04/03 08:12:18 INFO StandaloneAppClient$ClientEndpoint: Executor updated: app-20260403080347-0005/154 is now EXITED (Command exited with code 1)
[2026-04-03T08:12:18.622+0000] {spark_submit.py:579} INFO - 26/04/03 08:12:18 INFO StandaloneSchedulerBackend: Executor app-20260403080347-0005/154 removed: Command exited with code 1
[2026-04-03T08:12:18.622+0000] {spark_submit.py:579} INFO - 26/04/03 08:12:18 INFO StandaloneAppClient$ClientEndpoint: Executor added: app-20260403080347-0005/155 on worker-20260403074029-172.20.0.2-43131 (172.20.0.2:43131) with 2 core(s)
[2026-04-03T08:12:18.623+0000] {spark_submit.py:579} INFO - 26/04/03 08:12:18 INFO StandaloneSchedulerBackend: Granted executor ID app-20260403080347-0005/155 on hostPort 172.20.0.2:43131 with 2 core(s), 1024.0 MiB RAM
[2026-04-03T08:12:18.623+0000] {spark_submit.py:579} INFO - 26/04/03 08:12:18 INFO BlockManagerMaster: Removal of executor 154 requested
[2026-04-03T08:12:18.623+0000] {spark_submit.py:579} INFO - 26/04/03 08:12:18 INFO BlockManagerMasterEndpoint: Trying to remove executor 154 from BlockManagerMaster.
[2026-04-03T08:12:18.623+0000] {spark_submit.py:579} INFO - 26/04/03 08:12:18 INFO BlockManagerMasterEndpoint: Removed 154 successfully in removeExecutor
[2026-04-03T08:12:18.624+0000] {spark_submit.py:579} INFO - 26/04/03 08:12:18 INFO StandaloneSchedulerBackend$StandaloneDriverEndpoint: Asked to remove non-existent executor 154
[2026-04-03T08:12:18.645+0000] {spark_submit.py:579} INFO - 26/04/03 08:12:18 INFO StandaloneAppClient$ClientEndpoint: Executor updated: app-20260403080347-0005/155 is now RUNNING
[2026-04-03T08:12:21.491+0000] {spark_submit.py:579} INFO - 26/04/03 08:12:21 INFO StandaloneAppClient$ClientEndpoint: Executor updated: app-20260403080347-0005/155 is now EXITED (Command exited with code 1)
[2026-04-03T08:12:21.492+0000] {spark_submit.py:579} INFO - 26/04/03 08:12:21 INFO StandaloneSchedulerBackend: Executor app-20260403080347-0005/155 removed: Command exited with code 1
[2026-04-03T08:12:21.492+0000] {spark_submit.py:579} INFO - 26/04/03 08:12:21 INFO BlockManagerMaster: Removal of executor 155 requested
[2026-04-03T08:12:21.492+0000] {spark_submit.py:579} INFO - 26/04/03 08:12:21 INFO BlockManagerMasterEndpoint: Trying to remove executor 155 from BlockManagerMaster.
[2026-04-03T08:12:21.493+0000] {spark_submit.py:579} INFO - 26/04/03 08:12:21 INFO StandaloneAppClient$ClientEndpoint: Executor added: app-20260403080347-0005/156 on worker-20260403074029-172.20.0.2-43131 (172.20.0.2:43131) with 2 core(s)
[2026-04-03T08:12:21.493+0000] {spark_submit.py:579} INFO - 26/04/03 08:12:21 INFO StandaloneSchedulerBackend$StandaloneDriverEndpoint: Asked to remove non-existent executor 155
[2026-04-03T08:12:21.493+0000] {spark_submit.py:579} INFO - 26/04/03 08:12:21 INFO BlockManagerMasterEndpoint: Removed 155 successfully in removeExecutor
[2026-04-03T08:12:21.493+0000] {spark_submit.py:579} INFO - 26/04/03 08:12:21 INFO StandaloneSchedulerBackend: Granted executor ID app-20260403080347-0005/156 on hostPort 172.20.0.2:43131 with 2 core(s), 1024.0 MiB RAM
[2026-04-03T08:12:21.514+0000] {spark_submit.py:579} INFO - 26/04/03 08:12:21 INFO StandaloneAppClient$ClientEndpoint: Executor updated: app-20260403080347-0005/156 is now RUNNING
[2026-04-03T08:12:24.470+0000] {spark_submit.py:579} INFO - 26/04/03 08:12:24 INFO StandaloneAppClient$ClientEndpoint: Executor updated: app-20260403080347-0005/156 is now EXITED (Command exited with code 1)
[2026-04-03T08:12:24.470+0000] {spark_submit.py:579} INFO - 26/04/03 08:12:24 INFO StandaloneSchedulerBackend: Executor app-20260403080347-0005/156 removed: Command exited with code 1
[2026-04-03T08:12:24.471+0000] {spark_submit.py:579} INFO - 26/04/03 08:12:24 INFO BlockManagerMaster: Removal of executor 156 requested
[2026-04-03T08:12:24.471+0000] {spark_submit.py:579} INFO - 26/04/03 08:12:24 INFO BlockManagerMasterEndpoint: Trying to remove executor 156 from BlockManagerMaster.
[2026-04-03T08:12:24.471+0000] {spark_submit.py:579} INFO - 26/04/03 08:12:24 INFO StandaloneAppClient$ClientEndpoint: Executor added: app-20260403080347-0005/157 on worker-20260403074029-172.20.0.2-43131 (172.20.0.2:43131) with 2 core(s)
[2026-04-03T08:12:24.472+0000] {spark_submit.py:579} INFO - 26/04/03 08:12:24 INFO BlockManagerMasterEndpoint: Removed 156 successfully in removeExecutor
[2026-04-03T08:12:24.472+0000] {spark_submit.py:579} INFO - 26/04/03 08:12:24 INFO StandaloneSchedulerBackend$StandaloneDriverEndpoint: Asked to remove non-existent executor 156
[2026-04-03T08:12:24.472+0000] {spark_submit.py:579} INFO - 26/04/03 08:12:24 INFO StandaloneSchedulerBackend: Granted executor ID app-20260403080347-0005/157 on hostPort 172.20.0.2:43131 with 2 core(s), 1024.0 MiB RAM
[2026-04-03T08:12:24.493+0000] {spark_submit.py:579} INFO - 26/04/03 08:12:24 INFO StandaloneAppClient$ClientEndpoint: Executor updated: app-20260403080347-0005/157 is now RUNNING
[2026-04-03T08:12:26.409+0000] {spark_submit.py:579} INFO - 26/04/03 08:12:26 WARN TaskSchedulerImpl: Initial job has not accepted any resources; check your cluster UI to ensure that workers are registered and have sufficient resources
[2026-04-03T08:12:27.310+0000] {spark_submit.py:579} INFO - 26/04/03 08:12:27 INFO StandaloneAppClient$ClientEndpoint: Executor updated: app-20260403080347-0005/157 is now EXITED (Command exited with code 1)
[2026-04-03T08:12:27.311+0000] {spark_submit.py:579} INFO - 26/04/03 08:12:27 INFO StandaloneSchedulerBackend: Executor app-20260403080347-0005/157 removed: Command exited with code 1
[2026-04-03T08:12:27.311+0000] {spark_submit.py:579} INFO - 26/04/03 08:12:27 INFO StandaloneAppClient$ClientEndpoint: Executor added: app-20260403080347-0005/158 on worker-20260403074029-172.20.0.2-43131 (172.20.0.2:43131) with 2 core(s)
[2026-04-03T08:12:27.311+0000] {spark_submit.py:579} INFO - 26/04/03 08:12:27 INFO BlockManagerMaster: Removal of executor 157 requested
[2026-04-03T08:12:27.312+0000] {spark_submit.py:579} INFO - 26/04/03 08:12:27 INFO BlockManagerMasterEndpoint: Trying to remove executor 157 from BlockManagerMaster.
[2026-04-03T08:12:27.312+0000] {spark_submit.py:579} INFO - 26/04/03 08:12:27 INFO StandaloneSchedulerBackend$StandaloneDriverEndpoint: Asked to remove non-existent executor 157
[2026-04-03T08:12:27.312+0000] {spark_submit.py:579} INFO - 26/04/03 08:12:27 INFO BlockManagerMasterEndpoint: Removed 157 successfully in removeExecutor
[2026-04-03T08:12:27.312+0000] {spark_submit.py:579} INFO - 26/04/03 08:12:27 INFO StandaloneSchedulerBackend: Granted executor ID app-20260403080347-0005/158 on hostPort 172.20.0.2:43131 with 2 core(s), 1024.0 MiB RAM
[2026-04-03T08:12:27.334+0000] {spark_submit.py:579} INFO - 26/04/03 08:12:27 INFO StandaloneAppClient$ClientEndpoint: Executor updated: app-20260403080347-0005/158 is now RUNNING
[2026-04-03T08:12:30.206+0000] {spark_submit.py:579} INFO - 26/04/03 08:12:30 INFO StandaloneAppClient$ClientEndpoint: Executor updated: app-20260403080347-0005/158 is now EXITED (Command exited with code 1)
[2026-04-03T08:12:30.207+0000] {spark_submit.py:579} INFO - 26/04/03 08:12:30 INFO StandaloneSchedulerBackend: Executor app-20260403080347-0005/158 removed: Command exited with code 1
[2026-04-03T08:12:30.207+0000] {spark_submit.py:579} INFO - 26/04/03 08:12:30 INFO StandaloneAppClient$ClientEndpoint: Executor added: app-20260403080347-0005/159 on worker-20260403074029-172.20.0.2-43131 (172.20.0.2:43131) with 2 core(s)
[2026-04-03T08:12:30.208+0000] {spark_submit.py:579} INFO - 26/04/03 08:12:30 INFO BlockManagerMaster: Removal of executor 158 requested
[2026-04-03T08:12:30.208+0000] {spark_submit.py:579} INFO - 26/04/03 08:12:30 INFO BlockManagerMasterEndpoint: Trying to remove executor 158 from BlockManagerMaster.
[2026-04-03T08:12:30.208+0000] {spark_submit.py:579} INFO - 26/04/03 08:12:30 INFO StandaloneSchedulerBackend: Granted executor ID app-20260403080347-0005/159 on hostPort 172.20.0.2:43131 with 2 core(s), 1024.0 MiB RAM
[2026-04-03T08:12:30.208+0000] {spark_submit.py:579} INFO - 26/04/03 08:12:30 INFO BlockManagerMasterEndpoint: Removed 158 successfully in removeExecutor
[2026-04-03T08:12:30.208+0000] {spark_submit.py:579} INFO - 26/04/03 08:12:30 INFO StandaloneSchedulerBackend$StandaloneDriverEndpoint: Asked to remove non-existent executor 158
[2026-04-03T08:12:30.230+0000] {spark_submit.py:579} INFO - 26/04/03 08:12:30 INFO StandaloneAppClient$ClientEndpoint: Executor updated: app-20260403080347-0005/159 is now RUNNING
[2026-04-03T08:12:33.005+0000] {spark_submit.py:579} INFO - 26/04/03 08:12:33 INFO StandaloneAppClient$ClientEndpoint: Executor updated: app-20260403080347-0005/159 is now EXITED (Command exited with code 1)
[2026-04-03T08:12:33.006+0000] {spark_submit.py:579} INFO - 26/04/03 08:12:33 INFO StandaloneSchedulerBackend: Executor app-20260403080347-0005/159 removed: Command exited with code 1
[2026-04-03T08:12:33.006+0000] {spark_submit.py:579} INFO - 26/04/03 08:12:33 INFO StandaloneAppClient$ClientEndpoint: Executor added: app-20260403080347-0005/160 on worker-20260403074029-172.20.0.2-43131 (172.20.0.2:43131) with 2 core(s)
[2026-04-03T08:12:33.007+0000] {spark_submit.py:579} INFO - 26/04/03 08:12:33 INFO BlockManagerMaster: Removal of executor 159 requested
[2026-04-03T08:12:33.007+0000] {spark_submit.py:579} INFO - 26/04/03 08:12:33 INFO BlockManagerMasterEndpoint: Trying to remove executor 159 from BlockManagerMaster.
[2026-04-03T08:12:33.007+0000] {spark_submit.py:579} INFO - 26/04/03 08:12:33 INFO StandaloneSchedulerBackend: Granted executor ID app-20260403080347-0005/160 on hostPort 172.20.0.2:43131 with 2 core(s), 1024.0 MiB RAM
[2026-04-03T08:12:33.007+0000] {spark_submit.py:579} INFO - 26/04/03 08:12:33 INFO BlockManagerMasterEndpoint: Removed 159 successfully in removeExecutor
[2026-04-03T08:12:33.007+0000] {spark_submit.py:579} INFO - 26/04/03 08:12:33 INFO StandaloneSchedulerBackend$StandaloneDriverEndpoint: Asked to remove non-existent executor 159
[2026-04-03T08:12:33.029+0000] {spark_submit.py:579} INFO - 26/04/03 08:12:33 INFO StandaloneAppClient$ClientEndpoint: Executor updated: app-20260403080347-0005/160 is now RUNNING
[2026-04-03T08:12:35.949+0000] {spark_submit.py:579} INFO - 26/04/03 08:12:35 INFO StandaloneAppClient$ClientEndpoint: Executor updated: app-20260403080347-0005/160 is now EXITED (Command exited with code 1)
[2026-04-03T08:12:35.950+0000] {spark_submit.py:579} INFO - 26/04/03 08:12:35 INFO StandaloneSchedulerBackend: Executor app-20260403080347-0005/160 removed: Command exited with code 1
[2026-04-03T08:12:35.950+0000] {spark_submit.py:579} INFO - 26/04/03 08:12:35 INFO BlockManagerMaster: Removal of executor 160 requested
[2026-04-03T08:12:35.950+0000] {spark_submit.py:579} INFO - 26/04/03 08:12:35 INFO BlockManagerMasterEndpoint: Trying to remove executor 160 from BlockManagerMaster.
[2026-04-03T08:12:35.951+0000] {spark_submit.py:579} INFO - 26/04/03 08:12:35 INFO StandaloneAppClient$ClientEndpoint: Executor added: app-20260403080347-0005/161 on worker-20260403074029-172.20.0.2-43131 (172.20.0.2:43131) with 2 core(s)
[2026-04-03T08:12:35.951+0000] {spark_submit.py:579} INFO - 26/04/03 08:12:35 INFO BlockManagerMasterEndpoint: Removed 160 successfully in removeExecutor
[2026-04-03T08:12:35.951+0000] {spark_submit.py:579} INFO - 26/04/03 08:12:35 INFO StandaloneSchedulerBackend$StandaloneDriverEndpoint: Asked to remove non-existent executor 160
[2026-04-03T08:12:35.951+0000] {spark_submit.py:579} INFO - 26/04/03 08:12:35 INFO StandaloneSchedulerBackend: Granted executor ID app-20260403080347-0005/161 on hostPort 172.20.0.2:43131 with 2 core(s), 1024.0 MiB RAM
[2026-04-03T08:12:35.977+0000] {spark_submit.py:579} INFO - 26/04/03 08:12:35 INFO StandaloneAppClient$ClientEndpoint: Executor updated: app-20260403080347-0005/161 is now RUNNING
[2026-04-03T08:12:38.797+0000] {spark_submit.py:579} INFO - 26/04/03 08:12:38 INFO StandaloneAppClient$ClientEndpoint: Executor updated: app-20260403080347-0005/161 is now EXITED (Command exited with code 1)
[2026-04-03T08:12:38.798+0000] {spark_submit.py:579} INFO - 26/04/03 08:12:38 INFO StandaloneSchedulerBackend: Executor app-20260403080347-0005/161 removed: Command exited with code 1
[2026-04-03T08:12:38.798+0000] {spark_submit.py:579} INFO - 26/04/03 08:12:38 INFO StandaloneAppClient$ClientEndpoint: Executor added: app-20260403080347-0005/162 on worker-20260403074029-172.20.0.2-43131 (172.20.0.2:43131) with 2 core(s)
[2026-04-03T08:12:38.798+0000] {spark_submit.py:579} INFO - 26/04/03 08:12:38 INFO BlockManagerMaster: Removal of executor 161 requested
[2026-04-03T08:12:38.799+0000] {spark_submit.py:579} INFO - 26/04/03 08:12:38 INFO BlockManagerMasterEndpoint: Trying to remove executor 161 from BlockManagerMaster.
[2026-04-03T08:12:38.799+0000] {spark_submit.py:579} INFO - 26/04/03 08:12:38 INFO StandaloneSchedulerBackend$StandaloneDriverEndpoint: Asked to remove non-existent executor 161
[2026-04-03T08:12:38.799+0000] {spark_submit.py:579} INFO - 26/04/03 08:12:38 INFO BlockManagerMasterEndpoint: Removed 161 successfully in removeExecutor
[2026-04-03T08:12:38.799+0000] {spark_submit.py:579} INFO - 26/04/03 08:12:38 INFO StandaloneSchedulerBackend: Granted executor ID app-20260403080347-0005/162 on hostPort 172.20.0.2:43131 with 2 core(s), 1024.0 MiB RAM
[2026-04-03T08:12:38.821+0000] {spark_submit.py:579} INFO - 26/04/03 08:12:38 INFO StandaloneAppClient$ClientEndpoint: Executor updated: app-20260403080347-0005/162 is now RUNNING
[2026-04-03T08:12:41.409+0000] {spark_submit.py:579} INFO - 26/04/03 08:12:41 WARN TaskSchedulerImpl: Initial job has not accepted any resources; check your cluster UI to ensure that workers are registered and have sufficient resources
[2026-04-03T08:12:41.696+0000] {spark_submit.py:579} INFO - 26/04/03 08:12:41 INFO StandaloneAppClient$ClientEndpoint: Executor updated: app-20260403080347-0005/162 is now EXITED (Command exited with code 1)
[2026-04-03T08:12:41.696+0000] {spark_submit.py:579} INFO - 26/04/03 08:12:41 INFO StandaloneSchedulerBackend: Executor app-20260403080347-0005/162 removed: Command exited with code 1
[2026-04-03T08:12:41.697+0000] {spark_submit.py:579} INFO - 26/04/03 08:12:41 INFO StandaloneAppClient$ClientEndpoint: Executor added: app-20260403080347-0005/163 on worker-20260403074029-172.20.0.2-43131 (172.20.0.2:43131) with 2 core(s)
[2026-04-03T08:12:41.697+0000] {spark_submit.py:579} INFO - 26/04/03 08:12:41 INFO BlockManagerMaster: Removal of executor 162 requested
[2026-04-03T08:12:41.697+0000] {spark_submit.py:579} INFO - 26/04/03 08:12:41 INFO StandaloneSchedulerBackend: Granted executor ID app-20260403080347-0005/163 on hostPort 172.20.0.2:43131 with 2 core(s), 1024.0 MiB RAM
[2026-04-03T08:12:41.697+0000] {spark_submit.py:579} INFO - 26/04/03 08:12:41 INFO StandaloneSchedulerBackend$StandaloneDriverEndpoint: Asked to remove non-existent executor 162
[2026-04-03T08:12:41.698+0000] {spark_submit.py:579} INFO - 26/04/03 08:12:41 INFO BlockManagerMasterEndpoint: Trying to remove executor 162 from BlockManagerMaster.
[2026-04-03T08:12:41.698+0000] {spark_submit.py:579} INFO - 26/04/03 08:12:41 INFO BlockManagerMasterEndpoint: Removed 162 successfully in removeExecutor
[2026-04-03T08:12:41.719+0000] {spark_submit.py:579} INFO - 26/04/03 08:12:41 INFO StandaloneAppClient$ClientEndpoint: Executor updated: app-20260403080347-0005/163 is now RUNNING
[2026-04-03T08:12:44.642+0000] {spark_submit.py:579} INFO - 26/04/03 08:12:44 INFO StandaloneAppClient$ClientEndpoint: Executor updated: app-20260403080347-0005/163 is now EXITED (Command exited with code 1)
[2026-04-03T08:12:44.643+0000] {spark_submit.py:579} INFO - 26/04/03 08:12:44 INFO StandaloneSchedulerBackend: Executor app-20260403080347-0005/163 removed: Command exited with code 1
[2026-04-03T08:12:44.643+0000] {spark_submit.py:579} INFO - 26/04/03 08:12:44 INFO BlockManagerMaster: Removal of executor 163 requested
[2026-04-03T08:12:44.644+0000] {spark_submit.py:579} INFO - 26/04/03 08:12:44 INFO StandaloneAppClient$ClientEndpoint: Executor added: app-20260403080347-0005/164 on worker-20260403074029-172.20.0.2-43131 (172.20.0.2:43131) with 2 core(s)
[2026-04-03T08:12:44.644+0000] {spark_submit.py:579} INFO - 26/04/03 08:12:44 INFO BlockManagerMasterEndpoint: Trying to remove executor 163 from BlockManagerMaster.
[2026-04-03T08:12:44.644+0000] {spark_submit.py:579} INFO - 26/04/03 08:12:44 INFO StandaloneSchedulerBackend$StandaloneDriverEndpoint: Asked to remove non-existent executor 163
[2026-04-03T08:12:44.644+0000] {spark_submit.py:579} INFO - 26/04/03 08:12:44 INFO BlockManagerMasterEndpoint: Removed 163 successfully in removeExecutor
[2026-04-03T08:12:44.645+0000] {spark_submit.py:579} INFO - 26/04/03 08:12:44 INFO StandaloneSchedulerBackend: Granted executor ID app-20260403080347-0005/164 on hostPort 172.20.0.2:43131 with 2 core(s), 1024.0 MiB RAM
[2026-04-03T08:12:44.666+0000] {spark_submit.py:579} INFO - 26/04/03 08:12:44 INFO StandaloneAppClient$ClientEndpoint: Executor updated: app-20260403080347-0005/164 is now RUNNING
[2026-04-03T08:12:47.738+0000] {spark_submit.py:579} INFO - 26/04/03 08:12:47 INFO StandaloneAppClient$ClientEndpoint: Executor updated: app-20260403080347-0005/164 is now EXITED (Command exited with code 1)
[2026-04-03T08:12:47.739+0000] {spark_submit.py:579} INFO - 26/04/03 08:12:47 INFO StandaloneSchedulerBackend: Executor app-20260403080347-0005/164 removed: Command exited with code 1
[2026-04-03T08:12:47.739+0000] {spark_submit.py:579} INFO - 26/04/03 08:12:47 INFO BlockManagerMaster: Removal of executor 164 requested
[2026-04-03T08:12:47.739+0000] {spark_submit.py:579} INFO - 26/04/03 08:12:47 INFO BlockManagerMasterEndpoint: Trying to remove executor 164 from BlockManagerMaster.
[2026-04-03T08:12:47.740+0000] {spark_submit.py:579} INFO - 26/04/03 08:12:47 INFO BlockManagerMasterEndpoint: Removed 164 successfully in removeExecutor
[2026-04-03T08:12:47.740+0000] {spark_submit.py:579} INFO - 26/04/03 08:12:47 INFO StandaloneSchedulerBackend$StandaloneDriverEndpoint: Asked to remove non-existent executor 164
[2026-04-03T08:12:47.741+0000] {spark_submit.py:579} INFO - 26/04/03 08:12:47 INFO StandaloneAppClient$ClientEndpoint: Executor added: app-20260403080347-0005/165 on worker-20260403074029-172.20.0.2-43131 (172.20.0.2:43131) with 2 core(s)
[2026-04-03T08:12:47.741+0000] {spark_submit.py:579} INFO - 26/04/03 08:12:47 INFO StandaloneSchedulerBackend: Granted executor ID app-20260403080347-0005/165 on hostPort 172.20.0.2:43131 with 2 core(s), 1024.0 MiB RAM
[2026-04-03T08:12:47.762+0000] {spark_submit.py:579} INFO - 26/04/03 08:12:47 INFO StandaloneAppClient$ClientEndpoint: Executor updated: app-20260403080347-0005/165 is now RUNNING
[2026-04-03T08:12:50.774+0000] {spark_submit.py:579} INFO - 26/04/03 08:12:50 INFO StandaloneAppClient$ClientEndpoint: Executor updated: app-20260403080347-0005/165 is now EXITED (Command exited with code 1)
[2026-04-03T08:12:50.775+0000] {spark_submit.py:579} INFO - 26/04/03 08:12:50 INFO StandaloneSchedulerBackend: Executor app-20260403080347-0005/165 removed: Command exited with code 1
[2026-04-03T08:12:50.775+0000] {spark_submit.py:579} INFO - 26/04/03 08:12:50 INFO BlockManagerMaster: Removal of executor 165 requested
[2026-04-03T08:12:50.776+0000] {spark_submit.py:579} INFO - 26/04/03 08:12:50 INFO BlockManagerMasterEndpoint: Trying to remove executor 165 from BlockManagerMaster.
[2026-04-03T08:12:50.776+0000] {spark_submit.py:579} INFO - 26/04/03 08:12:50 INFO BlockManagerMasterEndpoint: Removed 165 successfully in removeExecutor
[2026-04-03T08:12:50.776+0000] {spark_submit.py:579} INFO - 26/04/03 08:12:50 INFO StandaloneSchedulerBackend$StandaloneDriverEndpoint: Asked to remove non-existent executor 165
[2026-04-03T08:12:50.776+0000] {spark_submit.py:579} INFO - 26/04/03 08:12:50 INFO StandaloneAppClient$ClientEndpoint: Executor added: app-20260403080347-0005/166 on worker-20260403074029-172.20.0.2-43131 (172.20.0.2:43131) with 2 core(s)
[2026-04-03T08:12:50.776+0000] {spark_submit.py:579} INFO - 26/04/03 08:12:50 INFO StandaloneSchedulerBackend: Granted executor ID app-20260403080347-0005/166 on hostPort 172.20.0.2:43131 with 2 core(s), 1024.0 MiB RAM
[2026-04-03T08:12:50.798+0000] {spark_submit.py:579} INFO - 26/04/03 08:12:50 INFO StandaloneAppClient$ClientEndpoint: Executor updated: app-20260403080347-0005/166 is now RUNNING
[2026-04-03T08:12:53.786+0000] {spark_submit.py:579} INFO - 26/04/03 08:12:53 INFO StandaloneAppClient$ClientEndpoint: Executor updated: app-20260403080347-0005/166 is now EXITED (Command exited with code 1)
[2026-04-03T08:12:53.786+0000] {spark_submit.py:579} INFO - 26/04/03 08:12:53 INFO StandaloneSchedulerBackend: Executor app-20260403080347-0005/166 removed: Command exited with code 1
[2026-04-03T08:12:53.787+0000] {spark_submit.py:579} INFO - 26/04/03 08:12:53 INFO StandaloneAppClient$ClientEndpoint: Executor added: app-20260403080347-0005/167 on worker-20260403074029-172.20.0.2-43131 (172.20.0.2:43131) with 2 core(s)
[2026-04-03T08:12:53.787+0000] {spark_submit.py:579} INFO - 26/04/03 08:12:53 INFO BlockManagerMaster: Removal of executor 166 requested
[2026-04-03T08:12:53.787+0000] {spark_submit.py:579} INFO - 26/04/03 08:12:53 INFO BlockManagerMasterEndpoint: Trying to remove executor 166 from BlockManagerMaster.
[2026-04-03T08:12:53.788+0000] {spark_submit.py:579} INFO - 26/04/03 08:12:53 INFO BlockManagerMasterEndpoint: Removed 166 successfully in removeExecutor
[2026-04-03T08:12:53.788+0000] {spark_submit.py:579} INFO - 26/04/03 08:12:53 INFO StandaloneSchedulerBackend$StandaloneDriverEndpoint: Asked to remove non-existent executor 166
[2026-04-03T08:12:53.788+0000] {spark_submit.py:579} INFO - 26/04/03 08:12:53 INFO StandaloneSchedulerBackend: Granted executor ID app-20260403080347-0005/167 on hostPort 172.20.0.2:43131 with 2 core(s), 1024.0 MiB RAM
[2026-04-03T08:12:53.809+0000] {spark_submit.py:579} INFO - 26/04/03 08:12:53 INFO StandaloneAppClient$ClientEndpoint: Executor updated: app-20260403080347-0005/167 is now RUNNING
[2026-04-03T08:12:56.409+0000] {spark_submit.py:579} INFO - 26/04/03 08:12:56 WARN TaskSchedulerImpl: Initial job has not accepted any resources; check your cluster UI to ensure that workers are registered and have sufficient resources
[2026-04-03T08:12:56.952+0000] {spark_submit.py:579} INFO - 26/04/03 08:12:56 INFO StandaloneAppClient$ClientEndpoint: Executor updated: app-20260403080347-0005/167 is now EXITED (Command exited with code 1)
[2026-04-03T08:12:56.952+0000] {spark_submit.py:579} INFO - 26/04/03 08:12:56 INFO StandaloneSchedulerBackend: Executor app-20260403080347-0005/167 removed: Command exited with code 1
[2026-04-03T08:12:56.953+0000] {spark_submit.py:579} INFO - 26/04/03 08:12:56 INFO StandaloneAppClient$ClientEndpoint: Executor added: app-20260403080347-0005/168 on worker-20260403074029-172.20.0.2-43131 (172.20.0.2:43131) with 2 core(s)
[2026-04-03T08:12:56.953+0000] {spark_submit.py:579} INFO - 26/04/03 08:12:56 INFO BlockManagerMaster: Removal of executor 167 requested
[2026-04-03T08:12:56.954+0000] {spark_submit.py:579} INFO - 26/04/03 08:12:56 INFO BlockManagerMasterEndpoint: Trying to remove executor 167 from BlockManagerMaster.
[2026-04-03T08:12:56.954+0000] {spark_submit.py:579} INFO - 26/04/03 08:12:56 INFO StandaloneSchedulerBackend$StandaloneDriverEndpoint: Asked to remove non-existent executor 167
[2026-04-03T08:12:56.955+0000] {spark_submit.py:579} INFO - 26/04/03 08:12:56 INFO BlockManagerMasterEndpoint: Removed 167 successfully in removeExecutor
[2026-04-03T08:12:56.955+0000] {spark_submit.py:579} INFO - 26/04/03 08:12:56 INFO StandaloneSchedulerBackend: Granted executor ID app-20260403080347-0005/168 on hostPort 172.20.0.2:43131 with 2 core(s), 1024.0 MiB RAM
[2026-04-03T08:12:56.978+0000] {spark_submit.py:579} INFO - 26/04/03 08:12:56 INFO StandaloneAppClient$ClientEndpoint: Executor updated: app-20260403080347-0005/168 is now RUNNING
[2026-04-03T08:13:00.051+0000] {spark_submit.py:579} INFO - 26/04/03 08:13:00 INFO StandaloneAppClient$ClientEndpoint: Executor updated: app-20260403080347-0005/168 is now EXITED (Command exited with code 1)
[2026-04-03T08:13:00.053+0000] {spark_submit.py:579} INFO - 26/04/03 08:13:00 INFO StandaloneSchedulerBackend: Executor app-20260403080347-0005/168 removed: Command exited with code 1
[2026-04-03T08:13:00.054+0000] {spark_submit.py:579} INFO - 26/04/03 08:13:00 INFO BlockManagerMaster: Removal of executor 168 requested
[2026-04-03T08:13:00.055+0000] {spark_submit.py:579} INFO - 26/04/03 08:13:00 INFO BlockManagerMasterEndpoint: Trying to remove executor 168 from BlockManagerMaster.
[2026-04-03T08:13:00.055+0000] {spark_submit.py:579} INFO - 26/04/03 08:13:00 INFO BlockManagerMasterEndpoint: Removed 168 successfully in removeExecutor
[2026-04-03T08:13:00.056+0000] {spark_submit.py:579} INFO - 26/04/03 08:13:00 INFO StandaloneSchedulerBackend$StandaloneDriverEndpoint: Asked to remove non-existent executor 168
[2026-04-03T08:13:00.056+0000] {spark_submit.py:579} INFO - 26/04/03 08:13:00 INFO StandaloneAppClient$ClientEndpoint: Executor added: app-20260403080347-0005/169 on worker-20260403074029-172.20.0.2-43131 (172.20.0.2:43131) with 2 core(s)
[2026-04-03T08:13:00.056+0000] {spark_submit.py:579} INFO - 26/04/03 08:13:00 INFO StandaloneSchedulerBackend: Granted executor ID app-20260403080347-0005/169 on hostPort 172.20.0.2:43131 with 2 core(s), 1024.0 MiB RAM
[2026-04-03T08:13:00.077+0000] {spark_submit.py:579} INFO - 26/04/03 08:13:00 INFO StandaloneAppClient$ClientEndpoint: Executor updated: app-20260403080347-0005/169 is now RUNNING
[2026-04-03T08:13:03.175+0000] {spark_submit.py:579} INFO - 26/04/03 08:13:03 INFO StandaloneAppClient$ClientEndpoint: Executor updated: app-20260403080347-0005/169 is now EXITED (Command exited with code 1)
[2026-04-03T08:13:03.176+0000] {spark_submit.py:579} INFO - 26/04/03 08:13:03 INFO StandaloneSchedulerBackend: Executor app-20260403080347-0005/169 removed: Command exited with code 1
[2026-04-03T08:13:03.176+0000] {spark_submit.py:579} INFO - 26/04/03 08:13:03 INFO BlockManagerMaster: Removal of executor 169 requested
[2026-04-03T08:13:03.176+0000] {spark_submit.py:579} INFO - 26/04/03 08:13:03 INFO BlockManagerMasterEndpoint: Trying to remove executor 169 from BlockManagerMaster.
[2026-04-03T08:13:03.177+0000] {spark_submit.py:579} INFO - 26/04/03 08:13:03 INFO BlockManagerMasterEndpoint: Removed 169 successfully in removeExecutor
[2026-04-03T08:13:03.177+0000] {spark_submit.py:579} INFO - 26/04/03 08:13:03 INFO StandaloneSchedulerBackend$StandaloneDriverEndpoint: Asked to remove non-existent executor 169
[2026-04-03T08:13:03.177+0000] {spark_submit.py:579} INFO - 26/04/03 08:13:03 INFO StandaloneAppClient$ClientEndpoint: Executor added: app-20260403080347-0005/170 on worker-20260403074029-172.20.0.2-43131 (172.20.0.2:43131) with 2 core(s)
[2026-04-03T08:13:03.177+0000] {spark_submit.py:579} INFO - 26/04/03 08:13:03 INFO StandaloneSchedulerBackend: Granted executor ID app-20260403080347-0005/170 on hostPort 172.20.0.2:43131 with 2 core(s), 1024.0 MiB RAM
[2026-04-03T08:13:03.199+0000] {spark_submit.py:579} INFO - 26/04/03 08:13:03 INFO StandaloneAppClient$ClientEndpoint: Executor updated: app-20260403080347-0005/170 is now RUNNING
[2026-04-03T08:13:06.148+0000] {spark_submit.py:579} INFO - 26/04/03 08:13:06 INFO StandaloneAppClient$ClientEndpoint: Executor updated: app-20260403080347-0005/170 is now EXITED (Command exited with code 1)
[2026-04-03T08:13:06.149+0000] {spark_submit.py:579} INFO - 26/04/03 08:13:06 INFO StandaloneSchedulerBackend: Executor app-20260403080347-0005/170 removed: Command exited with code 1
[2026-04-03T08:13:06.149+0000] {spark_submit.py:579} INFO - 26/04/03 08:13:06 INFO StandaloneAppClient$ClientEndpoint: Executor added: app-20260403080347-0005/171 on worker-20260403074029-172.20.0.2-43131 (172.20.0.2:43131) with 2 core(s)
[2026-04-03T08:13:06.150+0000] {spark_submit.py:579} INFO - 26/04/03 08:13:06 INFO BlockManagerMasterEndpoint: Trying to remove executor 170 from BlockManagerMaster.
[2026-04-03T08:13:06.150+0000] {spark_submit.py:579} INFO - 26/04/03 08:13:06 INFO BlockManagerMaster: Removal of executor 170 requested
[2026-04-03T08:13:06.150+0000] {spark_submit.py:579} INFO - 26/04/03 08:13:06 INFO BlockManagerMasterEndpoint: Removed 170 successfully in removeExecutor
[2026-04-03T08:13:06.150+0000] {spark_submit.py:579} INFO - 26/04/03 08:13:06 INFO StandaloneSchedulerBackend$StandaloneDriverEndpoint: Asked to remove non-existent executor 170
[2026-04-03T08:13:06.151+0000] {spark_submit.py:579} INFO - 26/04/03 08:13:06 INFO StandaloneSchedulerBackend: Granted executor ID app-20260403080347-0005/171 on hostPort 172.20.0.2:43131 with 2 core(s), 1024.0 MiB RAM
[2026-04-03T08:13:06.173+0000] {spark_submit.py:579} INFO - 26/04/03 08:13:06 INFO StandaloneAppClient$ClientEndpoint: Executor updated: app-20260403080347-0005/171 is now RUNNING
[2026-04-03T08:13:09.203+0000] {spark_submit.py:579} INFO - 26/04/03 08:13:09 INFO StandaloneAppClient$ClientEndpoint: Executor updated: app-20260403080347-0005/171 is now EXITED (Command exited with code 1)
[2026-04-03T08:13:09.204+0000] {spark_submit.py:579} INFO - 26/04/03 08:13:09 INFO StandaloneSchedulerBackend: Executor app-20260403080347-0005/171 removed: Command exited with code 1
[2026-04-03T08:13:09.204+0000] {spark_submit.py:579} INFO - 26/04/03 08:13:09 INFO StandaloneAppClient$ClientEndpoint: Executor added: app-20260403080347-0005/172 on worker-20260403074029-172.20.0.2-43131 (172.20.0.2:43131) with 2 core(s)
[2026-04-03T08:13:09.204+0000] {spark_submit.py:579} INFO - 26/04/03 08:13:09 INFO BlockManagerMaster: Removal of executor 171 requested
[2026-04-03T08:13:09.205+0000] {spark_submit.py:579} INFO - 26/04/03 08:13:09 INFO BlockManagerMasterEndpoint: Trying to remove executor 171 from BlockManagerMaster.
[2026-04-03T08:13:09.205+0000] {spark_submit.py:579} INFO - 26/04/03 08:13:09 INFO StandaloneSchedulerBackend$StandaloneDriverEndpoint: Asked to remove non-existent executor 171
[2026-04-03T08:13:09.205+0000] {spark_submit.py:579} INFO - 26/04/03 08:13:09 INFO BlockManagerMasterEndpoint: Removed 171 successfully in removeExecutor
[2026-04-03T08:13:09.205+0000] {spark_submit.py:579} INFO - 26/04/03 08:13:09 INFO StandaloneSchedulerBackend: Granted executor ID app-20260403080347-0005/172 on hostPort 172.20.0.2:43131 with 2 core(s), 1024.0 MiB RAM
[2026-04-03T08:13:09.226+0000] {spark_submit.py:579} INFO - 26/04/03 08:13:09 INFO StandaloneAppClient$ClientEndpoint: Executor updated: app-20260403080347-0005/172 is now RUNNING
[2026-04-03T08:13:11.409+0000] {spark_submit.py:579} INFO - 26/04/03 08:13:11 WARN TaskSchedulerImpl: Initial job has not accepted any resources; check your cluster UI to ensure that workers are registered and have sufficient resources
[2026-04-03T08:13:12.213+0000] {spark_submit.py:579} INFO - 26/04/03 08:13:12 INFO StandaloneAppClient$ClientEndpoint: Executor updated: app-20260403080347-0005/172 is now EXITED (Command exited with code 1)
[2026-04-03T08:13:12.213+0000] {spark_submit.py:579} INFO - 26/04/03 08:13:12 INFO StandaloneSchedulerBackend: Executor app-20260403080347-0005/172 removed: Command exited with code 1
[2026-04-03T08:13:12.214+0000] {spark_submit.py:579} INFO - 26/04/03 08:13:12 INFO StandaloneAppClient$ClientEndpoint: Executor added: app-20260403080347-0005/173 on worker-20260403074029-172.20.0.2-43131 (172.20.0.2:43131) with 2 core(s)
[2026-04-03T08:13:12.214+0000] {spark_submit.py:579} INFO - 26/04/03 08:13:12 INFO BlockManagerMaster: Removal of executor 172 requested
[2026-04-03T08:13:12.214+0000] {spark_submit.py:579} INFO - 26/04/03 08:13:12 INFO BlockManagerMasterEndpoint: Trying to remove executor 172 from BlockManagerMaster.
[2026-04-03T08:13:12.215+0000] {spark_submit.py:579} INFO - 26/04/03 08:13:12 INFO StandaloneSchedulerBackend$StandaloneDriverEndpoint: Asked to remove non-existent executor 172
[2026-04-03T08:13:12.215+0000] {spark_submit.py:579} INFO - 26/04/03 08:13:12 INFO BlockManagerMasterEndpoint: Removed 172 successfully in removeExecutor
[2026-04-03T08:13:12.215+0000] {spark_submit.py:579} INFO - 26/04/03 08:13:12 INFO StandaloneSchedulerBackend: Granted executor ID app-20260403080347-0005/173 on hostPort 172.20.0.2:43131 with 2 core(s), 1024.0 MiB RAM
[2026-04-03T08:13:12.237+0000] {spark_submit.py:579} INFO - 26/04/03 08:13:12 INFO StandaloneAppClient$ClientEndpoint: Executor updated: app-20260403080347-0005/173 is now RUNNING
[2026-04-03T08:13:15.189+0000] {spark_submit.py:579} INFO - 26/04/03 08:13:15 INFO StandaloneAppClient$ClientEndpoint: Executor updated: app-20260403080347-0005/173 is now EXITED (Command exited with code 1)
[2026-04-03T08:13:15.190+0000] {spark_submit.py:579} INFO - 26/04/03 08:13:15 INFO StandaloneSchedulerBackend: Executor app-20260403080347-0005/173 removed: Command exited with code 1
[2026-04-03T08:13:15.190+0000] {spark_submit.py:579} INFO - 26/04/03 08:13:15 INFO BlockManagerMasterEndpoint: Trying to remove executor 173 from BlockManagerMaster.
[2026-04-03T08:13:15.191+0000] {spark_submit.py:579} INFO - 26/04/03 08:13:15 INFO StandaloneAppClient$ClientEndpoint: Executor added: app-20260403080347-0005/174 on worker-20260403074029-172.20.0.2-43131 (172.20.0.2:43131) with 2 core(s)
[2026-04-03T08:13:15.191+0000] {spark_submit.py:579} INFO - 26/04/03 08:13:15 INFO BlockManagerMasterEndpoint: Removed 173 successfully in removeExecutor
[2026-04-03T08:13:15.191+0000] {spark_submit.py:579} INFO - 26/04/03 08:13:15 INFO BlockManagerMaster: Removal of executor 173 requested
[2026-04-03T08:13:15.191+0000] {spark_submit.py:579} INFO - 26/04/03 08:13:15 INFO StandaloneSchedulerBackend$StandaloneDriverEndpoint: Asked to remove non-existent executor 173
[2026-04-03T08:13:15.191+0000] {spark_submit.py:579} INFO - 26/04/03 08:13:15 INFO StandaloneSchedulerBackend: Granted executor ID app-20260403080347-0005/174 on hostPort 172.20.0.2:43131 with 2 core(s), 1024.0 MiB RAM
[2026-04-03T08:13:15.212+0000] {spark_submit.py:579} INFO - 26/04/03 08:13:15 INFO StandaloneAppClient$ClientEndpoint: Executor updated: app-20260403080347-0005/174 is now RUNNING
[2026-04-03T08:13:18.093+0000] {spark_submit.py:579} INFO - 26/04/03 08:13:18 INFO StandaloneAppClient$ClientEndpoint: Executor updated: app-20260403080347-0005/174 is now EXITED (Command exited with code 1)
[2026-04-03T08:13:18.094+0000] {spark_submit.py:579} INFO - 26/04/03 08:13:18 INFO StandaloneSchedulerBackend: Executor app-20260403080347-0005/174 removed: Command exited with code 1
[2026-04-03T08:13:18.094+0000] {spark_submit.py:579} INFO - 26/04/03 08:13:18 INFO BlockManagerMasterEndpoint: Trying to remove executor 174 from BlockManagerMaster.
[2026-04-03T08:13:18.094+0000] {spark_submit.py:579} INFO - 26/04/03 08:13:18 INFO BlockManagerMaster: Removal of executor 174 requested
[2026-04-03T08:13:18.094+0000] {spark_submit.py:579} INFO - 26/04/03 08:13:18 INFO BlockManagerMasterEndpoint: Removed 174 successfully in removeExecutor
[2026-04-03T08:13:18.095+0000] {spark_submit.py:579} INFO - 26/04/03 08:13:18 INFO StandaloneSchedulerBackend$StandaloneDriverEndpoint: Asked to remove non-existent executor 174
[2026-04-03T08:13:18.095+0000] {spark_submit.py:579} INFO - 26/04/03 08:13:18 INFO StandaloneAppClient$ClientEndpoint: Executor added: app-20260403080347-0005/175 on worker-20260403074029-172.20.0.2-43131 (172.20.0.2:43131) with 2 core(s)
[2026-04-03T08:13:18.095+0000] {spark_submit.py:579} INFO - 26/04/03 08:13:18 INFO StandaloneSchedulerBackend: Granted executor ID app-20260403080347-0005/175 on hostPort 172.20.0.2:43131 with 2 core(s), 1024.0 MiB RAM
[2026-04-03T08:13:18.117+0000] {spark_submit.py:579} INFO - 26/04/03 08:13:18 INFO StandaloneAppClient$ClientEndpoint: Executor updated: app-20260403080347-0005/175 is now RUNNING
[2026-04-03T08:13:21.009+0000] {spark_submit.py:579} INFO - 26/04/03 08:13:21 INFO StandaloneAppClient$ClientEndpoint: Executor updated: app-20260403080347-0005/175 is now EXITED (Command exited with code 1)
[2026-04-03T08:13:21.010+0000] {spark_submit.py:579} INFO - 26/04/03 08:13:21 INFO StandaloneSchedulerBackend: Executor app-20260403080347-0005/175 removed: Command exited with code 1
[2026-04-03T08:13:21.010+0000] {spark_submit.py:579} INFO - 26/04/03 08:13:21 INFO StandaloneAppClient$ClientEndpoint: Executor added: app-20260403080347-0005/176 on worker-20260403074029-172.20.0.2-43131 (172.20.0.2:43131) with 2 core(s)
[2026-04-03T08:13:21.010+0000] {spark_submit.py:579} INFO - 26/04/03 08:13:21 INFO BlockManagerMaster: Removal of executor 175 requested
[2026-04-03T08:13:21.011+0000] {spark_submit.py:579} INFO - 26/04/03 08:13:21 INFO BlockManagerMasterEndpoint: Trying to remove executor 175 from BlockManagerMaster.
[2026-04-03T08:13:21.011+0000] {spark_submit.py:579} INFO - 26/04/03 08:13:21 INFO StandaloneSchedulerBackend$StandaloneDriverEndpoint: Asked to remove non-existent executor 175
[2026-04-03T08:13:21.011+0000] {spark_submit.py:579} INFO - 26/04/03 08:13:21 INFO BlockManagerMasterEndpoint: Removed 175 successfully in removeExecutor
[2026-04-03T08:13:21.011+0000] {spark_submit.py:579} INFO - 26/04/03 08:13:21 INFO StandaloneSchedulerBackend: Granted executor ID app-20260403080347-0005/176 on hostPort 172.20.0.2:43131 with 2 core(s), 1024.0 MiB RAM
[2026-04-03T08:13:21.033+0000] {spark_submit.py:579} INFO - 26/04/03 08:13:21 INFO StandaloneAppClient$ClientEndpoint: Executor updated: app-20260403080347-0005/176 is now RUNNING
[2026-04-03T08:13:23.906+0000] {spark_submit.py:579} INFO - 26/04/03 08:13:23 INFO StandaloneAppClient$ClientEndpoint: Executor updated: app-20260403080347-0005/176 is now EXITED (Command exited with code 1)
[2026-04-03T08:13:23.906+0000] {spark_submit.py:579} INFO - 26/04/03 08:13:23 INFO StandaloneSchedulerBackend: Executor app-20260403080347-0005/176 removed: Command exited with code 1
[2026-04-03T08:13:23.907+0000] {spark_submit.py:579} INFO - 26/04/03 08:13:23 INFO StandaloneAppClient$ClientEndpoint: Executor added: app-20260403080347-0005/177 on worker-20260403074029-172.20.0.2-43131 (172.20.0.2:43131) with 2 core(s)
[2026-04-03T08:13:23.907+0000] {spark_submit.py:579} INFO - 26/04/03 08:13:23 INFO BlockManagerMasterEndpoint: Trying to remove executor 176 from BlockManagerMaster.
[2026-04-03T08:13:23.907+0000] {spark_submit.py:579} INFO - 26/04/03 08:13:23 INFO BlockManagerMaster: Removal of executor 176 requested
[2026-04-03T08:13:23.907+0000] {spark_submit.py:579} INFO - 26/04/03 08:13:23 INFO BlockManagerMasterEndpoint: Removed 176 successfully in removeExecutor
[2026-04-03T08:13:23.908+0000] {spark_submit.py:579} INFO - 26/04/03 08:13:23 INFO StandaloneSchedulerBackend: Granted executor ID app-20260403080347-0005/177 on hostPort 172.20.0.2:43131 with 2 core(s), 1024.0 MiB RAM
[2026-04-03T08:13:23.908+0000] {spark_submit.py:579} INFO - 26/04/03 08:13:23 INFO StandaloneSchedulerBackend$StandaloneDriverEndpoint: Asked to remove non-existent executor 176
[2026-04-03T08:13:23.929+0000] {spark_submit.py:579} INFO - 26/04/03 08:13:23 INFO StandaloneAppClient$ClientEndpoint: Executor updated: app-20260403080347-0005/177 is now RUNNING
[2026-04-03T08:13:26.409+0000] {spark_submit.py:579} INFO - 26/04/03 08:13:26 WARN TaskSchedulerImpl: Initial job has not accepted any resources; check your cluster UI to ensure that workers are registered and have sufficient resources
[2026-04-03T08:13:26.907+0000] {spark_submit.py:579} INFO - 26/04/03 08:13:26 INFO StandaloneAppClient$ClientEndpoint: Executor updated: app-20260403080347-0005/177 is now EXITED (Command exited with code 1)
[2026-04-03T08:13:26.908+0000] {spark_submit.py:579} INFO - 26/04/03 08:13:26 INFO StandaloneSchedulerBackend: Executor app-20260403080347-0005/177 removed: Command exited with code 1
[2026-04-03T08:13:26.909+0000] {spark_submit.py:579} INFO - 26/04/03 08:13:26 INFO BlockManagerMasterEndpoint: Trying to remove executor 177 from BlockManagerMaster.
[2026-04-03T08:13:26.909+0000] {spark_submit.py:579} INFO - 26/04/03 08:13:26 INFO BlockManagerMasterEndpoint: Removed 177 successfully in removeExecutor
[2026-04-03T08:13:26.909+0000] {spark_submit.py:579} INFO - 26/04/03 08:13:26 INFO BlockManagerMaster: Removal of executor 177 requested
[2026-04-03T08:13:26.909+0000] {spark_submit.py:579} INFO - 26/04/03 08:13:26 INFO StandaloneSchedulerBackend$StandaloneDriverEndpoint: Asked to remove non-existent executor 177
[2026-04-03T08:13:26.910+0000] {spark_submit.py:579} INFO - 26/04/03 08:13:26 INFO StandaloneAppClient$ClientEndpoint: Executor added: app-20260403080347-0005/178 on worker-20260403074029-172.20.0.2-43131 (172.20.0.2:43131) with 2 core(s)
[2026-04-03T08:13:26.910+0000] {spark_submit.py:579} INFO - 26/04/03 08:13:26 INFO StandaloneSchedulerBackend: Granted executor ID app-20260403080347-0005/178 on hostPort 172.20.0.2:43131 with 2 core(s), 1024.0 MiB RAM
[2026-04-03T08:13:26.931+0000] {spark_submit.py:579} INFO - 26/04/03 08:13:26 INFO StandaloneAppClient$ClientEndpoint: Executor updated: app-20260403080347-0005/178 is now RUNNING
[2026-04-03T08:13:29.845+0000] {spark_submit.py:579} INFO - 26/04/03 08:13:29 INFO StandaloneAppClient$ClientEndpoint: Executor updated: app-20260403080347-0005/178 is now EXITED (Command exited with code 1)
[2026-04-03T08:13:29.845+0000] {spark_submit.py:579} INFO - 26/04/03 08:13:29 INFO StandaloneSchedulerBackend: Executor app-20260403080347-0005/178 removed: Command exited with code 1
[2026-04-03T08:13:29.846+0000] {spark_submit.py:579} INFO - 26/04/03 08:13:29 INFO StandaloneAppClient$ClientEndpoint: Executor added: app-20260403080347-0005/179 on worker-20260403074029-172.20.0.2-43131 (172.20.0.2:43131) with 2 core(s)
[2026-04-03T08:13:29.846+0000] {spark_submit.py:579} INFO - 26/04/03 08:13:29 INFO BlockManagerMaster: Removal of executor 178 requested
[2026-04-03T08:13:29.846+0000] {spark_submit.py:579} INFO - 26/04/03 08:13:29 INFO BlockManagerMasterEndpoint: Trying to remove executor 178 from BlockManagerMaster.
[2026-04-03T08:13:29.847+0000] {spark_submit.py:579} INFO - 26/04/03 08:13:29 INFO StandaloneSchedulerBackend: Granted executor ID app-20260403080347-0005/179 on hostPort 172.20.0.2:43131 with 2 core(s), 1024.0 MiB RAM
[2026-04-03T08:13:29.847+0000] {spark_submit.py:579} INFO - 26/04/03 08:13:29 INFO StandaloneSchedulerBackend$StandaloneDriverEndpoint: Asked to remove non-existent executor 178
[2026-04-03T08:13:29.847+0000] {spark_submit.py:579} INFO - 26/04/03 08:13:29 INFO BlockManagerMasterEndpoint: Removed 178 successfully in removeExecutor
[2026-04-03T08:13:29.869+0000] {spark_submit.py:579} INFO - 26/04/03 08:13:29 INFO StandaloneAppClient$ClientEndpoint: Executor updated: app-20260403080347-0005/179 is now RUNNING
[2026-04-03T08:13:32.821+0000] {spark_submit.py:579} INFO - 26/04/03 08:13:32 INFO StandaloneAppClient$ClientEndpoint: Executor updated: app-20260403080347-0005/179 is now EXITED (Command exited with code 1)
[2026-04-03T08:13:32.822+0000] {spark_submit.py:579} INFO - 26/04/03 08:13:32 INFO StandaloneSchedulerBackend: Executor app-20260403080347-0005/179 removed: Command exited with code 1
[2026-04-03T08:13:32.822+0000] {spark_submit.py:579} INFO - 26/04/03 08:13:32 INFO BlockManagerMaster: Removal of executor 179 requested
[2026-04-03T08:13:32.823+0000] {spark_submit.py:579} INFO - 26/04/03 08:13:32 INFO BlockManagerMasterEndpoint: Trying to remove executor 179 from BlockManagerMaster.
[2026-04-03T08:13:32.823+0000] {spark_submit.py:579} INFO - 26/04/03 08:13:32 INFO BlockManagerMasterEndpoint: Removed 179 successfully in removeExecutor
[2026-04-03T08:13:32.823+0000] {spark_submit.py:579} INFO - 26/04/03 08:13:32 INFO StandaloneSchedulerBackend$StandaloneDriverEndpoint: Asked to remove non-existent executor 179
[2026-04-03T08:13:32.823+0000] {spark_submit.py:579} INFO - 26/04/03 08:13:32 INFO StandaloneAppClient$ClientEndpoint: Executor added: app-20260403080347-0005/180 on worker-20260403074029-172.20.0.2-43131 (172.20.0.2:43131) with 2 core(s)
[2026-04-03T08:13:32.824+0000] {spark_submit.py:579} INFO - 26/04/03 08:13:32 INFO StandaloneSchedulerBackend: Granted executor ID app-20260403080347-0005/180 on hostPort 172.20.0.2:43131 with 2 core(s), 1024.0 MiB RAM
[2026-04-03T08:13:32.850+0000] {spark_submit.py:579} INFO - 26/04/03 08:13:32 INFO StandaloneAppClient$ClientEndpoint: Executor updated: app-20260403080347-0005/180 is now RUNNING
[2026-04-03T08:13:35.841+0000] {spark_submit.py:579} INFO - 26/04/03 08:13:35 INFO StandaloneAppClient$ClientEndpoint: Executor updated: app-20260403080347-0005/180 is now EXITED (Command exited with code 1)
[2026-04-03T08:13:35.842+0000] {spark_submit.py:579} INFO - 26/04/03 08:13:35 INFO StandaloneSchedulerBackend: Executor app-20260403080347-0005/180 removed: Command exited with code 1
[2026-04-03T08:13:35.842+0000] {spark_submit.py:579} INFO - 26/04/03 08:13:35 INFO StandaloneAppClient$ClientEndpoint: Executor added: app-20260403080347-0005/181 on worker-20260403074029-172.20.0.2-43131 (172.20.0.2:43131) with 2 core(s)
[2026-04-03T08:13:35.843+0000] {spark_submit.py:579} INFO - 26/04/03 08:13:35 INFO BlockManagerMaster: Removal of executor 180 requested
[2026-04-03T08:13:35.843+0000] {spark_submit.py:579} INFO - 26/04/03 08:13:35 INFO BlockManagerMasterEndpoint: Trying to remove executor 180 from BlockManagerMaster.
[2026-04-03T08:13:35.843+0000] {spark_submit.py:579} INFO - 26/04/03 08:13:35 INFO StandaloneSchedulerBackend: Granted executor ID app-20260403080347-0005/181 on hostPort 172.20.0.2:43131 with 2 core(s), 1024.0 MiB RAM
[2026-04-03T08:13:35.844+0000] {spark_submit.py:579} INFO - 26/04/03 08:13:35 INFO StandaloneSchedulerBackend$StandaloneDriverEndpoint: Asked to remove non-existent executor 180
[2026-04-03T08:13:35.844+0000] {spark_submit.py:579} INFO - 26/04/03 08:13:35 INFO BlockManagerMasterEndpoint: Removed 180 successfully in removeExecutor
[2026-04-03T08:13:35.865+0000] {spark_submit.py:579} INFO - 26/04/03 08:13:35 INFO StandaloneAppClient$ClientEndpoint: Executor updated: app-20260403080347-0005/181 is now RUNNING
[2026-04-03T08:13:38.753+0000] {spark_submit.py:579} INFO - 26/04/03 08:13:38 INFO StandaloneAppClient$ClientEndpoint: Executor updated: app-20260403080347-0005/181 is now EXITED (Command exited with code 1)
[2026-04-03T08:13:38.754+0000] {spark_submit.py:579} INFO - 26/04/03 08:13:38 INFO StandaloneSchedulerBackend: Executor app-20260403080347-0005/181 removed: Command exited with code 1
[2026-04-03T08:13:38.754+0000] {spark_submit.py:579} INFO - 26/04/03 08:13:38 INFO StandaloneAppClient$ClientEndpoint: Executor added: app-20260403080347-0005/182 on worker-20260403074029-172.20.0.2-43131 (172.20.0.2:43131) with 2 core(s)
[2026-04-03T08:13:38.755+0000] {spark_submit.py:579} INFO - 26/04/03 08:13:38 INFO StandaloneSchedulerBackend: Granted executor ID app-20260403080347-0005/182 on hostPort 172.20.0.2:43131 with 2 core(s), 1024.0 MiB RAM
[2026-04-03T08:13:38.755+0000] {spark_submit.py:579} INFO - 26/04/03 08:13:38 INFO BlockManagerMaster: Removal of executor 181 requested
[2026-04-03T08:13:38.755+0000] {spark_submit.py:579} INFO - 26/04/03 08:13:38 INFO BlockManagerMasterEndpoint: Trying to remove executor 181 from BlockManagerMaster.
[2026-04-03T08:13:38.755+0000] {spark_submit.py:579} INFO - 26/04/03 08:13:38 INFO BlockManagerMasterEndpoint: Removed 181 successfully in removeExecutor
[2026-04-03T08:13:38.756+0000] {spark_submit.py:579} INFO - 26/04/03 08:13:38 INFO StandaloneSchedulerBackend$StandaloneDriverEndpoint: Asked to remove non-existent executor 181
[2026-04-03T08:13:38.776+0000] {spark_submit.py:579} INFO - 26/04/03 08:13:38 INFO StandaloneAppClient$ClientEndpoint: Executor updated: app-20260403080347-0005/182 is now RUNNING
[2026-04-03T08:13:41.409+0000] {spark_submit.py:579} INFO - 26/04/03 08:13:41 WARN TaskSchedulerImpl: Initial job has not accepted any resources; check your cluster UI to ensure that workers are registered and have sufficient resources
[2026-04-03T08:13:41.627+0000] {spark_submit.py:579} INFO - 26/04/03 08:13:41 INFO StandaloneAppClient$ClientEndpoint: Executor updated: app-20260403080347-0005/182 is now EXITED (Command exited with code 1)
[2026-04-03T08:13:41.628+0000] {spark_submit.py:579} INFO - 26/04/03 08:13:41 INFO StandaloneSchedulerBackend: Executor app-20260403080347-0005/182 removed: Command exited with code 1
[2026-04-03T08:13:41.628+0000] {spark_submit.py:579} INFO - 26/04/03 08:13:41 INFO BlockManagerMasterEndpoint: Trying to remove executor 182 from BlockManagerMaster.
[2026-04-03T08:13:41.628+0000] {spark_submit.py:579} INFO - 26/04/03 08:13:41 INFO BlockManagerMaster: Removal of executor 182 requested
[2026-04-03T08:13:41.629+0000] {spark_submit.py:579} INFO - 26/04/03 08:13:41 INFO BlockManagerMasterEndpoint: Removed 182 successfully in removeExecutor
[2026-04-03T08:13:41.629+0000] {spark_submit.py:579} INFO - 26/04/03 08:13:41 INFO StandaloneSchedulerBackend$StandaloneDriverEndpoint: Asked to remove non-existent executor 182
[2026-04-03T08:13:41.629+0000] {spark_submit.py:579} INFO - 26/04/03 08:13:41 INFO StandaloneAppClient$ClientEndpoint: Executor added: app-20260403080347-0005/183 on worker-20260403074029-172.20.0.2-43131 (172.20.0.2:43131) with 2 core(s)
[2026-04-03T08:13:41.630+0000] {spark_submit.py:579} INFO - 26/04/03 08:13:41 INFO StandaloneSchedulerBackend: Granted executor ID app-20260403080347-0005/183 on hostPort 172.20.0.2:43131 with 2 core(s), 1024.0 MiB RAM
[2026-04-03T08:13:41.657+0000] {spark_submit.py:579} INFO - 26/04/03 08:13:41 INFO StandaloneAppClient$ClientEndpoint: Executor updated: app-20260403080347-0005/183 is now RUNNING
[2026-04-03T08:13:44.500+0000] {spark_submit.py:579} INFO - 26/04/03 08:13:44 INFO StandaloneAppClient$ClientEndpoint: Executor updated: app-20260403080347-0005/183 is now EXITED (Command exited with code 1)
[2026-04-03T08:13:44.501+0000] {spark_submit.py:579} INFO - 26/04/03 08:13:44 INFO StandaloneSchedulerBackend: Executor app-20260403080347-0005/183 removed: Command exited with code 1
[2026-04-03T08:13:44.501+0000] {spark_submit.py:579} INFO - 26/04/03 08:13:44 INFO StandaloneAppClient$ClientEndpoint: Executor added: app-20260403080347-0005/184 on worker-20260403074029-172.20.0.2-43131 (172.20.0.2:43131) with 2 core(s)
[2026-04-03T08:13:44.501+0000] {spark_submit.py:579} INFO - 26/04/03 08:13:44 INFO BlockManagerMaster: Removal of executor 183 requested
[2026-04-03T08:13:44.501+0000] {spark_submit.py:579} INFO - 26/04/03 08:13:44 INFO BlockManagerMasterEndpoint: Trying to remove executor 183 from BlockManagerMaster.
[2026-04-03T08:13:44.502+0000] {spark_submit.py:579} INFO - 26/04/03 08:13:44 INFO StandaloneSchedulerBackend$StandaloneDriverEndpoint: Asked to remove non-existent executor 183
[2026-04-03T08:13:44.502+0000] {spark_submit.py:579} INFO - 26/04/03 08:13:44 INFO BlockManagerMasterEndpoint: Removed 183 successfully in removeExecutor
[2026-04-03T08:13:44.502+0000] {spark_submit.py:579} INFO - 26/04/03 08:13:44 INFO StandaloneSchedulerBackend: Granted executor ID app-20260403080347-0005/184 on hostPort 172.20.0.2:43131 with 2 core(s), 1024.0 MiB RAM
[2026-04-03T08:13:44.523+0000] {spark_submit.py:579} INFO - 26/04/03 08:13:44 INFO StandaloneAppClient$ClientEndpoint: Executor updated: app-20260403080347-0005/184 is now RUNNING
[2026-04-03T08:13:47.487+0000] {spark_submit.py:579} INFO - 26/04/03 08:13:47 INFO StandaloneAppClient$ClientEndpoint: Executor updated: app-20260403080347-0005/184 is now EXITED (Command exited with code 1)
[2026-04-03T08:13:47.488+0000] {spark_submit.py:579} INFO - 26/04/03 08:13:47 INFO StandaloneSchedulerBackend: Executor app-20260403080347-0005/184 removed: Command exited with code 1
[2026-04-03T08:13:47.489+0000] {spark_submit.py:579} INFO - 26/04/03 08:13:47 INFO BlockManagerMasterEndpoint: Trying to remove executor 184 from BlockManagerMaster.
[2026-04-03T08:13:47.489+0000] {spark_submit.py:579} INFO - 26/04/03 08:13:47 INFO BlockManagerMaster: Removal of executor 184 requested
[2026-04-03T08:13:47.489+0000] {spark_submit.py:579} INFO - 26/04/03 08:13:47 INFO BlockManagerMasterEndpoint: Removed 184 successfully in removeExecutor
[2026-04-03T08:13:47.489+0000] {spark_submit.py:579} INFO - 26/04/03 08:13:47 INFO StandaloneSchedulerBackend$StandaloneDriverEndpoint: Asked to remove non-existent executor 184
[2026-04-03T08:13:47.490+0000] {spark_submit.py:579} INFO - 26/04/03 08:13:47 INFO StandaloneAppClient$ClientEndpoint: Executor added: app-20260403080347-0005/185 on worker-20260403074029-172.20.0.2-43131 (172.20.0.2:43131) with 2 core(s)
[2026-04-03T08:13:47.490+0000] {spark_submit.py:579} INFO - 26/04/03 08:13:47 INFO StandaloneSchedulerBackend: Granted executor ID app-20260403080347-0005/185 on hostPort 172.20.0.2:43131 with 2 core(s), 1024.0 MiB RAM
[2026-04-03T08:13:47.513+0000] {spark_submit.py:579} INFO - 26/04/03 08:13:47 INFO StandaloneAppClient$ClientEndpoint: Executor updated: app-20260403080347-0005/185 is now RUNNING
[2026-04-03T08:13:50.428+0000] {spark_submit.py:579} INFO - 26/04/03 08:13:50 INFO StandaloneAppClient$ClientEndpoint: Executor updated: app-20260403080347-0005/185 is now EXITED (Command exited with code 1)
[2026-04-03T08:13:50.429+0000] {spark_submit.py:579} INFO - 26/04/03 08:13:50 INFO StandaloneSchedulerBackend: Executor app-20260403080347-0005/185 removed: Command exited with code 1
[2026-04-03T08:13:50.429+0000] {spark_submit.py:579} INFO - 26/04/03 08:13:50 INFO StandaloneAppClient$ClientEndpoint: Executor added: app-20260403080347-0005/186 on worker-20260403074029-172.20.0.2-43131 (172.20.0.2:43131) with 2 core(s)
[2026-04-03T08:13:50.430+0000] {spark_submit.py:579} INFO - 26/04/03 08:13:50 INFO BlockManagerMasterEndpoint: Trying to remove executor 185 from BlockManagerMaster.
[2026-04-03T08:13:50.430+0000] {spark_submit.py:579} INFO - 26/04/03 08:13:50 INFO BlockManagerMasterEndpoint: Removed 185 successfully in removeExecutor
[2026-04-03T08:13:50.430+0000] {spark_submit.py:579} INFO - 26/04/03 08:13:50 INFO BlockManagerMaster: Removal of executor 185 requested
[2026-04-03T08:13:50.430+0000] {spark_submit.py:579} INFO - 26/04/03 08:13:50 INFO StandaloneSchedulerBackend: Granted executor ID app-20260403080347-0005/186 on hostPort 172.20.0.2:43131 with 2 core(s), 1024.0 MiB RAM
[2026-04-03T08:13:50.431+0000] {spark_submit.py:579} INFO - 26/04/03 08:13:50 INFO StandaloneSchedulerBackend$StandaloneDriverEndpoint: Asked to remove non-existent executor 185
[2026-04-03T08:13:50.462+0000] {spark_submit.py:579} INFO - 26/04/03 08:13:50 INFO StandaloneAppClient$ClientEndpoint: Executor updated: app-20260403080347-0005/186 is now RUNNING
[2026-04-03T08:13:53.384+0000] {spark_submit.py:579} INFO - 26/04/03 08:13:53 INFO StandaloneAppClient$ClientEndpoint: Executor updated: app-20260403080347-0005/186 is now EXITED (Command exited with code 1)
[2026-04-03T08:13:53.385+0000] {spark_submit.py:579} INFO - 26/04/03 08:13:53 INFO StandaloneSchedulerBackend: Executor app-20260403080347-0005/186 removed: Command exited with code 1
[2026-04-03T08:13:53.385+0000] {spark_submit.py:579} INFO - 26/04/03 08:13:53 INFO StandaloneAppClient$ClientEndpoint: Executor added: app-20260403080347-0005/187 on worker-20260403074029-172.20.0.2-43131 (172.20.0.2:43131) with 2 core(s)
[2026-04-03T08:13:53.386+0000] {spark_submit.py:579} INFO - 26/04/03 08:13:53 INFO BlockManagerMaster: Removal of executor 186 requested
[2026-04-03T08:13:53.386+0000] {spark_submit.py:579} INFO - 26/04/03 08:13:53 INFO BlockManagerMasterEndpoint: Trying to remove executor 186 from BlockManagerMaster.
[2026-04-03T08:13:53.386+0000] {spark_submit.py:579} INFO - 26/04/03 08:13:53 INFO StandaloneSchedulerBackend$StandaloneDriverEndpoint: Asked to remove non-existent executor 186
[2026-04-03T08:13:53.386+0000] {spark_submit.py:579} INFO - 26/04/03 08:13:53 INFO BlockManagerMasterEndpoint: Removed 186 successfully in removeExecutor
[2026-04-03T08:13:53.387+0000] {spark_submit.py:579} INFO - 26/04/03 08:13:53 INFO StandaloneSchedulerBackend: Granted executor ID app-20260403080347-0005/187 on hostPort 172.20.0.2:43131 with 2 core(s), 1024.0 MiB RAM
[2026-04-03T08:13:53.410+0000] {spark_submit.py:579} INFO - 26/04/03 08:13:53 INFO StandaloneAppClient$ClientEndpoint: Executor updated: app-20260403080347-0005/187 is now RUNNING
[2026-04-03T08:13:56.409+0000] {spark_submit.py:579} INFO - 26/04/03 08:13:56 WARN TaskSchedulerImpl: Initial job has not accepted any resources; check your cluster UI to ensure that workers are registered and have sufficient resources
[2026-04-03T08:13:56.411+0000] {spark_submit.py:579} INFO - 26/04/03 08:13:56 INFO StandaloneAppClient$ClientEndpoint: Executor updated: app-20260403080347-0005/187 is now EXITED (Command exited with code 1)
[2026-04-03T08:13:56.412+0000] {spark_submit.py:579} INFO - 26/04/03 08:13:56 INFO StandaloneSchedulerBackend: Executor app-20260403080347-0005/187 removed: Command exited with code 1
[2026-04-03T08:13:56.412+0000] {spark_submit.py:579} INFO - 26/04/03 08:13:56 INFO StandaloneAppClient$ClientEndpoint: Executor added: app-20260403080347-0005/188 on worker-20260403074029-172.20.0.2-43131 (172.20.0.2:43131) with 2 core(s)
[2026-04-03T08:13:56.412+0000] {spark_submit.py:579} INFO - 26/04/03 08:13:56 INFO BlockManagerMaster: Removal of executor 187 requested
[2026-04-03T08:13:56.412+0000] {spark_submit.py:579} INFO - 26/04/03 08:13:56 INFO BlockManagerMasterEndpoint: Trying to remove executor 187 from BlockManagerMaster.
[2026-04-03T08:13:56.413+0000] {spark_submit.py:579} INFO - 26/04/03 08:13:56 INFO StandaloneSchedulerBackend: Granted executor ID app-20260403080347-0005/188 on hostPort 172.20.0.2:43131 with 2 core(s), 1024.0 MiB RAM
[2026-04-03T08:13:56.413+0000] {spark_submit.py:579} INFO - 26/04/03 08:13:56 INFO BlockManagerMasterEndpoint: Removed 187 successfully in removeExecutor
[2026-04-03T08:13:56.413+0000] {spark_submit.py:579} INFO - 26/04/03 08:13:56 INFO StandaloneSchedulerBackend$StandaloneDriverEndpoint: Asked to remove non-existent executor 187
[2026-04-03T08:13:56.435+0000] {spark_submit.py:579} INFO - 26/04/03 08:13:56 INFO StandaloneAppClient$ClientEndpoint: Executor updated: app-20260403080347-0005/188 is now RUNNING
[2026-04-03T08:13:59.254+0000] {spark_submit.py:579} INFO - 26/04/03 08:13:59 INFO StandaloneAppClient$ClientEndpoint: Executor updated: app-20260403080347-0005/188 is now EXITED (Command exited with code 1)
[2026-04-03T08:13:59.255+0000] {spark_submit.py:579} INFO - 26/04/03 08:13:59 INFO StandaloneSchedulerBackend: Executor app-20260403080347-0005/188 removed: Command exited with code 1
[2026-04-03T08:13:59.255+0000] {spark_submit.py:579} INFO - 26/04/03 08:13:59 INFO BlockManagerMaster: Removal of executor 188 requested
[2026-04-03T08:13:59.255+0000] {spark_submit.py:579} INFO - 26/04/03 08:13:59 INFO BlockManagerMasterEndpoint: Trying to remove executor 188 from BlockManagerMaster.
[2026-04-03T08:13:59.255+0000] {spark_submit.py:579} INFO - 26/04/03 08:13:59 INFO StandaloneSchedulerBackend$StandaloneDriverEndpoint: Asked to remove non-existent executor 188
[2026-04-03T08:13:59.256+0000] {spark_submit.py:579} INFO - 26/04/03 08:13:59 INFO BlockManagerMasterEndpoint: Removed 188 successfully in removeExecutor
[2026-04-03T08:13:59.256+0000] {spark_submit.py:579} INFO - 26/04/03 08:13:59 INFO StandaloneAppClient$ClientEndpoint: Executor added: app-20260403080347-0005/189 on worker-20260403074029-172.20.0.2-43131 (172.20.0.2:43131) with 2 core(s)
[2026-04-03T08:13:59.256+0000] {spark_submit.py:579} INFO - 26/04/03 08:13:59 INFO StandaloneSchedulerBackend: Granted executor ID app-20260403080347-0005/189 on hostPort 172.20.0.2:43131 with 2 core(s), 1024.0 MiB RAM
[2026-04-03T08:13:59.277+0000] {spark_submit.py:579} INFO - 26/04/03 08:13:59 INFO StandaloneAppClient$ClientEndpoint: Executor updated: app-20260403080347-0005/189 is now RUNNING
[2026-04-03T08:14:02.253+0000] {spark_submit.py:579} INFO - 26/04/03 08:14:02 INFO StandaloneAppClient$ClientEndpoint: Executor updated: app-20260403080347-0005/189 is now EXITED (Command exited with code 1)
[2026-04-03T08:14:02.254+0000] {spark_submit.py:579} INFO - 26/04/03 08:14:02 INFO StandaloneSchedulerBackend: Executor app-20260403080347-0005/189 removed: Command exited with code 1
[2026-04-03T08:14:02.255+0000] {spark_submit.py:579} INFO - 26/04/03 08:14:02 INFO BlockManagerMaster: Removal of executor 189 requested
[2026-04-03T08:14:02.255+0000] {spark_submit.py:579} INFO - 26/04/03 08:14:02 INFO BlockManagerMasterEndpoint: Trying to remove executor 189 from BlockManagerMaster.
[2026-04-03T08:14:02.255+0000] {spark_submit.py:579} INFO - 26/04/03 08:14:02 INFO StandaloneSchedulerBackend$StandaloneDriverEndpoint: Asked to remove non-existent executor 189
[2026-04-03T08:14:02.255+0000] {spark_submit.py:579} INFO - 26/04/03 08:14:02 INFO BlockManagerMasterEndpoint: Removed 189 successfully in removeExecutor
[2026-04-03T08:14:02.255+0000] {spark_submit.py:579} INFO - 26/04/03 08:14:02 INFO StandaloneAppClient$ClientEndpoint: Executor added: app-20260403080347-0005/190 on worker-20260403074029-172.20.0.2-43131 (172.20.0.2:43131) with 2 core(s)
[2026-04-03T08:14:02.256+0000] {spark_submit.py:579} INFO - 26/04/03 08:14:02 INFO StandaloneSchedulerBackend: Granted executor ID app-20260403080347-0005/190 on hostPort 172.20.0.2:43131 with 2 core(s), 1024.0 MiB RAM
[2026-04-03T08:14:02.277+0000] {spark_submit.py:579} INFO - 26/04/03 08:14:02 INFO StandaloneAppClient$ClientEndpoint: Executor updated: app-20260403080347-0005/190 is now RUNNING
[2026-04-03T08:14:05.176+0000] {spark_submit.py:579} INFO - 26/04/03 08:14:05 INFO StandaloneAppClient$ClientEndpoint: Executor updated: app-20260403080347-0005/190 is now EXITED (Command exited with code 1)
[2026-04-03T08:14:05.177+0000] {spark_submit.py:579} INFO - 26/04/03 08:14:05 INFO StandaloneSchedulerBackend: Executor app-20260403080347-0005/190 removed: Command exited with code 1
[2026-04-03T08:14:05.177+0000] {spark_submit.py:579} INFO - 26/04/03 08:14:05 INFO BlockManagerMaster: Removal of executor 190 requested
[2026-04-03T08:14:05.177+0000] {spark_submit.py:579} INFO - 26/04/03 08:14:05 INFO BlockManagerMasterEndpoint: Trying to remove executor 190 from BlockManagerMaster.
[2026-04-03T08:14:05.178+0000] {spark_submit.py:579} INFO - 26/04/03 08:14:05 INFO BlockManagerMasterEndpoint: Removed 190 successfully in removeExecutor
[2026-04-03T08:14:05.178+0000] {spark_submit.py:579} INFO - 26/04/03 08:14:05 INFO StandaloneSchedulerBackend$StandaloneDriverEndpoint: Asked to remove non-existent executor 190
[2026-04-03T08:14:05.178+0000] {spark_submit.py:579} INFO - 26/04/03 08:14:05 INFO StandaloneAppClient$ClientEndpoint: Executor added: app-20260403080347-0005/191 on worker-20260403074029-172.20.0.2-43131 (172.20.0.2:43131) with 2 core(s)
[2026-04-03T08:14:05.178+0000] {spark_submit.py:579} INFO - 26/04/03 08:14:05 INFO StandaloneSchedulerBackend: Granted executor ID app-20260403080347-0005/191 on hostPort 172.20.0.2:43131 with 2 core(s), 1024.0 MiB RAM
[2026-04-03T08:14:05.200+0000] {spark_submit.py:579} INFO - 26/04/03 08:14:05 INFO StandaloneAppClient$ClientEndpoint: Executor updated: app-20260403080347-0005/191 is now RUNNING
[2026-04-03T08:14:08.188+0000] {spark_submit.py:579} INFO - 26/04/03 08:14:08 INFO StandaloneAppClient$ClientEndpoint: Executor updated: app-20260403080347-0005/191 is now EXITED (Command exited with code 1)
[2026-04-03T08:14:08.188+0000] {spark_submit.py:579} INFO - 26/04/03 08:14:08 INFO StandaloneSchedulerBackend: Executor app-20260403080347-0005/191 removed: Command exited with code 1
[2026-04-03T08:14:08.189+0000] {spark_submit.py:579} INFO - 26/04/03 08:14:08 INFO BlockManagerMaster: Removal of executor 191 requested
[2026-04-03T08:14:08.189+0000] {spark_submit.py:579} INFO - 26/04/03 08:14:08 INFO StandaloneAppClient$ClientEndpoint: Executor added: app-20260403080347-0005/192 on worker-20260403074029-172.20.0.2-43131 (172.20.0.2:43131) with 2 core(s)
[2026-04-03T08:14:08.189+0000] {spark_submit.py:579} INFO - 26/04/03 08:14:08 INFO BlockManagerMasterEndpoint: Trying to remove executor 191 from BlockManagerMaster.
[2026-04-03T08:14:08.189+0000] {spark_submit.py:579} INFO - 26/04/03 08:14:08 INFO StandaloneSchedulerBackend$StandaloneDriverEndpoint: Asked to remove non-existent executor 191
[2026-04-03T08:14:08.190+0000] {spark_submit.py:579} INFO - 26/04/03 08:14:08 INFO BlockManagerMasterEndpoint: Removed 191 successfully in removeExecutor
[2026-04-03T08:14:08.190+0000] {spark_submit.py:579} INFO - 26/04/03 08:14:08 INFO StandaloneSchedulerBackend: Granted executor ID app-20260403080347-0005/192 on hostPort 172.20.0.2:43131 with 2 core(s), 1024.0 MiB RAM
[2026-04-03T08:14:08.212+0000] {spark_submit.py:579} INFO - 26/04/03 08:14:08 INFO StandaloneAppClient$ClientEndpoint: Executor updated: app-20260403080347-0005/192 is now RUNNING
[2026-04-03T08:14:11.191+0000] {spark_submit.py:579} INFO - 26/04/03 08:14:11 INFO StandaloneAppClient$ClientEndpoint: Executor updated: app-20260403080347-0005/192 is now EXITED (Command exited with code 1)
[2026-04-03T08:14:11.192+0000] {spark_submit.py:579} INFO - 26/04/03 08:14:11 INFO StandaloneSchedulerBackend: Executor app-20260403080347-0005/192 removed: Command exited with code 1
[2026-04-03T08:14:11.192+0000] {spark_submit.py:579} INFO - 26/04/03 08:14:11 INFO StandaloneAppClient$ClientEndpoint: Executor added: app-20260403080347-0005/193 on worker-20260403074029-172.20.0.2-43131 (172.20.0.2:43131) with 2 core(s)
[2026-04-03T08:14:11.192+0000] {spark_submit.py:579} INFO - 26/04/03 08:14:11 INFO BlockManagerMaster: Removal of executor 192 requested
[2026-04-03T08:14:11.193+0000] {spark_submit.py:579} INFO - 26/04/03 08:14:11 INFO BlockManagerMasterEndpoint: Trying to remove executor 192 from BlockManagerMaster.
[2026-04-03T08:14:11.193+0000] {spark_submit.py:579} INFO - 26/04/03 08:14:11 INFO StandaloneSchedulerBackend: Granted executor ID app-20260403080347-0005/193 on hostPort 172.20.0.2:43131 with 2 core(s), 1024.0 MiB RAM
[2026-04-03T08:14:11.193+0000] {spark_submit.py:579} INFO - 26/04/03 08:14:11 INFO StandaloneSchedulerBackend$StandaloneDriverEndpoint: Asked to remove non-existent executor 192
[2026-04-03T08:14:11.194+0000] {spark_submit.py:579} INFO - 26/04/03 08:14:11 INFO BlockManagerMasterEndpoint: Removed 192 successfully in removeExecutor
[2026-04-03T08:14:11.216+0000] {spark_submit.py:579} INFO - 26/04/03 08:14:11 INFO StandaloneAppClient$ClientEndpoint: Executor updated: app-20260403080347-0005/193 is now RUNNING
[2026-04-03T08:14:11.409+0000] {spark_submit.py:579} INFO - 26/04/03 08:14:11 WARN TaskSchedulerImpl: Initial job has not accepted any resources; check your cluster UI to ensure that workers are registered and have sufficient resources
[2026-04-03T08:14:14.056+0000] {spark_submit.py:579} INFO - 26/04/03 08:14:14 INFO StandaloneAppClient$ClientEndpoint: Executor updated: app-20260403080347-0005/193 is now EXITED (Command exited with code 1)
[2026-04-03T08:14:14.057+0000] {spark_submit.py:579} INFO - 26/04/03 08:14:14 INFO StandaloneSchedulerBackend: Executor app-20260403080347-0005/193 removed: Command exited with code 1
[2026-04-03T08:14:14.057+0000] {spark_submit.py:579} INFO - 26/04/03 08:14:14 INFO StandaloneAppClient$ClientEndpoint: Executor added: app-20260403080347-0005/194 on worker-20260403074029-172.20.0.2-43131 (172.20.0.2:43131) with 2 core(s)
[2026-04-03T08:14:14.058+0000] {spark_submit.py:579} INFO - 26/04/03 08:14:14 INFO BlockManagerMasterEndpoint: Trying to remove executor 193 from BlockManagerMaster.
[2026-04-03T08:14:14.058+0000] {spark_submit.py:579} INFO - 26/04/03 08:14:14 INFO BlockManagerMaster: Removal of executor 193 requested
[2026-04-03T08:14:14.058+0000] {spark_submit.py:579} INFO - 26/04/03 08:14:14 INFO StandaloneSchedulerBackend$StandaloneDriverEndpoint: Asked to remove non-existent executor 193
[2026-04-03T08:14:14.058+0000] {spark_submit.py:579} INFO - 26/04/03 08:14:14 INFO BlockManagerMasterEndpoint: Removed 193 successfully in removeExecutor
[2026-04-03T08:14:14.059+0000] {spark_submit.py:579} INFO - 26/04/03 08:14:14 INFO StandaloneSchedulerBackend: Granted executor ID app-20260403080347-0005/194 on hostPort 172.20.0.2:43131 with 2 core(s), 1024.0 MiB RAM
[2026-04-03T08:14:14.080+0000] {spark_submit.py:579} INFO - 26/04/03 08:14:14 INFO StandaloneAppClient$ClientEndpoint: Executor updated: app-20260403080347-0005/194 is now RUNNING
[2026-04-03T08:14:17.045+0000] {spark_submit.py:579} INFO - 26/04/03 08:14:17 INFO StandaloneAppClient$ClientEndpoint: Executor updated: app-20260403080347-0005/194 is now EXITED (Command exited with code 1)
[2026-04-03T08:14:17.046+0000] {spark_submit.py:579} INFO - 26/04/03 08:14:17 INFO StandaloneSchedulerBackend: Executor app-20260403080347-0005/194 removed: Command exited with code 1
[2026-04-03T08:14:17.046+0000] {spark_submit.py:579} INFO - 26/04/03 08:14:17 INFO StandaloneAppClient$ClientEndpoint: Executor added: app-20260403080347-0005/195 on worker-20260403074029-172.20.0.2-43131 (172.20.0.2:43131) with 2 core(s)
[2026-04-03T08:14:17.047+0000] {spark_submit.py:579} INFO - 26/04/03 08:14:17 INFO BlockManagerMaster: Removal of executor 194 requested
[2026-04-03T08:14:17.047+0000] {spark_submit.py:579} INFO - 26/04/03 08:14:17 INFO BlockManagerMasterEndpoint: Trying to remove executor 194 from BlockManagerMaster.
[2026-04-03T08:14:17.047+0000] {spark_submit.py:579} INFO - 26/04/03 08:14:17 INFO BlockManagerMasterEndpoint: Removed 194 successfully in removeExecutor
[2026-04-03T08:14:17.047+0000] {spark_submit.py:579} INFO - 26/04/03 08:14:17 INFO StandaloneSchedulerBackend$StandaloneDriverEndpoint: Asked to remove non-existent executor 194
[2026-04-03T08:14:17.048+0000] {spark_submit.py:579} INFO - 26/04/03 08:14:17 INFO StandaloneSchedulerBackend: Granted executor ID app-20260403080347-0005/195 on hostPort 172.20.0.2:43131 with 2 core(s), 1024.0 MiB RAM
[2026-04-03T08:14:17.072+0000] {spark_submit.py:579} INFO - 26/04/03 08:14:17 INFO StandaloneAppClient$ClientEndpoint: Executor updated: app-20260403080347-0005/195 is now RUNNING
[2026-04-03T08:14:20.060+0000] {spark_submit.py:579} INFO - 26/04/03 08:14:20 INFO StandaloneAppClient$ClientEndpoint: Executor updated: app-20260403080347-0005/195 is now EXITED (Command exited with code 1)
[2026-04-03T08:14:20.061+0000] {spark_submit.py:579} INFO - 26/04/03 08:14:20 INFO StandaloneSchedulerBackend: Executor app-20260403080347-0005/195 removed: Command exited with code 1
[2026-04-03T08:14:20.061+0000] {spark_submit.py:579} INFO - 26/04/03 08:14:20 INFO StandaloneAppClient$ClientEndpoint: Executor added: app-20260403080347-0005/196 on worker-20260403074029-172.20.0.2-43131 (172.20.0.2:43131) with 2 core(s)
[2026-04-03T08:14:20.062+0000] {spark_submit.py:579} INFO - 26/04/03 08:14:20 INFO BlockManagerMasterEndpoint: Trying to remove executor 195 from BlockManagerMaster.
[2026-04-03T08:14:20.062+0000] {spark_submit.py:579} INFO - 26/04/03 08:14:20 INFO BlockManagerMaster: Removal of executor 195 requested
[2026-04-03T08:14:20.062+0000] {spark_submit.py:579} INFO - 26/04/03 08:14:20 INFO BlockManagerMasterEndpoint: Removed 195 successfully in removeExecutor
[2026-04-03T08:14:20.062+0000] {spark_submit.py:579} INFO - 26/04/03 08:14:20 INFO StandaloneSchedulerBackend: Granted executor ID app-20260403080347-0005/196 on hostPort 172.20.0.2:43131 with 2 core(s), 1024.0 MiB RAM
[2026-04-03T08:14:20.062+0000] {spark_submit.py:579} INFO - 26/04/03 08:14:20 INFO StandaloneSchedulerBackend$StandaloneDriverEndpoint: Asked to remove non-existent executor 195
[2026-04-03T08:14:20.083+0000] {spark_submit.py:579} INFO - 26/04/03 08:14:20 INFO StandaloneAppClient$ClientEndpoint: Executor updated: app-20260403080347-0005/196 is now RUNNING
[2026-04-03T08:14:23.148+0000] {spark_submit.py:579} INFO - 26/04/03 08:14:23 INFO StandaloneAppClient$ClientEndpoint: Executor updated: app-20260403080347-0005/196 is now EXITED (Command exited with code 1)
[2026-04-03T08:14:23.148+0000] {spark_submit.py:579} INFO - 26/04/03 08:14:23 INFO StandaloneSchedulerBackend: Executor app-20260403080347-0005/196 removed: Command exited with code 1
[2026-04-03T08:14:23.149+0000] {spark_submit.py:579} INFO - 26/04/03 08:14:23 INFO StandaloneAppClient$ClientEndpoint: Executor added: app-20260403080347-0005/197 on worker-20260403074029-172.20.0.2-43131 (172.20.0.2:43131) with 2 core(s)
[2026-04-03T08:14:23.149+0000] {spark_submit.py:579} INFO - 26/04/03 08:14:23 INFO BlockManagerMaster: Removal of executor 196 requested
[2026-04-03T08:14:23.149+0000] {spark_submit.py:579} INFO - 26/04/03 08:14:23 INFO BlockManagerMasterEndpoint: Trying to remove executor 196 from BlockManagerMaster.
[2026-04-03T08:14:23.150+0000] {spark_submit.py:579} INFO - 26/04/03 08:14:23 INFO StandaloneSchedulerBackend: Granted executor ID app-20260403080347-0005/197 on hostPort 172.20.0.2:43131 with 2 core(s), 1024.0 MiB RAM
[2026-04-03T08:14:23.150+0000] {spark_submit.py:579} INFO - 26/04/03 08:14:23 INFO StandaloneSchedulerBackend$StandaloneDriverEndpoint: Asked to remove non-existent executor 196
[2026-04-03T08:14:23.150+0000] {spark_submit.py:579} INFO - 26/04/03 08:14:23 INFO BlockManagerMasterEndpoint: Removed 196 successfully in removeExecutor
[2026-04-03T08:14:23.179+0000] {spark_submit.py:579} INFO - 26/04/03 08:14:23 INFO StandaloneAppClient$ClientEndpoint: Executor updated: app-20260403080347-0005/197 is now RUNNING
[2026-04-03T08:14:26.136+0000] {spark_submit.py:579} INFO - 26/04/03 08:14:26 INFO StandaloneAppClient$ClientEndpoint: Executor updated: app-20260403080347-0005/197 is now EXITED (Command exited with code 1)
[2026-04-03T08:14:26.136+0000] {spark_submit.py:579} INFO - 26/04/03 08:14:26 INFO StandaloneSchedulerBackend: Executor app-20260403080347-0005/197 removed: Command exited with code 1
[2026-04-03T08:14:26.137+0000] {spark_submit.py:579} INFO - 26/04/03 08:14:26 INFO BlockManagerMasterEndpoint: Trying to remove executor 197 from BlockManagerMaster.
[2026-04-03T08:14:26.137+0000] {spark_submit.py:579} INFO - 26/04/03 08:14:26 INFO BlockManagerMaster: Removal of executor 197 requested
[2026-04-03T08:14:26.137+0000] {spark_submit.py:579} INFO - 26/04/03 08:14:26 INFO BlockManagerMasterEndpoint: Removed 197 successfully in removeExecutor
[2026-04-03T08:14:26.137+0000] {spark_submit.py:579} INFO - 26/04/03 08:14:26 INFO StandaloneSchedulerBackend$StandaloneDriverEndpoint: Asked to remove non-existent executor 197
[2026-04-03T08:14:26.138+0000] {spark_submit.py:579} INFO - 26/04/03 08:14:26 INFO StandaloneAppClient$ClientEndpoint: Executor added: app-20260403080347-0005/198 on worker-20260403074029-172.20.0.2-43131 (172.20.0.2:43131) with 2 core(s)
[2026-04-03T08:14:26.138+0000] {spark_submit.py:579} INFO - 26/04/03 08:14:26 INFO StandaloneSchedulerBackend: Granted executor ID app-20260403080347-0005/198 on hostPort 172.20.0.2:43131 with 2 core(s), 1024.0 MiB RAM
[2026-04-03T08:14:26.161+0000] {spark_submit.py:579} INFO - 26/04/03 08:14:26 INFO StandaloneAppClient$ClientEndpoint: Executor updated: app-20260403080347-0005/198 is now RUNNING
[2026-04-03T08:14:26.409+0000] {spark_submit.py:579} INFO - 26/04/03 08:14:26 WARN TaskSchedulerImpl: Initial job has not accepted any resources; check your cluster UI to ensure that workers are registered and have sufficient resources
[2026-04-03T08:14:29.086+0000] {spark_submit.py:579} INFO - 26/04/03 08:14:29 INFO StandaloneAppClient$ClientEndpoint: Executor updated: app-20260403080347-0005/198 is now EXITED (Command exited with code 1)
[2026-04-03T08:14:29.087+0000] {spark_submit.py:579} INFO - 26/04/03 08:14:29 INFO StandaloneSchedulerBackend: Executor app-20260403080347-0005/198 removed: Command exited with code 1
[2026-04-03T08:14:29.087+0000] {spark_submit.py:579} INFO - 26/04/03 08:14:29 INFO StandaloneAppClient$ClientEndpoint: Executor added: app-20260403080347-0005/199 on worker-20260403074029-172.20.0.2-43131 (172.20.0.2:43131) with 2 core(s)
[2026-04-03T08:14:29.088+0000] {spark_submit.py:579} INFO - 26/04/03 08:14:29 INFO BlockManagerMaster: Removal of executor 198 requested
[2026-04-03T08:14:29.088+0000] {spark_submit.py:579} INFO - 26/04/03 08:14:29 INFO BlockManagerMasterEndpoint: Trying to remove executor 198 from BlockManagerMaster.
[2026-04-03T08:14:29.088+0000] {spark_submit.py:579} INFO - 26/04/03 08:14:29 INFO StandaloneSchedulerBackend: Granted executor ID app-20260403080347-0005/199 on hostPort 172.20.0.2:43131 with 2 core(s), 1024.0 MiB RAM
[2026-04-03T08:14:29.089+0000] {spark_submit.py:579} INFO - 26/04/03 08:14:29 INFO BlockManagerMasterEndpoint: Removed 198 successfully in removeExecutor
[2026-04-03T08:14:29.089+0000] {spark_submit.py:579} INFO - 26/04/03 08:14:29 INFO StandaloneSchedulerBackend$StandaloneDriverEndpoint: Asked to remove non-existent executor 198
[2026-04-03T08:14:29.110+0000] {spark_submit.py:579} INFO - 26/04/03 08:14:29 INFO StandaloneAppClient$ClientEndpoint: Executor updated: app-20260403080347-0005/199 is now RUNNING
[2026-04-03T08:14:31.942+0000] {spark_submit.py:579} INFO - 26/04/03 08:14:31 INFO StandaloneAppClient$ClientEndpoint: Executor updated: app-20260403080347-0005/199 is now EXITED (Command exited with code 1)
[2026-04-03T08:14:31.942+0000] {spark_submit.py:579} INFO - 26/04/03 08:14:31 INFO StandaloneSchedulerBackend: Executor app-20260403080347-0005/199 removed: Command exited with code 1
[2026-04-03T08:14:31.943+0000] {spark_submit.py:579} INFO - 26/04/03 08:14:31 INFO BlockManagerMaster: Removal of executor 199 requested
[2026-04-03T08:14:31.943+0000] {spark_submit.py:579} INFO - 26/04/03 08:14:31 INFO BlockManagerMasterEndpoint: Trying to remove executor 199 from BlockManagerMaster.
[2026-04-03T08:14:31.943+0000] {spark_submit.py:579} INFO - 26/04/03 08:14:31 INFO BlockManagerMasterEndpoint: Removed 199 successfully in removeExecutor
[2026-04-03T08:14:31.944+0000] {spark_submit.py:579} INFO - 26/04/03 08:14:31 INFO StandaloneSchedulerBackend$StandaloneDriverEndpoint: Asked to remove non-existent executor 199
[2026-04-03T08:14:31.944+0000] {spark_submit.py:579} INFO - 26/04/03 08:14:31 INFO StandaloneAppClient$ClientEndpoint: Executor added: app-20260403080347-0005/200 on worker-20260403074029-172.20.0.2-43131 (172.20.0.2:43131) with 2 core(s)
[2026-04-03T08:14:31.944+0000] {spark_submit.py:579} INFO - 26/04/03 08:14:31 INFO StandaloneSchedulerBackend: Granted executor ID app-20260403080347-0005/200 on hostPort 172.20.0.2:43131 with 2 core(s), 1024.0 MiB RAM
[2026-04-03T08:14:31.965+0000] {spark_submit.py:579} INFO - 26/04/03 08:14:31 INFO StandaloneAppClient$ClientEndpoint: Executor updated: app-20260403080347-0005/200 is now RUNNING
[2026-04-03T08:14:34.865+0000] {spark_submit.py:579} INFO - 26/04/03 08:14:34 INFO StandaloneAppClient$ClientEndpoint: Executor updated: app-20260403080347-0005/200 is now EXITED (Command exited with code 1)
[2026-04-03T08:14:34.866+0000] {spark_submit.py:579} INFO - 26/04/03 08:14:34 INFO StandaloneSchedulerBackend: Executor app-20260403080347-0005/200 removed: Command exited with code 1
[2026-04-03T08:14:34.866+0000] {spark_submit.py:579} INFO - 26/04/03 08:14:34 INFO BlockManagerMasterEndpoint: Trying to remove executor 200 from BlockManagerMaster.
[2026-04-03T08:14:34.867+0000] {spark_submit.py:579} INFO - 26/04/03 08:14:34 INFO BlockManagerMaster: Removal of executor 200 requested
[2026-04-03T08:14:34.867+0000] {spark_submit.py:579} INFO - 26/04/03 08:14:34 INFO StandaloneAppClient$ClientEndpoint: Executor added: app-20260403080347-0005/201 on worker-20260403074029-172.20.0.2-43131 (172.20.0.2:43131) with 2 core(s)
[2026-04-03T08:14:34.867+0000] {spark_submit.py:579} INFO - 26/04/03 08:14:34 INFO BlockManagerMasterEndpoint: Removed 200 successfully in removeExecutor
[2026-04-03T08:14:34.867+0000] {spark_submit.py:579} INFO - 26/04/03 08:14:34 INFO StandaloneSchedulerBackend$StandaloneDriverEndpoint: Asked to remove non-existent executor 200
[2026-04-03T08:14:34.868+0000] {spark_submit.py:579} INFO - 26/04/03 08:14:34 INFO StandaloneSchedulerBackend: Granted executor ID app-20260403080347-0005/201 on hostPort 172.20.0.2:43131 with 2 core(s), 1024.0 MiB RAM
[2026-04-03T08:14:34.889+0000] {spark_submit.py:579} INFO - 26/04/03 08:14:34 INFO StandaloneAppClient$ClientEndpoint: Executor updated: app-20260403080347-0005/201 is now RUNNING
[2026-04-03T08:14:37.831+0000] {spark_submit.py:579} INFO - 26/04/03 08:14:37 INFO StandaloneAppClient$ClientEndpoint: Executor updated: app-20260403080347-0005/201 is now EXITED (Command exited with code 1)
[2026-04-03T08:14:37.832+0000] {spark_submit.py:579} INFO - 26/04/03 08:14:37 INFO StandaloneSchedulerBackend: Executor app-20260403080347-0005/201 removed: Command exited with code 1
[2026-04-03T08:14:37.832+0000] {spark_submit.py:579} INFO - 26/04/03 08:14:37 INFO BlockManagerMaster: Removal of executor 201 requested
[2026-04-03T08:14:37.833+0000] {spark_submit.py:579} INFO - 26/04/03 08:14:37 INFO BlockManagerMasterEndpoint: Trying to remove executor 201 from BlockManagerMaster.
[2026-04-03T08:14:37.833+0000] {spark_submit.py:579} INFO - 26/04/03 08:14:37 INFO StandaloneAppClient$ClientEndpoint: Executor added: app-20260403080347-0005/202 on worker-20260403074029-172.20.0.2-43131 (172.20.0.2:43131) with 2 core(s)
[2026-04-03T08:14:37.833+0000] {spark_submit.py:579} INFO - 26/04/03 08:14:37 INFO BlockManagerMasterEndpoint: Removed 201 successfully in removeExecutor
[2026-04-03T08:14:37.833+0000] {spark_submit.py:579} INFO - 26/04/03 08:14:37 INFO StandaloneSchedulerBackend$StandaloneDriverEndpoint: Asked to remove non-existent executor 201
[2026-04-03T08:14:37.833+0000] {spark_submit.py:579} INFO - 26/04/03 08:14:37 INFO StandaloneSchedulerBackend: Granted executor ID app-20260403080347-0005/202 on hostPort 172.20.0.2:43131 with 2 core(s), 1024.0 MiB RAM
[2026-04-03T08:14:37.854+0000] {spark_submit.py:579} INFO - 26/04/03 08:14:37 INFO StandaloneAppClient$ClientEndpoint: Executor updated: app-20260403080347-0005/202 is now RUNNING
[2026-04-03T08:14:40.891+0000] {spark_submit.py:579} INFO - 26/04/03 08:14:40 INFO StandaloneAppClient$ClientEndpoint: Executor updated: app-20260403080347-0005/202 is now EXITED (Command exited with code 1)
[2026-04-03T08:14:40.892+0000] {spark_submit.py:579} INFO - 26/04/03 08:14:40 INFO StandaloneSchedulerBackend: Executor app-20260403080347-0005/202 removed: Command exited with code 1
[2026-04-03T08:14:40.893+0000] {spark_submit.py:579} INFO - 26/04/03 08:14:40 INFO StandaloneAppClient$ClientEndpoint: Executor added: app-20260403080347-0005/203 on worker-20260403074029-172.20.0.2-43131 (172.20.0.2:43131) with 2 core(s)
[2026-04-03T08:14:40.893+0000] {spark_submit.py:579} INFO - 26/04/03 08:14:40 INFO BlockManagerMasterEndpoint: Trying to remove executor 202 from BlockManagerMaster.
[2026-04-03T08:14:40.894+0000] {spark_submit.py:579} INFO - 26/04/03 08:14:40 INFO BlockManagerMaster: Removal of executor 202 requested
[2026-04-03T08:14:40.894+0000] {spark_submit.py:579} INFO - 26/04/03 08:14:40 INFO BlockManagerMasterEndpoint: Removed 202 successfully in removeExecutor
[2026-04-03T08:14:40.895+0000] {spark_submit.py:579} INFO - 26/04/03 08:14:40 INFO StandaloneSchedulerBackend$StandaloneDriverEndpoint: Asked to remove non-existent executor 202
[2026-04-03T08:14:40.895+0000] {spark_submit.py:579} INFO - 26/04/03 08:14:40 INFO StandaloneSchedulerBackend: Granted executor ID app-20260403080347-0005/203 on hostPort 172.20.0.2:43131 with 2 core(s), 1024.0 MiB RAM
[2026-04-03T08:14:40.919+0000] {spark_submit.py:579} INFO - 26/04/03 08:14:40 INFO StandaloneAppClient$ClientEndpoint: Executor updated: app-20260403080347-0005/203 is now RUNNING
[2026-04-03T08:14:41.409+0000] {spark_submit.py:579} INFO - 26/04/03 08:14:41 WARN TaskSchedulerImpl: Initial job has not accepted any resources; check your cluster UI to ensure that workers are registered and have sufficient resources
[2026-04-03T08:14:43.878+0000] {spark_submit.py:579} INFO - 26/04/03 08:14:43 INFO StandaloneAppClient$ClientEndpoint: Executor updated: app-20260403080347-0005/203 is now EXITED (Command exited with code 1)
[2026-04-03T08:14:43.879+0000] {spark_submit.py:579} INFO - 26/04/03 08:14:43 INFO StandaloneSchedulerBackend: Executor app-20260403080347-0005/203 removed: Command exited with code 1
[2026-04-03T08:14:43.879+0000] {spark_submit.py:579} INFO - 26/04/03 08:14:43 INFO StandaloneAppClient$ClientEndpoint: Executor added: app-20260403080347-0005/204 on worker-20260403074029-172.20.0.2-43131 (172.20.0.2:43131) with 2 core(s)
[2026-04-03T08:14:43.880+0000] {spark_submit.py:579} INFO - 26/04/03 08:14:43 INFO StandaloneSchedulerBackend: Granted executor ID app-20260403080347-0005/204 on hostPort 172.20.0.2:43131 with 2 core(s), 1024.0 MiB RAM
[2026-04-03T08:14:43.880+0000] {spark_submit.py:579} INFO - 26/04/03 08:14:43 INFO BlockManagerMaster: Removal of executor 203 requested
[2026-04-03T08:14:43.880+0000] {spark_submit.py:579} INFO - 26/04/03 08:14:43 INFO BlockManagerMasterEndpoint: Trying to remove executor 203 from BlockManagerMaster.
[2026-04-03T08:14:43.880+0000] {spark_submit.py:579} INFO - 26/04/03 08:14:43 INFO StandaloneSchedulerBackend$StandaloneDriverEndpoint: Asked to remove non-existent executor 203
[2026-04-03T08:14:43.881+0000] {spark_submit.py:579} INFO - 26/04/03 08:14:43 INFO BlockManagerMasterEndpoint: Removed 203 successfully in removeExecutor
[2026-04-03T08:14:43.901+0000] {spark_submit.py:579} INFO - 26/04/03 08:14:43 INFO StandaloneAppClient$ClientEndpoint: Executor updated: app-20260403080347-0005/204 is now RUNNING
[2026-04-03T08:14:46.769+0000] {spark_submit.py:579} INFO - 26/04/03 08:14:46 INFO StandaloneAppClient$ClientEndpoint: Executor updated: app-20260403080347-0005/204 is now EXITED (Command exited with code 1)
[2026-04-03T08:14:46.770+0000] {spark_submit.py:579} INFO - 26/04/03 08:14:46 INFO StandaloneSchedulerBackend: Executor app-20260403080347-0005/204 removed: Command exited with code 1
[2026-04-03T08:14:46.770+0000] {spark_submit.py:579} INFO - 26/04/03 08:14:46 INFO BlockManagerMasterEndpoint: Trying to remove executor 204 from BlockManagerMaster.
[2026-04-03T08:14:46.771+0000] {spark_submit.py:579} INFO - 26/04/03 08:14:46 INFO BlockManagerMaster: Removal of executor 204 requested
[2026-04-03T08:14:46.771+0000] {spark_submit.py:579} INFO - 26/04/03 08:14:46 INFO BlockManagerMasterEndpoint: Removed 204 successfully in removeExecutor
[2026-04-03T08:14:46.771+0000] {spark_submit.py:579} INFO - 26/04/03 08:14:46 INFO StandaloneAppClient$ClientEndpoint: Executor added: app-20260403080347-0005/205 on worker-20260403074029-172.20.0.2-43131 (172.20.0.2:43131) with 2 core(s)
[2026-04-03T08:14:46.771+0000] {spark_submit.py:579} INFO - 26/04/03 08:14:46 INFO StandaloneSchedulerBackend$StandaloneDriverEndpoint: Asked to remove non-existent executor 204
[2026-04-03T08:14:46.772+0000] {spark_submit.py:579} INFO - 26/04/03 08:14:46 INFO StandaloneSchedulerBackend: Granted executor ID app-20260403080347-0005/205 on hostPort 172.20.0.2:43131 with 2 core(s), 1024.0 MiB RAM
[2026-04-03T08:14:46.794+0000] {spark_submit.py:579} INFO - 26/04/03 08:14:46 INFO StandaloneAppClient$ClientEndpoint: Executor updated: app-20260403080347-0005/205 is now RUNNING
[2026-04-03T08:14:49.679+0000] {spark_submit.py:579} INFO - 26/04/03 08:14:49 INFO StandaloneAppClient$ClientEndpoint: Executor updated: app-20260403080347-0005/205 is now EXITED (Command exited with code 1)
[2026-04-03T08:14:49.680+0000] {spark_submit.py:579} INFO - 26/04/03 08:14:49 INFO StandaloneSchedulerBackend: Executor app-20260403080347-0005/205 removed: Command exited with code 1
[2026-04-03T08:14:49.681+0000] {spark_submit.py:579} INFO - 26/04/03 08:14:49 INFO StandaloneAppClient$ClientEndpoint: Executor added: app-20260403080347-0005/206 on worker-20260403074029-172.20.0.2-43131 (172.20.0.2:43131) with 2 core(s)
[2026-04-03T08:14:49.681+0000] {spark_submit.py:579} INFO - 26/04/03 08:14:49 INFO BlockManagerMasterEndpoint: Trying to remove executor 205 from BlockManagerMaster.
[2026-04-03T08:14:49.681+0000] {spark_submit.py:579} INFO - 26/04/03 08:14:49 INFO BlockManagerMaster: Removal of executor 205 requested
[2026-04-03T08:14:49.681+0000] {spark_submit.py:579} INFO - 26/04/03 08:14:49 INFO BlockManagerMasterEndpoint: Removed 205 successfully in removeExecutor
[2026-04-03T08:14:49.682+0000] {spark_submit.py:579} INFO - 26/04/03 08:14:49 INFO StandaloneSchedulerBackend: Granted executor ID app-20260403080347-0005/206 on hostPort 172.20.0.2:43131 with 2 core(s), 1024.0 MiB RAM
[2026-04-03T08:14:49.682+0000] {spark_submit.py:579} INFO - 26/04/03 08:14:49 INFO StandaloneSchedulerBackend$StandaloneDriverEndpoint: Asked to remove non-existent executor 205
[2026-04-03T08:14:49.705+0000] {spark_submit.py:579} INFO - 26/04/03 08:14:49 INFO StandaloneAppClient$ClientEndpoint: Executor updated: app-20260403080347-0005/206 is now RUNNING
[2026-04-03T08:14:52.635+0000] {spark_submit.py:579} INFO - 26/04/03 08:14:52 INFO StandaloneAppClient$ClientEndpoint: Executor updated: app-20260403080347-0005/206 is now EXITED (Command exited with code 1)
[2026-04-03T08:14:52.635+0000] {spark_submit.py:579} INFO - 26/04/03 08:14:52 INFO StandaloneSchedulerBackend: Executor app-20260403080347-0005/206 removed: Command exited with code 1
[2026-04-03T08:14:52.636+0000] {spark_submit.py:579} INFO - 26/04/03 08:14:52 INFO StandaloneAppClient$ClientEndpoint: Executor added: app-20260403080347-0005/207 on worker-20260403074029-172.20.0.2-43131 (172.20.0.2:43131) with 2 core(s)
[2026-04-03T08:14:52.636+0000] {spark_submit.py:579} INFO - 26/04/03 08:14:52 INFO BlockManagerMaster: Removal of executor 206 requested
[2026-04-03T08:14:52.636+0000] {spark_submit.py:579} INFO - 26/04/03 08:14:52 INFO BlockManagerMasterEndpoint: Trying to remove executor 206 from BlockManagerMaster.
[2026-04-03T08:14:52.637+0000] {spark_submit.py:579} INFO - 26/04/03 08:14:52 INFO BlockManagerMasterEndpoint: Removed 206 successfully in removeExecutor
[2026-04-03T08:14:52.637+0000] {spark_submit.py:579} INFO - 26/04/03 08:14:52 INFO StandaloneSchedulerBackend$StandaloneDriverEndpoint: Asked to remove non-existent executor 206
[2026-04-03T08:14:52.637+0000] {spark_submit.py:579} INFO - 26/04/03 08:14:52 INFO StandaloneSchedulerBackend: Granted executor ID app-20260403080347-0005/207 on hostPort 172.20.0.2:43131 with 2 core(s), 1024.0 MiB RAM
[2026-04-03T08:14:52.660+0000] {spark_submit.py:579} INFO - 26/04/03 08:14:52 INFO StandaloneAppClient$ClientEndpoint: Executor updated: app-20260403080347-0005/207 is now RUNNING
[2026-04-03T08:14:55.595+0000] {spark_submit.py:579} INFO - 26/04/03 08:14:55 INFO StandaloneAppClient$ClientEndpoint: Executor updated: app-20260403080347-0005/207 is now EXITED (Command exited with code 1)
[2026-04-03T08:14:55.596+0000] {spark_submit.py:579} INFO - 26/04/03 08:14:55 INFO StandaloneSchedulerBackend: Executor app-20260403080347-0005/207 removed: Command exited with code 1
[2026-04-03T08:14:55.596+0000] {spark_submit.py:579} INFO - 26/04/03 08:14:55 INFO StandaloneAppClient$ClientEndpoint: Executor added: app-20260403080347-0005/208 on worker-20260403074029-172.20.0.2-43131 (172.20.0.2:43131) with 2 core(s)
[2026-04-03T08:14:55.596+0000] {spark_submit.py:579} INFO - 26/04/03 08:14:55 INFO BlockManagerMasterEndpoint: Trying to remove executor 207 from BlockManagerMaster.
[2026-04-03T08:14:55.597+0000] {spark_submit.py:579} INFO - 26/04/03 08:14:55 INFO BlockManagerMaster: Removal of executor 207 requested
[2026-04-03T08:14:55.597+0000] {spark_submit.py:579} INFO - 26/04/03 08:14:55 INFO BlockManagerMasterEndpoint: Removed 207 successfully in removeExecutor
[2026-04-03T08:14:55.597+0000] {spark_submit.py:579} INFO - 26/04/03 08:14:55 INFO StandaloneSchedulerBackend$StandaloneDriverEndpoint: Asked to remove non-existent executor 207
[2026-04-03T08:14:55.597+0000] {spark_submit.py:579} INFO - 26/04/03 08:14:55 INFO StandaloneSchedulerBackend: Granted executor ID app-20260403080347-0005/208 on hostPort 172.20.0.2:43131 with 2 core(s), 1024.0 MiB RAM
[2026-04-03T08:14:55.619+0000] {spark_submit.py:579} INFO - 26/04/03 08:14:55 INFO StandaloneAppClient$ClientEndpoint: Executor updated: app-20260403080347-0005/208 is now RUNNING
[2026-04-03T08:14:56.409+0000] {spark_submit.py:579} INFO - 26/04/03 08:14:56 WARN TaskSchedulerImpl: Initial job has not accepted any resources; check your cluster UI to ensure that workers are registered and have sufficient resources
[2026-04-03T08:14:58.435+0000] {spark_submit.py:579} INFO - 26/04/03 08:14:58 INFO StandaloneAppClient$ClientEndpoint: Executor updated: app-20260403080347-0005/208 is now EXITED (Command exited with code 1)
[2026-04-03T08:14:58.436+0000] {spark_submit.py:579} INFO - 26/04/03 08:14:58 INFO StandaloneSchedulerBackend: Executor app-20260403080347-0005/208 removed: Command exited with code 1
[2026-04-03T08:14:58.436+0000] {spark_submit.py:579} INFO - 26/04/03 08:14:58 INFO StandaloneAppClient$ClientEndpoint: Executor added: app-20260403080347-0005/209 on worker-20260403074029-172.20.0.2-43131 (172.20.0.2:43131) with 2 core(s)
[2026-04-03T08:14:58.436+0000] {spark_submit.py:579} INFO - 26/04/03 08:14:58 INFO BlockManagerMaster: Removal of executor 208 requested
[2026-04-03T08:14:58.437+0000] {spark_submit.py:579} INFO - 26/04/03 08:14:58 INFO BlockManagerMasterEndpoint: Trying to remove executor 208 from BlockManagerMaster.
[2026-04-03T08:14:58.437+0000] {spark_submit.py:579} INFO - 26/04/03 08:14:58 INFO StandaloneSchedulerBackend$StandaloneDriverEndpoint: Asked to remove non-existent executor 208
[2026-04-03T08:14:58.437+0000] {spark_submit.py:579} INFO - 26/04/03 08:14:58 INFO BlockManagerMasterEndpoint: Removed 208 successfully in removeExecutor
[2026-04-03T08:14:58.437+0000] {spark_submit.py:579} INFO - 26/04/03 08:14:58 INFO StandaloneSchedulerBackend: Granted executor ID app-20260403080347-0005/209 on hostPort 172.20.0.2:43131 with 2 core(s), 1024.0 MiB RAM
[2026-04-03T08:14:58.459+0000] {spark_submit.py:579} INFO - 26/04/03 08:14:58 INFO StandaloneAppClient$ClientEndpoint: Executor updated: app-20260403080347-0005/209 is now RUNNING
[2026-04-03T08:15:01.369+0000] {spark_submit.py:579} INFO - 26/04/03 08:15:01 INFO StandaloneAppClient$ClientEndpoint: Executor updated: app-20260403080347-0005/209 is now EXITED (Command exited with code 1)
[2026-04-03T08:15:01.370+0000] {spark_submit.py:579} INFO - 26/04/03 08:15:01 INFO StandaloneSchedulerBackend: Executor app-20260403080347-0005/209 removed: Command exited with code 1
[2026-04-03T08:15:01.371+0000] {spark_submit.py:579} INFO - 26/04/03 08:15:01 INFO BlockManagerMasterEndpoint: Trying to remove executor 209 from BlockManagerMaster.
[2026-04-03T08:15:01.371+0000] {spark_submit.py:579} INFO - 26/04/03 08:15:01 INFO BlockManagerMaster: Removal of executor 209 requested
[2026-04-03T08:15:01.372+0000] {spark_submit.py:579} INFO - 26/04/03 08:15:01 INFO BlockManagerMasterEndpoint: Removed 209 successfully in removeExecutor
[2026-04-03T08:15:01.372+0000] {spark_submit.py:579} INFO - 26/04/03 08:15:01 INFO StandaloneSchedulerBackend$StandaloneDriverEndpoint: Asked to remove non-existent executor 209
[2026-04-03T08:15:01.372+0000] {spark_submit.py:579} INFO - 26/04/03 08:15:01 INFO StandaloneAppClient$ClientEndpoint: Executor added: app-20260403080347-0005/210 on worker-20260403074029-172.20.0.2-43131 (172.20.0.2:43131) with 2 core(s)
[2026-04-03T08:15:01.373+0000] {spark_submit.py:579} INFO - 26/04/03 08:15:01 INFO StandaloneSchedulerBackend: Granted executor ID app-20260403080347-0005/210 on hostPort 172.20.0.2:43131 with 2 core(s), 1024.0 MiB RAM
[2026-04-03T08:15:01.394+0000] {spark_submit.py:579} INFO - 26/04/03 08:15:01 INFO StandaloneAppClient$ClientEndpoint: Executor updated: app-20260403080347-0005/210 is now RUNNING
[2026-04-03T08:15:04.418+0000] {spark_submit.py:579} INFO - 26/04/03 08:15:04 INFO StandaloneAppClient$ClientEndpoint: Executor updated: app-20260403080347-0005/210 is now EXITED (Command exited with code 1)
[2026-04-03T08:15:04.418+0000] {spark_submit.py:579} INFO - 26/04/03 08:15:04 INFO StandaloneSchedulerBackend: Executor app-20260403080347-0005/210 removed: Command exited with code 1
[2026-04-03T08:15:04.419+0000] {spark_submit.py:579} INFO - 26/04/03 08:15:04 INFO StandaloneAppClient$ClientEndpoint: Executor added: app-20260403080347-0005/211 on worker-20260403074029-172.20.0.2-43131 (172.20.0.2:43131) with 2 core(s)
[2026-04-03T08:15:04.419+0000] {spark_submit.py:579} INFO - 26/04/03 08:15:04 INFO BlockManagerMasterEndpoint: Trying to remove executor 210 from BlockManagerMaster.
[2026-04-03T08:15:04.419+0000] {spark_submit.py:579} INFO - 26/04/03 08:15:04 INFO StandaloneSchedulerBackend: Granted executor ID app-20260403080347-0005/211 on hostPort 172.20.0.2:43131 with 2 core(s), 1024.0 MiB RAM
[2026-04-03T08:15:04.420+0000] {spark_submit.py:579} INFO - 26/04/03 08:15:04 INFO BlockManagerMaster: Removal of executor 210 requested
[2026-04-03T08:15:04.420+0000] {spark_submit.py:579} INFO - 26/04/03 08:15:04 INFO BlockManagerMasterEndpoint: Removed 210 successfully in removeExecutor
[2026-04-03T08:15:04.420+0000] {spark_submit.py:579} INFO - 26/04/03 08:15:04 INFO StandaloneSchedulerBackend$StandaloneDriverEndpoint: Asked to remove non-existent executor 210
[2026-04-03T08:15:04.442+0000] {spark_submit.py:579} INFO - 26/04/03 08:15:04 INFO StandaloneAppClient$ClientEndpoint: Executor updated: app-20260403080347-0005/211 is now RUNNING
[2026-04-03T08:15:07.455+0000] {spark_submit.py:579} INFO - 26/04/03 08:15:07 INFO StandaloneAppClient$ClientEndpoint: Executor updated: app-20260403080347-0005/211 is now EXITED (Command exited with code 1)
[2026-04-03T08:15:07.456+0000] {spark_submit.py:579} INFO - 26/04/03 08:15:07 INFO StandaloneSchedulerBackend: Executor app-20260403080347-0005/211 removed: Command exited with code 1
[2026-04-03T08:15:07.456+0000] {spark_submit.py:579} INFO - 26/04/03 08:15:07 INFO StandaloneAppClient$ClientEndpoint: Executor added: app-20260403080347-0005/212 on worker-20260403074029-172.20.0.2-43131 (172.20.0.2:43131) with 2 core(s)
[2026-04-03T08:15:07.457+0000] {spark_submit.py:579} INFO - 26/04/03 08:15:07 INFO BlockManagerMaster: Removal of executor 211 requested
[2026-04-03T08:15:07.457+0000] {spark_submit.py:579} INFO - 26/04/03 08:15:07 INFO BlockManagerMasterEndpoint: Trying to remove executor 211 from BlockManagerMaster.
[2026-04-03T08:15:07.457+0000] {spark_submit.py:579} INFO - 26/04/03 08:15:07 INFO BlockManagerMasterEndpoint: Removed 211 successfully in removeExecutor
[2026-04-03T08:15:07.457+0000] {spark_submit.py:579} INFO - 26/04/03 08:15:07 INFO StandaloneSchedulerBackend$StandaloneDriverEndpoint: Asked to remove non-existent executor 211
[2026-04-03T08:15:07.457+0000] {spark_submit.py:579} INFO - 26/04/03 08:15:07 INFO StandaloneSchedulerBackend: Granted executor ID app-20260403080347-0005/212 on hostPort 172.20.0.2:43131 with 2 core(s), 1024.0 MiB RAM
[2026-04-03T08:15:07.479+0000] {spark_submit.py:579} INFO - 26/04/03 08:15:07 INFO StandaloneAppClient$ClientEndpoint: Executor updated: app-20260403080347-0005/212 is now RUNNING
[2026-04-03T08:15:10.463+0000] {spark_submit.py:579} INFO - 26/04/03 08:15:10 INFO StandaloneAppClient$ClientEndpoint: Executor updated: app-20260403080347-0005/212 is now EXITED (Command exited with code 1)
[2026-04-03T08:15:10.464+0000] {spark_submit.py:579} INFO - 26/04/03 08:15:10 INFO StandaloneSchedulerBackend: Executor app-20260403080347-0005/212 removed: Command exited with code 1
[2026-04-03T08:15:10.464+0000] {spark_submit.py:579} INFO - 26/04/03 08:15:10 INFO StandaloneAppClient$ClientEndpoint: Executor added: app-20260403080347-0005/213 on worker-20260403074029-172.20.0.2-43131 (172.20.0.2:43131) with 2 core(s)
[2026-04-03T08:15:10.465+0000] {spark_submit.py:579} INFO - 26/04/03 08:15:10 INFO BlockManagerMasterEndpoint: Trying to remove executor 212 from BlockManagerMaster.
[2026-04-03T08:15:10.465+0000] {spark_submit.py:579} INFO - 26/04/03 08:15:10 INFO BlockManagerMaster: Removal of executor 212 requested
[2026-04-03T08:15:10.465+0000] {spark_submit.py:579} INFO - 26/04/03 08:15:10 INFO BlockManagerMasterEndpoint: Removed 212 successfully in removeExecutor
[2026-04-03T08:15:10.465+0000] {spark_submit.py:579} INFO - 26/04/03 08:15:10 INFO StandaloneSchedulerBackend$StandaloneDriverEndpoint: Asked to remove non-existent executor 212
[2026-04-03T08:15:10.465+0000] {spark_submit.py:579} INFO - 26/04/03 08:15:10 INFO StandaloneSchedulerBackend: Granted executor ID app-20260403080347-0005/213 on hostPort 172.20.0.2:43131 with 2 core(s), 1024.0 MiB RAM
[2026-04-03T08:15:10.486+0000] {spark_submit.py:579} INFO - 26/04/03 08:15:10 INFO StandaloneAppClient$ClientEndpoint: Executor updated: app-20260403080347-0005/213 is now RUNNING
[2026-04-03T08:15:11.409+0000] {spark_submit.py:579} INFO - 26/04/03 08:15:11 WARN TaskSchedulerImpl: Initial job has not accepted any resources; check your cluster UI to ensure that workers are registered and have sufficient resources
[2026-04-03T08:15:13.554+0000] {spark_submit.py:579} INFO - 26/04/03 08:15:13 INFO StandaloneAppClient$ClientEndpoint: Executor updated: app-20260403080347-0005/213 is now EXITED (Command exited with code 1)
[2026-04-03T08:15:13.554+0000] {spark_submit.py:579} INFO - 26/04/03 08:15:13 INFO StandaloneSchedulerBackend: Executor app-20260403080347-0005/213 removed: Command exited with code 1
[2026-04-03T08:15:13.555+0000] {spark_submit.py:579} INFO - 26/04/03 08:15:13 INFO StandaloneAppClient$ClientEndpoint: Executor added: app-20260403080347-0005/214 on worker-20260403074029-172.20.0.2-43131 (172.20.0.2:43131) with 2 core(s)
[2026-04-03T08:15:13.555+0000] {spark_submit.py:579} INFO - 26/04/03 08:15:13 INFO BlockManagerMasterEndpoint: Trying to remove executor 213 from BlockManagerMaster.
[2026-04-03T08:15:13.555+0000] {spark_submit.py:579} INFO - 26/04/03 08:15:13 INFO BlockManagerMaster: Removal of executor 213 requested
[2026-04-03T08:15:13.556+0000] {spark_submit.py:579} INFO - 26/04/03 08:15:13 INFO StandaloneSchedulerBackend: Granted executor ID app-20260403080347-0005/214 on hostPort 172.20.0.2:43131 with 2 core(s), 1024.0 MiB RAM
[2026-04-03T08:15:13.556+0000] {spark_submit.py:579} INFO - 26/04/03 08:15:13 INFO BlockManagerMasterEndpoint: Removed 213 successfully in removeExecutor
[2026-04-03T08:15:13.556+0000] {spark_submit.py:579} INFO - 26/04/03 08:15:13 INFO StandaloneSchedulerBackend$StandaloneDriverEndpoint: Asked to remove non-existent executor 213
[2026-04-03T08:15:13.579+0000] {spark_submit.py:579} INFO - 26/04/03 08:15:13 INFO StandaloneAppClient$ClientEndpoint: Executor updated: app-20260403080347-0005/214 is now RUNNING
[2026-04-03T08:15:16.595+0000] {spark_submit.py:579} INFO - 26/04/03 08:15:16 INFO StandaloneAppClient$ClientEndpoint: Executor updated: app-20260403080347-0005/214 is now EXITED (Command exited with code 1)
[2026-04-03T08:15:16.596+0000] {spark_submit.py:579} INFO - 26/04/03 08:15:16 INFO StandaloneSchedulerBackend: Executor app-20260403080347-0005/214 removed: Command exited with code 1
[2026-04-03T08:15:16.597+0000] {spark_submit.py:579} INFO - 26/04/03 08:15:16 INFO StandaloneAppClient$ClientEndpoint: Executor added: app-20260403080347-0005/215 on worker-20260403074029-172.20.0.2-43131 (172.20.0.2:43131) with 2 core(s)
[2026-04-03T08:15:16.597+0000] {spark_submit.py:579} INFO - 26/04/03 08:15:16 INFO BlockManagerMasterEndpoint: Trying to remove executor 214 from BlockManagerMaster.
[2026-04-03T08:15:16.597+0000] {spark_submit.py:579} INFO - 26/04/03 08:15:16 INFO BlockManagerMaster: Removal of executor 214 requested
[2026-04-03T08:15:16.598+0000] {spark_submit.py:579} INFO - 26/04/03 08:15:16 INFO BlockManagerMasterEndpoint: Removed 214 successfully in removeExecutor
[2026-04-03T08:15:16.598+0000] {spark_submit.py:579} INFO - 26/04/03 08:15:16 INFO StandaloneSchedulerBackend$StandaloneDriverEndpoint: Asked to remove non-existent executor 214
[2026-04-03T08:15:16.599+0000] {spark_submit.py:579} INFO - 26/04/03 08:15:16 INFO StandaloneSchedulerBackend: Granted executor ID app-20260403080347-0005/215 on hostPort 172.20.0.2:43131 with 2 core(s), 1024.0 MiB RAM
[2026-04-03T08:15:16.619+0000] {spark_submit.py:579} INFO - 26/04/03 08:15:16 INFO StandaloneAppClient$ClientEndpoint: Executor updated: app-20260403080347-0005/215 is now RUNNING
[2026-04-03T08:15:19.711+0000] {spark_submit.py:579} INFO - 26/04/03 08:15:19 INFO StandaloneAppClient$ClientEndpoint: Executor updated: app-20260403080347-0005/215 is now EXITED (Command exited with code 1)
[2026-04-03T08:15:19.712+0000] {spark_submit.py:579} INFO - 26/04/03 08:15:19 INFO StandaloneSchedulerBackend: Executor app-20260403080347-0005/215 removed: Command exited with code 1
[2026-04-03T08:15:19.712+0000] {spark_submit.py:579} INFO - 26/04/03 08:15:19 INFO BlockManagerMaster: Removal of executor 215 requested
[2026-04-03T08:15:19.712+0000] {spark_submit.py:579} INFO - 26/04/03 08:15:19 INFO StandaloneSchedulerBackend$StandaloneDriverEndpoint: Asked to remove non-existent executor 215
[2026-04-03T08:15:19.712+0000] {spark_submit.py:579} INFO - 26/04/03 08:15:19 INFO StandaloneAppClient$ClientEndpoint: Executor added: app-20260403080347-0005/216 on worker-20260403074029-172.20.0.2-43131 (172.20.0.2:43131) with 2 core(s)
[2026-04-03T08:15:19.712+0000] {spark_submit.py:579} INFO - 26/04/03 08:15:19 INFO BlockManagerMasterEndpoint: Trying to remove executor 215 from BlockManagerMaster.
[2026-04-03T08:15:19.713+0000] {spark_submit.py:579} INFO - 26/04/03 08:15:19 INFO BlockManagerMasterEndpoint: Removed 215 successfully in removeExecutor
[2026-04-03T08:15:19.713+0000] {spark_submit.py:579} INFO - 26/04/03 08:15:19 INFO StandaloneSchedulerBackend: Granted executor ID app-20260403080347-0005/216 on hostPort 172.20.0.2:43131 with 2 core(s), 1024.0 MiB RAM
[2026-04-03T08:15:19.734+0000] {spark_submit.py:579} INFO - 26/04/03 08:15:19 INFO StandaloneAppClient$ClientEndpoint: Executor updated: app-20260403080347-0005/216 is now RUNNING
[2026-04-03T08:15:22.734+0000] {spark_submit.py:579} INFO - 26/04/03 08:15:22 INFO StandaloneAppClient$ClientEndpoint: Executor updated: app-20260403080347-0005/216 is now EXITED (Command exited with code 1)
[2026-04-03T08:15:22.735+0000] {spark_submit.py:579} INFO - 26/04/03 08:15:22 INFO StandaloneSchedulerBackend: Executor app-20260403080347-0005/216 removed: Command exited with code 1
[2026-04-03T08:15:22.735+0000] {spark_submit.py:579} INFO - 26/04/03 08:15:22 INFO StandaloneAppClient$ClientEndpoint: Executor added: app-20260403080347-0005/217 on worker-20260403074029-172.20.0.2-43131 (172.20.0.2:43131) with 2 core(s)
[2026-04-03T08:15:22.736+0000] {spark_submit.py:579} INFO - 26/04/03 08:15:22 INFO BlockManagerMasterEndpoint: Trying to remove executor 216 from BlockManagerMaster.
[2026-04-03T08:15:22.736+0000] {spark_submit.py:579} INFO - 26/04/03 08:15:22 INFO BlockManagerMaster: Removal of executor 216 requested
[2026-04-03T08:15:22.736+0000] {spark_submit.py:579} INFO - 26/04/03 08:15:22 INFO BlockManagerMasterEndpoint: Removed 216 successfully in removeExecutor
[2026-04-03T08:15:22.737+0000] {spark_submit.py:579} INFO - 26/04/03 08:15:22 INFO StandaloneSchedulerBackend$StandaloneDriverEndpoint: Asked to remove non-existent executor 216
[2026-04-03T08:15:22.737+0000] {spark_submit.py:579} INFO - 26/04/03 08:15:22 INFO StandaloneSchedulerBackend: Granted executor ID app-20260403080347-0005/217 on hostPort 172.20.0.2:43131 with 2 core(s), 1024.0 MiB RAM
[2026-04-03T08:15:22.766+0000] {spark_submit.py:579} INFO - 26/04/03 08:15:22 INFO StandaloneAppClient$ClientEndpoint: Executor updated: app-20260403080347-0005/217 is now RUNNING
[2026-04-03T08:15:25.838+0000] {spark_submit.py:579} INFO - 26/04/03 08:15:25 INFO StandaloneAppClient$ClientEndpoint: Executor updated: app-20260403080347-0005/217 is now EXITED (Command exited with code 1)
[2026-04-03T08:15:25.839+0000] {spark_submit.py:579} INFO - 26/04/03 08:15:25 INFO StandaloneSchedulerBackend: Executor app-20260403080347-0005/217 removed: Command exited with code 1
[2026-04-03T08:15:25.839+0000] {spark_submit.py:579} INFO - 26/04/03 08:15:25 INFO StandaloneAppClient$ClientEndpoint: Executor added: app-20260403080347-0005/218 on worker-20260403074029-172.20.0.2-43131 (172.20.0.2:43131) with 2 core(s)
[2026-04-03T08:15:25.839+0000] {spark_submit.py:579} INFO - 26/04/03 08:15:25 INFO BlockManagerMaster: Removal of executor 217 requested
[2026-04-03T08:15:25.840+0000] {spark_submit.py:579} INFO - 26/04/03 08:15:25 INFO BlockManagerMasterEndpoint: Trying to remove executor 217 from BlockManagerMaster.
[2026-04-03T08:15:25.840+0000] {spark_submit.py:579} INFO - 26/04/03 08:15:25 INFO StandaloneSchedulerBackend$StandaloneDriverEndpoint: Asked to remove non-existent executor 217
[2026-04-03T08:15:25.840+0000] {spark_submit.py:579} INFO - 26/04/03 08:15:25 INFO StandaloneSchedulerBackend: Granted executor ID app-20260403080347-0005/218 on hostPort 172.20.0.2:43131 with 2 core(s), 1024.0 MiB RAM
[2026-04-03T08:15:25.840+0000] {spark_submit.py:579} INFO - 26/04/03 08:15:25 INFO BlockManagerMasterEndpoint: Removed 217 successfully in removeExecutor
[2026-04-03T08:15:25.862+0000] {spark_submit.py:579} INFO - 26/04/03 08:15:25 INFO StandaloneAppClient$ClientEndpoint: Executor updated: app-20260403080347-0005/218 is now RUNNING
[2026-04-03T08:15:26.409+0000] {spark_submit.py:579} INFO - 26/04/03 08:15:26 WARN TaskSchedulerImpl: Initial job has not accepted any resources; check your cluster UI to ensure that workers are registered and have sufficient resources
[2026-04-03T08:15:28.882+0000] {spark_submit.py:579} INFO - 26/04/03 08:15:28 INFO StandaloneAppClient$ClientEndpoint: Executor updated: app-20260403080347-0005/218 is now EXITED (Command exited with code 1)
[2026-04-03T08:15:28.882+0000] {spark_submit.py:579} INFO - 26/04/03 08:15:28 INFO StandaloneSchedulerBackend: Executor app-20260403080347-0005/218 removed: Command exited with code 1
[2026-04-03T08:15:28.883+0000] {spark_submit.py:579} INFO - 26/04/03 08:15:28 INFO BlockManagerMaster: Removal of executor 218 requested
[2026-04-03T08:15:28.883+0000] {spark_submit.py:579} INFO - 26/04/03 08:15:28 INFO BlockManagerMasterEndpoint: Trying to remove executor 218 from BlockManagerMaster.
[2026-04-03T08:15:28.883+0000] {spark_submit.py:579} INFO - 26/04/03 08:15:28 INFO StandaloneSchedulerBackend$StandaloneDriverEndpoint: Asked to remove non-existent executor 218
[2026-04-03T08:15:28.884+0000] {spark_submit.py:579} INFO - 26/04/03 08:15:28 INFO BlockManagerMasterEndpoint: Removed 218 successfully in removeExecutor
[2026-04-03T08:15:28.884+0000] {spark_submit.py:579} INFO - 26/04/03 08:15:28 INFO StandaloneAppClient$ClientEndpoint: Executor added: app-20260403080347-0005/219 on worker-20260403074029-172.20.0.2-43131 (172.20.0.2:43131) with 2 core(s)
[2026-04-03T08:15:28.884+0000] {spark_submit.py:579} INFO - 26/04/03 08:15:28 INFO StandaloneSchedulerBackend: Granted executor ID app-20260403080347-0005/219 on hostPort 172.20.0.2:43131 with 2 core(s), 1024.0 MiB RAM
[2026-04-03T08:15:28.908+0000] {spark_submit.py:579} INFO - 26/04/03 08:15:28 INFO StandaloneAppClient$ClientEndpoint: Executor updated: app-20260403080347-0005/219 is now RUNNING
[2026-04-03T08:15:31.847+0000] {spark_submit.py:579} INFO - 26/04/03 08:15:31 INFO StandaloneAppClient$ClientEndpoint: Executor updated: app-20260403080347-0005/219 is now EXITED (Command exited with code 1)
[2026-04-03T08:15:31.848+0000] {spark_submit.py:579} INFO - 26/04/03 08:15:31 INFO StandaloneSchedulerBackend: Executor app-20260403080347-0005/219 removed: Command exited with code 1
[2026-04-03T08:15:31.849+0000] {spark_submit.py:579} INFO - 26/04/03 08:15:31 INFO BlockManagerMasterEndpoint: Trying to remove executor 219 from BlockManagerMaster.
[2026-04-03T08:15:31.849+0000] {spark_submit.py:579} INFO - 26/04/03 08:15:31 INFO StandaloneAppClient$ClientEndpoint: Executor added: app-20260403080347-0005/220 on worker-20260403074029-172.20.0.2-43131 (172.20.0.2:43131) with 2 core(s)
[2026-04-03T08:15:31.849+0000] {spark_submit.py:579} INFO - 26/04/03 08:15:31 INFO BlockManagerMaster: Removal of executor 219 requested
[2026-04-03T08:15:31.850+0000] {spark_submit.py:579} INFO - 26/04/03 08:15:31 INFO BlockManagerMasterEndpoint: Removed 219 successfully in removeExecutor
[2026-04-03T08:15:31.850+0000] {spark_submit.py:579} INFO - 26/04/03 08:15:31 INFO StandaloneSchedulerBackend$StandaloneDriverEndpoint: Asked to remove non-existent executor 219
[2026-04-03T08:15:31.850+0000] {spark_submit.py:579} INFO - 26/04/03 08:15:31 INFO StandaloneSchedulerBackend: Granted executor ID app-20260403080347-0005/220 on hostPort 172.20.0.2:43131 with 2 core(s), 1024.0 MiB RAM
[2026-04-03T08:15:31.874+0000] {spark_submit.py:579} INFO - 26/04/03 08:15:31 INFO StandaloneAppClient$ClientEndpoint: Executor updated: app-20260403080347-0005/220 is now RUNNING
[2026-04-03T08:15:34.981+0000] {spark_submit.py:579} INFO - 26/04/03 08:15:34 INFO StandaloneAppClient$ClientEndpoint: Executor updated: app-20260403080347-0005/220 is now EXITED (Command exited with code 1)
[2026-04-03T08:15:34.982+0000] {spark_submit.py:579} INFO - 26/04/03 08:15:34 INFO StandaloneSchedulerBackend: Executor app-20260403080347-0005/220 removed: Command exited with code 1
[2026-04-03T08:15:34.982+0000] {spark_submit.py:579} INFO - 26/04/03 08:15:34 INFO BlockManagerMaster: Removal of executor 220 requested
[2026-04-03T08:15:34.983+0000] {spark_submit.py:579} INFO - 26/04/03 08:15:34 INFO BlockManagerMasterEndpoint: Trying to remove executor 220 from BlockManagerMaster.
[2026-04-03T08:15:34.983+0000] {spark_submit.py:579} INFO - 26/04/03 08:15:34 INFO BlockManagerMasterEndpoint: Removed 220 successfully in removeExecutor
[2026-04-03T08:15:34.983+0000] {spark_submit.py:579} INFO - 26/04/03 08:15:34 INFO StandaloneSchedulerBackend$StandaloneDriverEndpoint: Asked to remove non-existent executor 220
[2026-04-03T08:15:34.983+0000] {spark_submit.py:579} INFO - 26/04/03 08:15:34 INFO StandaloneAppClient$ClientEndpoint: Executor added: app-20260403080347-0005/221 on worker-20260403074029-172.20.0.2-43131 (172.20.0.2:43131) with 2 core(s)
[2026-04-03T08:15:34.984+0000] {spark_submit.py:579} INFO - 26/04/03 08:15:34 INFO StandaloneSchedulerBackend: Granted executor ID app-20260403080347-0005/221 on hostPort 172.20.0.2:43131 with 2 core(s), 1024.0 MiB RAM
[2026-04-03T08:15:35.006+0000] {spark_submit.py:579} INFO - 26/04/03 08:15:35 INFO StandaloneAppClient$ClientEndpoint: Executor updated: app-20260403080347-0005/221 is now RUNNING
[2026-04-03T08:15:38.293+0000] {spark_submit.py:579} INFO - 26/04/03 08:15:38 INFO StandaloneAppClient$ClientEndpoint: Executor updated: app-20260403080347-0005/221 is now EXITED (Command exited with code 1)
[2026-04-03T08:15:38.294+0000] {spark_submit.py:579} INFO - 26/04/03 08:15:38 INFO StandaloneSchedulerBackend: Executor app-20260403080347-0005/221 removed: Command exited with code 1
[2026-04-03T08:15:38.294+0000] {spark_submit.py:579} INFO - 26/04/03 08:15:38 INFO BlockManagerMasterEndpoint: Trying to remove executor 221 from BlockManagerMaster.
[2026-04-03T08:15:38.294+0000] {spark_submit.py:579} INFO - 26/04/03 08:15:38 INFO BlockManagerMaster: Removal of executor 221 requested
[2026-04-03T08:15:38.295+0000] {spark_submit.py:579} INFO - 26/04/03 08:15:38 INFO BlockManagerMasterEndpoint: Removed 221 successfully in removeExecutor
[2026-04-03T08:15:38.295+0000] {spark_submit.py:579} INFO - 26/04/03 08:15:38 INFO StandaloneAppClient$ClientEndpoint: Executor added: app-20260403080347-0005/222 on worker-20260403074029-172.20.0.2-43131 (172.20.0.2:43131) with 2 core(s)
[2026-04-03T08:15:38.295+0000] {spark_submit.py:579} INFO - 26/04/03 08:15:38 INFO StandaloneSchedulerBackend$StandaloneDriverEndpoint: Asked to remove non-existent executor 221
[2026-04-03T08:15:38.295+0000] {spark_submit.py:579} INFO - 26/04/03 08:15:38 INFO StandaloneSchedulerBackend: Granted executor ID app-20260403080347-0005/222 on hostPort 172.20.0.2:43131 with 2 core(s), 1024.0 MiB RAM
[2026-04-03T08:15:38.319+0000] {spark_submit.py:579} INFO - 26/04/03 08:15:38 INFO StandaloneAppClient$ClientEndpoint: Executor updated: app-20260403080347-0005/222 is now RUNNING
[2026-04-03T08:15:41.305+0000] {spark_submit.py:579} INFO - 26/04/03 08:15:41 INFO StandaloneAppClient$ClientEndpoint: Executor updated: app-20260403080347-0005/222 is now EXITED (Command exited with code 1)
[2026-04-03T08:15:41.306+0000] {spark_submit.py:579} INFO - 26/04/03 08:15:41 INFO StandaloneSchedulerBackend: Executor app-20260403080347-0005/222 removed: Command exited with code 1
[2026-04-03T08:15:41.306+0000] {spark_submit.py:579} INFO - 26/04/03 08:15:41 INFO StandaloneAppClient$ClientEndpoint: Executor added: app-20260403080347-0005/223 on worker-20260403074029-172.20.0.2-43131 (172.20.0.2:43131) with 2 core(s)
[2026-04-03T08:15:41.307+0000] {spark_submit.py:579} INFO - 26/04/03 08:15:41 INFO BlockManagerMaster: Removal of executor 222 requested
[2026-04-03T08:15:41.307+0000] {spark_submit.py:579} INFO - 26/04/03 08:15:41 INFO BlockManagerMasterEndpoint: Trying to remove executor 222 from BlockManagerMaster.
[2026-04-03T08:15:41.307+0000] {spark_submit.py:579} INFO - 26/04/03 08:15:41 INFO StandaloneSchedulerBackend: Granted executor ID app-20260403080347-0005/223 on hostPort 172.20.0.2:43131 with 2 core(s), 1024.0 MiB RAM
[2026-04-03T08:15:41.308+0000] {spark_submit.py:579} INFO - 26/04/03 08:15:41 INFO BlockManagerMasterEndpoint: Removed 222 successfully in removeExecutor
[2026-04-03T08:15:41.308+0000] {spark_submit.py:579} INFO - 26/04/03 08:15:41 INFO StandaloneSchedulerBackend$StandaloneDriverEndpoint: Asked to remove non-existent executor 222
[2026-04-03T08:15:41.328+0000] {spark_submit.py:579} INFO - 26/04/03 08:15:41 INFO StandaloneAppClient$ClientEndpoint: Executor updated: app-20260403080347-0005/223 is now RUNNING
[2026-04-03T08:15:41.409+0000] {spark_submit.py:579} INFO - 26/04/03 08:15:41 WARN TaskSchedulerImpl: Initial job has not accepted any resources; check your cluster UI to ensure that workers are registered and have sufficient resources
[2026-04-03T08:15:44.331+0000] {spark_submit.py:579} INFO - 26/04/03 08:15:44 INFO StandaloneAppClient$ClientEndpoint: Executor updated: app-20260403080347-0005/223 is now EXITED (Command exited with code 1)
[2026-04-03T08:15:44.332+0000] {spark_submit.py:579} INFO - 26/04/03 08:15:44 INFO StandaloneSchedulerBackend: Executor app-20260403080347-0005/223 removed: Command exited with code 1
[2026-04-03T08:15:44.333+0000] {spark_submit.py:579} INFO - 26/04/03 08:15:44 INFO BlockManagerMasterEndpoint: Trying to remove executor 223 from BlockManagerMaster.
[2026-04-03T08:15:44.333+0000] {spark_submit.py:579} INFO - 26/04/03 08:15:44 INFO BlockManagerMaster: Removal of executor 223 requested
[2026-04-03T08:15:44.333+0000] {spark_submit.py:579} INFO - 26/04/03 08:15:44 INFO BlockManagerMasterEndpoint: Removed 223 successfully in removeExecutor
[2026-04-03T08:15:44.334+0000] {spark_submit.py:579} INFO - 26/04/03 08:15:44 INFO StandaloneAppClient$ClientEndpoint: Executor added: app-20260403080347-0005/224 on worker-20260403074029-172.20.0.2-43131 (172.20.0.2:43131) with 2 core(s)
[2026-04-03T08:15:44.334+0000] {spark_submit.py:579} INFO - 26/04/03 08:15:44 INFO StandaloneSchedulerBackend$StandaloneDriverEndpoint: Asked to remove non-existent executor 223
[2026-04-03T08:15:44.334+0000] {spark_submit.py:579} INFO - 26/04/03 08:15:44 INFO StandaloneSchedulerBackend: Granted executor ID app-20260403080347-0005/224 on hostPort 172.20.0.2:43131 with 2 core(s), 1024.0 MiB RAM
[2026-04-03T08:15:44.357+0000] {spark_submit.py:579} INFO - 26/04/03 08:15:44 INFO StandaloneAppClient$ClientEndpoint: Executor updated: app-20260403080347-0005/224 is now RUNNING
[2026-04-03T08:15:47.520+0000] {spark_submit.py:579} INFO - 26/04/03 08:15:47 INFO StandaloneAppClient$ClientEndpoint: Executor updated: app-20260403080347-0005/224 is now EXITED (Command exited with code 1)
[2026-04-03T08:15:47.521+0000] {spark_submit.py:579} INFO - 26/04/03 08:15:47 INFO StandaloneSchedulerBackend: Executor app-20260403080347-0005/224 removed: Command exited with code 1
[2026-04-03T08:15:47.521+0000] {spark_submit.py:579} INFO - 26/04/03 08:15:47 INFO BlockManagerMaster: Removal of executor 224 requested
[2026-04-03T08:15:47.522+0000] {spark_submit.py:579} INFO - 26/04/03 08:15:47 INFO BlockManagerMasterEndpoint: Trying to remove executor 224 from BlockManagerMaster.
[2026-04-03T08:15:47.522+0000] {spark_submit.py:579} INFO - 26/04/03 08:15:47 INFO StandaloneSchedulerBackend$StandaloneDriverEndpoint: Asked to remove non-existent executor 224
[2026-04-03T08:15:47.522+0000] {spark_submit.py:579} INFO - 26/04/03 08:15:47 INFO BlockManagerMasterEndpoint: Removed 224 successfully in removeExecutor
[2026-04-03T08:15:47.522+0000] {spark_submit.py:579} INFO - 26/04/03 08:15:47 INFO StandaloneAppClient$ClientEndpoint: Executor added: app-20260403080347-0005/225 on worker-20260403074029-172.20.0.2-43131 (172.20.0.2:43131) with 2 core(s)
[2026-04-03T08:15:47.523+0000] {spark_submit.py:579} INFO - 26/04/03 08:15:47 INFO StandaloneSchedulerBackend: Granted executor ID app-20260403080347-0005/225 on hostPort 172.20.0.2:43131 with 2 core(s), 1024.0 MiB RAM
[2026-04-03T08:15:47.544+0000] {spark_submit.py:579} INFO - 26/04/03 08:15:47 INFO StandaloneAppClient$ClientEndpoint: Executor updated: app-20260403080347-0005/225 is now RUNNING
[2026-04-03T08:15:50.591+0000] {spark_submit.py:579} INFO - 26/04/03 08:15:50 INFO StandaloneAppClient$ClientEndpoint: Executor updated: app-20260403080347-0005/225 is now EXITED (Command exited with code 1)
[2026-04-03T08:15:50.592+0000] {spark_submit.py:579} INFO - 26/04/03 08:15:50 INFO StandaloneSchedulerBackend: Executor app-20260403080347-0005/225 removed: Command exited with code 1
[2026-04-03T08:15:50.592+0000] {spark_submit.py:579} INFO - 26/04/03 08:15:50 INFO StandaloneAppClient$ClientEndpoint: Executor added: app-20260403080347-0005/226 on worker-20260403074029-172.20.0.2-43131 (172.20.0.2:43131) with 2 core(s)
[2026-04-03T08:15:50.592+0000] {spark_submit.py:579} INFO - 26/04/03 08:15:50 INFO StandaloneSchedulerBackend: Granted executor ID app-20260403080347-0005/226 on hostPort 172.20.0.2:43131 with 2 core(s), 1024.0 MiB RAM
[2026-04-03T08:15:50.593+0000] {spark_submit.py:579} INFO - 26/04/03 08:15:50 INFO BlockManagerMaster: Removal of executor 225 requested
[2026-04-03T08:15:50.593+0000] {spark_submit.py:579} INFO - 26/04/03 08:15:50 INFO BlockManagerMasterEndpoint: Trying to remove executor 225 from BlockManagerMaster.
[2026-04-03T08:15:50.593+0000] {spark_submit.py:579} INFO - 26/04/03 08:15:50 INFO BlockManagerMasterEndpoint: Removed 225 successfully in removeExecutor
[2026-04-03T08:15:50.593+0000] {spark_submit.py:579} INFO - 26/04/03 08:15:50 INFO StandaloneSchedulerBackend$StandaloneDriverEndpoint: Asked to remove non-existent executor 225
[2026-04-03T08:15:50.614+0000] {spark_submit.py:579} INFO - 26/04/03 08:15:50 INFO StandaloneAppClient$ClientEndpoint: Executor updated: app-20260403080347-0005/226 is now RUNNING
[2026-04-03T08:15:53.591+0000] {spark_submit.py:579} INFO - 26/04/03 08:15:53 INFO StandaloneAppClient$ClientEndpoint: Executor updated: app-20260403080347-0005/226 is now EXITED (Command exited with code 1)
[2026-04-03T08:15:53.592+0000] {spark_submit.py:579} INFO - 26/04/03 08:15:53 INFO StandaloneSchedulerBackend: Executor app-20260403080347-0005/226 removed: Command exited with code 1
[2026-04-03T08:15:53.592+0000] {spark_submit.py:579} INFO - 26/04/03 08:15:53 INFO BlockManagerMasterEndpoint: Trying to remove executor 226 from BlockManagerMaster.
[2026-04-03T08:15:53.592+0000] {spark_submit.py:579} INFO - 26/04/03 08:15:53 INFO BlockManagerMaster: Removal of executor 226 requested
[2026-04-03T08:15:53.593+0000] {spark_submit.py:579} INFO - 26/04/03 08:15:53 INFO StandaloneAppClient$ClientEndpoint: Executor added: app-20260403080347-0005/227 on worker-20260403074029-172.20.0.2-43131 (172.20.0.2:43131) with 2 core(s)
[2026-04-03T08:15:53.593+0000] {spark_submit.py:579} INFO - 26/04/03 08:15:53 INFO BlockManagerMasterEndpoint: Removed 226 successfully in removeExecutor
[2026-04-03T08:15:53.593+0000] {spark_submit.py:579} INFO - 26/04/03 08:15:53 INFO StandaloneSchedulerBackend$StandaloneDriverEndpoint: Asked to remove non-existent executor 226
[2026-04-03T08:15:53.593+0000] {spark_submit.py:579} INFO - 26/04/03 08:15:53 INFO StandaloneSchedulerBackend: Granted executor ID app-20260403080347-0005/227 on hostPort 172.20.0.2:43131 with 2 core(s), 1024.0 MiB RAM
[2026-04-03T08:15:53.615+0000] {spark_submit.py:579} INFO - 26/04/03 08:15:53 INFO StandaloneAppClient$ClientEndpoint: Executor updated: app-20260403080347-0005/227 is now RUNNING
[2026-04-03T08:15:56.409+0000] {spark_submit.py:579} INFO - 26/04/03 08:15:56 WARN TaskSchedulerImpl: Initial job has not accepted any resources; check your cluster UI to ensure that workers are registered and have sufficient resources
[2026-04-03T08:15:56.716+0000] {spark_submit.py:579} INFO - 26/04/03 08:15:56 INFO StandaloneAppClient$ClientEndpoint: Executor updated: app-20260403080347-0005/227 is now EXITED (Command exited with code 1)
[2026-04-03T08:15:56.717+0000] {spark_submit.py:579} INFO - 26/04/03 08:15:56 INFO StandaloneSchedulerBackend: Executor app-20260403080347-0005/227 removed: Command exited with code 1
[2026-04-03T08:15:56.717+0000] {spark_submit.py:579} INFO - 26/04/03 08:15:56 INFO BlockManagerMaster: Removal of executor 227 requested
[2026-04-03T08:15:56.717+0000] {spark_submit.py:579} INFO - 26/04/03 08:15:56 INFO BlockManagerMasterEndpoint: Trying to remove executor 227 from BlockManagerMaster.
[2026-04-03T08:15:56.717+0000] {spark_submit.py:579} INFO - 26/04/03 08:15:56 INFO BlockManagerMasterEndpoint: Removed 227 successfully in removeExecutor
[2026-04-03T08:15:56.718+0000] {spark_submit.py:579} INFO - 26/04/03 08:15:56 INFO StandaloneSchedulerBackend$StandaloneDriverEndpoint: Asked to remove non-existent executor 227
[2026-04-03T08:15:56.718+0000] {spark_submit.py:579} INFO - 26/04/03 08:15:56 INFO StandaloneAppClient$ClientEndpoint: Executor added: app-20260403080347-0005/228 on worker-20260403074029-172.20.0.2-43131 (172.20.0.2:43131) with 2 core(s)
[2026-04-03T08:15:56.718+0000] {spark_submit.py:579} INFO - 26/04/03 08:15:56 INFO StandaloneSchedulerBackend: Granted executor ID app-20260403080347-0005/228 on hostPort 172.20.0.2:43131 with 2 core(s), 1024.0 MiB RAM
[2026-04-03T08:15:56.742+0000] {spark_submit.py:579} INFO - 26/04/03 08:15:56 INFO StandaloneAppClient$ClientEndpoint: Executor updated: app-20260403080347-0005/228 is now RUNNING
[2026-04-03T08:15:59.867+0000] {spark_submit.py:579} INFO - 26/04/03 08:15:59 INFO StandaloneAppClient$ClientEndpoint: Executor updated: app-20260403080347-0005/228 is now EXITED (Command exited with code 1)
[2026-04-03T08:15:59.868+0000] {spark_submit.py:579} INFO - 26/04/03 08:15:59 INFO StandaloneSchedulerBackend: Executor app-20260403080347-0005/228 removed: Command exited with code 1
[2026-04-03T08:15:59.868+0000] {spark_submit.py:579} INFO - 26/04/03 08:15:59 INFO StandaloneAppClient$ClientEndpoint: Executor added: app-20260403080347-0005/229 on worker-20260403074029-172.20.0.2-43131 (172.20.0.2:43131) with 2 core(s)
[2026-04-03T08:15:59.869+0000] {spark_submit.py:579} INFO - 26/04/03 08:15:59 INFO BlockManagerMaster: Removal of executor 228 requested
[2026-04-03T08:15:59.869+0000] {spark_submit.py:579} INFO - 26/04/03 08:15:59 INFO BlockManagerMasterEndpoint: Trying to remove executor 228 from BlockManagerMaster.
[2026-04-03T08:15:59.869+0000] {spark_submit.py:579} INFO - 26/04/03 08:15:59 INFO BlockManagerMasterEndpoint: Removed 228 successfully in removeExecutor
[2026-04-03T08:15:59.869+0000] {spark_submit.py:579} INFO - 26/04/03 08:15:59 INFO StandaloneSchedulerBackend$StandaloneDriverEndpoint: Asked to remove non-existent executor 228
[2026-04-03T08:15:59.869+0000] {spark_submit.py:579} INFO - 26/04/03 08:15:59 INFO StandaloneSchedulerBackend: Granted executor ID app-20260403080347-0005/229 on hostPort 172.20.0.2:43131 with 2 core(s), 1024.0 MiB RAM
[2026-04-03T08:15:59.893+0000] {spark_submit.py:579} INFO - 26/04/03 08:15:59 INFO StandaloneAppClient$ClientEndpoint: Executor updated: app-20260403080347-0005/229 is now RUNNING
[2026-04-03T08:16:02.829+0000] {spark_submit.py:579} INFO - 26/04/03 08:16:02 INFO StandaloneAppClient$ClientEndpoint: Executor updated: app-20260403080347-0005/229 is now EXITED (Command exited with code 1)
[2026-04-03T08:16:02.830+0000] {spark_submit.py:579} INFO - 26/04/03 08:16:02 INFO StandaloneSchedulerBackend: Executor app-20260403080347-0005/229 removed: Command exited with code 1
[2026-04-03T08:16:02.830+0000] {spark_submit.py:579} INFO - 26/04/03 08:16:02 INFO StandaloneAppClient$ClientEndpoint: Executor added: app-20260403080347-0005/230 on worker-20260403074029-172.20.0.2-43131 (172.20.0.2:43131) with 2 core(s)
[2026-04-03T08:16:02.830+0000] {spark_submit.py:579} INFO - 26/04/03 08:16:02 INFO BlockManagerMaster: Removal of executor 229 requested
[2026-04-03T08:16:02.831+0000] {spark_submit.py:579} INFO - 26/04/03 08:16:02 INFO BlockManagerMasterEndpoint: Trying to remove executor 229 from BlockManagerMaster.
[2026-04-03T08:16:02.831+0000] {spark_submit.py:579} INFO - 26/04/03 08:16:02 INFO StandaloneSchedulerBackend$StandaloneDriverEndpoint: Asked to remove non-existent executor 229
[2026-04-03T08:16:02.831+0000] {spark_submit.py:579} INFO - 26/04/03 08:16:02 INFO BlockManagerMasterEndpoint: Removed 229 successfully in removeExecutor
[2026-04-03T08:16:02.831+0000] {spark_submit.py:579} INFO - 26/04/03 08:16:02 INFO StandaloneSchedulerBackend: Granted executor ID app-20260403080347-0005/230 on hostPort 172.20.0.2:43131 with 2 core(s), 1024.0 MiB RAM
[2026-04-03T08:16:02.853+0000] {spark_submit.py:579} INFO - 26/04/03 08:16:02 INFO StandaloneAppClient$ClientEndpoint: Executor updated: app-20260403080347-0005/230 is now RUNNING
[2026-04-03T08:16:05.748+0000] {spark_submit.py:579} INFO - 26/04/03 08:16:05 INFO StandaloneAppClient$ClientEndpoint: Executor updated: app-20260403080347-0005/230 is now EXITED (Command exited with code 1)
[2026-04-03T08:16:05.749+0000] {spark_submit.py:579} INFO - 26/04/03 08:16:05 INFO StandaloneSchedulerBackend: Executor app-20260403080347-0005/230 removed: Command exited with code 1
[2026-04-03T08:16:05.749+0000] {spark_submit.py:579} INFO - 26/04/03 08:16:05 INFO BlockManagerMasterEndpoint: Trying to remove executor 230 from BlockManagerMaster.
[2026-04-03T08:16:05.750+0000] {spark_submit.py:579} INFO - 26/04/03 08:16:05 INFO BlockManagerMaster: Removal of executor 230 requested
[2026-04-03T08:16:05.750+0000] {spark_submit.py:579} INFO - 26/04/03 08:16:05 INFO BlockManagerMasterEndpoint: Removed 230 successfully in removeExecutor
[2026-04-03T08:16:05.750+0000] {spark_submit.py:579} INFO - 26/04/03 08:16:05 INFO StandaloneSchedulerBackend$StandaloneDriverEndpoint: Asked to remove non-existent executor 230
[2026-04-03T08:16:05.751+0000] {spark_submit.py:579} INFO - 26/04/03 08:16:05 INFO StandaloneAppClient$ClientEndpoint: Executor added: app-20260403080347-0005/231 on worker-20260403074029-172.20.0.2-43131 (172.20.0.2:43131) with 2 core(s)
[2026-04-03T08:16:05.751+0000] {spark_submit.py:579} INFO - 26/04/03 08:16:05 INFO StandaloneSchedulerBackend: Granted executor ID app-20260403080347-0005/231 on hostPort 172.20.0.2:43131 with 2 core(s), 1024.0 MiB RAM
[2026-04-03T08:16:05.776+0000] {spark_submit.py:579} INFO - 26/04/03 08:16:05 INFO StandaloneAppClient$ClientEndpoint: Executor updated: app-20260403080347-0005/231 is now RUNNING
[2026-04-03T08:16:08.772+0000] {spark_submit.py:579} INFO - 26/04/03 08:16:08 INFO StandaloneAppClient$ClientEndpoint: Executor updated: app-20260403080347-0005/231 is now EXITED (Command exited with code 1)
[2026-04-03T08:16:08.773+0000] {spark_submit.py:579} INFO - 26/04/03 08:16:08 INFO StandaloneSchedulerBackend: Executor app-20260403080347-0005/231 removed: Command exited with code 1
[2026-04-03T08:16:08.774+0000] {spark_submit.py:579} INFO - 26/04/03 08:16:08 INFO BlockManagerMasterEndpoint: Trying to remove executor 231 from BlockManagerMaster.
[2026-04-03T08:16:08.774+0000] {spark_submit.py:579} INFO - 26/04/03 08:16:08 INFO BlockManagerMaster: Removal of executor 231 requested
[2026-04-03T08:16:08.774+0000] {spark_submit.py:579} INFO - 26/04/03 08:16:08 INFO StandaloneAppClient$ClientEndpoint: Executor added: app-20260403080347-0005/232 on worker-20260403074029-172.20.0.2-43131 (172.20.0.2:43131) with 2 core(s)
[2026-04-03T08:16:08.774+0000] {spark_submit.py:579} INFO - 26/04/03 08:16:08 INFO BlockManagerMasterEndpoint: Removed 231 successfully in removeExecutor
[2026-04-03T08:16:08.775+0000] {spark_submit.py:579} INFO - 26/04/03 08:16:08 INFO StandaloneSchedulerBackend$StandaloneDriverEndpoint: Asked to remove non-existent executor 231
[2026-04-03T08:16:08.775+0000] {spark_submit.py:579} INFO - 26/04/03 08:16:08 INFO StandaloneSchedulerBackend: Granted executor ID app-20260403080347-0005/232 on hostPort 172.20.0.2:43131 with 2 core(s), 1024.0 MiB RAM
[2026-04-03T08:16:08.796+0000] {spark_submit.py:579} INFO - 26/04/03 08:16:08 INFO StandaloneAppClient$ClientEndpoint: Executor updated: app-20260403080347-0005/232 is now RUNNING
[2026-04-03T08:16:11.409+0000] {spark_submit.py:579} INFO - 26/04/03 08:16:11 WARN TaskSchedulerImpl: Initial job has not accepted any resources; check your cluster UI to ensure that workers are registered and have sufficient resources
[2026-04-03T08:16:11.851+0000] {spark_submit.py:579} INFO - 26/04/03 08:16:11 INFO StandaloneAppClient$ClientEndpoint: Executor updated: app-20260403080347-0005/232 is now EXITED (Command exited with code 1)
[2026-04-03T08:16:11.852+0000] {spark_submit.py:579} INFO - 26/04/03 08:16:11 INFO StandaloneSchedulerBackend: Executor app-20260403080347-0005/232 removed: Command exited with code 1
[2026-04-03T08:16:11.852+0000] {spark_submit.py:579} INFO - 26/04/03 08:16:11 INFO BlockManagerMaster: Removal of executor 232 requested
[2026-04-03T08:16:11.852+0000] {spark_submit.py:579} INFO - 26/04/03 08:16:11 INFO BlockManagerMasterEndpoint: Trying to remove executor 232 from BlockManagerMaster.
[2026-04-03T08:16:11.852+0000] {spark_submit.py:579} INFO - 26/04/03 08:16:11 INFO BlockManagerMasterEndpoint: Removed 232 successfully in removeExecutor
[2026-04-03T08:16:11.853+0000] {spark_submit.py:579} INFO - 26/04/03 08:16:11 INFO StandaloneSchedulerBackend$StandaloneDriverEndpoint: Asked to remove non-existent executor 232
[2026-04-03T08:16:11.853+0000] {spark_submit.py:579} INFO - 26/04/03 08:16:11 INFO StandaloneAppClient$ClientEndpoint: Executor added: app-20260403080347-0005/233 on worker-20260403074029-172.20.0.2-43131 (172.20.0.2:43131) with 2 core(s)
[2026-04-03T08:16:11.853+0000] {spark_submit.py:579} INFO - 26/04/03 08:16:11 INFO StandaloneSchedulerBackend: Granted executor ID app-20260403080347-0005/233 on hostPort 172.20.0.2:43131 with 2 core(s), 1024.0 MiB RAM
[2026-04-03T08:16:11.875+0000] {spark_submit.py:579} INFO - 26/04/03 08:16:11 INFO StandaloneAppClient$ClientEndpoint: Executor updated: app-20260403080347-0005/233 is now RUNNING
[2026-04-03T08:16:15.042+0000] {spark_submit.py:579} INFO - 26/04/03 08:16:15 INFO StandaloneAppClient$ClientEndpoint: Executor updated: app-20260403080347-0005/233 is now EXITED (Command exited with code 1)
[2026-04-03T08:16:15.042+0000] {spark_submit.py:579} INFO - 26/04/03 08:16:15 INFO StandaloneSchedulerBackend: Executor app-20260403080347-0005/233 removed: Command exited with code 1
[2026-04-03T08:16:15.043+0000] {spark_submit.py:579} INFO - 26/04/03 08:16:15 INFO BlockManagerMaster: Removal of executor 233 requested
[2026-04-03T08:16:15.043+0000] {spark_submit.py:579} INFO - 26/04/03 08:16:15 INFO StandaloneAppClient$ClientEndpoint: Executor added: app-20260403080347-0005/234 on worker-20260403074029-172.20.0.2-43131 (172.20.0.2:43131) with 2 core(s)
[2026-04-03T08:16:15.043+0000] {spark_submit.py:579} INFO - 26/04/03 08:16:15 INFO StandaloneSchedulerBackend$StandaloneDriverEndpoint: Asked to remove non-existent executor 233
[2026-04-03T08:16:15.044+0000] {spark_submit.py:579} INFO - 26/04/03 08:16:15 INFO BlockManagerMasterEndpoint: Trying to remove executor 233 from BlockManagerMaster.
[2026-04-03T08:16:15.044+0000] {spark_submit.py:579} INFO - 26/04/03 08:16:15 INFO BlockManagerMasterEndpoint: Removed 233 successfully in removeExecutor
[2026-04-03T08:16:15.044+0000] {spark_submit.py:579} INFO - 26/04/03 08:16:15 INFO StandaloneSchedulerBackend: Granted executor ID app-20260403080347-0005/234 on hostPort 172.20.0.2:43131 with 2 core(s), 1024.0 MiB RAM
[2026-04-03T08:16:15.066+0000] {spark_submit.py:579} INFO - 26/04/03 08:16:15 INFO StandaloneAppClient$ClientEndpoint: Executor updated: app-20260403080347-0005/234 is now RUNNING
[2026-04-03T08:16:18.174+0000] {spark_submit.py:579} INFO - 26/04/03 08:16:18 INFO StandaloneAppClient$ClientEndpoint: Executor updated: app-20260403080347-0005/234 is now EXITED (Command exited with code 1)
[2026-04-03T08:16:18.175+0000] {spark_submit.py:579} INFO - 26/04/03 08:16:18 INFO StandaloneSchedulerBackend: Executor app-20260403080347-0005/234 removed: Command exited with code 1
[2026-04-03T08:16:18.175+0000] {spark_submit.py:579} INFO - 26/04/03 08:16:18 INFO BlockManagerMaster: Removal of executor 234 requested
[2026-04-03T08:16:18.175+0000] {spark_submit.py:579} INFO - 26/04/03 08:16:18 INFO BlockManagerMasterEndpoint: Trying to remove executor 234 from BlockManagerMaster.
[2026-04-03T08:16:18.176+0000] {spark_submit.py:579} INFO - 26/04/03 08:16:18 INFO BlockManagerMasterEndpoint: Removed 234 successfully in removeExecutor
[2026-04-03T08:16:18.176+0000] {spark_submit.py:579} INFO - 26/04/03 08:16:18 INFO StandaloneSchedulerBackend$StandaloneDriverEndpoint: Asked to remove non-existent executor 234
[2026-04-03T08:16:18.176+0000] {spark_submit.py:579} INFO - 26/04/03 08:16:18 INFO StandaloneAppClient$ClientEndpoint: Executor added: app-20260403080347-0005/235 on worker-20260403074029-172.20.0.2-43131 (172.20.0.2:43131) with 2 core(s)
[2026-04-03T08:16:18.176+0000] {spark_submit.py:579} INFO - 26/04/03 08:16:18 INFO StandaloneSchedulerBackend: Granted executor ID app-20260403080347-0005/235 on hostPort 172.20.0.2:43131 with 2 core(s), 1024.0 MiB RAM
[2026-04-03T08:16:18.199+0000] {spark_submit.py:579} INFO - 26/04/03 08:16:18 INFO StandaloneAppClient$ClientEndpoint: Executor updated: app-20260403080347-0005/235 is now RUNNING
[2026-04-03T08:16:21.361+0000] {spark_submit.py:579} INFO - 26/04/03 08:16:21 INFO StandaloneAppClient$ClientEndpoint: Executor updated: app-20260403080347-0005/235 is now EXITED (Command exited with code 1)
[2026-04-03T08:16:21.362+0000] {spark_submit.py:579} INFO - 26/04/03 08:16:21 INFO StandaloneSchedulerBackend: Executor app-20260403080347-0005/235 removed: Command exited with code 1
[2026-04-03T08:16:21.363+0000] {spark_submit.py:579} INFO - 26/04/03 08:16:21 INFO BlockManagerMasterEndpoint: Trying to remove executor 235 from BlockManagerMaster.
[2026-04-03T08:16:21.363+0000] {spark_submit.py:579} INFO - 26/04/03 08:16:21 INFO BlockManagerMaster: Removal of executor 235 requested
[2026-04-03T08:16:21.364+0000] {spark_submit.py:579} INFO - 26/04/03 08:16:21 INFO StandaloneAppClient$ClientEndpoint: Executor added: app-20260403080347-0005/236 on worker-20260403074029-172.20.0.2-43131 (172.20.0.2:43131) with 2 core(s)
[2026-04-03T08:16:21.364+0000] {spark_submit.py:579} INFO - 26/04/03 08:16:21 INFO BlockManagerMasterEndpoint: Removed 235 successfully in removeExecutor
[2026-04-03T08:16:21.364+0000] {spark_submit.py:579} INFO - 26/04/03 08:16:21 INFO StandaloneSchedulerBackend$StandaloneDriverEndpoint: Asked to remove non-existent executor 235
[2026-04-03T08:16:21.364+0000] {spark_submit.py:579} INFO - 26/04/03 08:16:21 INFO StandaloneSchedulerBackend: Granted executor ID app-20260403080347-0005/236 on hostPort 172.20.0.2:43131 with 2 core(s), 1024.0 MiB RAM
[2026-04-03T08:16:21.388+0000] {spark_submit.py:579} INFO - 26/04/03 08:16:21 INFO StandaloneAppClient$ClientEndpoint: Executor updated: app-20260403080347-0005/236 is now RUNNING
[2026-04-03T08:16:24.440+0000] {spark_submit.py:579} INFO - 26/04/03 08:16:24 INFO StandaloneAppClient$ClientEndpoint: Executor updated: app-20260403080347-0005/236 is now EXITED (Command exited with code 1)
[2026-04-03T08:16:24.441+0000] {spark_submit.py:579} INFO - 26/04/03 08:16:24 INFO StandaloneSchedulerBackend: Executor app-20260403080347-0005/236 removed: Command exited with code 1
[2026-04-03T08:16:24.441+0000] {spark_submit.py:579} INFO - 26/04/03 08:16:24 INFO BlockManagerMaster: Removal of executor 236 requested
[2026-04-03T08:16:24.442+0000] {spark_submit.py:579} INFO - 26/04/03 08:16:24 INFO BlockManagerMasterEndpoint: Trying to remove executor 236 from BlockManagerMaster.
[2026-04-03T08:16:24.442+0000] {spark_submit.py:579} INFO - 26/04/03 08:16:24 INFO StandaloneAppClient$ClientEndpoint: Executor added: app-20260403080347-0005/237 on worker-20260403074029-172.20.0.2-43131 (172.20.0.2:43131) with 2 core(s)
[2026-04-03T08:16:24.442+0000] {spark_submit.py:579} INFO - 26/04/03 08:16:24 INFO StandaloneSchedulerBackend$StandaloneDriverEndpoint: Asked to remove non-existent executor 236
[2026-04-03T08:16:24.442+0000] {spark_submit.py:579} INFO - 26/04/03 08:16:24 INFO BlockManagerMasterEndpoint: Removed 236 successfully in removeExecutor
[2026-04-03T08:16:24.443+0000] {spark_submit.py:579} INFO - 26/04/03 08:16:24 INFO StandaloneSchedulerBackend: Granted executor ID app-20260403080347-0005/237 on hostPort 172.20.0.2:43131 with 2 core(s), 1024.0 MiB RAM
[2026-04-03T08:16:24.465+0000] {spark_submit.py:579} INFO - 26/04/03 08:16:24 INFO StandaloneAppClient$ClientEndpoint: Executor updated: app-20260403080347-0005/237 is now RUNNING
[2026-04-03T08:16:26.409+0000] {spark_submit.py:579} INFO - 26/04/03 08:16:26 WARN TaskSchedulerImpl: Initial job has not accepted any resources; check your cluster UI to ensure that workers are registered and have sufficient resources
[2026-04-03T08:16:27.538+0000] {spark_submit.py:579} INFO - 26/04/03 08:16:27 INFO StandaloneAppClient$ClientEndpoint: Executor updated: app-20260403080347-0005/237 is now EXITED (Command exited with code 1)
[2026-04-03T08:16:27.539+0000] {spark_submit.py:579} INFO - 26/04/03 08:16:27 INFO StandaloneSchedulerBackend: Executor app-20260403080347-0005/237 removed: Command exited with code 1
[2026-04-03T08:16:27.540+0000] {spark_submit.py:579} INFO - 26/04/03 08:16:27 INFO StandaloneAppClient$ClientEndpoint: Executor added: app-20260403080347-0005/238 on worker-20260403074029-172.20.0.2-43131 (172.20.0.2:43131) with 2 core(s)
[2026-04-03T08:16:27.540+0000] {spark_submit.py:579} INFO - 26/04/03 08:16:27 INFO BlockManagerMasterEndpoint: Trying to remove executor 237 from BlockManagerMaster.
[2026-04-03T08:16:27.540+0000] {spark_submit.py:579} INFO - 26/04/03 08:16:27 INFO BlockManagerMaster: Removal of executor 237 requested
[2026-04-03T08:16:27.541+0000] {spark_submit.py:579} INFO - 26/04/03 08:16:27 INFO StandaloneSchedulerBackend: Granted executor ID app-20260403080347-0005/238 on hostPort 172.20.0.2:43131 with 2 core(s), 1024.0 MiB RAM
[2026-04-03T08:16:27.541+0000] {spark_submit.py:579} INFO - 26/04/03 08:16:27 INFO BlockManagerMasterEndpoint: Removed 237 successfully in removeExecutor
[2026-04-03T08:16:27.541+0000] {spark_submit.py:579} INFO - 26/04/03 08:16:27 INFO StandaloneSchedulerBackend$StandaloneDriverEndpoint: Asked to remove non-existent executor 237
[2026-04-03T08:16:27.563+0000] {spark_submit.py:579} INFO - 26/04/03 08:16:27 INFO StandaloneAppClient$ClientEndpoint: Executor updated: app-20260403080347-0005/238 is now RUNNING
[2026-04-03T08:16:30.489+0000] {spark_submit.py:579} INFO - 26/04/03 08:16:30 INFO StandaloneAppClient$ClientEndpoint: Executor updated: app-20260403080347-0005/238 is now EXITED (Command exited with code 1)
[2026-04-03T08:16:30.490+0000] {spark_submit.py:579} INFO - 26/04/03 08:16:30 INFO StandaloneSchedulerBackend: Executor app-20260403080347-0005/238 removed: Command exited with code 1
[2026-04-03T08:16:30.490+0000] {spark_submit.py:579} INFO - 26/04/03 08:16:30 INFO BlockManagerMaster: Removal of executor 238 requested
[2026-04-03T08:16:30.490+0000] {spark_submit.py:579} INFO - 26/04/03 08:16:30 INFO StandaloneAppClient$ClientEndpoint: Executor added: app-20260403080347-0005/239 on worker-20260403074029-172.20.0.2-43131 (172.20.0.2:43131) with 2 core(s)
[2026-04-03T08:16:30.491+0000] {spark_submit.py:579} INFO - 26/04/03 08:16:30 INFO BlockManagerMasterEndpoint: Trying to remove executor 238 from BlockManagerMaster.
[2026-04-03T08:16:30.491+0000] {spark_submit.py:579} INFO - 26/04/03 08:16:30 INFO BlockManagerMasterEndpoint: Removed 238 successfully in removeExecutor
[2026-04-03T08:16:30.491+0000] {spark_submit.py:579} INFO - 26/04/03 08:16:30 INFO StandaloneSchedulerBackend$StandaloneDriverEndpoint: Asked to remove non-existent executor 238
[2026-04-03T08:16:30.491+0000] {spark_submit.py:579} INFO - 26/04/03 08:16:30 INFO StandaloneSchedulerBackend: Granted executor ID app-20260403080347-0005/239 on hostPort 172.20.0.2:43131 with 2 core(s), 1024.0 MiB RAM
[2026-04-03T08:16:30.512+0000] {spark_submit.py:579} INFO - 26/04/03 08:16:30 INFO StandaloneAppClient$ClientEndpoint: Executor updated: app-20260403080347-0005/239 is now RUNNING
[2026-04-03T08:16:33.914+0000] {spark_submit.py:579} INFO - 26/04/03 08:16:33 INFO StandaloneAppClient$ClientEndpoint: Executor updated: app-20260403080347-0005/239 is now EXITED (Command exited with code 1)
[2026-04-03T08:16:33.915+0000] {spark_submit.py:579} INFO - 26/04/03 08:16:33 INFO StandaloneSchedulerBackend: Executor app-20260403080347-0005/239 removed: Command exited with code 1
[2026-04-03T08:16:33.915+0000] {spark_submit.py:579} INFO - 26/04/03 08:16:33 INFO BlockManagerMaster: Removal of executor 239 requested
[2026-04-03T08:16:33.915+0000] {spark_submit.py:579} INFO - 26/04/03 08:16:33 INFO StandaloneAppClient$ClientEndpoint: Executor added: app-20260403080347-0005/240 on worker-20260403074029-172.20.0.2-43131 (172.20.0.2:43131) with 2 core(s)
[2026-04-03T08:16:33.915+0000] {spark_submit.py:579} INFO - 26/04/03 08:16:33 INFO BlockManagerMasterEndpoint: Trying to remove executor 239 from BlockManagerMaster.
[2026-04-03T08:16:33.916+0000] {spark_submit.py:579} INFO - 26/04/03 08:16:33 INFO StandaloneSchedulerBackend$StandaloneDriverEndpoint: Asked to remove non-existent executor 239
[2026-04-03T08:16:33.916+0000] {spark_submit.py:579} INFO - 26/04/03 08:16:33 INFO BlockManagerMasterEndpoint: Removed 239 successfully in removeExecutor
[2026-04-03T08:16:33.916+0000] {spark_submit.py:579} INFO - 26/04/03 08:16:33 INFO StandaloneSchedulerBackend: Granted executor ID app-20260403080347-0005/240 on hostPort 172.20.0.2:43131 with 2 core(s), 1024.0 MiB RAM
[2026-04-03T08:16:33.938+0000] {spark_submit.py:579} INFO - 26/04/03 08:16:33 INFO StandaloneAppClient$ClientEndpoint: Executor updated: app-20260403080347-0005/240 is now RUNNING
[2026-04-03T08:16:36.971+0000] {spark_submit.py:579} INFO - 26/04/03 08:16:36 INFO StandaloneAppClient$ClientEndpoint: Executor updated: app-20260403080347-0005/240 is now EXITED (Command exited with code 1)
[2026-04-03T08:16:36.972+0000] {spark_submit.py:579} INFO - 26/04/03 08:16:36 INFO StandaloneSchedulerBackend: Executor app-20260403080347-0005/240 removed: Command exited with code 1
[2026-04-03T08:16:36.972+0000] {spark_submit.py:579} INFO - 26/04/03 08:16:36 INFO StandaloneAppClient$ClientEndpoint: Executor added: app-20260403080347-0005/241 on worker-20260403074029-172.20.0.2-43131 (172.20.0.2:43131) with 2 core(s)
[2026-04-03T08:16:36.973+0000] {spark_submit.py:579} INFO - 26/04/03 08:16:36 INFO BlockManagerMaster: Removal of executor 240 requested
[2026-04-03T08:16:36.973+0000] {spark_submit.py:579} INFO - 26/04/03 08:16:36 INFO StandaloneSchedulerBackend$StandaloneDriverEndpoint: Asked to remove non-existent executor 240
[2026-04-03T08:16:36.973+0000] {spark_submit.py:579} INFO - 26/04/03 08:16:36 INFO BlockManagerMasterEndpoint: Trying to remove executor 240 from BlockManagerMaster.
[2026-04-03T08:16:36.974+0000] {spark_submit.py:579} INFO - 26/04/03 08:16:36 INFO BlockManagerMasterEndpoint: Removed 240 successfully in removeExecutor
[2026-04-03T08:16:36.974+0000] {spark_submit.py:579} INFO - 26/04/03 08:16:36 INFO StandaloneSchedulerBackend: Granted executor ID app-20260403080347-0005/241 on hostPort 172.20.0.2:43131 with 2 core(s), 1024.0 MiB RAM
[2026-04-03T08:16:36.994+0000] {spark_submit.py:579} INFO - 26/04/03 08:16:36 INFO StandaloneAppClient$ClientEndpoint: Executor updated: app-20260403080347-0005/241 is now RUNNING
[2026-04-03T08:16:39.930+0000] {spark_submit.py:579} INFO - 26/04/03 08:16:39 INFO StandaloneAppClient$ClientEndpoint: Executor updated: app-20260403080347-0005/241 is now EXITED (Command exited with code 1)
[2026-04-03T08:16:39.930+0000] {spark_submit.py:579} INFO - 26/04/03 08:16:39 INFO StandaloneSchedulerBackend: Executor app-20260403080347-0005/241 removed: Command exited with code 1
[2026-04-03T08:16:39.931+0000] {spark_submit.py:579} INFO - 26/04/03 08:16:39 INFO BlockManagerMaster: Removal of executor 241 requested
[2026-04-03T08:16:39.931+0000] {spark_submit.py:579} INFO - 26/04/03 08:16:39 INFO StandaloneAppClient$ClientEndpoint: Executor added: app-20260403080347-0005/242 on worker-20260403074029-172.20.0.2-43131 (172.20.0.2:43131) with 2 core(s)
[2026-04-03T08:16:39.931+0000] {spark_submit.py:579} INFO - 26/04/03 08:16:39 INFO BlockManagerMasterEndpoint: Trying to remove executor 241 from BlockManagerMaster.
[2026-04-03T08:16:39.932+0000] {spark_submit.py:579} INFO - 26/04/03 08:16:39 INFO StandaloneSchedulerBackend$StandaloneDriverEndpoint: Asked to remove non-existent executor 241
[2026-04-03T08:16:39.932+0000] {spark_submit.py:579} INFO - 26/04/03 08:16:39 INFO BlockManagerMasterEndpoint: Removed 241 successfully in removeExecutor
[2026-04-03T08:16:39.932+0000] {spark_submit.py:579} INFO - 26/04/03 08:16:39 INFO StandaloneSchedulerBackend: Granted executor ID app-20260403080347-0005/242 on hostPort 172.20.0.2:43131 with 2 core(s), 1024.0 MiB RAM
[2026-04-03T08:16:39.954+0000] {spark_submit.py:579} INFO - 26/04/03 08:16:39 INFO StandaloneAppClient$ClientEndpoint: Executor updated: app-20260403080347-0005/242 is now RUNNING
[2026-04-03T08:16:41.409+0000] {spark_submit.py:579} INFO - 26/04/03 08:16:41 WARN TaskSchedulerImpl: Initial job has not accepted any resources; check your cluster UI to ensure that workers are registered and have sufficient resources
[2026-04-03T08:16:43.056+0000] {spark_submit.py:579} INFO - 26/04/03 08:16:43 INFO StandaloneAppClient$ClientEndpoint: Executor updated: app-20260403080347-0005/242 is now EXITED (Command exited with code 1)
[2026-04-03T08:16:43.057+0000] {spark_submit.py:579} INFO - 26/04/03 08:16:43 INFO StandaloneSchedulerBackend: Executor app-20260403080347-0005/242 removed: Command exited with code 1
[2026-04-03T08:16:43.058+0000] {spark_submit.py:579} INFO - 26/04/03 08:16:43 INFO BlockManagerMaster: Removal of executor 242 requested
[2026-04-03T08:16:43.058+0000] {spark_submit.py:579} INFO - 26/04/03 08:16:43 INFO StandaloneSchedulerBackend$StandaloneDriverEndpoint: Asked to remove non-existent executor 242
[2026-04-03T08:16:43.058+0000] {spark_submit.py:579} INFO - 26/04/03 08:16:43 INFO BlockManagerMasterEndpoint: Trying to remove executor 242 from BlockManagerMaster.
[2026-04-03T08:16:43.058+0000] {spark_submit.py:579} INFO - 26/04/03 08:16:43 INFO BlockManagerMasterEndpoint: Removed 242 successfully in removeExecutor
[2026-04-03T08:16:43.058+0000] {spark_submit.py:579} INFO - 26/04/03 08:16:43 INFO StandaloneAppClient$ClientEndpoint: Executor added: app-20260403080347-0005/243 on worker-20260403074029-172.20.0.2-43131 (172.20.0.2:43131) with 2 core(s)
[2026-04-03T08:16:43.059+0000] {spark_submit.py:579} INFO - 26/04/03 08:16:43 INFO StandaloneSchedulerBackend: Granted executor ID app-20260403080347-0005/243 on hostPort 172.20.0.2:43131 with 2 core(s), 1024.0 MiB RAM
[2026-04-03T08:16:43.080+0000] {spark_submit.py:579} INFO - 26/04/03 08:16:43 INFO StandaloneAppClient$ClientEndpoint: Executor updated: app-20260403080347-0005/243 is now RUNNING
[2026-04-03T08:16:46.006+0000] {spark_submit.py:579} INFO - 26/04/03 08:16:46 INFO StandaloneAppClient$ClientEndpoint: Executor updated: app-20260403080347-0005/243 is now EXITED (Command exited with code 1)
[2026-04-03T08:16:46.007+0000] {spark_submit.py:579} INFO - 26/04/03 08:16:46 INFO StandaloneSchedulerBackend: Executor app-20260403080347-0005/243 removed: Command exited with code 1
[2026-04-03T08:16:46.007+0000] {spark_submit.py:579} INFO - 26/04/03 08:16:46 INFO StandaloneAppClient$ClientEndpoint: Executor added: app-20260403080347-0005/244 on worker-20260403074029-172.20.0.2-43131 (172.20.0.2:43131) with 2 core(s)
[2026-04-03T08:16:46.007+0000] {spark_submit.py:579} INFO - 26/04/03 08:16:46 INFO BlockManagerMaster: Removal of executor 243 requested
[2026-04-03T08:16:46.008+0000] {spark_submit.py:579} INFO - 26/04/03 08:16:46 INFO StandaloneSchedulerBackend$StandaloneDriverEndpoint: Asked to remove non-existent executor 243
[2026-04-03T08:16:46.008+0000] {spark_submit.py:579} INFO - 26/04/03 08:16:46 INFO BlockManagerMasterEndpoint: Trying to remove executor 243 from BlockManagerMaster.
[2026-04-03T08:16:46.008+0000] {spark_submit.py:579} INFO - 26/04/03 08:16:46 INFO BlockManagerMasterEndpoint: Removed 243 successfully in removeExecutor
[2026-04-03T08:16:46.008+0000] {spark_submit.py:579} INFO - 26/04/03 08:16:46 INFO StandaloneSchedulerBackend: Granted executor ID app-20260403080347-0005/244 on hostPort 172.20.0.2:43131 with 2 core(s), 1024.0 MiB RAM
[2026-04-03T08:16:46.031+0000] {spark_submit.py:579} INFO - 26/04/03 08:16:46 INFO StandaloneAppClient$ClientEndpoint: Executor updated: app-20260403080347-0005/244 is now RUNNING
[2026-04-03T08:16:49.009+0000] {spark_submit.py:579} INFO - 26/04/03 08:16:49 INFO StandaloneAppClient$ClientEndpoint: Executor updated: app-20260403080347-0005/244 is now EXITED (Command exited with code 1)
[2026-04-03T08:16:49.009+0000] {spark_submit.py:579} INFO - 26/04/03 08:16:49 INFO StandaloneSchedulerBackend: Executor app-20260403080347-0005/244 removed: Command exited with code 1
[2026-04-03T08:16:49.010+0000] {spark_submit.py:579} INFO - 26/04/03 08:16:49 INFO StandaloneAppClient$ClientEndpoint: Executor added: app-20260403080347-0005/245 on worker-20260403074029-172.20.0.2-43131 (172.20.0.2:43131) with 2 core(s)
[2026-04-03T08:16:49.010+0000] {spark_submit.py:579} INFO - 26/04/03 08:16:49 INFO BlockManagerMaster: Removal of executor 244 requested
[2026-04-03T08:16:49.010+0000] {spark_submit.py:579} INFO - 26/04/03 08:16:49 INFO BlockManagerMasterEndpoint: Trying to remove executor 244 from BlockManagerMaster.
[2026-04-03T08:16:49.011+0000] {spark_submit.py:579} INFO - 26/04/03 08:16:49 INFO StandaloneSchedulerBackend$StandaloneDriverEndpoint: Asked to remove non-existent executor 244
[2026-04-03T08:16:49.011+0000] {spark_submit.py:579} INFO - 26/04/03 08:16:49 INFO BlockManagerMasterEndpoint: Removed 244 successfully in removeExecutor
[2026-04-03T08:16:49.011+0000] {spark_submit.py:579} INFO - 26/04/03 08:16:49 INFO StandaloneSchedulerBackend: Granted executor ID app-20260403080347-0005/245 on hostPort 172.20.0.2:43131 with 2 core(s), 1024.0 MiB RAM
[2026-04-03T08:16:49.032+0000] {spark_submit.py:579} INFO - 26/04/03 08:16:49 INFO StandaloneAppClient$ClientEndpoint: Executor updated: app-20260403080347-0005/245 is now RUNNING
[2026-04-03T08:16:51.999+0000] {spark_submit.py:579} INFO - 26/04/03 08:16:51 INFO StandaloneAppClient$ClientEndpoint: Executor updated: app-20260403080347-0005/245 is now EXITED (Command exited with code 1)
[2026-04-03T08:16:52.000+0000] {spark_submit.py:579} INFO - 26/04/03 08:16:51 INFO StandaloneSchedulerBackend: Executor app-20260403080347-0005/245 removed: Command exited with code 1
[2026-04-03T08:16:52.000+0000] {spark_submit.py:579} INFO - 26/04/03 08:16:51 INFO BlockManagerMaster: Removal of executor 245 requested
[2026-04-03T08:16:52.000+0000] {spark_submit.py:579} INFO - 26/04/03 08:16:51 INFO BlockManagerMasterEndpoint: Trying to remove executor 245 from BlockManagerMaster.
[2026-04-03T08:16:52.001+0000] {spark_submit.py:579} INFO - 26/04/03 08:16:51 INFO StandaloneAppClient$ClientEndpoint: Executor added: app-20260403080347-0005/246 on worker-20260403074029-172.20.0.2-43131 (172.20.0.2:43131) with 2 core(s)
[2026-04-03T08:16:52.001+0000] {spark_submit.py:579} INFO - 26/04/03 08:16:51 INFO StandaloneSchedulerBackend$StandaloneDriverEndpoint: Asked to remove non-existent executor 245
[2026-04-03T08:16:52.001+0000] {spark_submit.py:579} INFO - 26/04/03 08:16:51 INFO BlockManagerMasterEndpoint: Removed 245 successfully in removeExecutor
[2026-04-03T08:16:52.001+0000] {spark_submit.py:579} INFO - 26/04/03 08:16:51 INFO StandaloneSchedulerBackend: Granted executor ID app-20260403080347-0005/246 on hostPort 172.20.0.2:43131 with 2 core(s), 1024.0 MiB RAM
[2026-04-03T08:16:52.025+0000] {spark_submit.py:579} INFO - 26/04/03 08:16:52 INFO StandaloneAppClient$ClientEndpoint: Executor updated: app-20260403080347-0005/246 is now RUNNING
[2026-04-03T08:16:55.086+0000] {spark_submit.py:579} INFO - 26/04/03 08:16:55 INFO StandaloneAppClient$ClientEndpoint: Executor updated: app-20260403080347-0005/246 is now EXITED (Command exited with code 1)
[2026-04-03T08:16:55.086+0000] {spark_submit.py:579} INFO - 26/04/03 08:16:55 INFO StandaloneSchedulerBackend: Executor app-20260403080347-0005/246 removed: Command exited with code 1
[2026-04-03T08:16:55.087+0000] {spark_submit.py:579} INFO - 26/04/03 08:16:55 INFO StandaloneAppClient$ClientEndpoint: Executor added: app-20260403080347-0005/247 on worker-20260403074029-172.20.0.2-43131 (172.20.0.2:43131) with 2 core(s)
[2026-04-03T08:16:55.087+0000] {spark_submit.py:579} INFO - 26/04/03 08:16:55 INFO BlockManagerMaster: Removal of executor 246 requested
[2026-04-03T08:16:55.087+0000] {spark_submit.py:579} INFO - 26/04/03 08:16:55 INFO StandaloneSchedulerBackend: Granted executor ID app-20260403080347-0005/247 on hostPort 172.20.0.2:43131 with 2 core(s), 1024.0 MiB RAM
[2026-04-03T08:16:55.087+0000] {spark_submit.py:579} INFO - 26/04/03 08:16:55 INFO BlockManagerMasterEndpoint: Trying to remove executor 246 from BlockManagerMaster.
[2026-04-03T08:16:55.088+0000] {spark_submit.py:579} INFO - 26/04/03 08:16:55 INFO StandaloneSchedulerBackend$StandaloneDriverEndpoint: Asked to remove non-existent executor 246
[2026-04-03T08:16:55.088+0000] {spark_submit.py:579} INFO - 26/04/03 08:16:55 INFO BlockManagerMasterEndpoint: Removed 246 successfully in removeExecutor
[2026-04-03T08:16:55.109+0000] {spark_submit.py:579} INFO - 26/04/03 08:16:55 INFO StandaloneAppClient$ClientEndpoint: Executor updated: app-20260403080347-0005/247 is now RUNNING
[2026-04-03T08:16:56.409+0000] {spark_submit.py:579} INFO - 26/04/03 08:16:56 WARN TaskSchedulerImpl: Initial job has not accepted any resources; check your cluster UI to ensure that workers are registered and have sufficient resources
[2026-04-03T08:16:58.040+0000] {spark_submit.py:579} INFO - 26/04/03 08:16:58 INFO StandaloneAppClient$ClientEndpoint: Executor updated: app-20260403080347-0005/247 is now EXITED (Command exited with code 1)
[2026-04-03T08:16:58.041+0000] {spark_submit.py:579} INFO - 26/04/03 08:16:58 INFO StandaloneSchedulerBackend: Executor app-20260403080347-0005/247 removed: Command exited with code 1
[2026-04-03T08:16:58.041+0000] {spark_submit.py:579} INFO - 26/04/03 08:16:58 INFO BlockManagerMasterEndpoint: Trying to remove executor 247 from BlockManagerMaster.
[2026-04-03T08:16:58.041+0000] {spark_submit.py:579} INFO - 26/04/03 08:16:58 INFO BlockManagerMasterEndpoint: Removed 247 successfully in removeExecutor
[2026-04-03T08:16:58.041+0000] {spark_submit.py:579} INFO - 26/04/03 08:16:58 INFO BlockManagerMaster: Removal of executor 247 requested
[2026-04-03T08:16:58.042+0000] {spark_submit.py:579} INFO - 26/04/03 08:16:58 INFO StandaloneAppClient$ClientEndpoint: Executor added: app-20260403080347-0005/248 on worker-20260403074029-172.20.0.2-43131 (172.20.0.2:43131) with 2 core(s)
[2026-04-03T08:16:58.042+0000] {spark_submit.py:579} INFO - 26/04/03 08:16:58 INFO StandaloneSchedulerBackend$StandaloneDriverEndpoint: Asked to remove non-existent executor 247
[2026-04-03T08:16:58.042+0000] {spark_submit.py:579} INFO - 26/04/03 08:16:58 INFO StandaloneSchedulerBackend: Granted executor ID app-20260403080347-0005/248 on hostPort 172.20.0.2:43131 with 2 core(s), 1024.0 MiB RAM
[2026-04-03T08:16:58.063+0000] {spark_submit.py:579} INFO - 26/04/03 08:16:58 INFO StandaloneAppClient$ClientEndpoint: Executor updated: app-20260403080347-0005/248 is now RUNNING
[2026-04-03T08:17:01.097+0000] {spark_submit.py:579} INFO - 26/04/03 08:17:01 INFO StandaloneAppClient$ClientEndpoint: Executor updated: app-20260403080347-0005/248 is now EXITED (Command exited with code 1)
[2026-04-03T08:17:01.097+0000] {spark_submit.py:579} INFO - 26/04/03 08:17:01 INFO StandaloneSchedulerBackend: Executor app-20260403080347-0005/248 removed: Command exited with code 1
[2026-04-03T08:17:01.098+0000] {spark_submit.py:579} INFO - 26/04/03 08:17:01 INFO BlockManagerMaster: Removal of executor 248 requested
[2026-04-03T08:17:01.098+0000] {spark_submit.py:579} INFO - 26/04/03 08:17:01 INFO StandaloneAppClient$ClientEndpoint: Executor added: app-20260403080347-0005/249 on worker-20260403074029-172.20.0.2-43131 (172.20.0.2:43131) with 2 core(s)
[2026-04-03T08:17:01.099+0000] {spark_submit.py:579} INFO - 26/04/03 08:17:01 INFO StandaloneSchedulerBackend$StandaloneDriverEndpoint: Asked to remove non-existent executor 248
[2026-04-03T08:17:01.099+0000] {spark_submit.py:579} INFO - 26/04/03 08:17:01 INFO BlockManagerMasterEndpoint: Trying to remove executor 248 from BlockManagerMaster.
[2026-04-03T08:17:01.099+0000] {spark_submit.py:579} INFO - 26/04/03 08:17:01 INFO BlockManagerMasterEndpoint: Removed 248 successfully in removeExecutor
[2026-04-03T08:17:01.099+0000] {spark_submit.py:579} INFO - 26/04/03 08:17:01 INFO StandaloneSchedulerBackend: Granted executor ID app-20260403080347-0005/249 on hostPort 172.20.0.2:43131 with 2 core(s), 1024.0 MiB RAM
[2026-04-03T08:17:01.121+0000] {spark_submit.py:579} INFO - 26/04/03 08:17:01 INFO StandaloneAppClient$ClientEndpoint: Executor updated: app-20260403080347-0005/249 is now RUNNING
[2026-04-03T08:17:04.085+0000] {spark_submit.py:579} INFO - 26/04/03 08:17:04 INFO StandaloneAppClient$ClientEndpoint: Executor updated: app-20260403080347-0005/249 is now EXITED (Command exited with code 1)
[2026-04-03T08:17:04.086+0000] {spark_submit.py:579} INFO - 26/04/03 08:17:04 INFO StandaloneSchedulerBackend: Executor app-20260403080347-0005/249 removed: Command exited with code 1
[2026-04-03T08:17:04.087+0000] {spark_submit.py:579} INFO - 26/04/03 08:17:04 INFO StandaloneAppClient$ClientEndpoint: Executor added: app-20260403080347-0005/250 on worker-20260403074029-172.20.0.2-43131 (172.20.0.2:43131) with 2 core(s)
[2026-04-03T08:17:04.087+0000] {spark_submit.py:579} INFO - 26/04/03 08:17:04 INFO BlockManagerMaster: Removal of executor 249 requested
[2026-04-03T08:17:04.087+0000] {spark_submit.py:579} INFO - 26/04/03 08:17:04 INFO BlockManagerMasterEndpoint: Trying to remove executor 249 from BlockManagerMaster.
[2026-04-03T08:17:04.087+0000] {spark_submit.py:579} INFO - 26/04/03 08:17:04 INFO StandaloneSchedulerBackend$StandaloneDriverEndpoint: Asked to remove non-existent executor 249
[2026-04-03T08:17:04.088+0000] {spark_submit.py:579} INFO - 26/04/03 08:17:04 INFO BlockManagerMasterEndpoint: Removed 249 successfully in removeExecutor
[2026-04-03T08:17:04.088+0000] {spark_submit.py:579} INFO - 26/04/03 08:17:04 INFO StandaloneSchedulerBackend: Granted executor ID app-20260403080347-0005/250 on hostPort 172.20.0.2:43131 with 2 core(s), 1024.0 MiB RAM
[2026-04-03T08:17:04.108+0000] {spark_submit.py:579} INFO - 26/04/03 08:17:04 INFO StandaloneAppClient$ClientEndpoint: Executor updated: app-20260403080347-0005/250 is now RUNNING
[2026-04-03T08:17:07.133+0000] {spark_submit.py:579} INFO - 26/04/03 08:17:07 INFO StandaloneAppClient$ClientEndpoint: Executor updated: app-20260403080347-0005/250 is now EXITED (Command exited with code 1)
[2026-04-03T08:17:07.133+0000] {spark_submit.py:579} INFO - 26/04/03 08:17:07 INFO StandaloneSchedulerBackend: Executor app-20260403080347-0005/250 removed: Command exited with code 1
[2026-04-03T08:17:07.134+0000] {spark_submit.py:579} INFO - 26/04/03 08:17:07 INFO StandaloneAppClient$ClientEndpoint: Executor added: app-20260403080347-0005/251 on worker-20260403074029-172.20.0.2-43131 (172.20.0.2:43131) with 2 core(s)
[2026-04-03T08:17:07.134+0000] {spark_submit.py:579} INFO - 26/04/03 08:17:07 INFO BlockManagerMaster: Removal of executor 250 requested
[2026-04-03T08:17:07.134+0000] {spark_submit.py:579} INFO - 26/04/03 08:17:07 INFO BlockManagerMasterEndpoint: Trying to remove executor 250 from BlockManagerMaster.
[2026-04-03T08:17:07.134+0000] {spark_submit.py:579} INFO - 26/04/03 08:17:07 INFO StandaloneSchedulerBackend: Granted executor ID app-20260403080347-0005/251 on hostPort 172.20.0.2:43131 with 2 core(s), 1024.0 MiB RAM
[2026-04-03T08:17:07.135+0000] {spark_submit.py:579} INFO - 26/04/03 08:17:07 INFO BlockManagerMasterEndpoint: Removed 250 successfully in removeExecutor
[2026-04-03T08:17:07.135+0000] {spark_submit.py:579} INFO - 26/04/03 08:17:07 INFO StandaloneSchedulerBackend$StandaloneDriverEndpoint: Asked to remove non-existent executor 250
[2026-04-03T08:17:07.163+0000] {spark_submit.py:579} INFO - 26/04/03 08:17:07 INFO StandaloneAppClient$ClientEndpoint: Executor updated: app-20260403080347-0005/251 is now RUNNING
[2026-04-03T08:17:10.243+0000] {spark_submit.py:579} INFO - 26/04/03 08:17:10 INFO StandaloneAppClient$ClientEndpoint: Executor updated: app-20260403080347-0005/251 is now EXITED (Command exited with code 1)
[2026-04-03T08:17:10.243+0000] {spark_submit.py:579} INFO - 26/04/03 08:17:10 INFO StandaloneSchedulerBackend: Executor app-20260403080347-0005/251 removed: Command exited with code 1
[2026-04-03T08:17:10.244+0000] {spark_submit.py:579} INFO - 26/04/03 08:17:10 INFO BlockManagerMaster: Removal of executor 251 requested
[2026-04-03T08:17:10.244+0000] {spark_submit.py:579} INFO - 26/04/03 08:17:10 INFO StandaloneSchedulerBackend$StandaloneDriverEndpoint: Asked to remove non-existent executor 251
[2026-04-03T08:17:10.244+0000] {spark_submit.py:579} INFO - 26/04/03 08:17:10 INFO BlockManagerMasterEndpoint: Trying to remove executor 251 from BlockManagerMaster.
[2026-04-03T08:17:10.245+0000] {spark_submit.py:579} INFO - 26/04/03 08:17:10 INFO BlockManagerMasterEndpoint: Removed 251 successfully in removeExecutor
[2026-04-03T08:17:10.245+0000] {spark_submit.py:579} INFO - 26/04/03 08:17:10 INFO StandaloneAppClient$ClientEndpoint: Executor added: app-20260403080347-0005/252 on worker-20260403074029-172.20.0.2-43131 (172.20.0.2:43131) with 2 core(s)
[2026-04-03T08:17:10.245+0000] {spark_submit.py:579} INFO - 26/04/03 08:17:10 INFO StandaloneSchedulerBackend: Granted executor ID app-20260403080347-0005/252 on hostPort 172.20.0.2:43131 with 2 core(s), 1024.0 MiB RAM
[2026-04-03T08:17:10.268+0000] {spark_submit.py:579} INFO - 26/04/03 08:17:10 INFO StandaloneAppClient$ClientEndpoint: Executor updated: app-20260403080347-0005/252 is now RUNNING
[2026-04-03T08:17:11.409+0000] {spark_submit.py:579} INFO - 26/04/03 08:17:11 WARN TaskSchedulerImpl: Initial job has not accepted any resources; check your cluster UI to ensure that workers are registered and have sufficient resources
[2026-04-03T08:17:13.243+0000] {spark_submit.py:579} INFO - 26/04/03 08:17:13 INFO StandaloneAppClient$ClientEndpoint: Executor updated: app-20260403080347-0005/252 is now EXITED (Command exited with code 1)
[2026-04-03T08:17:13.244+0000] {spark_submit.py:579} INFO - 26/04/03 08:17:13 INFO StandaloneSchedulerBackend: Executor app-20260403080347-0005/252 removed: Command exited with code 1
[2026-04-03T08:17:13.244+0000] {spark_submit.py:579} INFO - 26/04/03 08:17:13 INFO BlockManagerMaster: Removal of executor 252 requested
[2026-04-03T08:17:13.244+0000] {spark_submit.py:579} INFO - 26/04/03 08:17:13 INFO StandaloneSchedulerBackend$StandaloneDriverEndpoint: Asked to remove non-existent executor 252
[2026-04-03T08:17:13.245+0000] {spark_submit.py:579} INFO - 26/04/03 08:17:13 INFO StandaloneAppClient$ClientEndpoint: Executor added: app-20260403080347-0005/253 on worker-20260403074029-172.20.0.2-43131 (172.20.0.2:43131) with 2 core(s)
[2026-04-03T08:17:13.245+0000] {spark_submit.py:579} INFO - 26/04/03 08:17:13 INFO BlockManagerMasterEndpoint: Trying to remove executor 252 from BlockManagerMaster.
[2026-04-03T08:17:13.245+0000] {spark_submit.py:579} INFO - 26/04/03 08:17:13 INFO BlockManagerMasterEndpoint: Removed 252 successfully in removeExecutor
[2026-04-03T08:17:13.245+0000] {spark_submit.py:579} INFO - 26/04/03 08:17:13 INFO StandaloneSchedulerBackend: Granted executor ID app-20260403080347-0005/253 on hostPort 172.20.0.2:43131 with 2 core(s), 1024.0 MiB RAM
[2026-04-03T08:17:13.267+0000] {spark_submit.py:579} INFO - 26/04/03 08:17:13 INFO StandaloneAppClient$ClientEndpoint: Executor updated: app-20260403080347-0005/253 is now RUNNING
[2026-04-03T08:17:16.306+0000] {spark_submit.py:579} INFO - 26/04/03 08:17:16 INFO StandaloneAppClient$ClientEndpoint: Executor updated: app-20260403080347-0005/253 is now EXITED (Command exited with code 1)
[2026-04-03T08:17:16.307+0000] {spark_submit.py:579} INFO - 26/04/03 08:17:16 INFO StandaloneSchedulerBackend: Executor app-20260403080347-0005/253 removed: Command exited with code 1
[2026-04-03T08:17:16.307+0000] {spark_submit.py:579} INFO - 26/04/03 08:17:16 INFO StandaloneAppClient$ClientEndpoint: Executor added: app-20260403080347-0005/254 on worker-20260403074029-172.20.0.2-43131 (172.20.0.2:43131) with 2 core(s)
[2026-04-03T08:17:16.307+0000] {spark_submit.py:579} INFO - 26/04/03 08:17:16 INFO BlockManagerMaster: Removal of executor 253 requested
[2026-04-03T08:17:16.308+0000] {spark_submit.py:579} INFO - 26/04/03 08:17:16 INFO StandaloneSchedulerBackend: Granted executor ID app-20260403080347-0005/254 on hostPort 172.20.0.2:43131 with 2 core(s), 1024.0 MiB RAM
[2026-04-03T08:17:16.308+0000] {spark_submit.py:579} INFO - 26/04/03 08:17:16 INFO BlockManagerMasterEndpoint: Trying to remove executor 253 from BlockManagerMaster.
[2026-04-03T08:17:16.308+0000] {spark_submit.py:579} INFO - 26/04/03 08:17:16 INFO StandaloneSchedulerBackend$StandaloneDriverEndpoint: Asked to remove non-existent executor 253
[2026-04-03T08:17:16.308+0000] {spark_submit.py:579} INFO - 26/04/03 08:17:16 INFO BlockManagerMasterEndpoint: Removed 253 successfully in removeExecutor
[2026-04-03T08:17:16.329+0000] {spark_submit.py:579} INFO - 26/04/03 08:17:16 INFO StandaloneAppClient$ClientEndpoint: Executor updated: app-20260403080347-0005/254 is now RUNNING
[2026-04-03T08:17:19.260+0000] {spark_submit.py:579} INFO - 26/04/03 08:17:19 INFO StandaloneAppClient$ClientEndpoint: Executor updated: app-20260403080347-0005/254 is now EXITED (Command exited with code 1)
[2026-04-03T08:17:19.260+0000] {spark_submit.py:579} INFO - 26/04/03 08:17:19 INFO StandaloneSchedulerBackend: Executor app-20260403080347-0005/254 removed: Command exited with code 1
[2026-04-03T08:17:19.261+0000] {spark_submit.py:579} INFO - 26/04/03 08:17:19 INFO StandaloneAppClient$ClientEndpoint: Executor added: app-20260403080347-0005/255 on worker-20260403074029-172.20.0.2-43131 (172.20.0.2:43131) with 2 core(s)
[2026-04-03T08:17:19.261+0000] {spark_submit.py:579} INFO - 26/04/03 08:17:19 INFO BlockManagerMaster: Removal of executor 254 requested
[2026-04-03T08:17:19.261+0000] {spark_submit.py:579} INFO - 26/04/03 08:17:19 INFO BlockManagerMasterEndpoint: Trying to remove executor 254 from BlockManagerMaster.
[2026-04-03T08:17:19.261+0000] {spark_submit.py:579} INFO - 26/04/03 08:17:19 INFO BlockManagerMasterEndpoint: Removed 254 successfully in removeExecutor
[2026-04-03T08:17:19.262+0000] {spark_submit.py:579} INFO - 26/04/03 08:17:19 INFO StandaloneSchedulerBackend$StandaloneDriverEndpoint: Asked to remove non-existent executor 254
[2026-04-03T08:17:19.262+0000] {spark_submit.py:579} INFO - 26/04/03 08:17:19 INFO StandaloneSchedulerBackend: Granted executor ID app-20260403080347-0005/255 on hostPort 172.20.0.2:43131 with 2 core(s), 1024.0 MiB RAM
[2026-04-03T08:17:19.283+0000] {spark_submit.py:579} INFO - 26/04/03 08:17:19 INFO StandaloneAppClient$ClientEndpoint: Executor updated: app-20260403080347-0005/255 is now RUNNING
[2026-04-03T08:17:22.349+0000] {spark_submit.py:579} INFO - 26/04/03 08:17:22 INFO StandaloneAppClient$ClientEndpoint: Executor updated: app-20260403080347-0005/255 is now EXITED (Command exited with code 1)
[2026-04-03T08:17:22.350+0000] {spark_submit.py:579} INFO - 26/04/03 08:17:22 INFO StandaloneSchedulerBackend: Executor app-20260403080347-0005/255 removed: Command exited with code 1
[2026-04-03T08:17:22.351+0000] {spark_submit.py:579} INFO - 26/04/03 08:17:22 INFO StandaloneAppClient$ClientEndpoint: Executor added: app-20260403080347-0005/256 on worker-20260403074029-172.20.0.2-43131 (172.20.0.2:43131) with 2 core(s)
[2026-04-03T08:17:22.352+0000] {spark_submit.py:579} INFO - 26/04/03 08:17:22 INFO BlockManagerMaster: Removal of executor 255 requested
[2026-04-03T08:17:22.352+0000] {spark_submit.py:579} INFO - 26/04/03 08:17:22 INFO BlockManagerMasterEndpoint: Trying to remove executor 255 from BlockManagerMaster.
[2026-04-03T08:17:22.353+0000] {spark_submit.py:579} INFO - 26/04/03 08:17:22 INFO StandaloneSchedulerBackend$StandaloneDriverEndpoint: Asked to remove non-existent executor 255
[2026-04-03T08:17:22.353+0000] {spark_submit.py:579} INFO - 26/04/03 08:17:22 INFO BlockManagerMasterEndpoint: Removed 255 successfully in removeExecutor
[2026-04-03T08:17:22.354+0000] {spark_submit.py:579} INFO - 26/04/03 08:17:22 INFO StandaloneSchedulerBackend: Granted executor ID app-20260403080347-0005/256 on hostPort 172.20.0.2:43131 with 2 core(s), 1024.0 MiB RAM
[2026-04-03T08:17:22.374+0000] {spark_submit.py:579} INFO - 26/04/03 08:17:22 INFO StandaloneAppClient$ClientEndpoint: Executor updated: app-20260403080347-0005/256 is now RUNNING
[2026-04-03T08:17:25.439+0000] {spark_submit.py:579} INFO - 26/04/03 08:17:25 INFO StandaloneAppClient$ClientEndpoint: Executor updated: app-20260403080347-0005/256 is now EXITED (Command exited with code 1)
[2026-04-03T08:17:25.440+0000] {spark_submit.py:579} INFO - 26/04/03 08:17:25 INFO StandaloneSchedulerBackend: Executor app-20260403080347-0005/256 removed: Command exited with code 1
[2026-04-03T08:17:25.440+0000] {spark_submit.py:579} INFO - 26/04/03 08:17:25 INFO BlockManagerMaster: Removal of executor 256 requested
[2026-04-03T08:17:25.440+0000] {spark_submit.py:579} INFO - 26/04/03 08:17:25 INFO BlockManagerMasterEndpoint: Trying to remove executor 256 from BlockManagerMaster.
[2026-04-03T08:17:25.440+0000] {spark_submit.py:579} INFO - 26/04/03 08:17:25 INFO StandaloneAppClient$ClientEndpoint: Executor added: app-20260403080347-0005/257 on worker-20260403074029-172.20.0.2-43131 (172.20.0.2:43131) with 2 core(s)
[2026-04-03T08:17:25.441+0000] {spark_submit.py:579} INFO - 26/04/03 08:17:25 INFO BlockManagerMasterEndpoint: Removed 256 successfully in removeExecutor
[2026-04-03T08:17:25.441+0000] {spark_submit.py:579} INFO - 26/04/03 08:17:25 INFO StandaloneSchedulerBackend$StandaloneDriverEndpoint: Asked to remove non-existent executor 256
[2026-04-03T08:17:25.441+0000] {spark_submit.py:579} INFO - 26/04/03 08:17:25 INFO StandaloneSchedulerBackend: Granted executor ID app-20260403080347-0005/257 on hostPort 172.20.0.2:43131 with 2 core(s), 1024.0 MiB RAM
[2026-04-03T08:17:25.461+0000] {spark_submit.py:579} INFO - 26/04/03 08:17:25 INFO StandaloneAppClient$ClientEndpoint: Executor updated: app-20260403080347-0005/257 is now RUNNING
[2026-04-03T08:17:26.345+0000] {spark_submit.py:579} INFO - 26/04/03 08:17:26 ERROR StandaloneSchedulerBackend: Application has been killed. Reason: Master removed our application: KILLED
[2026-04-03T08:17:26.349+0000] {spark_submit.py:579} INFO - 26/04/03 08:17:26 INFO TaskSchedulerImpl: Removed TaskSet 0.0 whose tasks have all completed, from pool
[2026-04-03T08:17:26.351+0000] {spark_submit.py:579} INFO - 26/04/03 08:17:26 INFO SparkContext: SparkContext is stopping with exitCode 0 from run at <unknown>:0.
[2026-04-03T08:17:26.363+0000] {spark_submit.py:579} INFO - 26/04/03 08:17:26 INFO TaskSchedulerImpl: Canceling stage 0
[2026-04-03T08:17:26.364+0000] {spark_submit.py:579} INFO - 26/04/03 08:17:26 INFO TaskSchedulerImpl: Killing all running tasks in stage 0: Job aborted due to stage failure: Master removed our application: KILLED
[2026-04-03T08:17:26.366+0000] {spark_submit.py:579} INFO - 26/04/03 08:17:26 INFO DAGScheduler: ResultStage 0 (json at NativeMethodAccessorImpl.java:0) failed in 810251 ms due to Job aborted due to stage failure: Master removed our application: KILLED
[2026-04-03T08:17:26.366+0000] {spark_submit.py:579} INFO - 26/04/03 08:17:26 INFO SparkUI: Stopped Spark web UI at http://***_scheduler:4041
[2026-04-03T08:17:26.371+0000] {spark_submit.py:579} INFO - 26/04/03 08:17:26 INFO DAGScheduler: Job 0 failed: json at NativeMethodAccessorImpl.java:0, took 810352.934027 ms
[2026-04-03T08:17:26.374+0000] {spark_submit.py:579} INFO - 26/04/03 08:17:26 INFO StandaloneSchedulerBackend: Shutting down all executors
[2026-04-03T08:17:26.381+0000] {spark_submit.py:579} INFO - 26/04/03 08:17:26 INFO StandaloneSchedulerBackend$StandaloneDriverEndpoint: Asking each executor to shut down
[2026-04-03T08:17:26.389+0000] {spark_submit.py:579} INFO - 26/04/03 08:17:26 ERROR Utils: Uncaught exception in thread stop-spark-context
[2026-04-03T08:17:26.389+0000] {spark_submit.py:579} INFO - org.apache.spark.SparkException: Exception thrown in awaitResult:
[2026-04-03T08:17:26.390+0000] {spark_submit.py:579} INFO - at org.apache.spark.util.SparkThreadUtils$.awaitResult(SparkThreadUtils.scala:53)
[2026-04-03T08:17:26.390+0000] {spark_submit.py:579} INFO - at org.apache.spark.util.ThreadUtils$.awaitResult(ThreadUtils.scala:359)
[2026-04-03T08:17:26.390+0000] {spark_submit.py:579} INFO - at org.apache.spark.rpc.RpcTimeout.awaitResult(RpcTimeout.scala:75)
[2026-04-03T08:17:26.391+0000] {spark_submit.py:579} INFO - at org.apache.spark.deploy.client.StandaloneAppClient.stop(StandaloneAppClient.scala:298)
[2026-04-03T08:17:26.391+0000] {spark_submit.py:579} INFO - at org.apache.spark.scheduler.cluster.StandaloneSchedulerBackend.org$apache$spark$scheduler$cluster$StandaloneSchedulerBackend$$stop(StandaloneSchedulerBackend.scala:285)
[2026-04-03T08:17:26.391+0000] {spark_submit.py:579} INFO - at org.apache.spark.scheduler.cluster.StandaloneSchedulerBackend.stop(StandaloneSchedulerBackend.scala:143)
[2026-04-03T08:17:26.391+0000] {spark_submit.py:579} INFO - at org.apache.spark.scheduler.SchedulerBackend.stop(SchedulerBackend.scala:34)
[2026-04-03T08:17:26.391+0000] {spark_submit.py:579} INFO - at org.apache.spark.scheduler.SchedulerBackend.stop$(SchedulerBackend.scala:34)
[2026-04-03T08:17:26.392+0000] {spark_submit.py:579} INFO - at org.apache.spark.scheduler.cluster.CoarseGrainedSchedulerBackend.stop(CoarseGrainedSchedulerBackend.scala:58)
[2026-04-03T08:17:26.392+0000] {spark_submit.py:579} INFO - at org.apache.spark.scheduler.TaskSchedulerImpl.$anonfun$stop$2(TaskSchedulerImpl.scala:933)
[2026-04-03T08:17:26.392+0000] {spark_submit.py:579} INFO - at org.apache.spark.util.Utils$.tryLogNonFatalError(Utils.scala:1314)
[2026-04-03T08:17:26.392+0000] {spark_submit.py:579} INFO - at org.apache.spark.scheduler.TaskSchedulerImpl.stop(TaskSchedulerImpl.scala:933)
[2026-04-03T08:17:26.393+0000] {spark_submit.py:579} INFO - at org.apache.spark.scheduler.DAGScheduler.$anonfun$stop$4(DAGScheduler.scala:3310)
[2026-04-03T08:17:26.393+0000] {spark_submit.py:579} INFO - at org.apache.spark.util.Utils$.tryLogNonFatalError(Utils.scala:1314)
[2026-04-03T08:17:26.393+0000] {spark_submit.py:579} INFO - at org.apache.spark.scheduler.DAGScheduler.stop(DAGScheduler.scala:3310)
[2026-04-03T08:17:26.393+0000] {spark_submit.py:579} INFO - at org.apache.spark.SparkContext.$anonfun$stop$12(SparkContext.scala:2357)
[2026-04-03T08:17:26.394+0000] {spark_submit.py:579} INFO - at org.apache.spark.util.Utils$.tryLogNonFatalError(Utils.scala:1314)
[2026-04-03T08:17:26.394+0000] {spark_submit.py:579} INFO - at org.apache.spark.SparkContext.stop(SparkContext.scala:2357)
[2026-04-03T08:17:26.394+0000] {spark_submit.py:579} INFO - at org.apache.spark.SparkContext.stop(SparkContext.scala:2308)
[2026-04-03T08:17:26.394+0000] {spark_submit.py:579} INFO - at org.apache.spark.SparkContext$$anon$3.run(SparkContext.scala:2295)
[2026-04-03T08:17:26.395+0000] {spark_submit.py:579} INFO - Caused by: org.apache.spark.SparkException: Could not find AppClient.
[2026-04-03T08:17:26.395+0000] {spark_submit.py:579} INFO - at org.apache.spark.rpc.netty.Dispatcher.postMessage(Dispatcher.scala:181)
[2026-04-03T08:17:26.395+0000] {spark_submit.py:579} INFO - at org.apache.spark.rpc.netty.Dispatcher.postLocalMessage(Dispatcher.scala:146)
[2026-04-03T08:17:26.395+0000] {spark_submit.py:579} INFO - at org.apache.spark.rpc.netty.NettyRpcEnv.askAbortable(NettyRpcEnv.scala:245)
[2026-04-03T08:17:26.396+0000] {spark_submit.py:579} INFO - at org.apache.spark.rpc.netty.NettyRpcEndpointRef.askAbortable(NettyRpcEnv.scala:561)
[2026-04-03T08:17:26.396+0000] {spark_submit.py:579} INFO - at org.apache.spark.rpc.netty.NettyRpcEndpointRef.ask(NettyRpcEnv.scala:565)
[2026-04-03T08:17:26.396+0000] {spark_submit.py:579} INFO - at org.apache.spark.rpc.RpcEndpointRef.ask(RpcEndpointRef.scala:72)
[2026-04-03T08:17:26.396+0000] {spark_submit.py:579} INFO - ... 17 more
[2026-04-03T08:17:26.405+0000] {spark_submit.py:579} INFO - 26/04/03 08:17:26 INFO MapOutputTrackerMasterEndpoint: MapOutputTrackerMasterEndpoint stopped!
[2026-04-03T08:17:26.436+0000] {spark_submit.py:579} INFO - 26/04/03 08:17:26 INFO MemoryStore: MemoryStore cleared
[2026-04-03T08:17:26.437+0000] {spark_submit.py:579} INFO - 26/04/03 08:17:26 INFO BlockManager: BlockManager stopped
[2026-04-03T08:17:26.441+0000] {spark_submit.py:579} INFO - 26/04/03 08:17:26 INFO BlockManagerMaster: BlockManagerMaster stopped
[2026-04-03T08:17:26.446+0000] {spark_submit.py:579} INFO - 26/04/03 08:17:26 INFO OutputCommitCoordinator$OutputCommitCoordinatorEndpoint: OutputCommitCoordinator stopped!
[2026-04-03T08:17:26.464+0000] {spark_submit.py:579} INFO - 26/04/03 08:17:26 INFO SparkContext: Successfully stopped SparkContext (Uptime: 820763 ms)
[2026-04-03T08:17:26.535+0000] {spark_submit.py:579} INFO - Error detectado: An error occurred while calling o37.json.
[2026-04-03T08:17:26.536+0000] {spark_submit.py:579} INFO - : org.apache.spark.SparkException: Job aborted due to stage failure: Master removed our application: KILLED
[2026-04-03T08:17:26.536+0000] {spark_submit.py:579} INFO - at org.apache.spark.scheduler.DAGScheduler.$anonfun$abortStage$3(DAGScheduler.scala:3122)
[2026-04-03T08:17:26.536+0000] {spark_submit.py:579} INFO - at scala.Option.getOrElse(Option.scala:201)
[2026-04-03T08:17:26.537+0000] {spark_submit.py:579} INFO - at org.apache.spark.scheduler.DAGScheduler.$anonfun$abortStage$2(DAGScheduler.scala:3122)
[2026-04-03T08:17:26.537+0000] {spark_submit.py:579} INFO - at org.apache.spark.scheduler.DAGScheduler.$anonfun$abortStage$2$adapted(DAGScheduler.scala:3114)
[2026-04-03T08:17:26.537+0000] {spark_submit.py:579} INFO - at scala.collection.immutable.List.foreach(List.scala:323)
[2026-04-03T08:17:26.537+0000] {spark_submit.py:579} INFO - at org.apache.spark.scheduler.DAGScheduler.abortStage(DAGScheduler.scala:3114)
[2026-04-03T08:17:26.537+0000] {spark_submit.py:579} INFO - at org.apache.spark.scheduler.DAGScheduler.$anonfun$handleTaskSetFailed$1(DAGScheduler.scala:1303)
[2026-04-03T08:17:26.538+0000] {spark_submit.py:579} INFO - at org.apache.spark.scheduler.DAGScheduler.$anonfun$handleTaskSetFailed$1$adapted(DAGScheduler.scala:1303)
[2026-04-03T08:17:26.538+0000] {spark_submit.py:579} INFO - at scala.Option.foreach(Option.scala:437)
[2026-04-03T08:17:26.538+0000] {spark_submit.py:579} INFO - at org.apache.spark.scheduler.DAGScheduler.handleTaskSetFailed(DAGScheduler.scala:1303)
[2026-04-03T08:17:26.539+0000] {spark_submit.py:579} INFO - at org.apache.spark.scheduler.DAGSchedulerEventProcessLoop.doOnReceive(DAGScheduler.scala:3397)
[2026-04-03T08:17:26.539+0000] {spark_submit.py:579} INFO - at org.apache.spark.scheduler.DAGSchedulerEventProcessLoop.onReceive(DAGScheduler.scala:3328)
[2026-04-03T08:17:26.539+0000] {spark_submit.py:579} INFO - at org.apache.spark.scheduler.DAGSchedulerEventProcessLoop.onReceive(DAGScheduler.scala:3317)
[2026-04-03T08:17:26.540+0000] {spark_submit.py:579} INFO - at org.apache.spark.util.EventLoop$$anon$1.run(EventLoop.scala:50)
[2026-04-03T08:17:26.540+0000] {spark_submit.py:579} INFO - at org.apache.spark.scheduler.DAGScheduler.runJob(DAGScheduler.scala:1017)
[2026-04-03T08:17:26.540+0000] {spark_submit.py:579} INFO - at org.apache.spark.SparkContext.runJob(SparkContext.scala:2496)
[2026-04-03T08:17:26.540+0000] {spark_submit.py:579} INFO - at org.apache.spark.SparkContext.runJob(SparkContext.scala:2517)
[2026-04-03T08:17:26.540+0000] {spark_submit.py:579} INFO - at org.apache.spark.SparkContext.runJob(SparkContext.scala:2536)
[2026-04-03T08:17:26.541+0000] {spark_submit.py:579} INFO - at org.apache.spark.SparkContext.runJob(SparkContext.scala:2561)
[2026-04-03T08:17:26.541+0000] {spark_submit.py:579} INFO - at org.apache.spark.rdd.RDD.$anonfun$collect$1(RDD.scala:1057)
[2026-04-03T08:17:26.541+0000] {spark_submit.py:579} INFO - at org.apache.spark.rdd.RDDOperationScope$.withScope(RDDOperationScope.scala:151)
[2026-04-03T08:17:26.541+0000] {spark_submit.py:579} INFO - at org.apache.spark.rdd.RDDOperationScope$.withScope(RDDOperationScope.scala:112)
[2026-04-03T08:17:26.542+0000] {spark_submit.py:579} INFO - at org.apache.spark.rdd.RDD.withScope(RDD.scala:417)
[2026-04-03T08:17:26.542+0000] {spark_submit.py:579} INFO - at org.apache.spark.rdd.RDD.collect(RDD.scala:1056)
[2026-04-03T08:17:26.542+0000] {spark_submit.py:579} INFO - at org.apache.spark.util.HadoopFSUtils$.parallelListLeafFilesInternal(HadoopFSUtils.scala:160)
[2026-04-03T08:17:26.542+0000] {spark_submit.py:579} INFO - at org.apache.spark.util.HadoopFSUtils$.parallelListLeafFiles(HadoopFSUtils.scala:72)
[2026-04-03T08:17:26.542+0000] {spark_submit.py:579} INFO - at org.apache.spark.sql.execution.datasources.InMemoryFileIndex$.bulkListLeafFiles(InMemoryFileIndex.scala:179)
[2026-04-03T08:17:26.543+0000] {spark_submit.py:579} INFO - at org.apache.spark.sql.execution.datasources.InMemoryFileIndex.listLeafFiles(InMemoryFileIndex.scala:135)
[2026-04-03T08:17:26.543+0000] {spark_submit.py:579} INFO - at org.apache.spark.sql.execution.datasources.InMemoryFileIndex.refresh0(InMemoryFileIndex.scala:98)
[2026-04-03T08:17:26.543+0000] {spark_submit.py:579} INFO - at org.apache.spark.sql.execution.datasources.InMemoryFileIndex.<init>(InMemoryFileIndex.scala:70)
[2026-04-03T08:17:26.543+0000] {spark_submit.py:579} INFO - at org.apache.spark.sql.execution.datasources.DataSource.createInMemoryFileIndex(DataSource.scala:568)
[2026-04-03T08:17:26.544+0000] {spark_submit.py:579} INFO - at org.apache.spark.sql.execution.datasources.DataSource.resolveRelation(DataSource.scala:423)
[2026-04-03T08:17:26.544+0000] {spark_submit.py:579} INFO - at org.apache.spark.sql.catalyst.analysis.ResolveDataSource.org$apache$spark$sql$catalyst$analysis$ResolveDataSource$$loadV1BatchSource(ResolveDataSource.scala:143)
[2026-04-03T08:17:26.544+0000] {spark_submit.py:579} INFO - at org.apache.spark.sql.catalyst.analysis.ResolveDataSource$$anonfun$apply$1.$anonfun$applyOrElse$2(ResolveDataSource.scala:61)
[2026-04-03T08:17:26.544+0000] {spark_submit.py:579} INFO - at scala.Option.getOrElse(Option.scala:201)
[2026-04-03T08:17:26.545+0000] {spark_submit.py:579} INFO - at org.apache.spark.sql.catalyst.analysis.ResolveDataSource$$anonfun$apply$1.applyOrElse(ResolveDataSource.scala:61)
[2026-04-03T08:17:26.545+0000] {spark_submit.py:579} INFO - at org.apache.spark.sql.catalyst.analysis.ResolveDataSource$$anonfun$apply$1.applyOrElse(ResolveDataSource.scala:45)
[2026-04-03T08:17:26.545+0000] {spark_submit.py:579} INFO - at org.apache.spark.sql.catalyst.plans.logical.AnalysisHelper.$anonfun$resolveOperatorsUpWithPruning$3(AnalysisHelper.scala:139)
[2026-04-03T08:17:26.545+0000] {spark_submit.py:579} INFO - at org.apache.spark.sql.catalyst.trees.CurrentOrigin$.withOrigin(origin.scala:107)
[2026-04-03T08:17:26.546+0000] {spark_submit.py:579} INFO - at org.apache.spark.sql.catalyst.plans.logical.AnalysisHelper.$anonfun$resolveOperatorsUpWithPruning$1(AnalysisHelper.scala:139)
[2026-04-03T08:17:26.546+0000] {spark_submit.py:579} INFO - at org.apache.spark.sql.catalyst.plans.logical.AnalysisHelper$.allowInvokingTransformsInAnalyzer(AnalysisHelper.scala:416)
[2026-04-03T08:17:26.546+0000] {spark_submit.py:579} INFO - at org.apache.spark.sql.catalyst.plans.logical.AnalysisHelper.resolveOperatorsUpWithPruning(AnalysisHelper.scala:135)
[2026-04-03T08:17:26.547+0000] {spark_submit.py:579} INFO - at org.apache.spark.sql.catalyst.plans.logical.AnalysisHelper.resolveOperatorsUpWithPruning$(AnalysisHelper.scala:131)
[2026-04-03T08:17:26.547+0000] {spark_submit.py:579} INFO - at org.apache.spark.sql.catalyst.plans.logical.LogicalPlan.resolveOperatorsUpWithPruning(LogicalPlan.scala:37)
[2026-04-03T08:17:26.547+0000] {spark_submit.py:579} INFO - at org.apache.spark.sql.catalyst.plans.logical.AnalysisHelper.resolveOperatorsUp(AnalysisHelper.scala:112)
[2026-04-03T08:17:26.547+0000] {spark_submit.py:579} INFO - at org.apache.spark.sql.catalyst.plans.logical.AnalysisHelper.resolveOperatorsUp$(AnalysisHelper.scala:111)
[2026-04-03T08:17:26.548+0000] {spark_submit.py:579} INFO - at org.apache.spark.sql.catalyst.plans.logical.LogicalPlan.resolveOperatorsUp(LogicalPlan.scala:37)
[2026-04-03T08:17:26.548+0000] {spark_submit.py:579} INFO - at org.apache.spark.sql.catalyst.analysis.ResolveDataSource.apply(ResolveDataSource.scala:45)
[2026-04-03T08:17:26.548+0000] {spark_submit.py:579} INFO - at org.apache.spark.sql.catalyst.analysis.ResolveDataSource.apply(ResolveDataSource.scala:43)
[2026-04-03T08:17:26.548+0000] {spark_submit.py:579} INFO - at org.apache.spark.sql.catalyst.rules.RuleExecutor.$anonfun$execute$2(RuleExecutor.scala:248)
[2026-04-03T08:17:26.549+0000] {spark_submit.py:579} INFO - at scala.collection.LinearSeqOps.foldLeft(LinearSeq.scala:183)
[2026-04-03T08:17:26.549+0000] {spark_submit.py:579} INFO - at scala.collection.LinearSeqOps.foldLeft$(LinearSeq.scala:179)
[2026-04-03T08:17:26.549+0000] {spark_submit.py:579} INFO - at scala.collection.immutable.List.foldLeft(List.scala:79)
[2026-04-03T08:17:26.549+0000] {spark_submit.py:579} INFO - at org.apache.spark.sql.catalyst.rules.RuleExecutor.$anonfun$execute$1(RuleExecutor.scala:245)
[2026-04-03T08:17:26.550+0000] {spark_submit.py:579} INFO - at org.apache.spark.sql.catalyst.rules.RuleExecutor.$anonfun$execute$1$adapted(RuleExecutor.scala:237)
[2026-04-03T08:17:26.550+0000] {spark_submit.py:579} INFO - at scala.collection.immutable.List.foreach(List.scala:323)
[2026-04-03T08:17:26.550+0000] {spark_submit.py:579} INFO - at org.apache.spark.sql.catalyst.rules.RuleExecutor.execute(RuleExecutor.scala:237)
[2026-04-03T08:17:26.550+0000] {spark_submit.py:579} INFO - at org.apache.spark.sql.catalyst.analysis.Analyzer.org$apache$spark$sql$catalyst$analysis$Analyzer$$executeSameContext(Analyzer.scala:343)
[2026-04-03T08:17:26.551+0000] {spark_submit.py:579} INFO - at org.apache.spark.sql.catalyst.analysis.Analyzer.$anonfun$execute$1(Analyzer.scala:339)
[2026-04-03T08:17:26.551+0000] {spark_submit.py:579} INFO - at org.apache.spark.sql.catalyst.analysis.AnalysisContext$.withNewAnalysisContext(Analyzer.scala:224)
[2026-04-03T08:17:26.551+0000] {spark_submit.py:579} INFO - at org.apache.spark.sql.catalyst.analysis.Analyzer.execute(Analyzer.scala:339)
[2026-04-03T08:17:26.551+0000] {spark_submit.py:579} INFO - at org.apache.spark.sql.catalyst.analysis.Analyzer.execute(Analyzer.scala:289)
[2026-04-03T08:17:26.552+0000] {spark_submit.py:579} INFO - at org.apache.spark.sql.catalyst.rules.RuleExecutor.$anonfun$executeAndTrack$1(RuleExecutor.scala:207)
[2026-04-03T08:17:26.552+0000] {spark_submit.py:579} INFO - at org.apache.spark.sql.catalyst.QueryPlanningTracker$.withTracker(QueryPlanningTracker.scala:89)
[2026-04-03T08:17:26.552+0000] {spark_submit.py:579} INFO - at org.apache.spark.sql.catalyst.rules.RuleExecutor.executeAndTrack(RuleExecutor.scala:207)
[2026-04-03T08:17:26.553+0000] {spark_submit.py:579} INFO - at org.apache.spark.sql.catalyst.analysis.resolver.HybridAnalyzer.resolveInFixedPoint(HybridAnalyzer.scala:236)
[2026-04-03T08:17:26.553+0000] {spark_submit.py:579} INFO - at org.apache.spark.sql.catalyst.analysis.resolver.HybridAnalyzer.$anonfun$apply$1(HybridAnalyzer.scala:91)
[2026-04-03T08:17:26.553+0000] {spark_submit.py:579} INFO - at org.apache.spark.sql.catalyst.analysis.resolver.HybridAnalyzer.withTrackedAnalyzerBridgeState(HybridAnalyzer.scala:122)
[2026-04-03T08:17:26.553+0000] {spark_submit.py:579} INFO - at org.apache.spark.sql.catalyst.analysis.resolver.HybridAnalyzer.apply(HybridAnalyzer.scala:84)
[2026-04-03T08:17:26.553+0000] {spark_submit.py:579} INFO - at org.apache.spark.sql.catalyst.analysis.Analyzer.$anonfun$executeAndCheck$1(Analyzer.scala:322)
[2026-04-03T08:17:26.554+0000] {spark_submit.py:579} INFO - at org.apache.spark.sql.catalyst.plans.logical.AnalysisHelper$.markInAnalyzer(AnalysisHelper.scala:423)
[2026-04-03T08:17:26.554+0000] {spark_submit.py:579} INFO - at org.apache.spark.sql.catalyst.analysis.Analyzer.executeAndCheck(Analyzer.scala:322)
[2026-04-03T08:17:26.554+0000] {spark_submit.py:579} INFO - at org.apache.spark.sql.execution.QueryExecution.$anonfun$lazyAnalyzed$2(QueryExecution.scala:139)
[2026-04-03T08:17:26.554+0000] {spark_submit.py:579} INFO - at org.apache.spark.sql.catalyst.QueryPlanningTracker.measurePhase(QueryPlanningTracker.scala:148)
[2026-04-03T08:17:26.555+0000] {spark_submit.py:579} INFO - at org.apache.spark.sql.execution.QueryExecution.$anonfun$executePhase$2(QueryExecution.scala:330)
[2026-04-03T08:17:26.555+0000] {spark_submit.py:579} INFO - at org.apache.spark.sql.execution.QueryExecution$.withInternalError(QueryExecution.scala:717)
[2026-04-03T08:17:26.555+0000] {spark_submit.py:579} INFO - at org.apache.spark.sql.execution.QueryExecution.$anonfun$executePhase$1(QueryExecution.scala:330)
[2026-04-03T08:17:26.555+0000] {spark_submit.py:579} INFO - at org.apache.spark.sql.SparkSession.withActive(SparkSession.scala:804)
[2026-04-03T08:17:26.556+0000] {spark_submit.py:579} INFO - at org.apache.spark.sql.execution.QueryExecution.executePhase(QueryExecution.scala:329)
[2026-04-03T08:17:26.556+0000] {spark_submit.py:579} INFO - at org.apache.spark.sql.execution.QueryExecution.$anonfun$lazyAnalyzed$1(QueryExecution.scala:139)
[2026-04-03T08:17:26.556+0000] {spark_submit.py:579} INFO - at scala.util.Try$.apply(Try.scala:217)
[2026-04-03T08:17:26.556+0000] {spark_submit.py:579} INFO - at org.apache.spark.util.Utils$.doTryWithCallerStacktrace(Utils.scala:1392)
[2026-04-03T08:17:26.557+0000] {spark_submit.py:579} INFO - at org.apache.spark.util.Utils$.getTryWithCallerStacktrace(Utils.scala:1453)
[2026-04-03T08:17:26.557+0000] {spark_submit.py:579} INFO - at org.apache.spark.util.LazyTry.get(LazyTry.scala:58)
[2026-04-03T08:17:26.557+0000] {spark_submit.py:579} INFO - at org.apache.spark.sql.execution.QueryExecution.analyzed(QueryExecution.scala:150)
[2026-04-03T08:17:26.557+0000] {spark_submit.py:579} INFO - at org.apache.spark.sql.execution.QueryExecution.assertAnalyzed(QueryExecution.scala:90)
[2026-04-03T08:17:26.558+0000] {spark_submit.py:579} INFO - at org.apache.spark.sql.classic.Dataset$.$anonfun$ofRows$1(Dataset.scala:114)
[2026-04-03T08:17:26.558+0000] {spark_submit.py:579} INFO - at org.apache.spark.sql.SparkSession.withActive(SparkSession.scala:804)
[2026-04-03T08:17:26.558+0000] {spark_submit.py:579} INFO - at org.apache.spark.sql.classic.Dataset$.ofRows(Dataset.scala:112)
[2026-04-03T08:17:26.558+0000] {spark_submit.py:579} INFO - at org.apache.spark.sql.classic.DataFrameReader.load(DataFrameReader.scala:108)
[2026-04-03T08:17:26.559+0000] {spark_submit.py:579} INFO - at org.apache.spark.sql.classic.DataFrameReader.load(DataFrameReader.scala:57)
[2026-04-03T08:17:26.559+0000] {spark_submit.py:579} INFO - at org.apache.spark.sql.DataFrameReader.json(DataFrameReader.scala:296)
[2026-04-03T08:17:26.559+0000] {spark_submit.py:579} INFO - at org.apache.spark.sql.classic.DataFrameReader.json(DataFrameReader.scala:149)
[2026-04-03T08:17:26.559+0000] {spark_submit.py:579} INFO - at java.base/jdk.internal.reflect.NativeMethodAccessorImpl.invoke0(Native Method)
[2026-04-03T08:17:26.560+0000] {spark_submit.py:579} INFO - at java.base/jdk.internal.reflect.NativeMethodAccessorImpl.invoke(NativeMethodAccessorImpl.java:77)
[2026-04-03T08:17:26.560+0000] {spark_submit.py:579} INFO - at java.base/jdk.internal.reflect.DelegatingMethodAccessorImpl.invoke(DelegatingMethodAccessorImpl.java:43)
[2026-04-03T08:17:26.560+0000] {spark_submit.py:579} INFO - at java.base/java.lang.reflect.Method.invoke(Method.java:569)
[2026-04-03T08:17:26.560+0000] {spark_submit.py:579} INFO - at py4j.reflection.MethodInvoker.invoke(MethodInvoker.java:244)
[2026-04-03T08:17:26.560+0000] {spark_submit.py:579} INFO - at py4j.reflection.ReflectionEngine.invoke(ReflectionEngine.java:374)
[2026-04-03T08:17:26.561+0000] {spark_submit.py:579} INFO - at py4j.Gateway.invoke(Gateway.java:282)
[2026-04-03T08:17:26.561+0000] {spark_submit.py:579} INFO - at py4j.commands.AbstractCommand.invokeMethod(AbstractCommand.java:132)
[2026-04-03T08:17:26.561+0000] {spark_submit.py:579} INFO - at py4j.commands.CallCommand.execute(CallCommand.java:79)
[2026-04-03T08:17:26.562+0000] {spark_submit.py:579} INFO - at py4j.ClientServerConnection.waitForCommands(ClientServerConnection.java:184)
[2026-04-03T08:17:26.562+0000] {spark_submit.py:579} INFO - at py4j.ClientServerConnection.run(ClientServerConnection.java:108)
[2026-04-03T08:17:26.562+0000] {spark_submit.py:579} INFO - at java.base/java.lang.Thread.run(Thread.java:840)
[2026-04-03T08:17:26.562+0000] {spark_submit.py:579} INFO - Suppressed: org.apache.spark.util.Utils$OriginalTryStackTraceException: Full stacktrace of original doTryWithCallerStacktrace caller
[2026-04-03T08:17:26.563+0000] {spark_submit.py:579} INFO - at org.apache.spark.scheduler.DAGScheduler.$anonfun$abortStage$3(DAGScheduler.scala:3122)
[2026-04-03T08:17:26.563+0000] {spark_submit.py:579} INFO - at scala.Option.getOrElse(Option.scala:201)
[2026-04-03T08:17:26.563+0000] {spark_submit.py:579} INFO - at org.apache.spark.scheduler.DAGScheduler.$anonfun$abortStage$2(DAGScheduler.scala:3122)
[2026-04-03T08:17:26.563+0000] {spark_submit.py:579} INFO - at org.apache.spark.scheduler.DAGScheduler.$anonfun$abortStage$2$adapted(DAGScheduler.scala:3114)
[2026-04-03T08:17:26.563+0000] {spark_submit.py:579} INFO - at scala.collection.immutable.List.foreach(List.scala:323)
[2026-04-03T08:17:26.564+0000] {spark_submit.py:579} INFO - at org.apache.spark.scheduler.DAGScheduler.abortStage(DAGScheduler.scala:3114)
[2026-04-03T08:17:26.564+0000] {spark_submit.py:579} INFO - at org.apache.spark.scheduler.DAGScheduler.$anonfun$handleTaskSetFailed$1(DAGScheduler.scala:1303)
[2026-04-03T08:17:26.564+0000] {spark_submit.py:579} INFO - at org.apache.spark.scheduler.DAGScheduler.$anonfun$handleTaskSetFailed$1$adapted(DAGScheduler.scala:1303)
[2026-04-03T08:17:26.564+0000] {spark_submit.py:579} INFO - at scala.Option.foreach(Option.scala:437)
[2026-04-03T08:17:26.565+0000] {spark_submit.py:579} INFO - at org.apache.spark.scheduler.DAGScheduler.handleTaskSetFailed(DAGScheduler.scala:1303)
[2026-04-03T08:17:26.565+0000] {spark_submit.py:579} INFO - at org.apache.spark.scheduler.DAGSchedulerEventProcessLoop.doOnReceive(DAGScheduler.scala:3397)
[2026-04-03T08:17:26.565+0000] {spark_submit.py:579} INFO - at org.apache.spark.scheduler.DAGSchedulerEventProcessLoop.onReceive(DAGScheduler.scala:3328)
[2026-04-03T08:17:26.566+0000] {spark_submit.py:579} INFO - at org.apache.spark.scheduler.DAGSchedulerEventProcessLoop.onReceive(DAGScheduler.scala:3317)
[2026-04-03T08:17:26.566+0000] {spark_submit.py:579} INFO - at org.apache.spark.util.EventLoop$$anon$1.run(EventLoop.scala:50)
[2026-04-03T08:17:26.566+0000] {spark_submit.py:579} INFO - at org.apache.spark.scheduler.DAGScheduler.runJob(DAGScheduler.scala:1017)
[2026-04-03T08:17:26.566+0000] {spark_submit.py:579} INFO - at org.apache.spark.SparkContext.runJob(SparkContext.scala:2496)
[2026-04-03T08:17:26.567+0000] {spark_submit.py:579} INFO - at org.apache.spark.SparkContext.runJob(SparkContext.scala:2517)
[2026-04-03T08:17:26.567+0000] {spark_submit.py:579} INFO - at org.apache.spark.SparkContext.runJob(SparkContext.scala:2536)
[2026-04-03T08:17:26.567+0000] {spark_submit.py:579} INFO - at org.apache.spark.SparkContext.runJob(SparkContext.scala:2561)
[2026-04-03T08:17:26.568+0000] {spark_submit.py:579} INFO - at org.apache.spark.rdd.RDD.$anonfun$collect$1(RDD.scala:1057)
[2026-04-03T08:17:26.568+0000] {spark_submit.py:579} INFO - at org.apache.spark.rdd.RDDOperationScope$.withScope(RDDOperationScope.scala:151)
[2026-04-03T08:17:26.568+0000] {spark_submit.py:579} INFO - at org.apache.spark.rdd.RDDOperationScope$.withScope(RDDOperationScope.scala:112)
[2026-04-03T08:17:26.568+0000] {spark_submit.py:579} INFO - at org.apache.spark.rdd.RDD.withScope(RDD.scala:417)
[2026-04-03T08:17:26.569+0000] {spark_submit.py:579} INFO - at org.apache.spark.rdd.RDD.collect(RDD.scala:1056)
[2026-04-03T08:17:26.569+0000] {spark_submit.py:579} INFO - at org.apache.spark.util.HadoopFSUtils$.parallelListLeafFilesInternal(HadoopFSUtils.scala:160)
[2026-04-03T08:17:26.569+0000] {spark_submit.py:579} INFO - at org.apache.spark.util.HadoopFSUtils$.parallelListLeafFiles(HadoopFSUtils.scala:72)
[2026-04-03T08:17:26.569+0000] {spark_submit.py:579} INFO - at org.apache.spark.sql.execution.datasources.InMemoryFileIndex$.bulkListLeafFiles(InMemoryFileIndex.scala:179)
[2026-04-03T08:17:26.570+0000] {spark_submit.py:579} INFO - at org.apache.spark.sql.execution.datasources.InMemoryFileIndex.listLeafFiles(InMemoryFileIndex.scala:135)
[2026-04-03T08:17:26.570+0000] {spark_submit.py:579} INFO - at org.apache.spark.sql.execution.datasources.InMemoryFileIndex.refresh0(InMemoryFileIndex.scala:98)
[2026-04-03T08:17:26.570+0000] {spark_submit.py:579} INFO - at org.apache.spark.sql.execution.datasources.InMemoryFileIndex.<init>(InMemoryFileIndex.scala:70)
[2026-04-03T08:17:26.570+0000] {spark_submit.py:579} INFO - at org.apache.spark.sql.execution.datasources.DataSource.createInMemoryFileIndex(DataSource.scala:568)
[2026-04-03T08:17:26.570+0000] {spark_submit.py:579} INFO - at org.apache.spark.sql.execution.datasources.DataSource.resolveRelation(DataSource.scala:423)
[2026-04-03T08:17:26.571+0000] {spark_submit.py:579} INFO - at org.apache.spark.sql.catalyst.analysis.ResolveDataSource.org$apache$spark$sql$catalyst$analysis$ResolveDataSource$$loadV1BatchSource(ResolveDataSource.scala:143)
[2026-04-03T08:17:26.571+0000] {spark_submit.py:579} INFO - at org.apache.spark.sql.catalyst.analysis.ResolveDataSource$$anonfun$apply$1.$anonfun$applyOrElse$2(ResolveDataSource.scala:61)
[2026-04-03T08:17:26.571+0000] {spark_submit.py:579} INFO - at scala.Option.getOrElse(Option.scala:201)
[2026-04-03T08:17:26.571+0000] {spark_submit.py:579} INFO - at org.apache.spark.sql.catalyst.analysis.ResolveDataSource$$anonfun$apply$1.applyOrElse(ResolveDataSource.scala:61)
[2026-04-03T08:17:26.572+0000] {spark_submit.py:579} INFO - at org.apache.spark.sql.catalyst.analysis.ResolveDataSource$$anonfun$apply$1.applyOrElse(ResolveDataSource.scala:45)
[2026-04-03T08:17:26.572+0000] {spark_submit.py:579} INFO - at org.apache.spark.sql.catalyst.plans.logical.AnalysisHelper.$anonfun$resolveOperatorsUpWithPruning$3(AnalysisHelper.scala:139)
[2026-04-03T08:17:26.572+0000] {spark_submit.py:579} INFO - at org.apache.spark.sql.catalyst.trees.CurrentOrigin$.withOrigin(origin.scala:107)
[2026-04-03T08:17:26.572+0000] {spark_submit.py:579} INFO - at org.apache.spark.sql.catalyst.plans.logical.AnalysisHelper.$anonfun$resolveOperatorsUpWithPruning$1(AnalysisHelper.scala:139)
[2026-04-03T08:17:26.572+0000] {spark_submit.py:579} INFO - at org.apache.spark.sql.catalyst.plans.logical.AnalysisHelper$.allowInvokingTransformsInAnalyzer(AnalysisHelper.scala:416)
[2026-04-03T08:17:26.573+0000] {spark_submit.py:579} INFO - at org.apache.spark.sql.catalyst.plans.logical.AnalysisHelper.resolveOperatorsUpWithPruning(AnalysisHelper.scala:135)
[2026-04-03T08:17:26.573+0000] {spark_submit.py:579} INFO - at org.apache.spark.sql.catalyst.plans.logical.AnalysisHelper.resolveOperatorsUpWithPruning$(AnalysisHelper.scala:131)
[2026-04-03T08:17:26.573+0000] {spark_submit.py:579} INFO - at org.apache.spark.sql.catalyst.plans.logical.LogicalPlan.resolveOperatorsUpWithPruning(LogicalPlan.scala:37)
[2026-04-03T08:17:26.573+0000] {spark_submit.py:579} INFO - at org.apache.spark.sql.catalyst.plans.logical.AnalysisHelper.resolveOperatorsUp(AnalysisHelper.scala:112)
[2026-04-03T08:17:26.574+0000] {spark_submit.py:579} INFO - at org.apache.spark.sql.catalyst.plans.logical.AnalysisHelper.resolveOperatorsUp$(AnalysisHelper.scala:111)
[2026-04-03T08:17:26.574+0000] {spark_submit.py:579} INFO - at org.apache.spark.sql.catalyst.plans.logical.LogicalPlan.resolveOperatorsUp(LogicalPlan.scala:37)
[2026-04-03T08:17:26.574+0000] {spark_submit.py:579} INFO - at org.apache.spark.sql.catalyst.analysis.ResolveDataSource.apply(ResolveDataSource.scala:45)
[2026-04-03T08:17:26.574+0000] {spark_submit.py:579} INFO - at org.apache.spark.sql.catalyst.analysis.ResolveDataSource.apply(ResolveDataSource.scala:43)
[2026-04-03T08:17:26.574+0000] {spark_submit.py:579} INFO - at org.apache.spark.sql.catalyst.rules.RuleExecutor.$anonfun$execute$2(RuleExecutor.scala:248)
[2026-04-03T08:17:26.575+0000] {spark_submit.py:579} INFO - at scala.collection.LinearSeqOps.foldLeft(LinearSeq.scala:183)
[2026-04-03T08:17:26.575+0000] {spark_submit.py:579} INFO - at scala.collection.LinearSeqOps.foldLeft$(LinearSeq.scala:179)
[2026-04-03T08:17:26.575+0000] {spark_submit.py:579} INFO - at scala.collection.immutable.List.foldLeft(List.scala:79)
[2026-04-03T08:17:26.575+0000] {spark_submit.py:579} INFO - at org.apache.spark.sql.catalyst.rules.RuleExecutor.$anonfun$execute$1(RuleExecutor.scala:245)
[2026-04-03T08:17:26.576+0000] {spark_submit.py:579} INFO - at org.apache.spark.sql.catalyst.rules.RuleExecutor.$anonfun$execute$1$adapted(RuleExecutor.scala:237)
[2026-04-03T08:17:26.576+0000] {spark_submit.py:579} INFO - at scala.collection.immutable.List.foreach(List.scala:323)
[2026-04-03T08:17:26.576+0000] {spark_submit.py:579} INFO - at org.apache.spark.sql.catalyst.rules.RuleExecutor.execute(RuleExecutor.scala:237)
[2026-04-03T08:17:26.577+0000] {spark_submit.py:579} INFO - at org.apache.spark.sql.catalyst.analysis.Analyzer.org$apache$spark$sql$catalyst$analysis$Analyzer$$executeSameContext(Analyzer.scala:343)
[2026-04-03T08:17:26.577+0000] {spark_submit.py:579} INFO - at org.apache.spark.sql.catalyst.analysis.Analyzer.$anonfun$execute$1(Analyzer.scala:339)
[2026-04-03T08:17:26.577+0000] {spark_submit.py:579} INFO - at org.apache.spark.sql.catalyst.analysis.AnalysisContext$.withNewAnalysisContext(Analyzer.scala:224)
[2026-04-03T08:17:26.577+0000] {spark_submit.py:579} INFO - at org.apache.spark.sql.catalyst.analysis.Analyzer.execute(Analyzer.scala:339)
[2026-04-03T08:17:26.578+0000] {spark_submit.py:579} INFO - at org.apache.spark.sql.catalyst.analysis.Analyzer.execute(Analyzer.scala:289)
[2026-04-03T08:17:26.578+0000] {spark_submit.py:579} INFO - at org.apache.spark.sql.catalyst.rules.RuleExecutor.$anonfun$executeAndTrack$1(RuleExecutor.scala:207)
[2026-04-03T08:17:26.578+0000] {spark_submit.py:579} INFO - at org.apache.spark.sql.catalyst.QueryPlanningTracker$.withTracker(QueryPlanningTracker.scala:89)
[2026-04-03T08:17:26.578+0000] {spark_submit.py:579} INFO - at org.apache.spark.sql.catalyst.rules.RuleExecutor.executeAndTrack(RuleExecutor.scala:207)
[2026-04-03T08:17:26.579+0000] {spark_submit.py:579} INFO - at org.apache.spark.sql.catalyst.analysis.resolver.HybridAnalyzer.resolveInFixedPoint(HybridAnalyzer.scala:236)
[2026-04-03T08:17:26.579+0000] {spark_submit.py:579} INFO - at org.apache.spark.sql.catalyst.analysis.resolver.HybridAnalyzer.$anonfun$apply$1(HybridAnalyzer.scala:91)
[2026-04-03T08:17:26.579+0000] {spark_submit.py:579} INFO - at org.apache.spark.sql.catalyst.analysis.resolver.HybridAnalyzer.withTrackedAnalyzerBridgeState(HybridAnalyzer.scala:122)
[2026-04-03T08:17:26.580+0000] {spark_submit.py:579} INFO - at org.apache.spark.sql.catalyst.analysis.resolver.HybridAnalyzer.apply(HybridAnalyzer.scala:84)
[2026-04-03T08:17:26.580+0000] {spark_submit.py:579} INFO - at org.apache.spark.sql.catalyst.analysis.Analyzer.$anonfun$executeAndCheck$1(Analyzer.scala:322)
[2026-04-03T08:17:26.580+0000] {spark_submit.py:579} INFO - at org.apache.spark.sql.catalyst.plans.logical.AnalysisHelper$.markInAnalyzer(AnalysisHelper.scala:423)
[2026-04-03T08:17:26.581+0000] {spark_submit.py:579} INFO - at org.apache.spark.sql.catalyst.analysis.Analyzer.executeAndCheck(Analyzer.scala:322)
[2026-04-03T08:17:26.581+0000] {spark_submit.py:579} INFO - at org.apache.spark.sql.execution.QueryExecution.$anonfun$lazyAnalyzed$2(QueryExecution.scala:139)
[2026-04-03T08:17:26.581+0000] {spark_submit.py:579} INFO - at org.apache.spark.sql.catalyst.QueryPlanningTracker.measurePhase(QueryPlanningTracker.scala:148)
[2026-04-03T08:17:26.582+0000] {spark_submit.py:579} INFO - at org.apache.spark.sql.execution.QueryExecution.$anonfun$executePhase$2(QueryExecution.scala:330)
[2026-04-03T08:17:26.582+0000] {spark_submit.py:579} INFO - at org.apache.spark.sql.execution.QueryExecution$.withInternalError(QueryExecution.scala:717)
[2026-04-03T08:17:26.582+0000] {spark_submit.py:579} INFO - at org.apache.spark.sql.execution.QueryExecution.$anonfun$executePhase$1(QueryExecution.scala:330)
[2026-04-03T08:17:26.582+0000] {spark_submit.py:579} INFO - at org.apache.spark.sql.SparkSession.withActive(SparkSession.scala:804)
[2026-04-03T08:17:26.583+0000] {spark_submit.py:579} INFO - at org.apache.spark.sql.execution.QueryExecution.executePhase(QueryExecution.scala:329)
[2026-04-03T08:17:26.583+0000] {spark_submit.py:579} INFO - at org.apache.spark.sql.execution.QueryExecution.$anonfun$lazyAnalyzed$1(QueryExecution.scala:139)
[2026-04-03T08:17:26.583+0000] {spark_submit.py:579} INFO - at scala.util.Try$.apply(Try.scala:217)
[2026-04-03T08:17:26.583+0000] {spark_submit.py:579} INFO - at org.apache.spark.util.Utils$.doTryWithCallerStacktrace(Utils.scala:1392)
[2026-04-03T08:17:26.584+0000] {spark_submit.py:579} INFO - at org.apache.spark.util.LazyTry.tryT$lzycompute(LazyTry.scala:46)
[2026-04-03T08:17:26.584+0000] {spark_submit.py:579} INFO - at org.apache.spark.util.LazyTry.tryT(LazyTry.scala:46)
[2026-04-03T08:17:26.584+0000] {spark_submit.py:579} INFO - ... 22 more
[2026-04-03T08:17:26.584+0000] {spark_submit.py:579} INFO - 
[2026-04-03T08:17:26.585+0000] {spark_submit.py:579} INFO - 26/04/03 08:17:26 INFO SparkContext: SparkContext is stopping with exitCode 0 from stop at NativeMethodAccessorImpl.java:0.
[2026-04-03T08:17:26.585+0000] {spark_submit.py:579} INFO - 26/04/03 08:17:26 INFO SparkContext: SparkContext already stopped.
[2026-04-03T08:17:26.914+0000] {spark_submit.py:579} INFO - Traceback (most recent call last):
[2026-04-03T08:17:26.915+0000] {spark_submit.py:579} INFO - File "/opt/***/scripts/process_data.py", line 44, in <module>
[2026-04-03T08:17:26.915+0000] {spark_submit.py:579} INFO - raise e
[2026-04-03T08:17:26.916+0000] {spark_submit.py:579} INFO - File "/opt/***/scripts/process_data.py", line 13, in <module>
[2026-04-03T08:17:26.916+0000] {spark_submit.py:579} INFO - df_bronze = spark.read.json("/data/raw/sensors/*.json")
[2026-04-03T08:17:26.916+0000] {spark_submit.py:579} INFO - ^^^^^^^^^^^^^^^^^^^^^^^^^^^^^^^^^^^^^^^^^^^
[2026-04-03T08:17:26.917+0000] {spark_submit.py:579} INFO - File "/opt/spark_dist/python/lib/pyspark.zip/pyspark/sql/readwriter.py", line 468, in json
[2026-04-03T08:17:26.917+0000] {spark_submit.py:579} INFO - File "/opt/spark_dist/python/lib/py4j-0.10.9.9-src.zip/py4j/java_gateway.py", line 1362, in __call__
[2026-04-03T08:17:26.917+0000] {spark_submit.py:579} INFO - File "/opt/spark_dist/python/lib/pyspark.zip/pyspark/errors/exceptions/captured.py", line 263, in deco
[2026-04-03T08:17:26.917+0000] {spark_submit.py:579} INFO - File "/opt/spark_dist/python/lib/py4j-0.10.9.9-src.zip/py4j/protocol.py", line 327, in get_return_value
[2026-04-03T08:17:26.957+0000] {spark_submit.py:579} INFO - py4j.protocol.Py4JJavaError: An error occurred while calling o37.json.
[2026-04-03T08:17:26.958+0000] {spark_submit.py:579} INFO - : org.apache.spark.SparkException: Job aborted due to stage failure: Master removed our application: KILLED
[2026-04-03T08:17:26.958+0000] {spark_submit.py:579} INFO - at org.apache.spark.scheduler.DAGScheduler.$anonfun$abortStage$3(DAGScheduler.scala:3122)
[2026-04-03T08:17:26.958+0000] {spark_submit.py:579} INFO - at scala.Option.getOrElse(Option.scala:201)
[2026-04-03T08:17:26.959+0000] {spark_submit.py:579} INFO - at org.apache.spark.scheduler.DAGScheduler.$anonfun$abortStage$2(DAGScheduler.scala:3122)
[2026-04-03T08:17:26.959+0000] {spark_submit.py:579} INFO - at org.apache.spark.scheduler.DAGScheduler.$anonfun$abortStage$2$adapted(DAGScheduler.scala:3114)
[2026-04-03T08:17:26.959+0000] {spark_submit.py:579} INFO - at scala.collection.immutable.List.foreach(List.scala:323)
[2026-04-03T08:17:26.960+0000] {spark_submit.py:579} INFO - at org.apache.spark.scheduler.DAGScheduler.abortStage(DAGScheduler.scala:3114)
[2026-04-03T08:17:26.960+0000] {spark_submit.py:579} INFO - at org.apache.spark.scheduler.DAGScheduler.$anonfun$handleTaskSetFailed$1(DAGScheduler.scala:1303)
[2026-04-03T08:17:26.960+0000] {spark_submit.py:579} INFO - at org.apache.spark.scheduler.DAGScheduler.$anonfun$handleTaskSetFailed$1$adapted(DAGScheduler.scala:1303)
[2026-04-03T08:17:26.960+0000] {spark_submit.py:579} INFO - at scala.Option.foreach(Option.scala:437)
[2026-04-03T08:17:26.960+0000] {spark_submit.py:579} INFO - at org.apache.spark.scheduler.DAGScheduler.handleTaskSetFailed(DAGScheduler.scala:1303)
[2026-04-03T08:17:26.961+0000] {spark_submit.py:579} INFO - at org.apache.spark.scheduler.DAGSchedulerEventProcessLoop.doOnReceive(DAGScheduler.scala:3397)
[2026-04-03T08:17:26.961+0000] {spark_submit.py:579} INFO - at org.apache.spark.scheduler.DAGSchedulerEventProcessLoop.onReceive(DAGScheduler.scala:3328)
[2026-04-03T08:17:26.961+0000] {spark_submit.py:579} INFO - at org.apache.spark.scheduler.DAGSchedulerEventProcessLoop.onReceive(DAGScheduler.scala:3317)
[2026-04-03T08:17:26.961+0000] {spark_submit.py:579} INFO - at org.apache.spark.util.EventLoop$$anon$1.run(EventLoop.scala:50)
[2026-04-03T08:17:26.962+0000] {spark_submit.py:579} INFO - at org.apache.spark.scheduler.DAGScheduler.runJob(DAGScheduler.scala:1017)
[2026-04-03T08:17:26.962+0000] {spark_submit.py:579} INFO - at org.apache.spark.SparkContext.runJob(SparkContext.scala:2496)
[2026-04-03T08:17:26.962+0000] {spark_submit.py:579} INFO - at org.apache.spark.SparkContext.runJob(SparkContext.scala:2517)
[2026-04-03T08:17:26.962+0000] {spark_submit.py:579} INFO - at org.apache.spark.SparkContext.runJob(SparkContext.scala:2536)
[2026-04-03T08:17:26.962+0000] {spark_submit.py:579} INFO - at org.apache.spark.SparkContext.runJob(SparkContext.scala:2561)
[2026-04-03T08:17:26.963+0000] {spark_submit.py:579} INFO - at org.apache.spark.rdd.RDD.$anonfun$collect$1(RDD.scala:1057)
[2026-04-03T08:17:26.963+0000] {spark_submit.py:579} INFO - at org.apache.spark.rdd.RDDOperationScope$.withScope(RDDOperationScope.scala:151)
[2026-04-03T08:17:26.963+0000] {spark_submit.py:579} INFO - at org.apache.spark.rdd.RDDOperationScope$.withScope(RDDOperationScope.scala:112)
[2026-04-03T08:17:26.963+0000] {spark_submit.py:579} INFO - at org.apache.spark.rdd.RDD.withScope(RDD.scala:417)
[2026-04-03T08:17:26.964+0000] {spark_submit.py:579} INFO - at org.apache.spark.rdd.RDD.collect(RDD.scala:1056)
[2026-04-03T08:17:26.964+0000] {spark_submit.py:579} INFO - at org.apache.spark.util.HadoopFSUtils$.parallelListLeafFilesInternal(HadoopFSUtils.scala:160)
[2026-04-03T08:17:26.964+0000] {spark_submit.py:579} INFO - at org.apache.spark.util.HadoopFSUtils$.parallelListLeafFiles(HadoopFSUtils.scala:72)
[2026-04-03T08:17:26.964+0000] {spark_submit.py:579} INFO - at org.apache.spark.sql.execution.datasources.InMemoryFileIndex$.bulkListLeafFiles(InMemoryFileIndex.scala:179)
[2026-04-03T08:17:26.965+0000] {spark_submit.py:579} INFO - at org.apache.spark.sql.execution.datasources.InMemoryFileIndex.listLeafFiles(InMemoryFileIndex.scala:135)
[2026-04-03T08:17:26.965+0000] {spark_submit.py:579} INFO - at org.apache.spark.sql.execution.datasources.InMemoryFileIndex.refresh0(InMemoryFileIndex.scala:98)
[2026-04-03T08:17:26.965+0000] {spark_submit.py:579} INFO - at org.apache.spark.sql.execution.datasources.InMemoryFileIndex.<init>(InMemoryFileIndex.scala:70)
[2026-04-03T08:17:26.965+0000] {spark_submit.py:579} INFO - at org.apache.spark.sql.execution.datasources.DataSource.createInMemoryFileIndex(DataSource.scala:568)
[2026-04-03T08:17:26.965+0000] {spark_submit.py:579} INFO - at org.apache.spark.sql.execution.datasources.DataSource.resolveRelation(DataSource.scala:423)
[2026-04-03T08:17:26.966+0000] {spark_submit.py:579} INFO - at org.apache.spark.sql.catalyst.analysis.ResolveDataSource.org$apache$spark$sql$catalyst$analysis$ResolveDataSource$$loadV1BatchSource(ResolveDataSource.scala:143)
[2026-04-03T08:17:26.966+0000] {spark_submit.py:579} INFO - at org.apache.spark.sql.catalyst.analysis.ResolveDataSource$$anonfun$apply$1.$anonfun$applyOrElse$2(ResolveDataSource.scala:61)
[2026-04-03T08:17:26.966+0000] {spark_submit.py:579} INFO - at scala.Option.getOrElse(Option.scala:201)
[2026-04-03T08:17:26.966+0000] {spark_submit.py:579} INFO - at org.apache.spark.sql.catalyst.analysis.ResolveDataSource$$anonfun$apply$1.applyOrElse(ResolveDataSource.scala:61)
[2026-04-03T08:17:26.967+0000] {spark_submit.py:579} INFO - at org.apache.spark.sql.catalyst.analysis.ResolveDataSource$$anonfun$apply$1.applyOrElse(ResolveDataSource.scala:45)
[2026-04-03T08:17:26.967+0000] {spark_submit.py:579} INFO - at org.apache.spark.sql.catalyst.plans.logical.AnalysisHelper.$anonfun$resolveOperatorsUpWithPruning$3(AnalysisHelper.scala:139)
[2026-04-03T08:17:26.967+0000] {spark_submit.py:579} INFO - at org.apache.spark.sql.catalyst.trees.CurrentOrigin$.withOrigin(origin.scala:107)
[2026-04-03T08:17:26.967+0000] {spark_submit.py:579} INFO - at org.apache.spark.sql.catalyst.plans.logical.AnalysisHelper.$anonfun$resolveOperatorsUpWithPruning$1(AnalysisHelper.scala:139)
[2026-04-03T08:17:26.967+0000] {spark_submit.py:579} INFO - at org.apache.spark.sql.catalyst.plans.logical.AnalysisHelper$.allowInvokingTransformsInAnalyzer(AnalysisHelper.scala:416)
[2026-04-03T08:17:26.968+0000] {spark_submit.py:579} INFO - at org.apache.spark.sql.catalyst.plans.logical.AnalysisHelper.resolveOperatorsUpWithPruning(AnalysisHelper.scala:135)
[2026-04-03T08:17:26.968+0000] {spark_submit.py:579} INFO - at org.apache.spark.sql.catalyst.plans.logical.AnalysisHelper.resolveOperatorsUpWithPruning$(AnalysisHelper.scala:131)
[2026-04-03T08:17:26.968+0000] {spark_submit.py:579} INFO - at org.apache.spark.sql.catalyst.plans.logical.LogicalPlan.resolveOperatorsUpWithPruning(LogicalPlan.scala:37)
[2026-04-03T08:17:26.969+0000] {spark_submit.py:579} INFO - at org.apache.spark.sql.catalyst.plans.logical.AnalysisHelper.resolveOperatorsUp(AnalysisHelper.scala:112)
[2026-04-03T08:17:26.969+0000] {spark_submit.py:579} INFO - at org.apache.spark.sql.catalyst.plans.logical.AnalysisHelper.resolveOperatorsUp$(AnalysisHelper.scala:111)
[2026-04-03T08:17:26.969+0000] {spark_submit.py:579} INFO - at org.apache.spark.sql.catalyst.plans.logical.LogicalPlan.resolveOperatorsUp(LogicalPlan.scala:37)
[2026-04-03T08:17:26.970+0000] {spark_submit.py:579} INFO - at org.apache.spark.sql.catalyst.analysis.ResolveDataSource.apply(ResolveDataSource.scala:45)
[2026-04-03T08:17:26.970+0000] {spark_submit.py:579} INFO - at org.apache.spark.sql.catalyst.analysis.ResolveDataSource.apply(ResolveDataSource.scala:43)
[2026-04-03T08:17:26.970+0000] {spark_submit.py:579} INFO - at org.apache.spark.sql.catalyst.rules.RuleExecutor.$anonfun$execute$2(RuleExecutor.scala:248)
[2026-04-03T08:17:26.970+0000] {spark_submit.py:579} INFO - at scala.collection.LinearSeqOps.foldLeft(LinearSeq.scala:183)
[2026-04-03T08:17:26.971+0000] {spark_submit.py:579} INFO - at scala.collection.LinearSeqOps.foldLeft$(LinearSeq.scala:179)
[2026-04-03T08:17:26.971+0000] {spark_submit.py:579} INFO - at scala.collection.immutable.List.foldLeft(List.scala:79)
[2026-04-03T08:17:26.971+0000] {spark_submit.py:579} INFO - at org.apache.spark.sql.catalyst.rules.RuleExecutor.$anonfun$execute$1(RuleExecutor.scala:245)
[2026-04-03T08:17:26.971+0000] {spark_submit.py:579} INFO - at org.apache.spark.sql.catalyst.rules.RuleExecutor.$anonfun$execute$1$adapted(RuleExecutor.scala:237)
[2026-04-03T08:17:26.971+0000] {spark_submit.py:579} INFO - at scala.collection.immutable.List.foreach(List.scala:323)
[2026-04-03T08:17:26.972+0000] {spark_submit.py:579} INFO - at org.apache.spark.sql.catalyst.rules.RuleExecutor.execute(RuleExecutor.scala:237)
[2026-04-03T08:17:26.972+0000] {spark_submit.py:579} INFO - at org.apache.spark.sql.catalyst.analysis.Analyzer.org$apache$spark$sql$catalyst$analysis$Analyzer$$executeSameContext(Analyzer.scala:343)
[2026-04-03T08:17:26.972+0000] {spark_submit.py:579} INFO - at org.apache.spark.sql.catalyst.analysis.Analyzer.$anonfun$execute$1(Analyzer.scala:339)
[2026-04-03T08:17:26.972+0000] {spark_submit.py:579} INFO - at org.apache.spark.sql.catalyst.analysis.AnalysisContext$.withNewAnalysisContext(Analyzer.scala:224)
[2026-04-03T08:17:26.973+0000] {spark_submit.py:579} INFO - at org.apache.spark.sql.catalyst.analysis.Analyzer.execute(Analyzer.scala:339)
[2026-04-03T08:17:26.973+0000] {spark_submit.py:579} INFO - at org.apache.spark.sql.catalyst.analysis.Analyzer.execute(Analyzer.scala:289)
[2026-04-03T08:17:26.973+0000] {spark_submit.py:579} INFO - at org.apache.spark.sql.catalyst.rules.RuleExecutor.$anonfun$executeAndTrack$1(RuleExecutor.scala:207)
[2026-04-03T08:17:26.973+0000] {spark_submit.py:579} INFO - at org.apache.spark.sql.catalyst.QueryPlanningTracker$.withTracker(QueryPlanningTracker.scala:89)
[2026-04-03T08:17:26.973+0000] {spark_submit.py:579} INFO - at org.apache.spark.sql.catalyst.rules.RuleExecutor.executeAndTrack(RuleExecutor.scala:207)
[2026-04-03T08:17:26.974+0000] {spark_submit.py:579} INFO - at org.apache.spark.sql.catalyst.analysis.resolver.HybridAnalyzer.resolveInFixedPoint(HybridAnalyzer.scala:236)
[2026-04-03T08:17:26.974+0000] {spark_submit.py:579} INFO - at org.apache.spark.sql.catalyst.analysis.resolver.HybridAnalyzer.$anonfun$apply$1(HybridAnalyzer.scala:91)
[2026-04-03T08:17:26.974+0000] {spark_submit.py:579} INFO - at org.apache.spark.sql.catalyst.analysis.resolver.HybridAnalyzer.withTrackedAnalyzerBridgeState(HybridAnalyzer.scala:122)
[2026-04-03T08:17:26.974+0000] {spark_submit.py:579} INFO - at org.apache.spark.sql.catalyst.analysis.resolver.HybridAnalyzer.apply(HybridAnalyzer.scala:84)
[2026-04-03T08:17:26.975+0000] {spark_submit.py:579} INFO - at org.apache.spark.sql.catalyst.analysis.Analyzer.$anonfun$executeAndCheck$1(Analyzer.scala:322)
[2026-04-03T08:17:26.975+0000] {spark_submit.py:579} INFO - at org.apache.spark.sql.catalyst.plans.logical.AnalysisHelper$.markInAnalyzer(AnalysisHelper.scala:423)
[2026-04-03T08:17:26.975+0000] {spark_submit.py:579} INFO - at org.apache.spark.sql.catalyst.analysis.Analyzer.executeAndCheck(Analyzer.scala:322)
[2026-04-03T08:17:26.975+0000] {spark_submit.py:579} INFO - at org.apache.spark.sql.execution.QueryExecution.$anonfun$lazyAnalyzed$2(QueryExecution.scala:139)
[2026-04-03T08:17:26.975+0000] {spark_submit.py:579} INFO - at org.apache.spark.sql.catalyst.QueryPlanningTracker.measurePhase(QueryPlanningTracker.scala:148)
[2026-04-03T08:17:26.976+0000] {spark_submit.py:579} INFO - at org.apache.spark.sql.execution.QueryExecution.$anonfun$executePhase$2(QueryExecution.scala:330)
[2026-04-03T08:17:26.976+0000] {spark_submit.py:579} INFO - at org.apache.spark.sql.execution.QueryExecution$.withInternalError(QueryExecution.scala:717)
[2026-04-03T08:17:26.976+0000] {spark_submit.py:579} INFO - at org.apache.spark.sql.execution.QueryExecution.$anonfun$executePhase$1(QueryExecution.scala:330)
[2026-04-03T08:17:26.976+0000] {spark_submit.py:579} INFO - at org.apache.spark.sql.SparkSession.withActive(SparkSession.scala:804)
[2026-04-03T08:17:26.977+0000] {spark_submit.py:579} INFO - at org.apache.spark.sql.execution.QueryExecution.executePhase(QueryExecution.scala:329)
[2026-04-03T08:17:26.977+0000] {spark_submit.py:579} INFO - at org.apache.spark.sql.execution.QueryExecution.$anonfun$lazyAnalyzed$1(QueryExecution.scala:139)
[2026-04-03T08:17:26.977+0000] {spark_submit.py:579} INFO - at scala.util.Try$.apply(Try.scala:217)
[2026-04-03T08:17:26.977+0000] {spark_submit.py:579} INFO - at org.apache.spark.util.Utils$.doTryWithCallerStacktrace(Utils.scala:1392)
[2026-04-03T08:17:26.978+0000] {spark_submit.py:579} INFO - at org.apache.spark.util.Utils$.getTryWithCallerStacktrace(Utils.scala:1453)
[2026-04-03T08:17:26.978+0000] {spark_submit.py:579} INFO - at org.apache.spark.util.LazyTry.get(LazyTry.scala:58)
[2026-04-03T08:17:26.978+0000] {spark_submit.py:579} INFO - at org.apache.spark.sql.execution.QueryExecution.analyzed(QueryExecution.scala:150)
[2026-04-03T08:17:26.978+0000] {spark_submit.py:579} INFO - at org.apache.spark.sql.execution.QueryExecution.assertAnalyzed(QueryExecution.scala:90)
[2026-04-03T08:17:26.978+0000] {spark_submit.py:579} INFO - at org.apache.spark.sql.classic.Dataset$.$anonfun$ofRows$1(Dataset.scala:114)
[2026-04-03T08:17:26.979+0000] {spark_submit.py:579} INFO - at org.apache.spark.sql.SparkSession.withActive(SparkSession.scala:804)
[2026-04-03T08:17:26.979+0000] {spark_submit.py:579} INFO - at org.apache.spark.sql.classic.Dataset$.ofRows(Dataset.scala:112)
[2026-04-03T08:17:26.979+0000] {spark_submit.py:579} INFO - at org.apache.spark.sql.classic.DataFrameReader.load(DataFrameReader.scala:108)
[2026-04-03T08:17:26.979+0000] {spark_submit.py:579} INFO - at org.apache.spark.sql.classic.DataFrameReader.load(DataFrameReader.scala:57)
[2026-04-03T08:17:26.980+0000] {spark_submit.py:579} INFO - at org.apache.spark.sql.DataFrameReader.json(DataFrameReader.scala:296)
[2026-04-03T08:17:26.980+0000] {spark_submit.py:579} INFO - at org.apache.spark.sql.classic.DataFrameReader.json(DataFrameReader.scala:149)
[2026-04-03T08:17:26.980+0000] {spark_submit.py:579} INFO - at java.base/jdk.internal.reflect.NativeMethodAccessorImpl.invoke0(Native Method)
[2026-04-03T08:17:26.980+0000] {spark_submit.py:579} INFO - at java.base/jdk.internal.reflect.NativeMethodAccessorImpl.invoke(NativeMethodAccessorImpl.java:77)
[2026-04-03T08:17:26.981+0000] {spark_submit.py:579} INFO - at java.base/jdk.internal.reflect.DelegatingMethodAccessorImpl.invoke(DelegatingMethodAccessorImpl.java:43)
[2026-04-03T08:17:26.981+0000] {spark_submit.py:579} INFO - at java.base/java.lang.reflect.Method.invoke(Method.java:569)
[2026-04-03T08:17:26.981+0000] {spark_submit.py:579} INFO - at py4j.reflection.MethodInvoker.invoke(MethodInvoker.java:244)
[2026-04-03T08:17:26.981+0000] {spark_submit.py:579} INFO - at py4j.reflection.ReflectionEngine.invoke(ReflectionEngine.java:374)
[2026-04-03T08:17:26.981+0000] {spark_submit.py:579} INFO - at py4j.Gateway.invoke(Gateway.java:282)
[2026-04-03T08:17:26.982+0000] {spark_submit.py:579} INFO - at py4j.commands.AbstractCommand.invokeMethod(AbstractCommand.java:132)
[2026-04-03T08:17:26.982+0000] {spark_submit.py:579} INFO - at py4j.commands.CallCommand.execute(CallCommand.java:79)
[2026-04-03T08:17:26.982+0000] {spark_submit.py:579} INFO - at py4j.ClientServerConnection.waitForCommands(ClientServerConnection.java:184)
[2026-04-03T08:17:26.982+0000] {spark_submit.py:579} INFO - at py4j.ClientServerConnection.run(ClientServerConnection.java:108)
[2026-04-03T08:17:26.983+0000] {spark_submit.py:579} INFO - at java.base/java.lang.Thread.run(Thread.java:840)
[2026-04-03T08:17:26.983+0000] {spark_submit.py:579} INFO - Suppressed: org.apache.spark.util.Utils$OriginalTryStackTraceException: Full stacktrace of original doTryWithCallerStacktrace caller
[2026-04-03T08:17:26.983+0000] {spark_submit.py:579} INFO - at org.apache.spark.scheduler.DAGScheduler.$anonfun$abortStage$3(DAGScheduler.scala:3122)
[2026-04-03T08:17:26.983+0000] {spark_submit.py:579} INFO - at scala.Option.getOrElse(Option.scala:201)
[2026-04-03T08:17:26.984+0000] {spark_submit.py:579} INFO - at org.apache.spark.scheduler.DAGScheduler.$anonfun$abortStage$2(DAGScheduler.scala:3122)
[2026-04-03T08:17:26.984+0000] {spark_submit.py:579} INFO - at org.apache.spark.scheduler.DAGScheduler.$anonfun$abortStage$2$adapted(DAGScheduler.scala:3114)
[2026-04-03T08:17:26.984+0000] {spark_submit.py:579} INFO - at scala.collection.immutable.List.foreach(List.scala:323)
[2026-04-03T08:17:26.984+0000] {spark_submit.py:579} INFO - at org.apache.spark.scheduler.DAGScheduler.abortStage(DAGScheduler.scala:3114)
[2026-04-03T08:17:26.984+0000] {spark_submit.py:579} INFO - at org.apache.spark.scheduler.DAGScheduler.$anonfun$handleTaskSetFailed$1(DAGScheduler.scala:1303)
[2026-04-03T08:17:26.985+0000] {spark_submit.py:579} INFO - at org.apache.spark.scheduler.DAGScheduler.$anonfun$handleTaskSetFailed$1$adapted(DAGScheduler.scala:1303)
[2026-04-03T08:17:26.985+0000] {spark_submit.py:579} INFO - at scala.Option.foreach(Option.scala:437)
[2026-04-03T08:17:26.985+0000] {spark_submit.py:579} INFO - at org.apache.spark.scheduler.DAGScheduler.handleTaskSetFailed(DAGScheduler.scala:1303)
[2026-04-03T08:17:26.986+0000] {spark_submit.py:579} INFO - at org.apache.spark.scheduler.DAGSchedulerEventProcessLoop.doOnReceive(DAGScheduler.scala:3397)
[2026-04-03T08:17:26.986+0000] {spark_submit.py:579} INFO - at org.apache.spark.scheduler.DAGSchedulerEventProcessLoop.onReceive(DAGScheduler.scala:3328)
[2026-04-03T08:17:26.986+0000] {spark_submit.py:579} INFO - at org.apache.spark.scheduler.DAGSchedulerEventProcessLoop.onReceive(DAGScheduler.scala:3317)
[2026-04-03T08:17:26.987+0000] {spark_submit.py:579} INFO - at org.apache.spark.util.EventLoop$$anon$1.run(EventLoop.scala:50)
[2026-04-03T08:17:26.987+0000] {spark_submit.py:579} INFO - at org.apache.spark.scheduler.DAGScheduler.runJob(DAGScheduler.scala:1017)
[2026-04-03T08:17:26.987+0000] {spark_submit.py:579} INFO - at org.apache.spark.SparkContext.runJob(SparkContext.scala:2496)
[2026-04-03T08:17:26.987+0000] {spark_submit.py:579} INFO - at org.apache.spark.SparkContext.runJob(SparkContext.scala:2517)
[2026-04-03T08:17:26.987+0000] {spark_submit.py:579} INFO - at org.apache.spark.SparkContext.runJob(SparkContext.scala:2536)
[2026-04-03T08:17:26.988+0000] {spark_submit.py:579} INFO - at org.apache.spark.SparkContext.runJob(SparkContext.scala:2561)
[2026-04-03T08:17:26.988+0000] {spark_submit.py:579} INFO - at org.apache.spark.rdd.RDD.$anonfun$collect$1(RDD.scala:1057)
[2026-04-03T08:17:26.988+0000] {spark_submit.py:579} INFO - at org.apache.spark.rdd.RDDOperationScope$.withScope(RDDOperationScope.scala:151)
[2026-04-03T08:17:26.988+0000] {spark_submit.py:579} INFO - at org.apache.spark.rdd.RDDOperationScope$.withScope(RDDOperationScope.scala:112)
[2026-04-03T08:17:26.989+0000] {spark_submit.py:579} INFO - at org.apache.spark.rdd.RDD.withScope(RDD.scala:417)
[2026-04-03T08:17:26.989+0000] {spark_submit.py:579} INFO - at org.apache.spark.rdd.RDD.collect(RDD.scala:1056)
[2026-04-03T08:17:26.989+0000] {spark_submit.py:579} INFO - at org.apache.spark.util.HadoopFSUtils$.parallelListLeafFilesInternal(HadoopFSUtils.scala:160)
[2026-04-03T08:17:26.989+0000] {spark_submit.py:579} INFO - at org.apache.spark.util.HadoopFSUtils$.parallelListLeafFiles(HadoopFSUtils.scala:72)
[2026-04-03T08:17:26.989+0000] {spark_submit.py:579} INFO - at org.apache.spark.sql.execution.datasources.InMemoryFileIndex$.bulkListLeafFiles(InMemoryFileIndex.scala:179)
[2026-04-03T08:17:26.990+0000] {spark_submit.py:579} INFO - at org.apache.spark.sql.execution.datasources.InMemoryFileIndex.listLeafFiles(InMemoryFileIndex.scala:135)
[2026-04-03T08:17:26.990+0000] {spark_submit.py:579} INFO - at org.apache.spark.sql.execution.datasources.InMemoryFileIndex.refresh0(InMemoryFileIndex.scala:98)
[2026-04-03T08:17:26.990+0000] {spark_submit.py:579} INFO - at org.apache.spark.sql.execution.datasources.InMemoryFileIndex.<init>(InMemoryFileIndex.scala:70)
[2026-04-03T08:17:26.990+0000] {spark_submit.py:579} INFO - at org.apache.spark.sql.execution.datasources.DataSource.createInMemoryFileIndex(DataSource.scala:568)
[2026-04-03T08:17:26.991+0000] {spark_submit.py:579} INFO - at org.apache.spark.sql.execution.datasources.DataSource.resolveRelation(DataSource.scala:423)
[2026-04-03T08:17:26.991+0000] {spark_submit.py:579} INFO - at org.apache.spark.sql.catalyst.analysis.ResolveDataSource.org$apache$spark$sql$catalyst$analysis$ResolveDataSource$$loadV1BatchSource(ResolveDataSource.scala:143)
[2026-04-03T08:17:26.991+0000] {spark_submit.py:579} INFO - at org.apache.spark.sql.catalyst.analysis.ResolveDataSource$$anonfun$apply$1.$anonfun$applyOrElse$2(ResolveDataSource.scala:61)
[2026-04-03T08:17:26.991+0000] {spark_submit.py:579} INFO - at scala.Option.getOrElse(Option.scala:201)
[2026-04-03T08:17:26.992+0000] {spark_submit.py:579} INFO - at org.apache.spark.sql.catalyst.analysis.ResolveDataSource$$anonfun$apply$1.applyOrElse(ResolveDataSource.scala:61)
[2026-04-03T08:17:26.992+0000] {spark_submit.py:579} INFO - at org.apache.spark.sql.catalyst.analysis.ResolveDataSource$$anonfun$apply$1.applyOrElse(ResolveDataSource.scala:45)
[2026-04-03T08:17:26.992+0000] {spark_submit.py:579} INFO - at org.apache.spark.sql.catalyst.plans.logical.AnalysisHelper.$anonfun$resolveOperatorsUpWithPruning$3(AnalysisHelper.scala:139)
[2026-04-03T08:17:26.992+0000] {spark_submit.py:579} INFO - at org.apache.spark.sql.catalyst.trees.CurrentOrigin$.withOrigin(origin.scala:107)
[2026-04-03T08:17:26.992+0000] {spark_submit.py:579} INFO - at org.apache.spark.sql.catalyst.plans.logical.AnalysisHelper.$anonfun$resolveOperatorsUpWithPruning$1(AnalysisHelper.scala:139)
[2026-04-03T08:17:26.993+0000] {spark_submit.py:579} INFO - at org.apache.spark.sql.catalyst.plans.logical.AnalysisHelper$.allowInvokingTransformsInAnalyzer(AnalysisHelper.scala:416)
[2026-04-03T08:17:26.993+0000] {spark_submit.py:579} INFO - at org.apache.spark.sql.catalyst.plans.logical.AnalysisHelper.resolveOperatorsUpWithPruning(AnalysisHelper.scala:135)
[2026-04-03T08:17:26.993+0000] {spark_submit.py:579} INFO - at org.apache.spark.sql.catalyst.plans.logical.AnalysisHelper.resolveOperatorsUpWithPruning$(AnalysisHelper.scala:131)
[2026-04-03T08:17:26.993+0000] {spark_submit.py:579} INFO - at org.apache.spark.sql.catalyst.plans.logical.LogicalPlan.resolveOperatorsUpWithPruning(LogicalPlan.scala:37)
[2026-04-03T08:17:26.994+0000] {spark_submit.py:579} INFO - at org.apache.spark.sql.catalyst.plans.logical.AnalysisHelper.resolveOperatorsUp(AnalysisHelper.scala:112)
[2026-04-03T08:17:26.994+0000] {spark_submit.py:579} INFO - at org.apache.spark.sql.catalyst.plans.logical.AnalysisHelper.resolveOperatorsUp$(AnalysisHelper.scala:111)
[2026-04-03T08:17:26.994+0000] {spark_submit.py:579} INFO - at org.apache.spark.sql.catalyst.plans.logical.LogicalPlan.resolveOperatorsUp(LogicalPlan.scala:37)
[2026-04-03T08:17:26.994+0000] {spark_submit.py:579} INFO - at org.apache.spark.sql.catalyst.analysis.ResolveDataSource.apply(ResolveDataSource.scala:45)
[2026-04-03T08:17:26.994+0000] {spark_submit.py:579} INFO - at org.apache.spark.sql.catalyst.analysis.ResolveDataSource.apply(ResolveDataSource.scala:43)
[2026-04-03T08:17:26.995+0000] {spark_submit.py:579} INFO - at org.apache.spark.sql.catalyst.rules.RuleExecutor.$anonfun$execute$2(RuleExecutor.scala:248)
[2026-04-03T08:17:26.995+0000] {spark_submit.py:579} INFO - at scala.collection.LinearSeqOps.foldLeft(LinearSeq.scala:183)
[2026-04-03T08:17:26.995+0000] {spark_submit.py:579} INFO - at scala.collection.LinearSeqOps.foldLeft$(LinearSeq.scala:179)
[2026-04-03T08:17:26.995+0000] {spark_submit.py:579} INFO - at scala.collection.immutable.List.foldLeft(List.scala:79)
[2026-04-03T08:17:26.996+0000] {spark_submit.py:579} INFO - at org.apache.spark.sql.catalyst.rules.RuleExecutor.$anonfun$execute$1(RuleExecutor.scala:245)
[2026-04-03T08:17:26.996+0000] {spark_submit.py:579} INFO - at org.apache.spark.sql.catalyst.rules.RuleExecutor.$anonfun$execute$1$adapted(RuleExecutor.scala:237)
[2026-04-03T08:17:26.996+0000] {spark_submit.py:579} INFO - at scala.collection.immutable.List.foreach(List.scala:323)
[2026-04-03T08:17:26.996+0000] {spark_submit.py:579} INFO - at org.apache.spark.sql.catalyst.rules.RuleExecutor.execute(RuleExecutor.scala:237)
[2026-04-03T08:17:26.997+0000] {spark_submit.py:579} INFO - at org.apache.spark.sql.catalyst.analysis.Analyzer.org$apache$spark$sql$catalyst$analysis$Analyzer$$executeSameContext(Analyzer.scala:343)
[2026-04-03T08:17:26.997+0000] {spark_submit.py:579} INFO - at org.apache.spark.sql.catalyst.analysis.Analyzer.$anonfun$execute$1(Analyzer.scala:339)
[2026-04-03T08:17:26.997+0000] {spark_submit.py:579} INFO - at org.apache.spark.sql.catalyst.analysis.AnalysisContext$.withNewAnalysisContext(Analyzer.scala:224)
[2026-04-03T08:17:26.997+0000] {spark_submit.py:579} INFO - at org.apache.spark.sql.catalyst.analysis.Analyzer.execute(Analyzer.scala:339)
[2026-04-03T08:17:26.997+0000] {spark_submit.py:579} INFO - at org.apache.spark.sql.catalyst.analysis.Analyzer.execute(Analyzer.scala:289)
[2026-04-03T08:17:26.998+0000] {spark_submit.py:579} INFO - at org.apache.spark.sql.catalyst.rules.RuleExecutor.$anonfun$executeAndTrack$1(RuleExecutor.scala:207)
[2026-04-03T08:17:26.998+0000] {spark_submit.py:579} INFO - at org.apache.spark.sql.catalyst.QueryPlanningTracker$.withTracker(QueryPlanningTracker.scala:89)
[2026-04-03T08:17:26.998+0000] {spark_submit.py:579} INFO - at org.apache.spark.sql.catalyst.rules.RuleExecutor.executeAndTrack(RuleExecutor.scala:207)
[2026-04-03T08:17:26.998+0000] {spark_submit.py:579} INFO - at org.apache.spark.sql.catalyst.analysis.resolver.HybridAnalyzer.resolveInFixedPoint(HybridAnalyzer.scala:236)
[2026-04-03T08:17:26.999+0000] {spark_submit.py:579} INFO - at org.apache.spark.sql.catalyst.analysis.resolver.HybridAnalyzer.$anonfun$apply$1(HybridAnalyzer.scala:91)
[2026-04-03T08:17:26.999+0000] {spark_submit.py:579} INFO - at org.apache.spark.sql.catalyst.analysis.resolver.HybridAnalyzer.withTrackedAnalyzerBridgeState(HybridAnalyzer.scala:122)
[2026-04-03T08:17:26.999+0000] {spark_submit.py:579} INFO - at org.apache.spark.sql.catalyst.analysis.resolver.HybridAnalyzer.apply(HybridAnalyzer.scala:84)
[2026-04-03T08:17:26.999+0000] {spark_submit.py:579} INFO - at org.apache.spark.sql.catalyst.analysis.Analyzer.$anonfun$executeAndCheck$1(Analyzer.scala:322)
[2026-04-03T08:17:27.000+0000] {spark_submit.py:579} INFO - at org.apache.spark.sql.catalyst.plans.logical.AnalysisHelper$.markInAnalyzer(AnalysisHelper.scala:423)
[2026-04-03T08:17:27.000+0000] {spark_submit.py:579} INFO - at org.apache.spark.sql.catalyst.analysis.Analyzer.executeAndCheck(Analyzer.scala:322)
[2026-04-03T08:17:27.000+0000] {spark_submit.py:579} INFO - at org.apache.spark.sql.execution.QueryExecution.$anonfun$lazyAnalyzed$2(QueryExecution.scala:139)
[2026-04-03T08:17:27.000+0000] {spark_submit.py:579} INFO - at org.apache.spark.sql.catalyst.QueryPlanningTracker.measurePhase(QueryPlanningTracker.scala:148)
[2026-04-03T08:17:27.000+0000] {spark_submit.py:579} INFO - at org.apache.spark.sql.execution.QueryExecution.$anonfun$executePhase$2(QueryExecution.scala:330)
[2026-04-03T08:17:27.001+0000] {spark_submit.py:579} INFO - at org.apache.spark.sql.execution.QueryExecution$.withInternalError(QueryExecution.scala:717)
[2026-04-03T08:17:27.001+0000] {spark_submit.py:579} INFO - at org.apache.spark.sql.execution.QueryExecution.$anonfun$executePhase$1(QueryExecution.scala:330)
[2026-04-03T08:17:27.001+0000] {spark_submit.py:579} INFO - at org.apache.spark.sql.SparkSession.withActive(SparkSession.scala:804)
[2026-04-03T08:17:27.002+0000] {spark_submit.py:579} INFO - at org.apache.spark.sql.execution.QueryExecution.executePhase(QueryExecution.scala:329)
[2026-04-03T08:17:27.002+0000] {spark_submit.py:579} INFO - at org.apache.spark.sql.execution.QueryExecution.$anonfun$lazyAnalyzed$1(QueryExecution.scala:139)
[2026-04-03T08:17:27.002+0000] {spark_submit.py:579} INFO - at scala.util.Try$.apply(Try.scala:217)
[2026-04-03T08:17:27.002+0000] {spark_submit.py:579} INFO - at org.apache.spark.util.Utils$.doTryWithCallerStacktrace(Utils.scala:1392)
[2026-04-03T08:17:27.003+0000] {spark_submit.py:579} INFO - at org.apache.spark.util.LazyTry.tryT$lzycompute(LazyTry.scala:46)
[2026-04-03T08:17:27.003+0000] {spark_submit.py:579} INFO - at org.apache.spark.util.LazyTry.tryT(LazyTry.scala:46)
[2026-04-03T08:17:27.003+0000] {spark_submit.py:579} INFO - ... 22 more
[2026-04-03T08:17:27.003+0000] {spark_submit.py:579} INFO - 
[2026-04-03T08:17:27.203+0000] {taskinstance.py:3313} ERROR - Task failed with exception
Traceback (most recent call last):
  File "/home/airflow/.local/lib/python3.12/site-packages/airflow/models/taskinstance.py", line 768, in _execute_task
    result = _execute_callable(context=context, **execute_callable_kwargs)
             ^^^^^^^^^^^^^^^^^^^^^^^^^^^^^^^^^^^^^^^^^^^^^^^^^^^^^^^^^^^^^
  File "/home/airflow/.local/lib/python3.12/site-packages/airflow/models/taskinstance.py", line 734, in _execute_callable
    return ExecutionCallableRunner(
           ^^^^^^^^^^^^^^^^^^^^^^^^
  File "/home/airflow/.local/lib/python3.12/site-packages/airflow/utils/operator_helpers.py", line 252, in run
    return self.func(*args, **kwargs)
           ^^^^^^^^^^^^^^^^^^^^^^^^^^
  File "/home/airflow/.local/lib/python3.12/site-packages/airflow/models/baseoperator.py", line 424, in wrapper
    return func(self, *args, **kwargs)
           ^^^^^^^^^^^^^^^^^^^^^^^^^^^
  File "/home/airflow/.local/lib/python3.12/site-packages/airflow/providers/apache/spark/operators/spark_submit.py", line 174, in execute
    self._hook.submit(self.application)
  File "/home/airflow/.local/lib/python3.12/site-packages/airflow/providers/apache/spark/hooks/spark_submit.py", line 505, in submit
    raise AirflowException(
airflow.exceptions.AirflowException: Cannot execute: /opt/spark_dist/bin/spark-submit --master spark://spark-master:7077 --conf spark.driver.extraClassPath=/opt/***/plugins/postgresql-42.7.2.jar --conf spark.executor.extraClassPath=/opt/bitnami/spark/extra-jars/postgresql-42.7.2.jar --conf spark.driver.host=***_scheduler --conf spark.driver.bindAddress=0.0.0.0 --conf spark.sql.shuffle.partitions=2 --conf spark.default.parallelism=2 --conf spark.driver.extraJavaOptions=-Dderby.system.home=/tmp --jars /opt/***/plugins/postgresql-42.7.2.jar --name sensor_elt_job --verbose --deploy-mode client /opt/***/scripts/process_data.py. Error code is: 1.
[2026-04-03T08:17:27.218+0000] {taskinstance.py:1226} INFO - Marking task as UP_FOR_RETRY. dag_id=02_industrial_sensor_elt, task_id=run_sensor_elt, run_id=manual__2026-04-03T08:03:38.980343+00:00, execution_date=20260403T080338, start_date=20260403T080339, end_date=20260403T081727
[2026-04-03T08:17:27.305+0000] {taskinstance.py:341} INFO - ::group::Post task execution logs
[2026-04-03T08:17:27.305+0000] {standard_task_runner.py:124} ERROR - Failed to execute job 5 for task run_sensor_elt (Cannot execute: /opt/spark_dist/bin/spark-submit --master spark://spark-master:7077 --conf spark.driver.extraClassPath=/opt/***/plugins/postgresql-42.7.2.jar --conf spark.executor.extraClassPath=/opt/bitnami/spark/extra-jars/postgresql-42.7.2.jar --conf spark.driver.host=***_scheduler --conf spark.driver.bindAddress=0.0.0.0 --conf spark.sql.shuffle.partitions=2 --conf spark.default.parallelism=2 --conf spark.driver.extraJavaOptions=-Dderby.system.home=/tmp --jars /opt/***/plugins/postgresql-42.7.2.jar --name sensor_elt_job --verbose --deploy-mode client /opt/***/scripts/process_data.py. Error code is: 1.; 1427)
Traceback (most recent call last):
  File "/home/airflow/.local/lib/python3.12/site-packages/airflow/task/task_runner/standard_task_runner.py", line 117, in _start_by_fork
    ret = args.func(args, dag=self.dag)
          ^^^^^^^^^^^^^^^^^^^^^^^^^^^^^
  File "/home/airflow/.local/lib/python3.12/site-packages/airflow/cli/cli_config.py", line 49, in command
    return func(*args, **kwargs)
           ^^^^^^^^^^^^^^^^^^^^^
  File "/home/airflow/.local/lib/python3.12/site-packages/airflow/utils/cli.py", line 116, in wrapper
    return f(*args, **kwargs)
           ^^^^^^^^^^^^^^^^^^
  File "/home/airflow/.local/lib/python3.12/site-packages/airflow/cli/commands/task_command.py", line 483, in task_run
    task_return_code = _run_task_by_selected_method(args, _dag, ti)
                       ^^^^^^^^^^^^^^^^^^^^^^^^^^^^^^^^^^^^^^^^^^^^
  File "/home/airflow/.local/lib/python3.12/site-packages/airflow/cli/commands/task_command.py", line 256, in _run_task_by_selected_method
    return _run_raw_task(args, ti)
           ^^^^^^^^^^^^^^^^^^^^^^^
  File "/home/airflow/.local/lib/python3.12/site-packages/airflow/cli/commands/task_command.py", line 341, in _run_raw_task
    return ti._run_raw_task(
           ^^^^^^^^^^^^^^^^^
  File "/home/airflow/.local/lib/python3.12/site-packages/airflow/utils/session.py", line 97, in wrapper
    return func(*args, session=session, **kwargs)
           ^^^^^^^^^^^^^^^^^^^^^^^^^^^^^^^^^^^^^^
  File "/home/airflow/.local/lib/python3.12/site-packages/airflow/models/taskinstance.py", line 3006, in _run_raw_task
    return _run_raw_task(
           ^^^^^^^^^^^^^^
  File "/home/airflow/.local/lib/python3.12/site-packages/airflow/models/taskinstance.py", line 274, in _run_raw_task
    TaskInstance._execute_task_with_callbacks(
  File "/home/airflow/.local/lib/python3.12/site-packages/airflow/models/taskinstance.py", line 3161, in _execute_task_with_callbacks
    result = self._execute_task(context, task_orig)
             ^^^^^^^^^^^^^^^^^^^^^^^^^^^^^^^^^^^^^^
  File "/home/airflow/.local/lib/python3.12/site-packages/airflow/models/taskinstance.py", line 3185, in _execute_task
    return _execute_task(self, context, task_orig)
           ^^^^^^^^^^^^^^^^^^^^^^^^^^^^^^^^^^^^^^^
  File "/home/airflow/.local/lib/python3.12/site-packages/airflow/models/taskinstance.py", line 768, in _execute_task
    result = _execute_callable(context=context, **execute_callable_kwargs)
             ^^^^^^^^^^^^^^^^^^^^^^^^^^^^^^^^^^^^^^^^^^^^^^^^^^^^^^^^^^^^^
  File "/home/airflow/.local/lib/python3.12/site-packages/airflow/models/taskinstance.py", line 734, in _execute_callable
    return ExecutionCallableRunner(
           ^^^^^^^^^^^^^^^^^^^^^^^^
  File "/home/airflow/.local/lib/python3.12/site-packages/airflow/utils/operator_helpers.py", line 252, in run
    return self.func(*args, **kwargs)
           ^^^^^^^^^^^^^^^^^^^^^^^^^^
  File "/home/airflow/.local/lib/python3.12/site-packages/airflow/models/baseoperator.py", line 424, in wrapper
    return func(self, *args, **kwargs)
           ^^^^^^^^^^^^^^^^^^^^^^^^^^^
  File "/home/airflow/.local/lib/python3.12/site-packages/airflow/providers/apache/spark/operators/spark_submit.py", line 174, in execute
    self._hook.submit(self.application)
  File "/home/airflow/.local/lib/python3.12/site-packages/airflow/providers/apache/spark/hooks/spark_submit.py", line 505, in submit
    raise AirflowException(
airflow.exceptions.AirflowException: Cannot execute: /opt/spark_dist/bin/spark-submit --master spark://spark-master:7077 --conf spark.driver.extraClassPath=/opt/***/plugins/postgresql-42.7.2.jar --conf spark.executor.extraClassPath=/opt/bitnami/spark/extra-jars/postgresql-42.7.2.jar --conf spark.driver.host=***_scheduler --conf spark.driver.bindAddress=0.0.0.0 --conf spark.sql.shuffle.partitions=2 --conf spark.default.parallelism=2 --conf spark.driver.extraJavaOptions=-Dderby.system.home=/tmp --jars /opt/***/plugins/postgresql-42.7.2.jar --name sensor_elt_job --verbose --deploy-mode client /opt/***/scripts/process_data.py. Error code is: 1.
[2026-04-03T08:17:27.360+0000] {local_task_job_runner.py:266} INFO - Task exited with return code 1
[2026-04-03T08:17:27.410+0000] {taskinstance.py:3901} INFO - 0 downstream tasks scheduled from follow-on schedule check
[2026-04-03T08:17:27.413+0000] {local_task_job_runner.py:245} INFO - ::endgroup::
