[2026-03-02T01:36:39.211+0000] {manager.py:487} INFO - Processing files using up to 2 processes at a time 
[2026-03-02T01:36:39.212+0000] {manager.py:488} INFO - Process each file at most once every 30 seconds
[2026-03-02T01:36:39.212+0000] {manager.py:489} INFO - Checking for new files in /opt/airflow/dags every 300 seconds
[2026-03-02T01:36:39.212+0000] {manager.py:759} INFO - Searching for files in /opt/airflow/dags
[2026-03-02T01:36:39.214+0000] {manager.py:762} INFO - There are 0 files in /opt/airflow/dags
[2026-03-02T01:41:39.691+0000] {manager.py:759} INFO - Searching for files in /opt/airflow/dags
[2026-03-02T01:41:39.691+0000] {manager.py:762} INFO - There are 0 files in /opt/airflow/dags
[2026-03-02T01:46:40.110+0000] {manager.py:759} INFO - Searching for files in /opt/airflow/dags
[2026-03-02T01:46:40.111+0000] {manager.py:762} INFO - There are 0 files in /opt/airflow/dags
[2026-03-02T01:48:09.848+0000] {manager.py:469} INFO - Exiting gracefully upon receiving signal 15
[2026-04-02T23:02:00.078+0000] {manager.py:487} INFO - Processing files using up to 2 processes at a time 
[2026-04-02T23:02:00.079+0000] {manager.py:488} INFO - Process each file at most once every 30 seconds
[2026-04-02T23:02:00.079+0000] {manager.py:489} INFO - Checking for new files in /opt/airflow/dags every 300 seconds
[2026-04-02T23:02:00.079+0000] {manager.py:759} INFO - Searching for files in /opt/airflow/dags
[2026-04-02T23:02:00.080+0000] {manager.py:762} INFO - There are 0 files in /opt/airflow/dags
[2026-04-02T23:07:00.797+0000] {manager.py:759} INFO - Searching for files in /opt/airflow/dags
[2026-04-02T23:07:00.798+0000] {manager.py:762} INFO - There are 0 files in /opt/airflow/dags
[2026-04-02T23:12:01.305+0000] {manager.py:759} INFO - Searching for files in /opt/airflow/dags
[2026-04-02T23:12:01.306+0000] {manager.py:762} INFO - There are 0 files in /opt/airflow/dags
[2026-04-02T23:17:01.832+0000] {manager.py:759} INFO - Searching for files in /opt/airflow/dags
[2026-04-02T23:17:01.833+0000] {manager.py:762} INFO - There are 0 files in /opt/airflow/dags
[2026-04-02T23:22:02.363+0000] {manager.py:759} INFO - Searching for files in /opt/airflow/dags
[2026-04-02T23:22:02.364+0000] {manager.py:762} INFO - There are 0 files in /opt/airflow/dags
[2026-04-02T23:27:02.932+0000] {manager.py:759} INFO - Searching for files in /opt/airflow/dags
[2026-04-02T23:27:02.933+0000] {manager.py:762} INFO - There are 0 files in /opt/airflow/dags
[2026-04-02T23:32:03.499+0000] {manager.py:759} INFO - Searching for files in /opt/airflow/dags
[2026-04-02T23:32:03.499+0000] {manager.py:762} INFO - There are 0 files in /opt/airflow/dags
[2026-04-02T23:37:04.030+0000] {manager.py:759} INFO - Searching for files in /opt/airflow/dags
[2026-04-02T23:37:04.031+0000] {manager.py:762} INFO - There are 0 files in /opt/airflow/dags
[2026-04-02T23:42:04.575+0000] {manager.py:759} INFO - Searching for files in /opt/airflow/dags
[2026-04-02T23:42:04.576+0000] {manager.py:762} INFO - There are 0 files in /opt/airflow/dags
[2026-04-02T23:47:05.093+0000] {manager.py:759} INFO - Searching for files in /opt/airflow/dags
[2026-04-02T23:47:05.094+0000] {manager.py:762} INFO - There are 0 files in /opt/airflow/dags
[2026-04-02T23:52:05.610+0000] {manager.py:759} INFO - Searching for files in /opt/airflow/dags
[2026-04-02T23:52:05.610+0000] {manager.py:762} INFO - There are 0 files in /opt/airflow/dags
[2026-04-02T23:57:06.193+0000] {manager.py:759} INFO - Searching for files in /opt/airflow/dags
[2026-04-02T23:57:06.194+0000] {manager.py:762} INFO - There are 0 files in /opt/airflow/dags
[2026-04-03T00:02:06.858+0000] {manager.py:759} INFO - Searching for files in /opt/airflow/dags
[2026-04-03T00:02:06.859+0000] {manager.py:762} INFO - There are 0 files in /opt/airflow/dags
[2026-04-03T00:07:07.742+0000] {manager.py:759} INFO - Searching for files in /opt/airflow/dags
[2026-04-03T00:07:07.742+0000] {manager.py:762} INFO - There are 0 files in /opt/airflow/dags
[2026-04-03T00:12:08.258+0000] {manager.py:759} INFO - Searching for files in /opt/airflow/dags
[2026-04-03T00:12:08.259+0000] {manager.py:762} INFO - There are 0 files in /opt/airflow/dags
[2026-04-03T00:17:08.810+0000] {manager.py:759} INFO - Searching for files in /opt/airflow/dags
[2026-04-03T00:17:08.811+0000] {manager.py:762} INFO - There are 0 files in /opt/airflow/dags
[2026-04-03T00:22:09.336+0000] {manager.py:759} INFO - Searching for files in /opt/airflow/dags
[2026-04-03T00:22:09.337+0000] {manager.py:762} INFO - There are 0 files in /opt/airflow/dags
[2026-04-03T00:27:09.866+0000] {manager.py:759} INFO - Searching for files in /opt/airflow/dags
[2026-04-03T00:27:09.867+0000] {manager.py:762} INFO - There are 0 files in /opt/airflow/dags
[2026-04-03T00:32:10.413+0000] {manager.py:759} INFO - Searching for files in /opt/airflow/dags
[2026-04-03T00:32:10.413+0000] {manager.py:762} INFO - There are 0 files in /opt/airflow/dags
[2026-04-03T00:37:10.933+0000] {manager.py:759} INFO - Searching for files in /opt/airflow/dags
[2026-04-03T00:37:10.933+0000] {manager.py:762} INFO - There are 0 files in /opt/airflow/dags
[2026-04-03T00:39:12.303+0000] {manager.py:469} INFO - Exiting gracefully upon receiving signal 15
[2026-04-03T00:40:11.341+0000] {manager.py:487} INFO - Processing files using up to 2 processes at a time 
[2026-04-03T00:40:11.342+0000] {manager.py:488} INFO - Process each file at most once every 30 seconds
[2026-04-03T00:40:11.342+0000] {manager.py:489} INFO - Checking for new files in /opt/airflow/dags every 300 seconds
[2026-04-03T00:40:11.342+0000] {manager.py:759} INFO - Searching for files in /opt/airflow/dags
[2026-04-03T00:40:11.343+0000] {manager.py:762} INFO - There are 0 files in /opt/airflow/dags
[2026-04-03T00:43:38.114+0000] {manager.py:469} INFO - Exiting gracefully upon receiving signal 15
[2026-04-03T00:44:54.202+0000] {manager.py:487} INFO - Processing files using up to 2 processes at a time 
[2026-04-03T00:44:54.207+0000] {manager.py:488} INFO - Process each file at most once every 30 seconds
[2026-04-03T00:44:54.207+0000] {manager.py:489} INFO - Checking for new files in /opt/airflow/dags every 300 seconds
[2026-04-03T00:44:54.207+0000] {manager.py:759} INFO - Searching for files in /opt/airflow/dags
[2026-04-03T00:44:54.208+0000] {manager.py:762} INFO - There are 0 files in /opt/airflow/dags
[2026-04-03T00:49:54.956+0000] {manager.py:759} INFO - Searching for files in /opt/airflow/dags
[2026-04-03T00:49:54.957+0000] {manager.py:762} INFO - There are 0 files in /opt/airflow/dags
[2026-04-03T00:54:55.486+0000] {manager.py:759} INFO - Searching for files in /opt/airflow/dags
[2026-04-03T00:54:55.487+0000] {manager.py:762} INFO - There are 0 files in /opt/airflow/dags
[2026-04-03T00:59:56.050+0000] {manager.py:759} INFO - Searching for files in /opt/airflow/dags
[2026-04-03T00:59:56.051+0000] {manager.py:762} INFO - There are 0 files in /opt/airflow/dags
[2026-04-03T01:02:36.489+0000] {manager.py:487} INFO - Processing files using up to 2 processes at a time 
[2026-04-03T01:02:36.490+0000] {manager.py:488} INFO - Process each file at most once every 30 seconds
[2026-04-03T01:02:36.490+0000] {manager.py:489} INFO - Checking for new files in /opt/airflow/dags every 300 seconds
[2026-04-03T01:02:36.491+0000] {manager.py:759} INFO - Searching for files in /opt/airflow/dags
[2026-04-03T01:02:36.492+0000] {manager.py:762} INFO - There are 0 files in /opt/airflow/dags
[2026-04-03T01:04:11.989+0000] {manager.py:469} INFO - Exiting gracefully upon receiving signal 15
[2026-04-03T01:05:17.048+0000] {manager.py:487} INFO - Processing files using up to 2 processes at a time 
[2026-04-03T01:05:17.049+0000] {manager.py:488} INFO - Process each file at most once every 30 seconds
[2026-04-03T01:05:17.050+0000] {manager.py:489} INFO - Checking for new files in /opt/airflow/dags every 300 seconds
[2026-04-03T01:05:17.050+0000] {manager.py:759} INFO - Searching for files in /opt/airflow/dags
[2026-04-03T01:05:17.051+0000] {manager.py:762} INFO - There are 0 files in /opt/airflow/dags
[2026-04-03T01:10:17.793+0000] {manager.py:759} INFO - Searching for files in /opt/airflow/dags
[2026-04-03T01:10:17.794+0000] {manager.py:762} INFO - There are 0 files in /opt/airflow/dags
[2026-04-03T01:15:18.313+0000] {manager.py:759} INFO - Searching for files in /opt/airflow/dags
[2026-04-03T01:15:18.314+0000] {manager.py:762} INFO - There are 0 files in /opt/airflow/dags
[2026-04-03T01:29:37.718+0000] {manager.py:759} INFO - Searching for files in /opt/airflow/dags
[2026-04-03T01:29:37.719+0000] {manager.py:762} INFO - There are 0 files in /opt/airflow/dags
[2026-04-03T01:34:15.997+0000] {manager.py:469} INFO - Exiting gracefully upon receiving signal 15
[2026-04-03T01:36:04.653+0000] {manager.py:487} INFO - Processing files using up to 2 processes at a time 
[2026-04-03T01:36:04.658+0000] {manager.py:488} INFO - Process each file at most once every 30 seconds
[2026-04-03T01:36:04.658+0000] {manager.py:489} INFO - Checking for new files in /opt/airflow/dags every 300 seconds
[2026-04-03T01:36:04.658+0000] {manager.py:759} INFO - Searching for files in /opt/airflow/dags
[2026-04-03T01:36:04.660+0000] {manager.py:762} INFO - There are 0 files in /opt/airflow/dags
[2026-04-03T01:41:05.393+0000] {manager.py:759} INFO - Searching for files in /opt/airflow/dags
[2026-04-03T01:41:05.394+0000] {manager.py:762} INFO - There are 0 files in /opt/airflow/dags
[2026-04-03T01:46:05.928+0000] {manager.py:759} INFO - Searching for files in /opt/airflow/dags
[2026-04-03T01:46:05.929+0000] {manager.py:762} INFO - There are 0 files in /opt/airflow/dags
[2026-04-03T01:51:06.433+0000] {manager.py:759} INFO - Searching for files in /opt/airflow/dags
[2026-04-03T01:51:06.434+0000] {manager.py:762} INFO - There are 0 files in /opt/airflow/dags
[2026-04-03T01:56:06.955+0000] {manager.py:759} INFO - Searching for files in /opt/airflow/dags
[2026-04-03T01:56:06.956+0000] {manager.py:762} INFO - There are 0 files in /opt/airflow/dags
[2026-04-03T02:01:07.456+0000] {manager.py:759} INFO - Searching for files in /opt/airflow/dags
[2026-04-03T02:01:07.457+0000] {manager.py:762} INFO - There are 0 files in /opt/airflow/dags
[2026-04-03T02:02:26.343+0000] {manager.py:469} INFO - Exiting gracefully upon receiving signal 15
[2026-04-03T02:34:37.017+0000] {manager.py:487} INFO - Processing files using up to 2 processes at a time 
[2026-04-03T02:34:37.018+0000] {manager.py:488} INFO - Process each file at most once every 30 seconds
[2026-04-03T02:34:37.018+0000] {manager.py:489} INFO - Checking for new files in /opt/airflow/dags every 300 seconds
[2026-04-03T02:34:37.018+0000] {manager.py:759} INFO - Searching for files in /opt/airflow/dags
[2026-04-03T02:34:37.020+0000] {manager.py:762} INFO - There are 0 files in /opt/airflow/dags
[2026-04-03T02:39:37.702+0000] {manager.py:759} INFO - Searching for files in /opt/airflow/dags
[2026-04-03T02:39:37.703+0000] {manager.py:762} INFO - There are 0 files in /opt/airflow/dags
[2026-04-03T02:44:38.210+0000] {manager.py:759} INFO - Searching for files in /opt/airflow/dags
[2026-04-03T02:44:38.216+0000] {manager.py:762} INFO - There are 0 files in /opt/airflow/dags
[2026-04-03T02:49:38.697+0000] {manager.py:759} INFO - Searching for files in /opt/airflow/dags
[2026-04-03T02:49:38.703+0000] {manager.py:762} INFO - There are 1 files in /opt/airflow/dags
[2026-04-03T02:49:42.067+0000] {manager.py:893} INFO - 
================================================================================
DAG File Processing Stats

File Path                            PID    Runtime      # DAGs    # Errors  Last Runtime    Last Run
-----------------------------------  -----  ---------  --------  ----------  --------------  -------------------
/opt/airflow/dags/dag_test_spark.py                           1           0  0.62s           2026-04-03T02:49:42
================================================================================
[2026-04-03T02:50:12.226+0000] {manager.py:893} INFO - 
================================================================================
DAG File Processing Stats

File Path                              PID  Runtime      # DAGs    # Errors  Last Runtime    Last Run
-----------------------------------  -----  ---------  --------  ----------  --------------  -------------------
/opt/airflow/dags/dag_test_spark.py    193  0.01s             1           0  0.62s           2026-04-03T02:49:42
================================================================================
[2026-04-03T02:50:42.376+0000] {manager.py:893} INFO - 
================================================================================
DAG File Processing Stats

File Path                            PID    Runtime      # DAGs    # Errors  Last Runtime    Last Run
-----------------------------------  -----  ---------  --------  ----------  --------------  -------------------
/opt/airflow/dags/dag_test_spark.py                           1           0  0.18s           2026-04-03T02:50:12
================================================================================
[2026-04-03T02:51:12.675+0000] {manager.py:893} INFO - 
================================================================================
DAG File Processing Stats

File Path                            PID    Runtime      # DAGs    # Errors  Last Runtime    Last Run
-----------------------------------  -----  ---------  --------  ----------  --------------  -------------------
/opt/airflow/dags/dag_test_spark.py                           1           0  0.18s           2026-04-03T02:50:42
================================================================================
[2026-04-03T02:51:42.996+0000] {manager.py:893} INFO - 
================================================================================
DAG File Processing Stats

File Path                            PID    Runtime      # DAGs    # Errors  Last Runtime    Last Run
-----------------------------------  -----  ---------  --------  ----------  --------------  -------------------
/opt/airflow/dags/dag_test_spark.py                           1           0  0.18s           2026-04-03T02:51:13
================================================================================
[2026-04-03T02:52:13.300+0000] {manager.py:893} INFO - 
================================================================================
DAG File Processing Stats

File Path                            PID    Runtime      # DAGs    # Errors  Last Runtime    Last Run
-----------------------------------  -----  ---------  --------  ----------  --------------  -------------------
/opt/airflow/dags/dag_test_spark.py                           1           0  0.19s           2026-04-03T02:51:43
================================================================================
[2026-04-03T02:52:43.628+0000] {manager.py:893} INFO - 
================================================================================
DAG File Processing Stats

File Path                            PID    Runtime      # DAGs    # Errors  Last Runtime    Last Run
-----------------------------------  -----  ---------  --------  ----------  --------------  -------------------
/opt/airflow/dags/dag_test_spark.py                           1           0  0.17s           2026-04-03T02:52:13
================================================================================
[2026-04-03T02:53:13.926+0000] {manager.py:893} INFO - 
================================================================================
DAG File Processing Stats

File Path                            PID    Runtime      # DAGs    # Errors  Last Runtime    Last Run
-----------------------------------  -----  ---------  --------  ----------  --------------  -------------------
/opt/airflow/dags/dag_test_spark.py                           1           0  0.18s           2026-04-03T02:52:43
================================================================================
[2026-04-03T02:53:44.251+0000] {manager.py:893} INFO - 
================================================================================
DAG File Processing Stats

File Path                            PID    Runtime      # DAGs    # Errors  Last Runtime    Last Run
-----------------------------------  -----  ---------  --------  ----------  --------------  -------------------
/opt/airflow/dags/dag_test_spark.py                           1           0  0.18s           2026-04-03T02:53:14
================================================================================
[2026-04-03T02:54:14.558+0000] {manager.py:893} INFO - 
================================================================================
DAG File Processing Stats

File Path                            PID    Runtime      # DAGs    # Errors  Last Runtime    Last Run
-----------------------------------  -----  ---------  --------  ----------  --------------  -------------------
/opt/airflow/dags/dag_test_spark.py                           1           0  0.18s           2026-04-03T02:53:44
================================================================================
[2026-04-03T02:54:38.836+0000] {manager.py:759} INFO - Searching for files in /opt/airflow/dags
[2026-04-03T02:54:38.839+0000] {manager.py:762} INFO - There are 1 files in /opt/airflow/dags
[2026-04-03T02:54:44.885+0000] {manager.py:893} INFO - 
================================================================================
DAG File Processing Stats

File Path                            PID    Runtime      # DAGs    # Errors  Last Runtime    Last Run
-----------------------------------  -----  ---------  --------  ----------  --------------  -------------------
/opt/airflow/dags/dag_test_spark.py                           1           0  0.18s           2026-04-03T02:54:14
================================================================================
[2026-04-03T02:55:15.208+0000] {manager.py:893} INFO - 
================================================================================
DAG File Processing Stats

File Path                              PID  Runtime      # DAGs    # Errors  Last Runtime    Last Run
-----------------------------------  -----  ---------  --------  ----------  --------------  -------------------
/opt/airflow/dags/dag_test_spark.py    243  0.01s             1           0  0.17s           2026-04-03T02:54:45
================================================================================
[2026-04-03T02:55:45.498+0000] {manager.py:893} INFO - 
================================================================================
DAG File Processing Stats

File Path                              PID  Runtime      # DAGs    # Errors  Last Runtime    Last Run
-----------------------------------  -----  ---------  --------  ----------  --------------  -------------------
/opt/airflow/dags/dag_test_spark.py    248  0.01s             1           0  0.18s           2026-04-03T02:55:15
================================================================================
[2026-04-03T02:56:15.653+0000] {manager.py:893} INFO - 
================================================================================
DAG File Processing Stats

File Path                            PID    Runtime      # DAGs    # Errors  Last Runtime    Last Run
-----------------------------------  -----  ---------  --------  ----------  --------------  -------------------
/opt/airflow/dags/dag_test_spark.py                           1           0  0.17s           2026-04-03T02:55:45
================================================================================
[2026-04-03T02:56:45.938+0000] {manager.py:893} INFO - 
================================================================================
DAG File Processing Stats

File Path                            PID    Runtime      # DAGs    # Errors  Last Runtime    Last Run
-----------------------------------  -----  ---------  --------  ----------  --------------  -------------------
/opt/airflow/dags/dag_test_spark.py                           1           0  0.19s           2026-04-03T02:56:15
================================================================================
[2026-04-03T02:57:16.259+0000] {manager.py:893} INFO - 
================================================================================
DAG File Processing Stats

File Path                            PID    Runtime      # DAGs    # Errors  Last Runtime    Last Run
-----------------------------------  -----  ---------  --------  ----------  --------------  -------------------
/opt/airflow/dags/dag_test_spark.py                           1           0  0.18s           2026-04-03T02:56:46
================================================================================
[2026-04-03T02:57:46.576+0000] {manager.py:893} INFO - 
================================================================================
DAG File Processing Stats

File Path                            PID    Runtime      # DAGs    # Errors  Last Runtime    Last Run
-----------------------------------  -----  ---------  --------  ----------  --------------  -------------------
/opt/airflow/dags/dag_test_spark.py                           1           0  0.18s           2026-04-03T02:57:16
================================================================================
[2026-04-03T02:58:16.887+0000] {manager.py:893} INFO - 
================================================================================
DAG File Processing Stats

File Path                            PID    Runtime      # DAGs    # Errors  Last Runtime    Last Run
-----------------------------------  -----  ---------  --------  ----------  --------------  -------------------
/opt/airflow/dags/dag_test_spark.py                           1           0  0.17s           2026-04-03T02:57:46
================================================================================
[2026-04-03T02:58:47.198+0000] {manager.py:893} INFO - 
================================================================================
DAG File Processing Stats

File Path                            PID    Runtime      # DAGs    # Errors  Last Runtime    Last Run
-----------------------------------  -----  ---------  --------  ----------  --------------  -------------------
/opt/airflow/dags/dag_test_spark.py                           1           0  0.18s           2026-04-03T02:58:17
================================================================================
[2026-04-03T02:59:17.508+0000] {manager.py:893} INFO - 
================================================================================
DAG File Processing Stats

File Path                            PID    Runtime      # DAGs    # Errors  Last Runtime    Last Run
-----------------------------------  -----  ---------  --------  ----------  --------------  -------------------
/opt/airflow/dags/dag_test_spark.py                           1           0  0.18s           2026-04-03T02:58:47
================================================================================
[2026-04-03T02:59:38.942+0000] {manager.py:759} INFO - Searching for files in /opt/airflow/dags
[2026-04-03T02:59:38.944+0000] {manager.py:762} INFO - There are 2 files in /opt/airflow/dags
[2026-04-03T02:59:48.032+0000] {manager.py:893} INFO - 
================================================================================
DAG File Processing Stats

File Path                                PID  Runtime      # DAGs    # Errors  Last Runtime    Last Run
-------------------------------------  -----  ---------  --------  ----------  --------------  -------------------
/opt/airflow/dags/dag_test_spark.py      293  0.01s             1           0  0.19s           2026-04-03T02:59:17
/opt/airflow/dags/dag_datalab_main.py                           1           0  0.39s           2026-04-03T02:59:39
================================================================================
[2026-04-03T03:00:18.355+0000] {manager.py:893} INFO - 
================================================================================
DAG File Processing Stats

File Path                                PID  Runtime      # DAGs    # Errors  Last Runtime    Last Run
-------------------------------------  -----  ---------  --------  ----------  --------------  -------------------
/opt/airflow/dags/dag_test_spark.py      303  0.01s             1           0  0.18s           2026-04-03T02:59:48
/opt/airflow/dags/dag_datalab_main.py                           1           0  0.20s           2026-04-03T03:00:10
================================================================================
[2026-04-03T03:00:48.675+0000] {manager.py:893} INFO - 
================================================================================
DAG File Processing Stats

File Path                                PID  Runtime      # DAGs    # Errors  Last Runtime    Last Run
-------------------------------------  -----  ---------  --------  ----------  --------------  -------------------
/opt/airflow/dags/dag_test_spark.py      313  0.01s             1           0  0.18s           2026-04-03T03:00:18
/opt/airflow/dags/dag_datalab_main.py                           1           0  0.20s           2026-04-03T03:00:40
================================================================================
[2026-04-03T03:01:18.998+0000] {manager.py:893} INFO - 
================================================================================
DAG File Processing Stats

File Path                                PID  Runtime      # DAGs    # Errors  Last Runtime    Last Run
-------------------------------------  -----  ---------  --------  ----------  --------------  -------------------
/opt/airflow/dags/dag_test_spark.py      323  0.01s             1           0  0.19s           2026-04-03T03:00:48
/opt/airflow/dags/dag_datalab_main.py                           1           0  0.19s           2026-04-03T03:01:11
================================================================================
[2026-04-03T03:01:49.315+0000] {manager.py:893} INFO - 
================================================================================
DAG File Processing Stats

File Path                                PID  Runtime      # DAGs    # Errors  Last Runtime    Last Run
-------------------------------------  -----  ---------  --------  ----------  --------------  -------------------
/opt/airflow/dags/dag_test_spark.py      333  0.01s             1           0  0.17s           2026-04-03T03:01:19
/opt/airflow/dags/dag_datalab_main.py                           1           0  0.21s           2026-04-03T03:01:41
================================================================================
[2026-04-03T03:02:19.637+0000] {manager.py:893} INFO - 
================================================================================
DAG File Processing Stats

File Path                                PID  Runtime      # DAGs    # Errors  Last Runtime    Last Run
-------------------------------------  -----  ---------  --------  ----------  --------------  -------------------
/opt/airflow/dags/dag_test_spark.py      343  0.01s             1           0  0.19s           2026-04-03T03:01:49
/opt/airflow/dags/dag_datalab_main.py                           1           0  0.20s           2026-04-03T03:02:11
================================================================================
[2026-04-03T03:02:49.967+0000] {manager.py:893} INFO - 
================================================================================
DAG File Processing Stats

File Path                                PID  Runtime      # DAGs    # Errors  Last Runtime    Last Run
-------------------------------------  -----  ---------  --------  ----------  --------------  -------------------
/opt/airflow/dags/dag_test_spark.py      353  0.01s             1           0  0.18s           2026-04-03T03:02:19
/opt/airflow/dags/dag_datalab_main.py                           1           0  0.20s           2026-04-03T03:02:42
================================================================================
[2026-04-03T03:03:20.307+0000] {manager.py:893} INFO - 
================================================================================
DAG File Processing Stats

File Path                                PID  Runtime      # DAGs    # Errors  Last Runtime    Last Run
-------------------------------------  -----  ---------  --------  ----------  --------------  -------------------
/opt/airflow/dags/dag_test_spark.py      363  0.01s             1           0  0.18s           2026-04-03T03:02:50
/opt/airflow/dags/dag_datalab_main.py                           1           0  0.20s           2026-04-03T03:03:12
================================================================================
[2026-04-03T03:03:50.664+0000] {manager.py:893} INFO - 
================================================================================
DAG File Processing Stats

File Path                                PID  Runtime      # DAGs    # Errors  Last Runtime    Last Run
-------------------------------------  -----  ---------  --------  ----------  --------------  -------------------
/opt/airflow/dags/dag_test_spark.py      373  0.01s             1           0  0.18s           2026-04-03T03:03:20
/opt/airflow/dags/dag_datalab_main.py                           1           0  0.20s           2026-04-03T03:03:42
================================================================================
[2026-04-03T03:04:21.022+0000] {manager.py:893} INFO - 
================================================================================
DAG File Processing Stats

File Path                                PID  Runtime      # DAGs    # Errors  Last Runtime    Last Run
-------------------------------------  -----  ---------  --------  ----------  --------------  -------------------
/opt/airflow/dags/dag_test_spark.py      383  0.01s             1           0  0.18s           2026-04-03T03:03:50
/opt/airflow/dags/dag_datalab_main.py                           1           0  0.20s           2026-04-03T03:04:13
================================================================================
[2026-04-03T03:04:39.279+0000] {manager.py:759} INFO - Searching for files in /opt/airflow/dags
[2026-04-03T03:04:39.281+0000] {manager.py:762} INFO - There are 2 files in /opt/airflow/dags
[2026-04-03T03:04:51.405+0000] {manager.py:893} INFO - 
================================================================================
DAG File Processing Stats

File Path                                PID  Runtime      # DAGs    # Errors  Last Runtime    Last Run
-------------------------------------  -----  ---------  --------  ----------  --------------  -------------------
/opt/airflow/dags/dag_test_spark.py      393  0.01s             1           0  0.18s           2026-04-03T03:04:21
/opt/airflow/dags/dag_datalab_main.py                           1           0  0.20s           2026-04-03T03:04:43
================================================================================
[2026-04-03T03:05:21.748+0000] {manager.py:893} INFO - 
================================================================================
DAG File Processing Stats

File Path                                PID  Runtime      # DAGs    # Errors  Last Runtime    Last Run
-------------------------------------  -----  ---------  --------  ----------  --------------  -------------------
/opt/airflow/dags/dag_test_spark.py      403  0.01s             1           0  0.17s           2026-04-03T03:04:51
/opt/airflow/dags/dag_datalab_main.py                           1           0  0.20s           2026-04-03T03:05:13
================================================================================
[2026-04-03T03:05:52.100+0000] {manager.py:893} INFO - 
================================================================================
DAG File Processing Stats

File Path                                PID  Runtime      # DAGs    # Errors  Last Runtime    Last Run
-------------------------------------  -----  ---------  --------  ----------  --------------  -------------------
/opt/airflow/dags/dag_test_spark.py      413  0.01s             1           0  0.18s           2026-04-03T03:05:21
/opt/airflow/dags/dag_datalab_main.py                           1           0  0.20s           2026-04-03T03:05:44
================================================================================
[2026-04-03T03:06:22.446+0000] {manager.py:893} INFO - 
================================================================================
DAG File Processing Stats

File Path                                PID  Runtime      # DAGs    # Errors  Last Runtime    Last Run
-------------------------------------  -----  ---------  --------  ----------  --------------  -------------------
/opt/airflow/dags/dag_test_spark.py      423  0.01s             1           0  0.18s           2026-04-03T03:05:52
/opt/airflow/dags/dag_datalab_main.py                           1           0  0.20s           2026-04-03T03:06:14
================================================================================
[2026-04-03T03:06:52.799+0000] {manager.py:893} INFO - 
================================================================================
DAG File Processing Stats

File Path                                PID  Runtime      # DAGs    # Errors  Last Runtime    Last Run
-------------------------------------  -----  ---------  --------  ----------  --------------  -------------------
/opt/airflow/dags/dag_test_spark.py      433  0.01s             1           0  0.18s           2026-04-03T03:06:22
/opt/airflow/dags/dag_datalab_main.py                           1           0  0.19s           2026-04-03T03:06:44
================================================================================
[2026-04-03T03:07:23.133+0000] {manager.py:893} INFO - 
================================================================================
DAG File Processing Stats

File Path                                PID  Runtime      # DAGs    # Errors  Last Runtime    Last Run
-------------------------------------  -----  ---------  --------  ----------  --------------  -------------------
/opt/airflow/dags/dag_test_spark.py      443  0.01s             1           0  0.19s           2026-04-03T03:06:52
/opt/airflow/dags/dag_datalab_main.py                           1           0  0.20s           2026-04-03T03:07:15
================================================================================
[2026-04-03T03:07:53.483+0000] {manager.py:893} INFO - 
================================================================================
DAG File Processing Stats

File Path                                PID  Runtime      # DAGs    # Errors  Last Runtime    Last Run
-------------------------------------  -----  ---------  --------  ----------  --------------  -------------------
/opt/airflow/dags/dag_datalab_main.py                           0           0  0.08s           2026-04-03T03:07:31
/opt/airflow/dags/dag_test_spark.py      453  0.01s             1           0  0.18s           2026-04-03T03:07:23
================================================================================
[2026-04-03T03:08:23.765+0000] {manager.py:893} INFO - 
================================================================================
DAG File Processing Stats

File Path                                PID  Runtime      # DAGs    # Errors  Last Runtime    Last Run
-------------------------------------  -----  ---------  --------  ----------  --------------  -------------------
/opt/airflow/dags/dag_test_spark.py      468  0.01s             1           0  0.18s           2026-04-03T03:07:53
/opt/airflow/dags/dag_datalab_main.py                           1           0  0.34s           2026-04-03T03:08:03
================================================================================
[2026-04-03T03:08:54.127+0000] {manager.py:893} INFO - 
================================================================================
DAG File Processing Stats

File Path                                PID  Runtime      # DAGs    # Errors  Last Runtime    Last Run
-------------------------------------  -----  ---------  --------  ----------  --------------  -------------------
/opt/airflow/dags/dag_test_spark.py      478  0.01s             1           0  0.18s           2026-04-03T03:08:23
/opt/airflow/dags/dag_datalab_main.py                           1           0  0.17s           2026-04-03T03:08:34
================================================================================
[2026-04-03T03:09:24.468+0000] {manager.py:893} INFO - 
================================================================================
DAG File Processing Stats

File Path                                PID  Runtime      # DAGs    # Errors  Last Runtime    Last Run
-------------------------------------  -----  ---------  --------  ----------  --------------  -------------------
/opt/airflow/dags/dag_test_spark.py      488  0.01s             1           0  0.19s           2026-04-03T03:08:54
/opt/airflow/dags/dag_datalab_main.py                           1           0  0.19s           2026-04-03T03:09:04
================================================================================
[2026-04-03T03:09:39.708+0000] {manager.py:759} INFO - Searching for files in /opt/airflow/dags
[2026-04-03T03:09:39.711+0000] {manager.py:762} INFO - There are 2 files in /opt/airflow/dags
[2026-04-03T03:09:54.930+0000] {manager.py:893} INFO - 
================================================================================
DAG File Processing Stats

File Path                                PID  Runtime      # DAGs    # Errors  Last Runtime    Last Run
-------------------------------------  -----  ---------  --------  ----------  --------------  -------------------
/opt/airflow/dags/dag_test_spark.py      503  0.01s             1           0  0.18s           2026-04-03T03:09:24
/opt/airflow/dags/dag_datalab_main.py                           1           0  0.18s           2026-04-03T03:09:40
================================================================================
[2026-04-03T03:10:25.262+0000] {manager.py:893} INFO - 
================================================================================
DAG File Processing Stats

File Path                                PID  Runtime      # DAGs    # Errors  Last Runtime    Last Run
-------------------------------------  -----  ---------  --------  ----------  --------------  -------------------
/opt/airflow/dags/dag_test_spark.py      513  0.01s             1           0  0.18s           2026-04-03T03:09:55
/opt/airflow/dags/dag_datalab_main.py                           1           0  0.18s           2026-04-03T03:10:11
================================================================================
[2026-04-03T03:10:55.601+0000] {manager.py:893} INFO - 
================================================================================
DAG File Processing Stats

File Path                                PID  Runtime      # DAGs    # Errors  Last Runtime    Last Run
-------------------------------------  -----  ---------  --------  ----------  --------------  -------------------
/opt/airflow/dags/dag_test_spark.py      523  0.01s             1           0  0.19s           2026-04-03T03:10:25
/opt/airflow/dags/dag_datalab_main.py                           1           0  0.18s           2026-04-03T03:10:41
================================================================================
[2026-04-03T03:11:25.941+0000] {manager.py:893} INFO - 
================================================================================
DAG File Processing Stats

File Path                                PID  Runtime      # DAGs    # Errors  Last Runtime    Last Run
-------------------------------------  -----  ---------  --------  ----------  --------------  -------------------
/opt/airflow/dags/dag_test_spark.py      533  0.01s             1           0  0.19s           2026-04-03T03:10:55
/opt/airflow/dags/dag_datalab_main.py                           1           0  0.18s           2026-04-03T03:11:11
================================================================================
[2026-04-03T03:11:45.993+0000] {manager.py:469} INFO - Exiting gracefully upon receiving signal 15
[2026-04-03T03:13:36.809+0000] {manager.py:487} INFO - Processing files using up to 2 processes at a time 
[2026-04-03T03:13:36.810+0000] {manager.py:488} INFO - Process each file at most once every 30 seconds
[2026-04-03T03:13:36.810+0000] {manager.py:489} INFO - Checking for new files in /opt/airflow/dags every 300 seconds
[2026-04-03T03:13:36.810+0000] {manager.py:759} INFO - Searching for files in /opt/airflow/dags
[2026-04-03T03:13:36.813+0000] {manager.py:762} INFO - There are 2 files in /opt/airflow/dags
[2026-04-03T03:13:39.841+0000] {manager.py:893} INFO - 
================================================================================
DAG File Processing Stats

File Path                                PID  Runtime      # DAGs    # Errors  Last Runtime    Last Run
-------------------------------------  -----  ---------  --------  ----------  --------------  ----------
/opt/airflow/dags/dag_test_spark.py      191  0.07s             0           0
/opt/airflow/dags/dag_datalab_main.py    188  0.08s             0           0
================================================================================
[2026-04-03T03:14:10.556+0000] {manager.py:893} INFO - 
================================================================================
DAG File Processing Stats

File Path                                PID  Runtime      # DAGs    # Errors  Last Runtime    Last Run
-------------------------------------  -----  ---------  --------  ----------  --------------  -------------------
/opt/airflow/dags/dag_test_spark.py      201  0.01s             1           0  0.59s           2026-04-03T03:13:40
/opt/airflow/dags/dag_datalab_main.py    198  0.03s             1           0  0.62s           2026-04-03T03:13:40
================================================================================
[2026-04-03T03:14:40.909+0000] {manager.py:893} INFO - 
================================================================================
DAG File Processing Stats

File Path                                PID  Runtime      # DAGs    # Errors  Last Runtime    Last Run
-------------------------------------  -----  ---------  --------  ----------  --------------  -------------------
/opt/airflow/dags/dag_test_spark.py      211  0.01s             1           0  0.18s           2026-04-03T03:14:10
/opt/airflow/dags/dag_datalab_main.py    208  0.03s             1           0  0.18s           2026-04-03T03:14:10
================================================================================
[2026-04-03T03:15:11.241+0000] {manager.py:893} INFO - 
================================================================================
DAG File Processing Stats

File Path                                PID  Runtime      # DAGs    # Errors  Last Runtime    Last Run
-------------------------------------  -----  ---------  --------  ----------  --------------  -------------------
/opt/airflow/dags/dag_test_spark.py      221  0.01s             1           0  0.18s           2026-04-03T03:14:41
/opt/airflow/dags/dag_datalab_main.py    218  0.03s             1           0  0.18s           2026-04-03T03:14:41
================================================================================
[2026-04-03T03:15:41.585+0000] {manager.py:893} INFO - 
================================================================================
DAG File Processing Stats

File Path                                PID  Runtime      # DAGs    # Errors  Last Runtime    Last Run
-------------------------------------  -----  ---------  --------  ----------  --------------  -------------------
/opt/airflow/dags/dag_test_spark.py      233  0.01s             1           0  0.18s           2026-04-03T03:15:11
/opt/airflow/dags/dag_datalab_main.py    230  0.03s             1           0  0.19s           2026-04-03T03:15:11
================================================================================
[2026-04-03T03:16:11.915+0000] {manager.py:893} INFO - 
================================================================================
DAG File Processing Stats

File Path                                PID  Runtime      # DAGs    # Errors  Last Runtime    Last Run
-------------------------------------  -----  ---------  --------  ----------  --------------  -------------------
/opt/airflow/dags/dag_test_spark.py      243  0.01s             1           0  0.18s           2026-04-03T03:15:41
/opt/airflow/dags/dag_datalab_main.py    240  0.03s             1           0  0.18s           2026-04-03T03:15:41
================================================================================
[2026-04-03T03:16:42.261+0000] {manager.py:893} INFO - 
================================================================================
DAG File Processing Stats

File Path                                PID  Runtime      # DAGs    # Errors  Last Runtime    Last Run
-------------------------------------  -----  ---------  --------  ----------  --------------  -------------------
/opt/airflow/dags/dag_test_spark.py      253  0.01s             1           0  0.19s           2026-04-03T03:16:12
/opt/airflow/dags/dag_datalab_main.py    250  0.03s             1           0  0.19s           2026-04-03T03:16:12
================================================================================
[2026-04-03T03:17:12.597+0000] {manager.py:893} INFO - 
================================================================================
DAG File Processing Stats

File Path                                PID  Runtime      # DAGs    # Errors  Last Runtime    Last Run
-------------------------------------  -----  ---------  --------  ----------  --------------  -------------------
/opt/airflow/dags/dag_test_spark.py      263  0.01s             1           0  0.18s           2026-04-03T03:16:42
/opt/airflow/dags/dag_datalab_main.py    260  0.03s             1           0  0.18s           2026-04-03T03:16:42
================================================================================
[2026-04-03T03:17:42.933+0000] {manager.py:893} INFO - 
================================================================================
DAG File Processing Stats

File Path                                PID  Runtime      # DAGs    # Errors  Last Runtime    Last Run
-------------------------------------  -----  ---------  --------  ----------  --------------  -------------------
/opt/airflow/dags/dag_test_spark.py      275  0.01s             1           0  0.17s           2026-04-03T03:17:12
/opt/airflow/dags/dag_datalab_main.py    272  0.03s             1           0  0.18s           2026-04-03T03:17:12
================================================================================
[2026-04-03T03:18:13.091+0000] {manager.py:893} INFO - 
================================================================================
DAG File Processing Stats

File Path                              PID    Runtime      # DAGs    # Errors  Last Runtime    Last Run
-------------------------------------  -----  ---------  --------  ----------  --------------  -------------------
/opt/airflow/dags/dag_test_spark.py                             1           0  0.19s           2026-04-03T03:17:43
/opt/airflow/dags/dag_datalab_main.py                           1           0  0.20s           2026-04-03T03:17:43
================================================================================
[2026-04-03T03:18:37.539+0000] {manager.py:759} INFO - Searching for files in /opt/airflow/dags
[2026-04-03T03:18:37.543+0000] {manager.py:762} INFO - There are 2 files in /opt/airflow/dags
[2026-04-03T03:18:43.622+0000] {manager.py:893} INFO - 
================================================================================
DAG File Processing Stats

File Path                                PID  Runtime      # DAGs    # Errors  Last Runtime    Last Run
-------------------------------------  -----  ---------  --------  ----------  --------------  -------------------
/opt/airflow/dags/dag_test_spark.py      297  0.01s             1           0  0.18s           2026-04-03T03:18:13
/opt/airflow/dags/dag_datalab_main.py    294  0.03s             1           0  0.18s           2026-04-03T03:18:13
================================================================================
[2026-04-03T03:19:13.822+0000] {manager.py:893} INFO - 
================================================================================
DAG File Processing Stats

File Path                                PID  Runtime      # DAGs    # Errors  Last Runtime    Last Run
-------------------------------------  -----  ---------  --------  ----------  --------------  -------------------
/opt/airflow/dags/dag_test_spark.py      307  0.02s             1           0  0.18s           2026-04-03T03:18:43
/opt/airflow/dags/dag_datalab_main.py    304  0.03s             1           0  0.19s           2026-04-03T03:18:43
================================================================================
[2026-04-03T03:19:44.163+0000] {manager.py:893} INFO - 
================================================================================
DAG File Processing Stats

File Path                                PID  Runtime      # DAGs    # Errors  Last Runtime    Last Run
-------------------------------------  -----  ---------  --------  ----------  --------------  -------------------
/opt/airflow/dags/dag_test_spark.py      317  0.01s             1           0  0.18s           2026-04-03T03:19:13
/opt/airflow/dags/dag_datalab_main.py    314  0.03s             1           0  0.18s           2026-04-03T03:19:13
================================================================================
[2026-04-03T03:20:14.504+0000] {manager.py:893} INFO - 
================================================================================
DAG File Processing Stats

File Path                                PID  Runtime      # DAGs    # Errors  Last Runtime    Last Run
-------------------------------------  -----  ---------  --------  ----------  --------------  -------------------
/opt/airflow/dags/dag_test_spark.py      327  0.01s             1           0  0.18s           2026-04-03T03:19:44
/opt/airflow/dags/dag_datalab_main.py    324  0.03s             1           0  0.18s           2026-04-03T03:19:44
================================================================================
[2026-04-03T03:20:44.840+0000] {manager.py:893} INFO - 
================================================================================
DAG File Processing Stats

File Path                                PID  Runtime      # DAGs    # Errors  Last Runtime    Last Run
-------------------------------------  -----  ---------  --------  ----------  --------------  -------------------
/opt/airflow/dags/dag_test_spark.py      337  0.01s             1           0  0.18s           2026-04-03T03:20:14
/opt/airflow/dags/dag_datalab_main.py    334  0.03s             1           0  0.18s           2026-04-03T03:20:14
================================================================================
[2026-04-03T03:21:15.172+0000] {manager.py:893} INFO - 
================================================================================
DAG File Processing Stats

File Path                                PID  Runtime      # DAGs    # Errors  Last Runtime    Last Run
-------------------------------------  -----  ---------  --------  ----------  --------------  -------------------
/opt/airflow/dags/dag_test_spark.py      347  0.01s             1           0  0.17s           2026-04-03T03:20:44
/opt/airflow/dags/dag_datalab_main.py    344  0.03s             1           0  0.17s           2026-04-03T03:20:44
================================================================================
[2026-04-03T03:21:45.517+0000] {manager.py:893} INFO - 
================================================================================
DAG File Processing Stats

File Path                                PID  Runtime      # DAGs    # Errors  Last Runtime    Last Run
-------------------------------------  -----  ---------  --------  ----------  --------------  -------------------
/opt/airflow/dags/dag_test_spark.py      357  0.01s             1           0  0.17s           2026-04-03T03:21:15
/opt/airflow/dags/dag_datalab_main.py    354  0.03s             1           0  0.18s           2026-04-03T03:21:15
================================================================================
[2026-04-03T03:22:15.691+0000] {manager.py:893} INFO - 
================================================================================
DAG File Processing Stats

File Path                                PID  Runtime      # DAGs    # Errors  Last Runtime    Last Run
-------------------------------------  -----  ---------  --------  ----------  --------------  -------------------
/opt/airflow/dags/dag_test_spark.py      364  0.01s             1           0  0.17s           2026-04-03T03:21:45
/opt/airflow/dags/dag_datalab_main.py                           1           0  0.19s           2026-04-03T03:21:45
================================================================================
[2026-04-03T03:22:46.065+0000] {manager.py:893} INFO - 
================================================================================
DAG File Processing Stats

File Path                                PID  Runtime      # DAGs    # Errors  Last Runtime    Last Run
-------------------------------------  -----  ---------  --------  ----------  --------------  -------------------
/opt/airflow/dags/dag_test_spark.py      377  0.01s             1           0  0.19s           2026-04-03T03:22:15
/opt/airflow/dags/dag_datalab_main.py    374  0.03s             1           0  0.19s           2026-04-03T03:22:15
================================================================================
[2026-04-03T03:23:16.410+0000] {manager.py:893} INFO - 
================================================================================
DAG File Processing Stats

File Path                                PID  Runtime      # DAGs    # Errors  Last Runtime    Last Run
-------------------------------------  -----  ---------  --------  ----------  --------------  -------------------
/opt/airflow/dags/dag_test_spark.py      387  0.01s             1           0  0.19s           2026-04-03T03:22:46
/opt/airflow/dags/dag_datalab_main.py    384  0.03s             1           0  0.19s           2026-04-03T03:22:46
================================================================================
[2026-04-03T03:23:37.668+0000] {manager.py:759} INFO - Searching for files in /opt/airflow/dags
[2026-04-03T03:23:37.672+0000] {manager.py:762} INFO - There are 2 files in /opt/airflow/dags
[2026-04-03T03:23:46.769+0000] {manager.py:893} INFO - 
================================================================================
DAG File Processing Stats

File Path                                PID  Runtime      # DAGs    # Errors  Last Runtime    Last Run
-------------------------------------  -----  ---------  --------  ----------  --------------  -------------------
/opt/airflow/dags/dag_test_spark.py      399  0.01s             1           0  0.17s           2026-04-03T03:23:16
/opt/airflow/dags/dag_datalab_main.py    396  0.03s             1           0  0.18s           2026-04-03T03:23:16
================================================================================
[2026-04-03T03:24:16.970+0000] {manager.py:893} INFO - 
================================================================================
DAG File Processing Stats

File Path                                PID  Runtime      # DAGs    # Errors  Last Runtime    Last Run
-------------------------------------  -----  ---------  --------  ----------  --------------  -------------------
/opt/airflow/dags/dag_test_spark.py      409  0.01s             1           0  0.17s           2026-04-03T03:23:46
/opt/airflow/dags/dag_datalab_main.py    406  0.03s             1           0  0.19s           2026-04-03T03:23:46
================================================================================
[2026-04-03T03:24:47.342+0000] {manager.py:893} INFO - 
================================================================================
DAG File Processing Stats

File Path                                PID  Runtime      # DAGs    # Errors  Last Runtime    Last Run
-------------------------------------  -----  ---------  --------  ----------  --------------  -------------------
/opt/airflow/dags/dag_test_spark.py      419  0.01s             1           0  0.20s           2026-04-03T03:24:17
/opt/airflow/dags/dag_datalab_main.py    416  0.03s             1           0  0.20s           2026-04-03T03:24:17
================================================================================
[2026-04-03T03:25:17.678+0000] {manager.py:893} INFO - 
================================================================================
DAG File Processing Stats

File Path                                PID  Runtime      # DAGs    # Errors  Last Runtime    Last Run
-------------------------------------  -----  ---------  --------  ----------  --------------  -------------------
/opt/airflow/dags/dag_test_spark.py      429  0.01s             1           0  0.17s           2026-04-03T03:24:47
/opt/airflow/dags/dag_datalab_main.py    426  0.03s             1           0  0.18s           2026-04-03T03:24:47
================================================================================
[2026-04-03T03:25:48.012+0000] {manager.py:893} INFO - 
================================================================================
DAG File Processing Stats

File Path                                PID  Runtime      # DAGs    # Errors  Last Runtime    Last Run
-------------------------------------  -----  ---------  --------  ----------  --------------  -------------------
/opt/airflow/dags/dag_test_spark.py      439  0.01s             1           0  0.17s           2026-04-03T03:25:17
/opt/airflow/dags/dag_datalab_main.py    436  0.03s             1           0  0.17s           2026-04-03T03:25:17
================================================================================
[2026-04-03T03:26:18.364+0000] {manager.py:893} INFO - 
================================================================================
DAG File Processing Stats

File Path                                PID  Runtime      # DAGs    # Errors  Last Runtime    Last Run
-------------------------------------  -----  ---------  --------  ----------  --------------  -------------------
/opt/airflow/dags/dag_test_spark.py      449  0.01s             1           0  0.18s           2026-04-03T03:25:48
/opt/airflow/dags/dag_datalab_main.py    446  0.03s             1           0  0.19s           2026-04-03T03:25:48
================================================================================
[2026-04-03T03:26:21.798+0000] {manager.py:469} INFO - Exiting gracefully upon receiving signal 15
[2026-04-03T03:28:07.844+0000] {manager.py:487} INFO - Processing files using up to 2 processes at a time 
[2026-04-03T03:28:07.845+0000] {manager.py:488} INFO - Process each file at most once every 30 seconds
[2026-04-03T03:28:07.845+0000] {manager.py:489} INFO - Checking for new files in /opt/airflow/dags every 300 seconds
[2026-04-03T03:28:07.845+0000] {manager.py:759} INFO - Searching for files in /opt/airflow/dags
[2026-04-03T03:28:07.848+0000] {manager.py:762} INFO - There are 2 files in /opt/airflow/dags
[2026-04-03T03:28:10.987+0000] {manager.py:893} INFO - 
================================================================================
DAG File Processing Stats

File Path                                PID  Runtime      # DAGs    # Errors  Last Runtime    Last Run
-------------------------------------  -----  ---------  --------  ----------  --------------  ----------
/opt/airflow/dags/dag_test_spark.py      197  0.07s             0           0
/opt/airflow/dags/dag_datalab_main.py    194  0.09s             0           0
================================================================================
[2026-04-03T03:28:41.129+0000] {manager.py:893} INFO - 
================================================================================
DAG File Processing Stats

File Path                              PID    Runtime      # DAGs    # Errors  Last Runtime    Last Run
-------------------------------------  -----  ---------  --------  ----------  --------------  -------------------
/opt/airflow/dags/dag_test_spark.py                             1           0  0.65s           2026-04-03T03:28:11
/opt/airflow/dags/dag_datalab_main.py                           1           0  0.67s           2026-04-03T03:28:11
================================================================================
[2026-04-03T03:29:12.113+0000] {manager.py:893} INFO - 
================================================================================
DAG File Processing Stats

File Path                                PID  Runtime      # DAGs    # Errors  Last Runtime    Last Run
-------------------------------------  -----  ---------  --------  ----------  --------------  -------------------
/opt/airflow/dags/dag_test_spark.py      229  0.01s             1           0  0.19s           2026-04-03T03:28:41
/opt/airflow/dags/dag_datalab_main.py    226  0.03s             1           0  0.20s           2026-04-03T03:28:41
================================================================================
[2026-04-03T03:29:42.451+0000] {manager.py:893} INFO - 
================================================================================
DAG File Processing Stats

File Path                                PID  Runtime      # DAGs    # Errors  Last Runtime    Last Run
-------------------------------------  -----  ---------  --------  ----------  --------------  -------------------
/opt/airflow/dags/dag_test_spark.py      251  0.01s             1           0  0.18s           2026-04-03T03:29:12
/opt/airflow/dags/dag_datalab_main.py    248  0.03s             1           0  0.18s           2026-04-03T03:29:12
================================================================================
[2026-04-03T03:30:12.612+0000] {manager.py:893} INFO - 
================================================================================
DAG File Processing Stats

File Path                              PID    Runtime      # DAGs    # Errors  Last Runtime    Last Run
-------------------------------------  -----  ---------  --------  ----------  --------------  -------------------
/opt/airflow/dags/dag_test_spark.py                             1           0  0.18s           2026-04-03T03:29:42
/opt/airflow/dags/dag_datalab_main.py                           1           0  0.20s           2026-04-03T03:29:42
================================================================================
[2026-04-03T03:30:43.133+0000] {manager.py:893} INFO - 
================================================================================
DAG File Processing Stats

File Path                                PID  Runtime      # DAGs    # Errors  Last Runtime    Last Run
-------------------------------------  -----  ---------  --------  ----------  --------------  -------------------
/opt/airflow/dags/dag_test_spark.py      280  0.02s             1           0  0.18s           2026-04-03T03:30:12
/opt/airflow/dags/dag_datalab_main.py    277  0.03s             1           0  0.19s           2026-04-03T03:30:12
================================================================================
[2026-04-03T03:31:13.328+0000] {manager.py:893} INFO - 
================================================================================
DAG File Processing Stats

File Path                                PID  Runtime      # DAGs    # Errors  Last Runtime    Last Run
-------------------------------------  -----  ---------  --------  ----------  --------------  -------------------
/opt/airflow/dags/dag_test_spark.py      290  0.01s             1           0  0.18s           2026-04-03T03:30:43
/opt/airflow/dags/dag_datalab_main.py    287  0.03s             1           0  0.19s           2026-04-03T03:30:43
================================================================================
[2026-04-03T03:31:43.667+0000] {manager.py:893} INFO - 
================================================================================
DAG File Processing Stats

File Path                                PID  Runtime      # DAGs    # Errors  Last Runtime    Last Run
-------------------------------------  -----  ---------  --------  ----------  --------------  -------------------
/opt/airflow/dags/dag_test_spark.py      300  0.01s             1           0  0.19s           2026-04-03T03:31:13
/opt/airflow/dags/dag_datalab_main.py    297  0.03s             1           0  0.18s           2026-04-03T03:31:13
================================================================================
[2026-04-03T03:32:14.020+0000] {manager.py:893} INFO - 
================================================================================
DAG File Processing Stats

File Path                                PID  Runtime      # DAGs    # Errors  Last Runtime    Last Run
-------------------------------------  -----  ---------  --------  ----------  --------------  -------------------
/opt/airflow/dags/dag_test_spark.py      310  0.01s             1           0  0.19s           2026-04-03T03:31:43
/opt/airflow/dags/dag_datalab_main.py    307  0.03s             1           0  0.20s           2026-04-03T03:31:43
================================================================================
[2026-04-03T03:32:44.355+0000] {manager.py:893} INFO - 
================================================================================
DAG File Processing Stats

File Path                                PID  Runtime      # DAGs    # Errors  Last Runtime    Last Run
-------------------------------------  -----  ---------  --------  ----------  --------------  -------------------
/opt/airflow/dags/dag_test_spark.py      329  0.02s             1           0  0.17s           2026-04-03T03:32:14
/opt/airflow/dags/dag_datalab_main.py    326  0.03s             1           0  0.18s           2026-04-03T03:32:14
================================================================================
[2026-04-03T03:33:08.639+0000] {manager.py:759} INFO - Searching for files in /opt/airflow/dags
[2026-04-03T03:33:08.642+0000] {manager.py:762} INFO - There are 2 files in /opt/airflow/dags
[2026-04-03T03:33:14.724+0000] {manager.py:893} INFO - 
================================================================================
DAG File Processing Stats

File Path                                PID  Runtime      # DAGs    # Errors  Last Runtime    Last Run
-------------------------------------  -----  ---------  --------  ----------  --------------  -------------------
/opt/airflow/dags/dag_test_spark.py      339  0.02s             1           0  0.18s           2026-04-03T03:32:44
/opt/airflow/dags/dag_datalab_main.py    336  0.03s             1           0  0.19s           2026-04-03T03:32:44
================================================================================
[2026-04-03T03:33:45.068+0000] {manager.py:893} INFO - 
================================================================================
DAG File Processing Stats

File Path                                PID  Runtime      # DAGs    # Errors  Last Runtime    Last Run
-------------------------------------  -----  ---------  --------  ----------  --------------  -------------------
/opt/airflow/dags/dag_test_spark.py      349  0.02s             1           0  0.18s           2026-04-03T03:33:14
/opt/airflow/dags/dag_datalab_main.py    346  0.04s             1           0  0.19s           2026-04-03T03:33:14
================================================================================
[2026-04-03T03:34:15.428+0000] {manager.py:893} INFO - 
================================================================================
DAG File Processing Stats

File Path                                PID  Runtime      # DAGs    # Errors  Last Runtime    Last Run
-------------------------------------  -----  ---------  --------  ----------  --------------  -------------------
/opt/airflow/dags/dag_test_spark.py      359  0.01s             1           0  0.19s           2026-04-03T03:33:45
/opt/airflow/dags/dag_datalab_main.py    356  0.03s             1           0  0.20s           2026-04-03T03:33:45
================================================================================
[2026-04-03T03:34:45.775+0000] {manager.py:893} INFO - 
================================================================================
DAG File Processing Stats

File Path                                PID  Runtime      # DAGs    # Errors  Last Runtime    Last Run
-------------------------------------  -----  ---------  --------  ----------  --------------  -------------------
/opt/airflow/dags/dag_test_spark.py      369  0.01s             1           0  0.18s           2026-04-03T03:34:15
/opt/airflow/dags/dag_datalab_main.py    366  0.03s             1           0  0.19s           2026-04-03T03:34:15
================================================================================
[2026-04-03T03:35:16.116+0000] {manager.py:893} INFO - 
================================================================================
DAG File Processing Stats

File Path                                PID  Runtime      # DAGs    # Errors  Last Runtime    Last Run
-------------------------------------  -----  ---------  --------  ----------  --------------  -------------------
/opt/airflow/dags/dag_test_spark.py      379  0.01s             1           0  0.18s           2026-04-03T03:34:45
/opt/airflow/dags/dag_datalab_main.py    376  0.03s             1           0  0.18s           2026-04-03T03:34:45
================================================================================
[2026-04-03T03:35:46.454+0000] {manager.py:893} INFO - 
================================================================================
DAG File Processing Stats

File Path                                PID  Runtime      # DAGs    # Errors  Last Runtime    Last Run
-------------------------------------  -----  ---------  --------  ----------  --------------  -------------------
/opt/airflow/dags/dag_test_spark.py      389  0.01s             1           0  0.18s           2026-04-03T03:35:16
/opt/airflow/dags/dag_datalab_main.py    386  0.03s             1           0  0.18s           2026-04-03T03:35:16
================================================================================
[2026-04-03T03:36:16.790+0000] {manager.py:893} INFO - 
================================================================================
DAG File Processing Stats

File Path                                PID  Runtime      # DAGs    # Errors  Last Runtime    Last Run
-------------------------------------  -----  ---------  --------  ----------  --------------  -------------------
/opt/airflow/dags/dag_test_spark.py      399  0.01s             1           0  0.17s           2026-04-03T03:35:46
/opt/airflow/dags/dag_datalab_main.py    396  0.03s             1           0  0.18s           2026-04-03T03:35:46
================================================================================
[2026-04-03T03:36:46.984+0000] {manager.py:893} INFO - 
================================================================================
DAG File Processing Stats

File Path                                PID  Runtime      # DAGs    # Errors  Last Runtime    Last Run
-------------------------------------  -----  ---------  --------  ----------  --------------  -------------------
/opt/airflow/dags/dag_test_spark.py      409  0.01s             1           0  0.17s           2026-04-03T03:36:16
/opt/airflow/dags/dag_datalab_main.py    406  0.03s             1           0  0.20s           2026-04-03T03:36:16
================================================================================
[2026-04-03T03:37:17.318+0000] {manager.py:893} INFO - 
================================================================================
DAG File Processing Stats

File Path                                PID  Runtime      # DAGs    # Errors  Last Runtime    Last Run
-------------------------------------  -----  ---------  --------  ----------  --------------  -------------------
/opt/airflow/dags/dag_test_spark.py      419  0.01s             1           0  0.17s           2026-04-03T03:36:47
/opt/airflow/dags/dag_datalab_main.py    416  0.03s             1           0  0.17s           2026-04-03T03:36:47
================================================================================
[2026-04-03T03:37:47.646+0000] {manager.py:893} INFO - 
================================================================================
DAG File Processing Stats

File Path                                PID  Runtime      # DAGs    # Errors  Last Runtime    Last Run
-------------------------------------  -----  ---------  --------  ----------  --------------  -------------------
/opt/airflow/dags/dag_test_spark.py      429  0.01s             1           0  0.17s           2026-04-03T03:37:17
/opt/airflow/dags/dag_datalab_main.py    426  0.03s             1           0  0.18s           2026-04-03T03:37:17
================================================================================
[2026-04-03T03:38:08.908+0000] {manager.py:759} INFO - Searching for files in /opt/airflow/dags
[2026-04-03T03:38:08.910+0000] {manager.py:762} INFO - There are 2 files in /opt/airflow/dags
[2026-04-03T03:38:18.004+0000] {manager.py:893} INFO - 
================================================================================
DAG File Processing Stats

File Path                                PID  Runtime      # DAGs    # Errors  Last Runtime    Last Run
-------------------------------------  -----  ---------  --------  ----------  --------------  -------------------
/opt/airflow/dags/dag_test_spark.py      439  0.01s             1           0  0.17s           2026-04-03T03:37:47
/opt/airflow/dags/dag_datalab_main.py    436  0.03s             1           0  0.18s           2026-04-03T03:37:47
================================================================================
[2026-04-03T03:38:48.340+0000] {manager.py:893} INFO - 
================================================================================
DAG File Processing Stats

File Path                                PID  Runtime      # DAGs    # Errors  Last Runtime    Last Run
-------------------------------------  -----  ---------  --------  ----------  --------------  -------------------
/opt/airflow/dags/dag_test_spark.py      449  0.02s             1           0  0.17s           2026-04-03T03:38:18
/opt/airflow/dags/dag_datalab_main.py    446  0.03s             1           0  0.18s           2026-04-03T03:38:18
================================================================================
[2026-04-03T03:39:18.685+0000] {manager.py:893} INFO - 
================================================================================
DAG File Processing Stats

File Path                                PID  Runtime      # DAGs    # Errors  Last Runtime    Last Run
-------------------------------------  -----  ---------  --------  ----------  --------------  -------------------
/opt/airflow/dags/dag_test_spark.py      459  0.01s             1           0  0.18s           2026-04-03T03:38:48
/opt/airflow/dags/dag_datalab_main.py    456  0.03s             1           0  0.18s           2026-04-03T03:38:48
================================================================================
[2026-04-03T03:39:49.024+0000] {manager.py:893} INFO - 
================================================================================
DAG File Processing Stats

File Path                                PID  Runtime      # DAGs    # Errors  Last Runtime    Last Run
-------------------------------------  -----  ---------  --------  ----------  --------------  -------------------
/opt/airflow/dags/dag_test_spark.py      469  0.01s             1           0  0.17s           2026-04-03T03:39:18
/opt/airflow/dags/dag_datalab_main.py    466  0.03s             1           0  0.18s           2026-04-03T03:39:18
================================================================================
[2026-04-03T03:40:19.368+0000] {manager.py:893} INFO - 
================================================================================
DAG File Processing Stats

File Path                                PID  Runtime      # DAGs    # Errors  Last Runtime    Last Run
-------------------------------------  -----  ---------  --------  ----------  --------------  -------------------
/opt/airflow/dags/dag_test_spark.py      479  0.02s             1           0  0.17s           2026-04-03T03:39:49
/opt/airflow/dags/dag_datalab_main.py    476  0.03s             1           0  0.18s           2026-04-03T03:39:49
================================================================================
[2026-04-03T03:40:49.707+0000] {manager.py:893} INFO - 
================================================================================
DAG File Processing Stats

File Path                                PID  Runtime      # DAGs    # Errors  Last Runtime    Last Run
-------------------------------------  -----  ---------  --------  ----------  --------------  -------------------
/opt/airflow/dags/dag_test_spark.py      489  0.01s             1           0  0.17s           2026-04-03T03:40:19
/opt/airflow/dags/dag_datalab_main.py    486  0.03s             1           0  0.18s           2026-04-03T03:40:19
================================================================================
[2026-04-03T03:41:20.061+0000] {manager.py:893} INFO - 
================================================================================
DAG File Processing Stats

File Path                                PID  Runtime      # DAGs    # Errors  Last Runtime    Last Run
-------------------------------------  -----  ---------  --------  ----------  --------------  -------------------
/opt/airflow/dags/dag_test_spark.py      499  0.01s             1           0  0.18s           2026-04-03T03:40:49
/opt/airflow/dags/dag_datalab_main.py    496  0.03s             1           0  0.19s           2026-04-03T03:40:49
================================================================================
[2026-04-03T03:41:50.267+0000] {manager.py:893} INFO - 
================================================================================
DAG File Processing Stats

File Path                                PID  Runtime      # DAGs    # Errors  Last Runtime    Last Run
-------------------------------------  -----  ---------  --------  ----------  --------------  -------------------
/opt/airflow/dags/dag_test_spark.py      509  0.01s             1           0  0.18s           2026-04-03T03:41:20
/opt/airflow/dags/dag_datalab_main.py    506  0.03s             1           0  0.19s           2026-04-03T03:41:20
================================================================================
[2026-04-03T03:42:20.549+0000] {manager.py:893} INFO - 
================================================================================
DAG File Processing Stats

File Path                                PID  Runtime      # DAGs    # Errors  Last Runtime    Last Run
-------------------------------------  -----  ---------  --------  ----------  --------------  -------------------
/opt/airflow/dags/dag_test_spark.py      519  0.01s             1           0  0.18s           2026-04-03T03:41:50
/opt/airflow/dags/dag_datalab_main.py    516  0.03s             1           0  0.20s           2026-04-03T03:41:50
================================================================================
[2026-04-03T03:42:50.905+0000] {manager.py:893} INFO - 
================================================================================
DAG File Processing Stats

File Path                                PID  Runtime      # DAGs    # Errors  Last Runtime    Last Run
-------------------------------------  -----  ---------  --------  ----------  --------------  -------------------
/opt/airflow/dags/dag_test_spark.py      529  0.01s             1           0  0.19s           2026-04-03T03:42:20
/opt/airflow/dags/dag_datalab_main.py    526  0.03s             1           0  0.19s           2026-04-03T03:42:20
================================================================================
[2026-04-03T03:43:09.164+0000] {manager.py:759} INFO - Searching for files in /opt/airflow/dags
[2026-04-03T03:43:09.166+0000] {manager.py:762} INFO - There are 2 files in /opt/airflow/dags
[2026-04-03T03:43:21.285+0000] {manager.py:893} INFO - 
================================================================================
DAG File Processing Stats

File Path                                PID  Runtime      # DAGs    # Errors  Last Runtime    Last Run
-------------------------------------  -----  ---------  --------  ----------  --------------  -------------------
/opt/airflow/dags/dag_test_spark.py      539  0.01s             1           0  0.18s           2026-04-03T03:42:51
/opt/airflow/dags/dag_datalab_main.py    536  0.03s             1           0  0.19s           2026-04-03T03:42:51
================================================================================
[2026-04-03T03:43:51.637+0000] {manager.py:893} INFO - 
================================================================================
DAG File Processing Stats

File Path                                PID  Runtime      # DAGs    # Errors  Last Runtime    Last Run
-------------------------------------  -----  ---------  --------  ----------  --------------  -------------------
/opt/airflow/dags/dag_test_spark.py      549  0.01s             1           0  0.18s           2026-04-03T03:43:21
/opt/airflow/dags/dag_datalab_main.py    546  0.03s             1           0  0.19s           2026-04-03T03:43:21
================================================================================
[2026-04-03T03:44:21.979+0000] {manager.py:893} INFO - 
================================================================================
DAG File Processing Stats

File Path                                PID  Runtime      # DAGs    # Errors  Last Runtime    Last Run
-------------------------------------  -----  ---------  --------  ----------  --------------  -------------------
/opt/airflow/dags/dag_test_spark.py      559  0.01s             1           0  0.17s           2026-04-03T03:43:51
/opt/airflow/dags/dag_datalab_main.py    556  0.03s             1           0  0.18s           2026-04-03T03:43:51
================================================================================
[2026-04-03T03:44:52.326+0000] {manager.py:893} INFO - 
================================================================================
DAG File Processing Stats

File Path                                PID  Runtime      # DAGs    # Errors  Last Runtime    Last Run
-------------------------------------  -----  ---------  --------  ----------  --------------  -------------------
/opt/airflow/dags/dag_test_spark.py      569  0.01s             1           0  0.18s           2026-04-03T03:44:22
/opt/airflow/dags/dag_datalab_main.py    566  0.03s             1           0  0.19s           2026-04-03T03:44:22
================================================================================
[2026-04-03T03:45:22.524+0000] {manager.py:893} INFO - 
================================================================================
DAG File Processing Stats

File Path                                PID  Runtime      # DAGs    # Errors  Last Runtime    Last Run
-------------------------------------  -----  ---------  --------  ----------  --------------  -------------------
/opt/airflow/dags/dag_test_spark.py      579  0.02s             1           0  0.18s           2026-04-03T03:44:52
/opt/airflow/dags/dag_datalab_main.py    576  0.03s             1           0  0.19s           2026-04-03T03:44:52
================================================================================
[2026-04-03T03:45:52.875+0000] {manager.py:893} INFO - 
================================================================================
DAG File Processing Stats

File Path                                PID  Runtime      # DAGs    # Errors  Last Runtime    Last Run
-------------------------------------  -----  ---------  --------  ----------  --------------  -------------------
/opt/airflow/dags/dag_test_spark.py      589  0.01s             1           0  0.19s           2026-04-03T03:45:22
/opt/airflow/dags/dag_datalab_main.py    586  0.03s             1           0  0.34s           2026-04-03T03:45:22
================================================================================
[2026-04-03T03:46:02.748+0000] {manager.py:469} INFO - Exiting gracefully upon receiving signal 15
[2026-04-03T03:48:22.776+0000] {manager.py:487} INFO - Processing files using up to 2 processes at a time 
[2026-04-03T03:48:22.777+0000] {manager.py:488} INFO - Process each file at most once every 30 seconds
[2026-04-03T03:48:22.777+0000] {manager.py:489} INFO - Checking for new files in /opt/airflow/dags every 300 seconds
[2026-04-03T03:48:22.777+0000] {manager.py:759} INFO - Searching for files in /opt/airflow/dags
[2026-04-03T03:48:22.780+0000] {manager.py:762} INFO - There are 2 files in /opt/airflow/dags
[2026-04-03T03:48:25.835+0000] {manager.py:893} INFO - 
================================================================================
DAG File Processing Stats

File Path                                PID  Runtime      # DAGs    # Errors  Last Runtime    Last Run
-------------------------------------  -----  ---------  --------  ----------  --------------  ----------
/opt/airflow/dags/dag_test_spark.py      191  0.07s             0           0
/opt/airflow/dags/dag_datalab_main.py    188  0.09s             0           0
================================================================================
[2026-04-03T03:48:55.972+0000] {manager.py:893} INFO - 
================================================================================
DAG File Processing Stats

File Path                              PID    Runtime      # DAGs    # Errors  Last Runtime    Last Run
-------------------------------------  -----  ---------  --------  ----------  --------------  -------------------
/opt/airflow/dags/dag_test_spark.py                             1           0  0.61s           2026-04-03T03:48:26
/opt/airflow/dags/dag_datalab_main.py                           1           0  0.63s           2026-04-03T03:48:26
================================================================================
[2026-04-03T03:49:26.901+0000] {manager.py:893} INFO - 
================================================================================
DAG File Processing Stats

File Path                                PID  Runtime      # DAGs    # Errors  Last Runtime    Last Run
-------------------------------------  -----  ---------  --------  ----------  --------------  -------------------
/opt/airflow/dags/dag_test_spark.py      211  0.01s             1           0  0.19s           2026-04-03T03:48:56
/opt/airflow/dags/dag_datalab_main.py    208  0.03s             1           0  0.19s           2026-04-03T03:48:56
================================================================================
[2026-04-03T03:49:57.082+0000] {manager.py:893} INFO - 
================================================================================
DAG File Processing Stats

File Path                                PID  Runtime      # DAGs    # Errors  Last Runtime    Last Run
-------------------------------------  -----  ---------  --------  ----------  --------------  -------------------
/opt/airflow/dags/dag_test_spark.py      218  0.01s             1           0  0.18s           2026-04-03T03:49:27
/opt/airflow/dags/dag_datalab_main.py                           1           0  0.20s           2026-04-03T03:49:27
================================================================================
[2026-04-03T03:50:27.439+0000] {manager.py:893} INFO - 
================================================================================
DAG File Processing Stats

File Path                                PID  Runtime      # DAGs    # Errors  Last Runtime    Last Run
-------------------------------------  -----  ---------  --------  ----------  --------------  -------------------
/opt/airflow/dags/dag_test_spark.py      231  0.01s             1           0  0.17s           2026-04-03T03:49:57
/opt/airflow/dags/dag_datalab_main.py    228  0.03s             1           0  0.17s           2026-04-03T03:49:57
================================================================================
[2026-04-03T03:50:57.780+0000] {manager.py:893} INFO - 
================================================================================
DAG File Processing Stats

File Path                                PID  Runtime      # DAGs    # Errors  Last Runtime    Last Run
-------------------------------------  -----  ---------  --------  ----------  --------------  -------------------
/opt/airflow/dags/dag_test_spark.py      241  0.01s             1           0  0.18s           2026-04-03T03:50:27
/opt/airflow/dags/dag_datalab_main.py    238  0.03s             1           0  0.18s           2026-04-03T03:50:27
================================================================================
[2026-04-03T03:51:28.147+0000] {manager.py:893} INFO - 
================================================================================
DAG File Processing Stats

File Path                                PID  Runtime      # DAGs    # Errors  Last Runtime    Last Run
-------------------------------------  -----  ---------  --------  ----------  --------------  -------------------
/opt/airflow/dags/dag_test_spark.py      251  0.01s             1           0  0.19s           2026-04-03T03:50:57
/opt/airflow/dags/dag_datalab_main.py    248  0.03s             1           0  0.21s           2026-04-03T03:50:57
================================================================================
[2026-04-03T03:51:58.485+0000] {manager.py:893} INFO - 
================================================================================
DAG File Processing Stats

File Path                                PID  Runtime      # DAGs    # Errors  Last Runtime    Last Run
-------------------------------------  -----  ---------  --------  ----------  --------------  -------------------
/opt/airflow/dags/dag_test_spark.py      263  0.01s             1           0  0.17s           2026-04-03T03:51:28
/opt/airflow/dags/dag_datalab_main.py                           1           0  0.32s           2026-04-03T03:51:46
================================================================================
[2026-04-03T03:52:01.885+0000] {manager.py:469} INFO - Exiting gracefully upon receiving signal 15
[2026-04-03T03:54:14.995+0000] {manager.py:487} INFO - Processing files using up to 2 processes at a time 
[2026-04-03T03:54:14.996+0000] {manager.py:488} INFO - Process each file at most once every 30 seconds
[2026-04-03T03:54:14.996+0000] {manager.py:489} INFO - Checking for new files in /opt/airflow/dags every 300 seconds
[2026-04-03T03:54:14.997+0000] {manager.py:759} INFO - Searching for files in /opt/airflow/dags
[2026-04-03T03:54:14.999+0000] {manager.py:762} INFO - There are 2 files in /opt/airflow/dags
[2026-04-03T03:54:17.863+0000] {manager.py:893} INFO - 
================================================================================
DAG File Processing Stats

File Path                                PID  Runtime      # DAGs    # Errors  Last Runtime    Last Run
-------------------------------------  -----  ---------  --------  ----------  --------------  ----------
/opt/airflow/dags/dag_test_spark.py      192  0.07s             0           0
/opt/airflow/dags/dag_datalab_main.py    189  0.09s             0           0
================================================================================
[2026-04-03T03:54:48.002+0000] {manager.py:893} INFO - 
================================================================================
DAG File Processing Stats

File Path                              PID    Runtime      # DAGs    # Errors  Last Runtime    Last Run
-------------------------------------  -----  ---------  --------  ----------  --------------  -------------------
/opt/airflow/dags/dag_test_spark.py                             1           0  0.59s           2026-04-03T03:54:18
/opt/airflow/dags/dag_datalab_main.py                           1           0  0.62s           2026-04-03T03:54:18
================================================================================
[2026-04-03T03:55:18.914+0000] {manager.py:893} INFO - 
================================================================================
DAG File Processing Stats

File Path                                PID  Runtime      # DAGs    # Errors  Last Runtime    Last Run
-------------------------------------  -----  ---------  --------  ----------  --------------  -------------------
/opt/airflow/dags/dag_test_spark.py      212  0.02s             1           0  0.18s           2026-04-03T03:54:48
/opt/airflow/dags/dag_datalab_main.py    209  0.03s             1           0  0.18s           2026-04-03T03:54:48
================================================================================
[2026-04-03T03:55:49.256+0000] {manager.py:893} INFO - 
================================================================================
DAG File Processing Stats

File Path                                PID  Runtime      # DAGs    # Errors  Last Runtime    Last Run
-------------------------------------  -----  ---------  --------  ----------  --------------  -------------------
/opt/airflow/dags/dag_test_spark.py      222  0.02s             1           0  0.19s           2026-04-03T03:55:19
/opt/airflow/dags/dag_datalab_main.py    219  0.04s             1           0  0.18s           2026-04-03T03:55:19
================================================================================
[2026-04-03T03:56:19.632+0000] {manager.py:893} INFO - 
================================================================================
DAG File Processing Stats

File Path                                PID  Runtime      # DAGs    # Errors  Last Runtime    Last Run
-------------------------------------  -----  ---------  --------  ----------  --------------  -------------------
/opt/airflow/dags/dag_test_spark.py      232  0.01s             1           0  0.22s           2026-04-03T03:55:49
/opt/airflow/dags/dag_datalab_main.py    229  0.03s             1           0  0.22s           2026-04-03T03:55:49
================================================================================
[2026-04-03T03:56:49.963+0000] {manager.py:893} INFO - 
================================================================================
DAG File Processing Stats

File Path                                PID  Runtime      # DAGs    # Errors  Last Runtime    Last Run
-------------------------------------  -----  ---------  --------  ----------  --------------  -------------------
/opt/airflow/dags/dag_test_spark.py      242  0.02s             1           0  0.17s           2026-04-03T03:56:19
/opt/airflow/dags/dag_datalab_main.py    239  0.03s             1           0  0.18s           2026-04-03T03:56:19
================================================================================
[2026-04-03T03:57:20.309+0000] {manager.py:893} INFO - 
================================================================================
DAG File Processing Stats

File Path                                PID  Runtime      # DAGs    # Errors  Last Runtime    Last Run
-------------------------------------  -----  ---------  --------  ----------  --------------  -------------------
/opt/airflow/dags/dag_test_spark.py      264  0.01s             1           0  0.18s           2026-04-03T03:56:50
/opt/airflow/dags/dag_datalab_main.py    261  0.03s             1           0  0.19s           2026-04-03T03:56:50
================================================================================
[2026-04-03T03:57:50.639+0000] {manager.py:893} INFO - 
================================================================================
DAG File Processing Stats

File Path                                PID  Runtime      # DAGs    # Errors  Last Runtime    Last Run
-------------------------------------  -----  ---------  --------  ----------  --------------  -------------------
/opt/airflow/dags/dag_test_spark.py      274  0.02s             1           0  0.18s           2026-04-03T03:57:20
/opt/airflow/dags/dag_datalab_main.py    271  0.03s             1           0  0.18s           2026-04-03T03:57:20
================================================================================
[2026-04-03T03:58:20.838+0000] {manager.py:893} INFO - 
================================================================================
DAG File Processing Stats

File Path                                PID  Runtime      # DAGs    # Errors  Last Runtime    Last Run
-------------------------------------  -----  ---------  --------  ----------  --------------  -------------------
/opt/airflow/dags/dag_test_spark.py      284  0.01s             1           0  0.18s           2026-04-03T03:57:50
/opt/airflow/dags/dag_datalab_main.py    281  0.03s             1           0  0.19s           2026-04-03T03:57:50
================================================================================
[2026-04-03T03:58:51.124+0000] {manager.py:893} INFO - 
================================================================================
DAG File Processing Stats

File Path                                PID  Runtime      # DAGs    # Errors  Last Runtime    Last Run
-------------------------------------  -----  ---------  --------  ----------  --------------  -------------------
/opt/airflow/dags/dag_test_spark.py      294  0.01s             1           0  0.18s           2026-04-03T03:58:21
/opt/airflow/dags/dag_datalab_main.py    291  0.03s             1           0  0.20s           2026-04-03T03:58:21
================================================================================
[2026-04-03T03:59:15.266+0000] {manager.py:759} INFO - Searching for files in /opt/airflow/dags
[2026-04-03T03:59:15.270+0000] {manager.py:762} INFO - There are 2 files in /opt/airflow/dags
[2026-04-03T03:59:21.350+0000] {manager.py:893} INFO - 
================================================================================
DAG File Processing Stats

File Path                                PID  Runtime      # DAGs    # Errors  Last Runtime    Last Run
-------------------------------------  -----  ---------  --------  ----------  --------------  -------------------
/opt/airflow/dags/dag_test_spark.py      316  0.01s             1           0  0.17s           2026-04-03T03:58:51
/opt/airflow/dags/dag_datalab_main.py    313  0.03s             1           0  0.18s           2026-04-03T03:58:51
================================================================================
[2026-04-03T03:59:51.697+0000] {manager.py:893} INFO - 
================================================================================
DAG File Processing Stats

File Path                                PID  Runtime      # DAGs    # Errors  Last Runtime    Last Run
-------------------------------------  -----  ---------  --------  ----------  --------------  -------------------
/opt/airflow/dags/dag_test_spark.py      326  0.01s             1           0  0.18s           2026-04-03T03:59:21
/opt/airflow/dags/dag_datalab_main.py    323  0.03s             1           0  0.20s           2026-04-03T03:59:21
================================================================================
[2026-04-03T04:00:22.041+0000] {manager.py:893} INFO - 
================================================================================
DAG File Processing Stats

File Path                                PID  Runtime      # DAGs    # Errors  Last Runtime    Last Run
-------------------------------------  -----  ---------  --------  ----------  --------------  -------------------
/opt/airflow/dags/dag_test_spark.py      336  0.02s             1           0  0.17s           2026-04-03T03:59:51
/opt/airflow/dags/dag_datalab_main.py    333  0.04s             1           0  0.17s           2026-04-03T03:59:51
================================================================================
[2026-04-03T04:00:52.211+0000] {manager.py:893} INFO - 
================================================================================
DAG File Processing Stats

File Path                              PID    Runtime      # DAGs    # Errors  Last Runtime    Last Run
-------------------------------------  -----  ---------  --------  ----------  --------------  -------------------
/opt/airflow/dags/dag_test_spark.py                             1           0  0.21s           2026-04-03T04:00:22
/opt/airflow/dags/dag_datalab_main.py                           1           0  0.24s           2026-04-03T04:00:22
================================================================================
[2026-04-03T04:01:22.750+0000] {manager.py:893} INFO - 
================================================================================
DAG File Processing Stats

File Path                                PID  Runtime      # DAGs    # Errors  Last Runtime    Last Run
-------------------------------------  -----  ---------  --------  ----------  --------------  -------------------
/opt/airflow/dags/dag_test_spark.py      356  0.01s             1           0  0.18s           2026-04-03T04:00:52
/opt/airflow/dags/dag_datalab_main.py    353  0.03s             1           0  0.18s           2026-04-03T04:00:52
================================================================================
[2026-04-03T04:01:53.073+0000] {manager.py:893} INFO - 
================================================================================
DAG File Processing Stats

File Path                                PID  Runtime      # DAGs    # Errors  Last Runtime    Last Run
-------------------------------------  -----  ---------  --------  ----------  --------------  -------------------
/opt/airflow/dags/dag_test_spark.py      366  0.01s             1           0  0.18s           2026-04-03T04:01:22
/opt/airflow/dags/dag_datalab_main.py    363  0.03s             1           0  0.18s           2026-04-03T04:01:22
================================================================================
[2026-04-03T04:02:23.424+0000] {manager.py:893} INFO - 
================================================================================
DAG File Processing Stats

File Path                                PID  Runtime      # DAGs    # Errors  Last Runtime    Last Run
-------------------------------------  -----  ---------  --------  ----------  --------------  -------------------
/opt/airflow/dags/dag_test_spark.py      376  0.01s             1           0  0.18s           2026-04-03T04:01:53
/opt/airflow/dags/dag_datalab_main.py    373  0.03s             1           0  0.19s           2026-04-03T04:01:53
================================================================================
[2026-04-03T04:02:53.777+0000] {manager.py:893} INFO - 
================================================================================
DAG File Processing Stats

File Path                                PID  Runtime      # DAGs    # Errors  Last Runtime    Last Run
-------------------------------------  -----  ---------  --------  ----------  --------------  -------------------
/opt/airflow/dags/dag_test_spark.py      386  0.01s             1           0  0.19s           2026-04-03T04:02:23
/opt/airflow/dags/dag_datalab_main.py    383  0.03s             1           0  0.19s           2026-04-03T04:02:23
================================================================================
[2026-04-03T04:02:57.149+0000] {manager.py:469} INFO - Exiting gracefully upon receiving signal 15
[2026-04-03T04:15:25.356+0000] {manager.py:487} INFO - Processing files using up to 2 processes at a time 
[2026-04-03T04:15:25.357+0000] {manager.py:488} INFO - Process each file at most once every 30 seconds
[2026-04-03T04:15:25.357+0000] {manager.py:489} INFO - Checking for new files in /opt/airflow/dags every 300 seconds
[2026-04-03T04:15:25.358+0000] {manager.py:759} INFO - Searching for files in /opt/airflow/dags
[2026-04-03T04:15:25.360+0000] {manager.py:762} INFO - There are 2 files in /opt/airflow/dags
[2026-04-03T04:15:28.524+0000] {manager.py:893} INFO - 
================================================================================
DAG File Processing Stats

File Path                                PID  Runtime      # DAGs    # Errors  Last Runtime    Last Run
-------------------------------------  -----  ---------  --------  ----------  --------------  ----------
/opt/airflow/dags/dag_test_spark.py      180  0.07s             0           0
/opt/airflow/dags/dag_datalab_main.py    177  0.09s             0           0
================================================================================
[2026-04-03T04:15:58.664+0000] {manager.py:893} INFO - 
================================================================================
DAG File Processing Stats

File Path                              PID    Runtime      # DAGs    # Errors  Last Runtime    Last Run
-------------------------------------  -----  ---------  --------  ----------  --------------  -------------------
/opt/airflow/dags/dag_test_spark.py                             1           0  0.69s           2026-04-03T04:15:29
/opt/airflow/dags/dag_datalab_main.py                           1           0  0.71s           2026-04-03T04:15:29
================================================================================
[2026-04-03T04:16:29.465+0000] {manager.py:893} INFO - 
================================================================================
DAG File Processing Stats

File Path                              PID    Runtime      # DAGs    # Errors  Last Runtime    Last Run
-------------------------------------  -----  ---------  --------  ----------  --------------  -------------------
/opt/airflow/dags/dag_test_spark.py                             1           0  0.18s           2026-04-03T04:15:59
/opt/airflow/dags/dag_datalab_main.py                           1           0  0.19s           2026-04-03T04:15:59
================================================================================
[2026-04-03T04:17:00.003+0000] {manager.py:893} INFO - 
================================================================================
DAG File Processing Stats

File Path                                PID  Runtime      # DAGs    # Errors  Last Runtime    Last Run
-------------------------------------  -----  ---------  --------  ----------  --------------  -------------------
/opt/airflow/dags/dag_test_spark.py      210  0.01s             1           0  0.19s           2026-04-03T04:16:29
/opt/airflow/dags/dag_datalab_main.py    207  0.03s             1           0  0.19s           2026-04-03T04:16:29
================================================================================
[2026-04-03T04:17:30.363+0000] {manager.py:893} INFO - 
================================================================================
DAG File Processing Stats

File Path                                PID  Runtime      # DAGs    # Errors  Last Runtime    Last Run
-------------------------------------  -----  ---------  --------  ----------  --------------  -------------------
/opt/airflow/dags/dag_test_spark.py      220  0.02s             1           0  0.18s           2026-04-03T04:17:00
/opt/airflow/dags/dag_datalab_main.py    217  0.03s             1           0  0.19s           2026-04-03T04:17:00
================================================================================
[2026-04-03T04:18:00.723+0000] {manager.py:893} INFO - 
================================================================================
DAG File Processing Stats

File Path                                PID  Runtime      # DAGs    # Errors  Last Runtime    Last Run
-------------------------------------  -----  ---------  --------  ----------  --------------  -------------------
/opt/airflow/dags/dag_test_spark.py      230  0.01s             1           0  0.19s           2026-04-03T04:17:30
/opt/airflow/dags/dag_datalab_main.py    227  0.03s             1           0  0.21s           2026-04-03T04:17:30
================================================================================
[2026-04-03T04:18:31.084+0000] {manager.py:893} INFO - 
================================================================================
DAG File Processing Stats

File Path                                PID  Runtime      # DAGs    # Errors  Last Runtime    Last Run
-------------------------------------  -----  ---------  --------  ----------  --------------  -------------------
/opt/airflow/dags/dag_test_spark.py      240  0.02s             1           0  0.19s           2026-04-03T04:18:00
/opt/airflow/dags/dag_datalab_main.py    237  0.03s             1           0  0.20s           2026-04-03T04:18:00
================================================================================
[2026-04-03T04:19:01.415+0000] {manager.py:893} INFO - 
================================================================================
DAG File Processing Stats

File Path                                PID  Runtime      # DAGs    # Errors  Last Runtime    Last Run
-------------------------------------  -----  ---------  --------  ----------  --------------  -------------------
/opt/airflow/dags/dag_test_spark.py      250  0.01s             1           0  0.18s           2026-04-03T04:18:31
/opt/airflow/dags/dag_datalab_main.py    247  0.03s             1           0  0.18s           2026-04-03T04:18:31
================================================================================
[2026-04-03T04:19:31.758+0000] {manager.py:893} INFO - 
================================================================================
DAG File Processing Stats

File Path                                PID  Runtime      # DAGs    # Errors  Last Runtime    Last Run
-------------------------------------  -----  ---------  --------  ----------  --------------  -------------------
/opt/airflow/dags/dag_test_spark.py      318  0.01s             1           0  0.18s           2026-04-03T04:19:01
/opt/airflow/dags/dag_datalab_main.py    315  0.03s             1           0  0.18s           2026-04-03T04:19:01
================================================================================
[2026-04-03T04:20:02.100+0000] {manager.py:893} INFO - 
================================================================================
DAG File Processing Stats

File Path                                PID  Runtime      # DAGs    # Errors  Last Runtime    Last Run
-------------------------------------  -----  ---------  --------  ----------  --------------  -------------------
/opt/airflow/dags/dag_test_spark.py      328  0.02s             1           0  0.18s           2026-04-03T04:19:31
/opt/airflow/dags/dag_datalab_main.py    325  0.03s             1           0  0.18s           2026-04-03T04:19:31
================================================================================
[2026-04-03T04:20:25.383+0000] {manager.py:759} INFO - Searching for files in /opt/airflow/dags
[2026-04-03T04:20:25.388+0000] {manager.py:762} INFO - There are 2 files in /opt/airflow/dags
[2026-04-03T04:20:32.477+0000] {manager.py:893} INFO - 
================================================================================
DAG File Processing Stats

File Path                                PID  Runtime      # DAGs    # Errors  Last Runtime    Last Run
-------------------------------------  -----  ---------  --------  ----------  --------------  -------------------
/opt/airflow/dags/dag_test_spark.py      338  0.01s             1           0  0.18s           2026-04-03T04:20:02
/opt/airflow/dags/dag_datalab_main.py    335  0.03s             1           0  0.20s           2026-04-03T04:20:02
================================================================================
[2026-04-03T04:21:02.823+0000] {manager.py:893} INFO - 
================================================================================
DAG File Processing Stats

File Path                                PID  Runtime      # DAGs    # Errors  Last Runtime    Last Run
-------------------------------------  -----  ---------  --------  ----------  --------------  -------------------
/opt/airflow/dags/dag_test_spark.py      348  0.01s             1           0  0.17s           2026-04-03T04:20:32
/opt/airflow/dags/dag_datalab_main.py    345  0.03s             1           0  0.20s           2026-04-03T04:20:32
================================================================================
[2026-04-03T04:21:33.161+0000] {manager.py:893} INFO - 
================================================================================
DAG File Processing Stats

File Path                                PID  Runtime      # DAGs    # Errors  Last Runtime    Last Run
-------------------------------------  -----  ---------  --------  ----------  --------------  -------------------
/opt/airflow/dags/dag_test_spark.py      417  0.01s             1           0  0.17s           2026-04-03T04:21:02
/opt/airflow/dags/dag_datalab_main.py    414  0.03s             1           0  0.18s           2026-04-03T04:21:02
================================================================================
[2026-04-03T04:22:03.320+0000] {manager.py:893} INFO - 
================================================================================
DAG File Processing Stats

File Path                              PID    Runtime      # DAGs    # Errors  Last Runtime    Last Run
-------------------------------------  -----  ---------  --------  ----------  --------------  -------------------
/opt/airflow/dags/dag_test_spark.py                             1           0  0.18s           2026-04-03T04:21:33
/opt/airflow/dags/dag_datalab_main.py                           1           0  0.19s           2026-04-03T04:21:33
================================================================================
[2026-04-03T04:22:33.830+0000] {manager.py:893} INFO - 
================================================================================
DAG File Processing Stats

File Path                                PID  Runtime      # DAGs    # Errors  Last Runtime    Last Run
-------------------------------------  -----  ---------  --------  ----------  --------------  -------------------
/opt/airflow/dags/dag_test_spark.py      437  0.01s             1           0  0.18s           2026-04-03T04:22:03
/opt/airflow/dags/dag_datalab_main.py    434  0.03s             1           0  0.18s           2026-04-03T04:22:03
================================================================================
[2026-04-03T04:23:04.166+0000] {manager.py:893} INFO - 
================================================================================
DAG File Processing Stats

File Path                                PID  Runtime      # DAGs    # Errors  Last Runtime    Last Run
-------------------------------------  -----  ---------  --------  ----------  --------------  -------------------
/opt/airflow/dags/dag_test_spark.py      447  0.01s             1           0  0.17s           2026-04-03T04:22:33
/opt/airflow/dags/dag_datalab_main.py    444  0.03s             1           0  0.18s           2026-04-03T04:22:33
================================================================================
[2026-04-03T04:23:34.506+0000] {manager.py:893} INFO - 
================================================================================
DAG File Processing Stats

File Path                                PID  Runtime      # DAGs    # Errors  Last Runtime    Last Run
-------------------------------------  -----  ---------  --------  ----------  --------------  -------------------
/opt/airflow/dags/dag_test_spark.py      457  0.01s             1           0  0.18s           2026-04-03T04:23:04
/opt/airflow/dags/dag_datalab_main.py    454  0.03s             1           0  0.19s           2026-04-03T04:23:04
================================================================================
[2026-04-03T04:24:04.850+0000] {manager.py:893} INFO - 
================================================================================
DAG File Processing Stats

File Path                                PID  Runtime      # DAGs    # Errors  Last Runtime    Last Run
-------------------------------------  -----  ---------  --------  ----------  --------------  -------------------
/opt/airflow/dags/dag_test_spark.py      543  0.01s             1           0  0.17s           2026-04-03T04:23:34
/opt/airflow/dags/dag_datalab_main.py    540  0.03s             1           0  0.19s           2026-04-03T04:23:34
================================================================================
[2026-04-03T04:24:35.184+0000] {manager.py:893} INFO - 
================================================================================
DAG File Processing Stats

File Path                                PID  Runtime      # DAGs    # Errors  Last Runtime    Last Run
-------------------------------------  -----  ---------  --------  ----------  --------------  -------------------
/opt/airflow/dags/dag_test_spark.py      553  0.01s             1           0  0.17s           2026-04-03T04:24:05
/opt/airflow/dags/dag_datalab_main.py    550  0.03s             1           0  0.17s           2026-04-03T04:24:04
================================================================================
[2026-04-03T04:25:05.342+0000] {manager.py:893} INFO - 
================================================================================
DAG File Processing Stats

File Path                              PID    Runtime      # DAGs    # Errors  Last Runtime    Last Run
-------------------------------------  -----  ---------  --------  ----------  --------------  -------------------
/opt/airflow/dags/dag_test_spark.py                             1           0  0.18s           2026-04-03T04:24:35
/opt/airflow/dags/dag_datalab_main.py                           1           0  0.19s           2026-04-03T04:24:35
================================================================================
[2026-04-03T04:25:25.761+0000] {manager.py:759} INFO - Searching for files in /opt/airflow/dags
[2026-04-03T04:25:25.763+0000] {manager.py:762} INFO - There are 2 files in /opt/airflow/dags
[2026-04-03T04:25:35.870+0000] {manager.py:893} INFO - 
================================================================================
DAG File Processing Stats

File Path                                PID  Runtime      # DAGs    # Errors  Last Runtime    Last Run
-------------------------------------  -----  ---------  --------  ----------  --------------  -------------------
/opt/airflow/dags/dag_test_spark.py      573  0.01s             1           0  0.18s           2026-04-03T04:25:05
/opt/airflow/dags/dag_datalab_main.py    570  0.03s             1           0  0.18s           2026-04-03T04:25:05
================================================================================
[2026-04-03T04:26:06.206+0000] {manager.py:893} INFO - 
================================================================================
DAG File Processing Stats

File Path                                PID  Runtime      # DAGs    # Errors  Last Runtime    Last Run
-------------------------------------  -----  ---------  --------  ----------  --------------  -------------------
/opt/airflow/dags/dag_test_spark.py      663  0.01s             1           0  0.17s           2026-04-03T04:25:36
/opt/airflow/dags/dag_datalab_main.py    660  0.03s             1           0  0.18s           2026-04-03T04:25:36
================================================================================
[2026-04-03T04:26:36.548+0000] {manager.py:893} INFO - 
================================================================================
DAG File Processing Stats

File Path                                PID  Runtime      # DAGs    # Errors  Last Runtime    Last Run
-------------------------------------  -----  ---------  --------  ----------  --------------  -------------------
/opt/airflow/dags/dag_test_spark.py      673  0.01s             1           0  0.18s           2026-04-03T04:26:06
/opt/airflow/dags/dag_datalab_main.py    670  0.04s             1           0  0.18s           2026-04-03T04:26:06
================================================================================
[2026-04-03T04:27:06.885+0000] {manager.py:893} INFO - 
================================================================================
DAG File Processing Stats

File Path                                PID  Runtime      # DAGs    # Errors  Last Runtime    Last Run
-------------------------------------  -----  ---------  --------  ----------  --------------  -------------------
/opt/airflow/dags/dag_test_spark.py      683  0.01s             1           0  0.18s           2026-04-03T04:26:36
/opt/airflow/dags/dag_datalab_main.py    680  0.03s             1           0  0.19s           2026-04-03T04:26:36
================================================================================
[2026-04-03T04:27:37.227+0000] {manager.py:893} INFO - 
================================================================================
DAG File Processing Stats

File Path                                PID  Runtime      # DAGs    # Errors  Last Runtime    Last Run
-------------------------------------  -----  ---------  --------  ----------  --------------  -------------------
/opt/airflow/dags/dag_test_spark.py      693  0.01s             1           0  0.18s           2026-04-03T04:27:07
/opt/airflow/dags/dag_datalab_main.py    690  0.03s             1           0  0.18s           2026-04-03T04:27:07
================================================================================
[2026-04-03T04:28:07.561+0000] {manager.py:893} INFO - 
================================================================================
DAG File Processing Stats

File Path                                PID  Runtime      # DAGs    # Errors  Last Runtime    Last Run
-------------------------------------  -----  ---------  --------  ----------  --------------  -------------------
/opt/airflow/dags/dag_test_spark.py      703  0.02s             1           0  0.18s           2026-04-03T04:27:37
/opt/airflow/dags/dag_datalab_main.py    700  0.03s             1           0  0.17s           2026-04-03T04:27:37
================================================================================
[2026-04-03T04:28:37.897+0000] {manager.py:893} INFO - 
================================================================================
DAG File Processing Stats

File Path                                PID  Runtime      # DAGs    # Errors  Last Runtime    Last Run
-------------------------------------  -----  ---------  --------  ----------  --------------  -------------------
/opt/airflow/dags/dag_test_spark.py      713  0.02s             1           0  0.17s           2026-04-03T04:28:07
/opt/airflow/dags/dag_datalab_main.py    710  0.03s             1           0  0.18s           2026-04-03T04:28:07
================================================================================
[2026-04-03T04:29:08.217+0000] {manager.py:893} INFO - 
================================================================================
DAG File Processing Stats

File Path                                PID  Runtime      # DAGs    # Errors  Last Runtime    Last Run
-------------------------------------  -----  ---------  --------  ----------  --------------  -------------------
/opt/airflow/dags/dag_test_spark.py      723  0.01s             1           0  0.17s           2026-04-03T04:28:38
/opt/airflow/dags/dag_datalab_main.py    720  0.03s             1           0  0.17s           2026-04-03T04:28:38
================================================================================
[2026-04-03T04:29:38.565+0000] {manager.py:893} INFO - 
================================================================================
DAG File Processing Stats

File Path                                PID  Runtime      # DAGs    # Errors  Last Runtime    Last Run
-------------------------------------  -----  ---------  --------  ----------  --------------  -------------------
/opt/airflow/dags/dag_test_spark.py      733  0.01s             1           0  0.18s           2026-04-03T04:29:08
/opt/airflow/dags/dag_datalab_main.py    730  0.03s             1           0  0.19s           2026-04-03T04:29:08
================================================================================
[2026-04-03T04:30:08.903+0000] {manager.py:893} INFO - 
================================================================================
DAG File Processing Stats

File Path                                PID  Runtime      # DAGs    # Errors  Last Runtime    Last Run
-------------------------------------  -----  ---------  --------  ----------  --------------  -------------------
/opt/airflow/dags/dag_test_spark.py      743  0.01s             1           0  0.17s           2026-04-03T04:29:38
/opt/airflow/dags/dag_datalab_main.py    740  0.03s             1           0  0.18s           2026-04-03T04:29:38
================================================================================
[2026-04-03T04:30:26.135+0000] {manager.py:759} INFO - Searching for files in /opt/airflow/dags
[2026-04-03T04:30:26.137+0000] {manager.py:762} INFO - There are 2 files in /opt/airflow/dags
[2026-04-03T04:30:39.255+0000] {manager.py:893} INFO - 
================================================================================
DAG File Processing Stats

File Path                                PID  Runtime      # DAGs    # Errors  Last Runtime    Last Run
-------------------------------------  -----  ---------  --------  ----------  --------------  -------------------
/opt/airflow/dags/dag_test_spark.py      753  0.02s             1           0  0.17s           2026-04-03T04:30:09
/opt/airflow/dags/dag_datalab_main.py    750  0.03s             1           0  0.18s           2026-04-03T04:30:09
================================================================================
[2026-04-03T04:31:09.592+0000] {manager.py:893} INFO - 
================================================================================
DAG File Processing Stats

File Path                                PID  Runtime      # DAGs    # Errors  Last Runtime    Last Run
-------------------------------------  -----  ---------  --------  ----------  --------------  -------------------
/opt/airflow/dags/dag_test_spark.py      763  0.01s             1           0  0.18s           2026-04-03T04:30:39
/opt/airflow/dags/dag_datalab_main.py    760  0.03s             1           0  0.18s           2026-04-03T04:30:39
================================================================================
[2026-04-03T04:31:39.935+0000] {manager.py:893} INFO - 
================================================================================
DAG File Processing Stats

File Path                                PID  Runtime      # DAGs    # Errors  Last Runtime    Last Run
-------------------------------------  -----  ---------  --------  ----------  --------------  -------------------
/opt/airflow/dags/dag_test_spark.py      773  0.01s             1           0  0.18s           2026-04-03T04:31:09
/opt/airflow/dags/dag_datalab_main.py    770  0.03s             1           0  0.19s           2026-04-03T04:31:09
================================================================================
[2026-04-03T04:32:10.131+0000] {manager.py:893} INFO - 
================================================================================
DAG File Processing Stats

File Path                                PID  Runtime      # DAGs    # Errors  Last Runtime    Last Run
-------------------------------------  -----  ---------  --------  ----------  --------------  -------------------
/opt/airflow/dags/dag_test_spark.py      783  0.01s             1           0  0.18s           2026-04-03T04:31:40
/opt/airflow/dags/dag_datalab_main.py    780  0.03s             1           0  0.19s           2026-04-03T04:31:40
================================================================================
[2026-04-03T04:32:40.410+0000] {manager.py:893} INFO - 
================================================================================
DAG File Processing Stats

File Path                                PID  Runtime      # DAGs    # Errors  Last Runtime    Last Run
-------------------------------------  -----  ---------  --------  ----------  --------------  -------------------
/opt/airflow/dags/dag_test_spark.py      793  0.02s             1           0  0.17s           2026-04-03T04:32:10
/opt/airflow/dags/dag_datalab_main.py    790  0.03s             1           0  0.19s           2026-04-03T04:32:10
================================================================================
[2026-04-03T04:33:10.761+0000] {manager.py:893} INFO - 
================================================================================
DAG File Processing Stats

File Path                                PID  Runtime      # DAGs    # Errors  Last Runtime    Last Run
-------------------------------------  -----  ---------  --------  ----------  --------------  -------------------
/opt/airflow/dags/dag_test_spark.py      803  0.02s             1           0  0.18s           2026-04-03T04:32:40
/opt/airflow/dags/dag_datalab_main.py    800  0.04s             1           0  0.18s           2026-04-03T04:32:40
================================================================================
[2026-04-03T04:33:41.170+0000] {manager.py:893} INFO - 
================================================================================
DAG File Processing Stats

File Path                                PID  Runtime      # DAGs    # Errors  Last Runtime    Last Run
-------------------------------------  -----  ---------  --------  ----------  --------------  -------------------
/opt/airflow/dags/dag_test_spark.py      813  0.01s             1           0  0.26s           2026-04-03T04:33:10
/opt/airflow/dags/dag_datalab_main.py    810  0.03s             1           0  0.26s           2026-04-03T04:33:10
================================================================================
[2026-04-03T04:34:11.514+0000] {manager.py:893} INFO - 
================================================================================
DAG File Processing Stats

File Path                                PID  Runtime      # DAGs    # Errors  Last Runtime    Last Run
-------------------------------------  -----  ---------  --------  ----------  --------------  -------------------
/opt/airflow/dags/dag_test_spark.py      823  0.01s             1           0  0.18s           2026-04-03T04:33:41
/opt/airflow/dags/dag_datalab_main.py    820  0.03s             1           0  0.18s           2026-04-03T04:33:41
================================================================================
[2026-04-03T04:34:41.859+0000] {manager.py:893} INFO - 
================================================================================
DAG File Processing Stats

File Path                                PID  Runtime      # DAGs    # Errors  Last Runtime    Last Run
-------------------------------------  -----  ---------  --------  ----------  --------------  -------------------
/opt/airflow/dags/dag_test_spark.py      833  0.01s             1           0  0.18s           2026-04-03T04:34:11
/opt/airflow/dags/dag_datalab_main.py    830  0.03s             1           0  0.19s           2026-04-03T04:34:11
================================================================================
[2026-04-03T04:35:12.197+0000] {manager.py:893} INFO - 
================================================================================
DAG File Processing Stats

File Path                                PID  Runtime      # DAGs    # Errors  Last Runtime    Last Run
-------------------------------------  -----  ---------  --------  ----------  --------------  -------------------
/opt/airflow/dags/dag_test_spark.py      843  0.02s             1           0  0.17s           2026-04-03T04:34:42
/opt/airflow/dags/dag_datalab_main.py    840  0.03s             1           0  0.18s           2026-04-03T04:34:42
================================================================================
[2026-04-03T04:35:26.427+0000] {manager.py:759} INFO - Searching for files in /opt/airflow/dags
[2026-04-03T04:35:26.429+0000] {manager.py:762} INFO - There are 2 files in /opt/airflow/dags
[2026-04-03T04:35:42.557+0000] {manager.py:893} INFO - 
================================================================================
DAG File Processing Stats

File Path                                PID  Runtime      # DAGs    # Errors  Last Runtime    Last Run
-------------------------------------  -----  ---------  --------  ----------  --------------  -------------------
/opt/airflow/dags/dag_test_spark.py      853  0.01s             1           0  0.18s           2026-04-03T04:35:12
/opt/airflow/dags/dag_datalab_main.py    850  0.03s             1           0  0.19s           2026-04-03T04:35:12
================================================================================
[2026-04-03T04:36:12.895+0000] {manager.py:893} INFO - 
================================================================================
DAG File Processing Stats

File Path                                PID  Runtime      # DAGs    # Errors  Last Runtime    Last Run
-------------------------------------  -----  ---------  --------  ----------  --------------  -------------------
/opt/airflow/dags/dag_test_spark.py      863  0.01s             1           0  0.17s           2026-04-03T04:35:42
/opt/airflow/dags/dag_datalab_main.py    860  0.03s             1           0  0.18s           2026-04-03T04:35:42
================================================================================
[2026-04-03T04:36:43.263+0000] {manager.py:893} INFO - 
================================================================================
DAG File Processing Stats

File Path                                PID  Runtime      # DAGs    # Errors  Last Runtime    Last Run
-------------------------------------  -----  ---------  --------  ----------  --------------  -------------------
/opt/airflow/dags/dag_test_spark.py      873  0.01s             1           0  0.19s           2026-04-03T04:36:13
/opt/airflow/dags/dag_datalab_main.py    870  0.03s             1           0  0.20s           2026-04-03T04:36:13
================================================================================
[2026-04-03T04:37:13.441+0000] {manager.py:893} INFO - 
================================================================================
DAG File Processing Stats

File Path                                PID  Runtime      # DAGs    # Errors  Last Runtime    Last Run
-------------------------------------  -----  ---------  --------  ----------  --------------  -------------------
/opt/airflow/dags/dag_test_spark.py                             1           0  0.18s           2026-04-03T04:36:43
/opt/airflow/dags/dag_datalab_main.py    880  0.01s             1           0  0.19s           2026-04-03T04:36:43
================================================================================
[2026-04-03T04:37:43.798+0000] {manager.py:893} INFO - 
================================================================================
DAG File Processing Stats

File Path                                PID  Runtime      # DAGs    # Errors  Last Runtime    Last Run
-------------------------------------  -----  ---------  --------  ----------  --------------  -------------------
/opt/airflow/dags/dag_test_spark.py      893  0.01s             1           0  0.18s           2026-04-03T04:37:13
/opt/airflow/dags/dag_datalab_main.py    890  0.03s             1           0  0.18s           2026-04-03T04:37:13
================================================================================
[2026-04-03T04:38:14.138+0000] {manager.py:893} INFO - 
================================================================================
DAG File Processing Stats

File Path                                PID  Runtime      # DAGs    # Errors  Last Runtime    Last Run
-------------------------------------  -----  ---------  --------  ----------  --------------  -------------------
/opt/airflow/dags/dag_test_spark.py      903  0.02s             1           0  0.19s           2026-04-03T04:37:43
/opt/airflow/dags/dag_datalab_main.py    900  0.03s             1           0  0.19s           2026-04-03T04:37:43
================================================================================
[2026-04-03T04:38:44.293+0000] {manager.py:893} INFO - 
================================================================================
DAG File Processing Stats

File Path                              PID    Runtime      # DAGs    # Errors  Last Runtime    Last Run
-------------------------------------  -----  ---------  --------  ----------  --------------  -------------------
/opt/airflow/dags/dag_test_spark.py                             1           0  0.18s           2026-04-03T04:38:14
/opt/airflow/dags/dag_datalab_main.py                           1           0  0.20s           2026-04-03T04:38:14
================================================================================
[2026-04-03T04:39:14.800+0000] {manager.py:893} INFO - 
================================================================================
DAG File Processing Stats

File Path                                PID  Runtime      # DAGs    # Errors  Last Runtime    Last Run
-------------------------------------  -----  ---------  --------  ----------  --------------  -------------------
/opt/airflow/dags/dag_test_spark.py      925  0.01s             1           0  0.17s           2026-04-03T04:38:44
/opt/airflow/dags/dag_datalab_main.py                           1           0  0.34s           2026-04-03T04:39:06
================================================================================
[2026-04-03T04:39:45.146+0000] {manager.py:893} INFO - 
================================================================================
DAG File Processing Stats

File Path                                PID  Runtime      # DAGs    # Errors  Last Runtime    Last Run
-------------------------------------  -----  ---------  --------  ----------  --------------  -------------------
/opt/airflow/dags/dag_test_spark.py      935  0.01s             1           0  0.18s           2026-04-03T04:39:14
/opt/airflow/dags/dag_datalab_main.py                           1           0  0.18s           2026-04-03T04:39:36
================================================================================
[2026-04-03T04:40:15.493+0000] {manager.py:893} INFO - 
================================================================================
DAG File Processing Stats

File Path                                PID  Runtime      # DAGs    # Errors  Last Runtime    Last Run
-------------------------------------  -----  ---------  --------  ----------  --------------  -------------------
/opt/airflow/dags/dag_test_spark.py      945  0.01s             1           0  0.18s           2026-04-03T04:39:45
/opt/airflow/dags/dag_datalab_main.py                           1           0  0.18s           2026-04-03T04:40:06
================================================================================
[2026-04-03T04:40:26.686+0000] {manager.py:759} INFO - Searching for files in /opt/airflow/dags
[2026-04-03T04:40:26.688+0000] {manager.py:762} INFO - There are 2 files in /opt/airflow/dags
[2026-04-03T04:40:45.845+0000] {manager.py:893} INFO - 
================================================================================
DAG File Processing Stats

File Path                                PID  Runtime      # DAGs    # Errors  Last Runtime    Last Run
-------------------------------------  -----  ---------  --------  ----------  --------------  -------------------
/opt/airflow/dags/dag_test_spark.py      955  0.01s             1           0  0.18s           2026-04-03T04:40:15
/opt/airflow/dags/dag_datalab_main.py                           1           0  0.18s           2026-04-03T04:40:36
================================================================================
[2026-04-03T04:41:16.179+0000] {manager.py:893} INFO - 
================================================================================
DAG File Processing Stats

File Path                                PID  Runtime      # DAGs    # Errors  Last Runtime    Last Run
-------------------------------------  -----  ---------  --------  ----------  --------------  -------------------
/opt/airflow/dags/dag_test_spark.py      965  0.01s             1           0  0.18s           2026-04-03T04:40:46
/opt/airflow/dags/dag_datalab_main.py                           1           0  0.17s           2026-04-03T04:41:07
================================================================================
[2026-04-03T04:41:46.504+0000] {manager.py:893} INFO - 
================================================================================
DAG File Processing Stats

File Path                                PID  Runtime      # DAGs    # Errors  Last Runtime    Last Run
-------------------------------------  -----  ---------  --------  ----------  --------------  -------------------
/opt/airflow/dags/dag_test_spark.py      975  0.01s             1           0  0.18s           2026-04-03T04:41:16
/opt/airflow/dags/dag_datalab_main.py                           1           0  0.17s           2026-04-03T04:41:37
================================================================================
[2026-04-03T04:42:17.005+0000] {manager.py:893} INFO - 
================================================================================
DAG File Processing Stats

File Path                                PID  Runtime      # DAGs    # Errors  Last Runtime    Last Run
-------------------------------------  -----  ---------  --------  ----------  --------------  -------------------
/opt/airflow/dags/dag_test_spark.py      990  0.01s             1           0  0.18s           2026-04-03T04:41:46
/opt/airflow/dags/dag_datalab_main.py                           1           0  0.18s           2026-04-03T04:42:13
================================================================================
[2026-04-03T04:42:47.360+0000] {manager.py:893} INFO - 
================================================================================
DAG File Processing Stats

File Path                                PID  Runtime      # DAGs    # Errors  Last Runtime    Last Run
-------------------------------------  -----  ---------  --------  ----------  --------------  -------------------
/opt/airflow/dags/dag_test_spark.py     1000  0.01s             1           0  0.18s           2026-04-03T04:42:17
/opt/airflow/dags/dag_datalab_main.py                           1           0  0.17s           2026-04-03T04:42:43
================================================================================
[2026-04-03T04:43:17.696+0000] {manager.py:893} INFO - 
================================================================================
DAG File Processing Stats

File Path                                PID  Runtime      # DAGs    # Errors  Last Runtime    Last Run
-------------------------------------  -----  ---------  --------  ----------  --------------  -------------------
/opt/airflow/dags/dag_test_spark.py     1010  0.01s             1           0  0.18s           2026-04-03T04:42:47
/opt/airflow/dags/dag_datalab_main.py                           1           0  0.18s           2026-04-03T04:43:13
================================================================================
[2026-04-03T04:43:48.041+0000] {manager.py:893} INFO - 
================================================================================
DAG File Processing Stats

File Path                                PID  Runtime      # DAGs    # Errors  Last Runtime    Last Run
-------------------------------------  -----  ---------  --------  ----------  --------------  -------------------
/opt/airflow/dags/dag_test_spark.py     1020  0.01s             1           0  0.17s           2026-04-03T04:43:17
/opt/airflow/dags/dag_datalab_main.py                           1           0  0.17s           2026-04-03T04:43:44
================================================================================
[2026-04-03T04:44:18.364+0000] {manager.py:893} INFO - 
================================================================================
DAG File Processing Stats

File Path                                PID  Runtime      # DAGs    # Errors  Last Runtime    Last Run
-------------------------------------  -----  ---------  --------  ----------  --------------  -------------------
/opt/airflow/dags/dag_test_spark.py     1030  0.01s             1           0  0.18s           2026-04-03T04:43:48
/opt/airflow/dags/dag_datalab_main.py                           1           0  0.20s           2026-04-03T04:44:14
================================================================================
[2026-04-03T04:44:48.711+0000] {manager.py:893} INFO - 
================================================================================
DAG File Processing Stats

File Path                                PID  Runtime      # DAGs    # Errors  Last Runtime    Last Run
-------------------------------------  -----  ---------  --------  ----------  --------------  -------------------
/opt/airflow/dags/dag_test_spark.py     1040  0.01s             1           0  0.19s           2026-04-03T04:44:18
/opt/airflow/dags/dag_datalab_main.py                           1           0  0.18s           2026-04-03T04:44:44
================================================================================
[2026-04-03T04:45:19.049+0000] {manager.py:893} INFO - 
================================================================================
DAG File Processing Stats

File Path                                PID  Runtime      # DAGs    # Errors  Last Runtime    Last Run
-------------------------------------  -----  ---------  --------  ----------  --------------  -------------------
/opt/airflow/dags/dag_test_spark.py     1050  0.01s             1           0  0.18s           2026-04-03T04:44:48
/opt/airflow/dags/dag_datalab_main.py                           1           0  0.18s           2026-04-03T04:45:15
================================================================================
[2026-04-03T04:45:27.237+0000] {manager.py:759} INFO - Searching for files in /opt/airflow/dags
[2026-04-03T04:45:27.239+0000] {manager.py:762} INFO - There are 2 files in /opt/airflow/dags
[2026-04-03T04:45:49.414+0000] {manager.py:893} INFO - 
================================================================================
DAG File Processing Stats

File Path                                PID  Runtime      # DAGs    # Errors  Last Runtime    Last Run
-------------------------------------  -----  ---------  --------  ----------  --------------  -------------------
/opt/airflow/dags/dag_test_spark.py     1060  0.01s             1           0  0.18s           2026-04-03T04:45:19
/opt/airflow/dags/dag_datalab_main.py                           1           0  0.17s           2026-04-03T04:45:45
================================================================================
[2026-04-03T04:46:19.751+0000] {manager.py:893} INFO - 
================================================================================
DAG File Processing Stats

File Path                                PID  Runtime      # DAGs    # Errors  Last Runtime    Last Run
-------------------------------------  -----  ---------  --------  ----------  --------------  -------------------
/opt/airflow/dags/dag_test_spark.py     1070  0.02s             1           0  0.18s           2026-04-03T04:45:49
/opt/airflow/dags/dag_datalab_main.py                           1           0  0.19s           2026-04-03T04:46:15
================================================================================
[2026-04-03T04:49:41.856+0000] {manager.py:487} INFO - Processing files using up to 2 processes at a time 
[2026-04-03T04:49:41.857+0000] {manager.py:488} INFO - Process each file at most once every 30 seconds
[2026-04-03T04:49:41.857+0000] {manager.py:489} INFO - Checking for new files in /opt/airflow/dags every 300 seconds
[2026-04-03T04:49:41.858+0000] {manager.py:759} INFO - Searching for files in /opt/airflow/dags
[2026-04-03T04:49:41.860+0000] {manager.py:762} INFO - There are 2 files in /opt/airflow/dags
[2026-04-03T04:49:45.140+0000] {manager.py:893} INFO - 
================================================================================
DAG File Processing Stats

File Path                                PID  Runtime      # DAGs    # Errors  Last Runtime    Last Run
-------------------------------------  -----  ---------  --------  ----------  --------------  ----------
/opt/airflow/dags/dag_test_spark.py      180  0.07s             0           0
/opt/airflow/dags/dag_datalab_main.py    177  0.09s             0           0
================================================================================
[2026-04-03T04:50:15.284+0000] {manager.py:893} INFO - 
================================================================================
DAG File Processing Stats

File Path                              PID    Runtime      # DAGs    # Errors  Last Runtime    Last Run
-------------------------------------  -----  ---------  --------  ----------  --------------  -------------------
/opt/airflow/dags/dag_test_spark.py                             1           0  0.72s           2026-04-03T04:49:45
/opt/airflow/dags/dag_datalab_main.py                           1           0  0.74s           2026-04-03T04:49:45
================================================================================
[2026-04-03T04:50:46.308+0000] {manager.py:893} INFO - 
================================================================================
DAG File Processing Stats

File Path                                PID  Runtime      # DAGs    # Errors  Last Runtime    Last Run
-------------------------------------  -----  ---------  --------  ----------  --------------  -------------------
/opt/airflow/dags/dag_test_spark.py      200  0.01s             1           0  0.18s           2026-04-03T04:50:16
/opt/airflow/dags/dag_datalab_main.py    197  0.03s             1           0  0.18s           2026-04-03T04:50:16
================================================================================
[2026-04-03T04:51:16.640+0000] {manager.py:893} INFO - 
================================================================================
DAG File Processing Stats

File Path                                PID  Runtime      # DAGs    # Errors  Last Runtime    Last Run
-------------------------------------  -----  ---------  --------  ----------  --------------  -------------------
/opt/airflow/dags/dag_test_spark.py      210  0.01s             1           0  0.17s           2026-04-03T04:50:46
/opt/airflow/dags/dag_datalab_main.py    207  0.03s             1           0  0.18s           2026-04-03T04:50:46
================================================================================
[2026-04-03T04:51:46.986+0000] {manager.py:893} INFO - 
================================================================================
DAG File Processing Stats

File Path                                PID  Runtime      # DAGs    # Errors  Last Runtime    Last Run
-------------------------------------  -----  ---------  --------  ----------  --------------  -------------------
/opt/airflow/dags/dag_test_spark.py      220  0.01s             1           0  0.17s           2026-04-03T04:51:16
/opt/airflow/dags/dag_datalab_main.py    217  0.03s             1           0  0.18s           2026-04-03T04:51:16
================================================================================
[2026-04-03T04:52:17.337+0000] {manager.py:893} INFO - 
================================================================================
DAG File Processing Stats

File Path                                PID  Runtime      # DAGs    # Errors  Last Runtime    Last Run
-------------------------------------  -----  ---------  --------  ----------  --------------  -------------------
/opt/airflow/dags/dag_test_spark.py      230  0.02s             1           0  0.18s           2026-04-03T04:51:47
/opt/airflow/dags/dag_datalab_main.py    227  0.03s             1           0  0.19s           2026-04-03T04:51:47
================================================================================
[2026-04-03T04:52:47.689+0000] {manager.py:893} INFO - 
================================================================================
DAG File Processing Stats

File Path                                PID  Runtime      # DAGs    # Errors  Last Runtime    Last Run
-------------------------------------  -----  ---------  --------  ----------  --------------  -------------------
/opt/airflow/dags/dag_test_spark.py      240  0.01s             1           0  0.18s           2026-04-03T04:52:17
/opt/airflow/dags/dag_datalab_main.py    237  0.03s             1           0  0.18s           2026-04-03T04:52:17
================================================================================
[2026-04-03T04:53:18.025+0000] {manager.py:893} INFO - 
================================================================================
DAG File Processing Stats

File Path                                PID  Runtime      # DAGs    # Errors  Last Runtime    Last Run
-------------------------------------  -----  ---------  --------  ----------  --------------  -------------------
/opt/airflow/dags/dag_test_spark.py      250  0.01s             1           0  0.17s           2026-04-03T04:52:47
/opt/airflow/dags/dag_datalab_main.py    247  0.03s             1           0  0.18s           2026-04-03T04:52:47
================================================================================
[2026-04-03T04:53:48.367+0000] {manager.py:893} INFO - 
================================================================================
DAG File Processing Stats

File Path                                PID  Runtime      # DAGs    # Errors  Last Runtime    Last Run
-------------------------------------  -----  ---------  --------  ----------  --------------  -------------------
/opt/airflow/dags/dag_test_spark.py      260  0.01s             1           0  0.17s           2026-04-03T04:53:18
/opt/airflow/dags/dag_datalab_main.py    257  0.03s             1           0  0.18s           2026-04-03T04:53:18
================================================================================
[2026-04-03T04:54:18.528+0000] {manager.py:893} INFO - 
================================================================================
DAG File Processing Stats

File Path                              PID    Runtime      # DAGs    # Errors  Last Runtime    Last Run
-------------------------------------  -----  ---------  --------  ----------  --------------  -------------------
/opt/airflow/dags/dag_test_spark.py                             1           0  0.18s           2026-04-03T04:53:48
/opt/airflow/dags/dag_datalab_main.py                           1           0  0.20s           2026-04-03T04:53:48
================================================================================
[2026-04-03T04:54:41.960+0000] {manager.py:759} INFO - Searching for files in /opt/airflow/dags
[2026-04-03T04:54:41.963+0000] {manager.py:762} INFO - There are 2 files in /opt/airflow/dags
[2026-04-03T04:54:49.049+0000] {manager.py:893} INFO - 
================================================================================
DAG File Processing Stats

File Path                                PID  Runtime      # DAGs    # Errors  Last Runtime    Last Run
-------------------------------------  -----  ---------  --------  ----------  --------------  -------------------
/opt/airflow/dags/dag_test_spark.py      280  0.01s             1           0  0.18s           2026-04-03T04:54:18
/opt/airflow/dags/dag_datalab_main.py    277  0.03s             1           0  0.18s           2026-04-03T04:54:18
================================================================================
[2026-04-03T04:55:19.388+0000] {manager.py:893} INFO - 
================================================================================
DAG File Processing Stats

File Path                                PID  Runtime      # DAGs    # Errors  Last Runtime    Last Run
-------------------------------------  -----  ---------  --------  ----------  --------------  -------------------
/opt/airflow/dags/dag_test_spark.py      493  0.01s             1           0  0.17s           2026-04-03T04:54:49
/opt/airflow/dags/dag_datalab_main.py    490  0.03s             1           0  0.18s           2026-04-03T04:54:49
================================================================================
[2026-04-03T04:55:49.735+0000] {manager.py:893} INFO - 
================================================================================
DAG File Processing Stats

File Path                                PID  Runtime      # DAGs    # Errors  Last Runtime    Last Run
-------------------------------------  -----  ---------  --------  ----------  --------------  -------------------
/opt/airflow/dags/dag_test_spark.py      503  0.01s             1           0  0.18s           2026-04-03T04:55:19
/opt/airflow/dags/dag_datalab_main.py    500  0.03s             1           0  0.19s           2026-04-03T04:55:19
================================================================================
[2026-04-03T04:56:19.927+0000] {manager.py:893} INFO - 
================================================================================
DAG File Processing Stats

File Path                                PID  Runtime      # DAGs    # Errors  Last Runtime    Last Run
-------------------------------------  -----  ---------  --------  ----------  --------------  -------------------
/opt/airflow/dags/dag_test_spark.py      513  0.01s             1           0  0.17s           2026-04-03T04:55:49
/opt/airflow/dags/dag_datalab_main.py    510  0.03s             1           0  0.18s           2026-04-03T04:55:49
================================================================================
[2026-04-03T04:56:50.203+0000] {manager.py:893} INFO - 
================================================================================
DAG File Processing Stats

File Path                                PID  Runtime      # DAGs    # Errors  Last Runtime    Last Run
-------------------------------------  -----  ---------  --------  ----------  --------------  -------------------
/opt/airflow/dags/dag_test_spark.py      523  0.01s             1           0  0.18s           2026-04-03T04:56:20
/opt/airflow/dags/dag_datalab_main.py    520  0.03s             1           0  0.20s           2026-04-03T04:56:20
================================================================================
[2026-04-03T04:57:20.544+0000] {manager.py:893} INFO - 
================================================================================
DAG File Processing Stats

File Path                                PID  Runtime      # DAGs    # Errors  Last Runtime    Last Run
-------------------------------------  -----  ---------  --------  ----------  --------------  -------------------
/opt/airflow/dags/dag_test_spark.py      695  0.02s             1           0  0.18s           2026-04-03T04:56:50
/opt/airflow/dags/dag_datalab_main.py    692  0.03s             1           0  0.18s           2026-04-03T04:56:50
================================================================================
[2026-04-03T04:57:50.910+0000] {manager.py:893} INFO - 
================================================================================
DAG File Processing Stats

File Path                                PID  Runtime      # DAGs    # Errors  Last Runtime    Last Run
-------------------------------------  -----  ---------  --------  ----------  --------------  -------------------
/opt/airflow/dags/dag_test_spark.py      748  0.01s             1           0  0.20s           2026-04-03T04:57:20
/opt/airflow/dags/dag_datalab_main.py    745  0.03s             1           0  0.20s           2026-04-03T04:57:20
================================================================================
[2026-04-03T04:58:21.259+0000] {manager.py:893} INFO - 
================================================================================
DAG File Processing Stats

File Path                                PID  Runtime      # DAGs    # Errors  Last Runtime    Last Run
-------------------------------------  -----  ---------  --------  ----------  --------------  -------------------
/opt/airflow/dags/dag_test_spark.py      758  0.01s             1           0  0.18s           2026-04-03T04:57:51
/opt/airflow/dags/dag_datalab_main.py    755  0.03s             1           0  0.19s           2026-04-03T04:57:51
================================================================================
[2026-04-03T04:58:51.457+0000] {manager.py:893} INFO - 
================================================================================
DAG File Processing Stats

File Path                                PID  Runtime      # DAGs    # Errors  Last Runtime    Last Run
-------------------------------------  -----  ---------  --------  ----------  --------------  -------------------
/opt/airflow/dags/dag_test_spark.py      768  0.02s             1           0  0.18s           2026-04-03T04:58:21
/opt/airflow/dags/dag_datalab_main.py    765  0.03s             1           0  0.20s           2026-04-03T04:58:21
================================================================================
[2026-04-03T04:59:21.787+0000] {manager.py:893} INFO - 
================================================================================
DAG File Processing Stats

File Path                                PID  Runtime      # DAGs    # Errors  Last Runtime    Last Run
-------------------------------------  -----  ---------  --------  ----------  --------------  -------------------
/opt/airflow/dags/dag_test_spark.py      778  0.01s             1           0  0.17s           2026-04-03T04:58:51
/opt/airflow/dags/dag_datalab_main.py    775  0.03s             1           0  0.18s           2026-04-03T04:58:51
================================================================================
[2026-04-03T04:59:42.036+0000] {manager.py:759} INFO - Searching for files in /opt/airflow/dags
[2026-04-03T04:59:42.038+0000] {manager.py:762} INFO - There are 2 files in /opt/airflow/dags
[2026-04-03T04:59:52.136+0000] {manager.py:893} INFO - 
================================================================================
DAG File Processing Stats

File Path                                PID  Runtime      # DAGs    # Errors  Last Runtime    Last Run
-------------------------------------  -----  ---------  --------  ----------  --------------  -------------------
/opt/airflow/dags/dag_test_spark.py      788  0.01s             1           0  0.17s           2026-04-03T04:59:21
/opt/airflow/dags/dag_datalab_main.py    785  0.03s             1           0  0.18s           2026-04-03T04:59:21
================================================================================
[2026-04-03T05:00:22.331+0000] {manager.py:893} INFO - 
================================================================================
DAG File Processing Stats

File Path                                PID  Runtime      # DAGs    # Errors  Last Runtime    Last Run
-------------------------------------  -----  ---------  --------  ----------  --------------  -------------------
/opt/airflow/dags/dag_test_spark.py      798  0.01s             1           0  0.18s           2026-04-03T04:59:52
/opt/airflow/dags/dag_datalab_main.py    795  0.03s             1           0  0.19s           2026-04-03T04:59:52
================================================================================
[2026-04-03T05:00:52.613+0000] {manager.py:893} INFO - 
================================================================================
DAG File Processing Stats

File Path                                PID  Runtime      # DAGs    # Errors  Last Runtime    Last Run
-------------------------------------  -----  ---------  --------  ----------  --------------  -------------------
/opt/airflow/dags/dag_test_spark.py      808  0.01s             1           0  0.18s           2026-04-03T05:00:22
/opt/airflow/dags/dag_datalab_main.py    805  0.03s             1           0  0.19s           2026-04-03T05:00:22
================================================================================
[2026-04-03T05:01:22.938+0000] {manager.py:893} INFO - 
================================================================================
DAG File Processing Stats

File Path                                PID  Runtime      # DAGs    # Errors  Last Runtime    Last Run
-------------------------------------  -----  ---------  --------  ----------  --------------  -------------------
/opt/airflow/dags/dag_test_spark.py      818  0.01s             1           0  0.17s           2026-04-03T05:00:52
/opt/airflow/dags/dag_datalab_main.py    815  0.03s             1           0  0.17s           2026-04-03T05:00:52
================================================================================
[2026-04-03T05:01:53.272+0000] {manager.py:893} INFO - 
================================================================================
DAG File Processing Stats

File Path                                PID  Runtime      # DAGs    # Errors  Last Runtime    Last Run
-------------------------------------  -----  ---------  --------  ----------  --------------  -------------------
/opt/airflow/dags/dag_test_spark.py      828  0.01s             1           0  0.18s           2026-04-03T05:01:23
/opt/airflow/dags/dag_datalab_main.py    825  0.03s             1           0  0.18s           2026-04-03T05:01:23
================================================================================
[2026-04-03T05:02:23.615+0000] {manager.py:893} INFO - 
================================================================================
DAG File Processing Stats

File Path                                PID  Runtime      # DAGs    # Errors  Last Runtime    Last Run
-------------------------------------  -----  ---------  --------  ----------  --------------  -------------------
/opt/airflow/dags/dag_test_spark.py      838  0.01s             1           0  0.17s           2026-04-03T05:01:53
/opt/airflow/dags/dag_datalab_main.py    835  0.03s             1           0  0.18s           2026-04-03T05:01:53
================================================================================
[2026-04-03T05:02:53.951+0000] {manager.py:893} INFO - 
================================================================================
DAG File Processing Stats

File Path                                PID  Runtime      # DAGs    # Errors  Last Runtime    Last Run
-------------------------------------  -----  ---------  --------  ----------  --------------  -------------------
/opt/airflow/dags/dag_test_spark.py      848  0.01s             1           0  0.17s           2026-04-03T05:02:23
/opt/airflow/dags/dag_datalab_main.py    845  0.03s             1           0  0.18s           2026-04-03T05:02:23
================================================================================
[2026-04-03T05:03:24.278+0000] {manager.py:893} INFO - 
================================================================================
DAG File Processing Stats

File Path                                PID  Runtime      # DAGs    # Errors  Last Runtime    Last Run
-------------------------------------  -----  ---------  --------  ----------  --------------  -------------------
/opt/airflow/dags/dag_test_spark.py      858  0.01s             1           0  0.17s           2026-04-03T05:02:54
/opt/airflow/dags/dag_datalab_main.py    855  0.03s             1           0  0.18s           2026-04-03T05:02:54
================================================================================
[2026-04-03T05:03:54.621+0000] {manager.py:893} INFO - 
================================================================================
DAG File Processing Stats

File Path                                PID  Runtime      # DAGs    # Errors  Last Runtime    Last Run
-------------------------------------  -----  ---------  --------  ----------  --------------  -------------------
/opt/airflow/dags/dag_test_spark.py      868  0.02s             1           0  0.17s           2026-04-03T05:03:24
/opt/airflow/dags/dag_datalab_main.py    865  0.03s             1           0  0.18s           2026-04-03T05:03:24
================================================================================
[2026-04-03T05:04:24.974+0000] {manager.py:893} INFO - 
================================================================================
DAG File Processing Stats

File Path                                PID  Runtime      # DAGs    # Errors  Last Runtime    Last Run
-------------------------------------  -----  ---------  --------  ----------  --------------  -------------------
/opt/airflow/dags/dag_test_spark.py      878  0.01s             1           0  0.18s           2026-04-03T05:03:54
/opt/airflow/dags/dag_datalab_main.py    875  0.03s             1           0  0.19s           2026-04-03T05:03:54
================================================================================
[2026-04-03T05:04:42.205+0000] {manager.py:759} INFO - Searching for files in /opt/airflow/dags
[2026-04-03T05:04:42.207+0000] {manager.py:762} INFO - There are 2 files in /opt/airflow/dags
[2026-04-03T05:04:55.326+0000] {manager.py:893} INFO - 
================================================================================
DAG File Processing Stats

File Path                                PID  Runtime      # DAGs    # Errors  Last Runtime    Last Run
-------------------------------------  -----  ---------  --------  ----------  --------------  -------------------
/opt/airflow/dags/dag_test_spark.py      888  0.01s             1           0  0.17s           2026-04-03T05:04:25
/opt/airflow/dags/dag_datalab_main.py    885  0.03s             1           0  0.17s           2026-04-03T05:04:25
================================================================================
[2026-04-03T05:05:25.655+0000] {manager.py:893} INFO - 
================================================================================
DAG File Processing Stats

File Path                                PID  Runtime      # DAGs    # Errors  Last Runtime    Last Run
-------------------------------------  -----  ---------  --------  ----------  --------------  -------------------
/opt/airflow/dags/dag_test_spark.py      898  0.01s             1           0  0.17s           2026-04-03T05:04:55
/opt/airflow/dags/dag_datalab_main.py    895  0.03s             1           0  0.17s           2026-04-03T05:04:55
================================================================================
[2026-04-03T05:05:55.989+0000] {manager.py:893} INFO - 
================================================================================
DAG File Processing Stats

File Path                                PID  Runtime      # DAGs    # Errors  Last Runtime    Last Run
-------------------------------------  -----  ---------  --------  ----------  --------------  -------------------
/opt/airflow/dags/dag_test_spark.py      908  0.02s             1           0  0.17s           2026-04-03T05:05:25
/opt/airflow/dags/dag_datalab_main.py    905  0.03s             1           0  0.18s           2026-04-03T05:05:25
================================================================================
[2026-04-03T05:06:16.010+0000] {manager.py:469} INFO - Exiting gracefully upon receiving signal 15
[2026-04-03T05:08:00.394+0000] {manager.py:487} INFO - Processing files using up to 2 processes at a time 
[2026-04-03T05:08:00.395+0000] {manager.py:488} INFO - Process each file at most once every 30 seconds
[2026-04-03T05:08:00.395+0000] {manager.py:489} INFO - Checking for new files in /opt/airflow/dags every 300 seconds
[2026-04-03T05:08:00.395+0000] {manager.py:759} INFO - Searching for files in /opt/airflow/dags
[2026-04-03T05:08:00.398+0000] {manager.py:762} INFO - There are 2 files in /opt/airflow/dags
[2026-04-03T05:08:03.581+0000] {manager.py:893} INFO - 
================================================================================
DAG File Processing Stats

File Path                                PID  Runtime      # DAGs    # Errors  Last Runtime    Last Run
-------------------------------------  -----  ---------  --------  ----------  --------------  ----------
/opt/airflow/dags/dag_test_spark.py      180  0.07s             0           0
/opt/airflow/dags/dag_datalab_main.py    177  0.09s             0           0
================================================================================
[2026-04-03T05:08:34.331+0000] {manager.py:893} INFO - 
================================================================================
DAG File Processing Stats

File Path                                PID  Runtime      # DAGs    # Errors  Last Runtime    Last Run
-------------------------------------  -----  ---------  --------  ----------  --------------  -------------------
/opt/airflow/dags/dag_test_spark.py      190  0.01s             1           0  0.63s           2026-04-03T05:08:04
/opt/airflow/dags/dag_datalab_main.py    187  0.03s             1           0  0.66s           2026-04-03T05:08:04
================================================================================
[2026-04-03T05:09:04.490+0000] {manager.py:893} INFO - 
================================================================================
DAG File Processing Stats

File Path                              PID    Runtime      # DAGs    # Errors  Last Runtime    Last Run
-------------------------------------  -----  ---------  --------  ----------  --------------  -------------------
/opt/airflow/dags/dag_test_spark.py                             1           0  0.18s           2026-04-03T05:08:34
/opt/airflow/dags/dag_datalab_main.py                           1           0  0.20s           2026-04-03T05:08:34
================================================================================
[2026-04-03T05:09:35.006+0000] {manager.py:893} INFO - 
================================================================================
DAG File Processing Stats

File Path                                PID  Runtime      # DAGs    # Errors  Last Runtime    Last Run
-------------------------------------  -----  ---------  --------  ----------  --------------  -------------------
/opt/airflow/dags/dag_test_spark.py      228  0.01s             1           0  0.18s           2026-04-03T05:09:04
/opt/airflow/dags/dag_datalab_main.py    225  0.03s             1           0  0.18s           2026-04-03T05:09:04
================================================================================
[2026-04-03T05:10:05.360+0000] {manager.py:893} INFO - 
================================================================================
DAG File Processing Stats

File Path                                PID  Runtime      # DAGs    # Errors  Last Runtime    Last Run
-------------------------------------  -----  ---------  --------  ----------  --------------  -------------------
/opt/airflow/dags/dag_test_spark.py      239  0.01s             1           0  0.18s           2026-04-03T05:09:35
/opt/airflow/dags/dag_datalab_main.py    236  0.03s             1           0  0.19s           2026-04-03T05:09:35
================================================================================
[2026-04-03T05:10:35.707+0000] {manager.py:893} INFO - 
================================================================================
DAG File Processing Stats

File Path                                PID  Runtime      # DAGs    # Errors  Last Runtime    Last Run
-------------------------------------  -----  ---------  --------  ----------  --------------  -------------------
/opt/airflow/dags/dag_test_spark.py      249  0.01s             1           0  0.18s           2026-04-03T05:10:05
/opt/airflow/dags/dag_datalab_main.py    246  0.03s             1           0  0.19s           2026-04-03T05:10:05
================================================================================
[2026-04-03T05:11:05.869+0000] {manager.py:893} INFO - 
================================================================================
DAG File Processing Stats

File Path                              PID    Runtime      # DAGs    # Errors  Last Runtime    Last Run
-------------------------------------  -----  ---------  --------  ----------  --------------  -------------------
/opt/airflow/dags/dag_test_spark.py                             1           0  0.18s           2026-04-03T05:10:35
/opt/airflow/dags/dag_datalab_main.py                           1           0  0.20s           2026-04-03T05:10:35
================================================================================
[2026-04-03T05:11:36.388+0000] {manager.py:893} INFO - 
================================================================================
DAG File Processing Stats

File Path                                PID  Runtime      # DAGs    # Errors  Last Runtime    Last Run
-------------------------------------  -----  ---------  --------  ----------  --------------  -------------------
/opt/airflow/dags/dag_test_spark.py      269  0.01s             1           0  0.18s           2026-04-03T05:11:06
/opt/airflow/dags/dag_datalab_main.py    266  0.03s             1           0  0.18s           2026-04-03T05:11:06
================================================================================
[2026-04-03T05:12:06.721+0000] {manager.py:893} INFO - 
================================================================================
DAG File Processing Stats

File Path                                PID  Runtime      # DAGs    # Errors  Last Runtime    Last Run
-------------------------------------  -----  ---------  --------  ----------  --------------  -------------------
/opt/airflow/dags/dag_test_spark.py      279  0.01s             1           0  0.18s           2026-04-03T05:11:36
/opt/airflow/dags/dag_datalab_main.py    276  0.03s             1           0  0.18s           2026-04-03T05:11:36
================================================================================
[2026-04-03T05:12:36.900+0000] {manager.py:893} INFO - 
================================================================================
DAG File Processing Stats

File Path                                PID  Runtime      # DAGs    # Errors  Last Runtime    Last Run
-------------------------------------  -----  ---------  --------  ----------  --------------  -------------------
/opt/airflow/dags/dag_test_spark.py                             1           0  0.18s           2026-04-03T05:12:06
/opt/airflow/dags/dag_datalab_main.py    286  0.01s             1           0  0.19s           2026-04-03T05:12:06
================================================================================
[2026-04-03T05:13:01.182+0000] {manager.py:759} INFO - Searching for files in /opt/airflow/dags
[2026-04-03T05:13:01.185+0000] {manager.py:762} INFO - There are 2 files in /opt/airflow/dags
[2026-04-03T05:13:07.262+0000] {manager.py:893} INFO - 
================================================================================
DAG File Processing Stats

File Path                                PID  Runtime      # DAGs    # Errors  Last Runtime    Last Run
-------------------------------------  -----  ---------  --------  ----------  --------------  -------------------
/opt/airflow/dags/dag_test_spark.py      299  0.01s             1           0  0.17s           2026-04-03T05:12:37
/opt/airflow/dags/dag_datalab_main.py    296  0.03s             1           0  0.17s           2026-04-03T05:12:37
================================================================================
[2026-04-03T05:13:37.591+0000] {manager.py:893} INFO - 
================================================================================
DAG File Processing Stats

File Path                                PID  Runtime      # DAGs    # Errors  Last Runtime    Last Run
-------------------------------------  -----  ---------  --------  ----------  --------------  -------------------
/opt/airflow/dags/dag_test_spark.py      309  0.01s             1           0  0.18s           2026-04-03T05:13:07
/opt/airflow/dags/dag_datalab_main.py    306  0.03s             1           0  0.18s           2026-04-03T05:13:07
================================================================================
[2026-04-03T05:14:07.940+0000] {manager.py:893} INFO - 
================================================================================
DAG File Processing Stats

File Path                                PID  Runtime      # DAGs    # Errors  Last Runtime    Last Run
-------------------------------------  -----  ---------  --------  ----------  --------------  -------------------
/opt/airflow/dags/dag_test_spark.py      319  0.01s             1           0  0.18s           2026-04-03T05:13:37
/opt/airflow/dags/dag_datalab_main.py    316  0.03s             1           0  0.19s           2026-04-03T05:13:37
================================================================================
[2026-04-03T05:14:38.305+0000] {manager.py:893} INFO - 
================================================================================
DAG File Processing Stats

File Path                                PID  Runtime      # DAGs    # Errors  Last Runtime    Last Run
-------------------------------------  -----  ---------  --------  ----------  --------------  -------------------
/opt/airflow/dags/dag_test_spark.py      329  0.01s             1           0  0.20s           2026-04-03T05:14:08
/opt/airflow/dags/dag_datalab_main.py    326  0.03s             1           0  0.21s           2026-04-03T05:14:08
================================================================================
[2026-04-03T05:14:50.336+0000] {manager.py:469} INFO - Exiting gracefully upon receiving signal 15
[2026-04-03T05:15:36.128+0000] {manager.py:487} INFO - Processing files using up to 2 processes at a time 
[2026-04-03T05:15:36.129+0000] {manager.py:488} INFO - Process each file at most once every 30 seconds
[2026-04-03T05:15:36.129+0000] {manager.py:489} INFO - Checking for new files in /opt/airflow/dags every 300 seconds
[2026-04-03T05:15:36.129+0000] {manager.py:759} INFO - Searching for files in /opt/airflow/dags
[2026-04-03T05:15:36.132+0000] {manager.py:762} INFO - There are 2 files in /opt/airflow/dags
[2026-04-03T05:15:39.407+0000] {manager.py:893} INFO - 
================================================================================
DAG File Processing Stats

File Path                                PID  Runtime      # DAGs    # Errors  Last Runtime    Last Run
-------------------------------------  -----  ---------  --------  ----------  --------------  ----------
/opt/airflow/dags/dag_test_spark.py      187  0.07s             0           0
/opt/airflow/dags/dag_datalab_main.py    184  0.08s             0           0
================================================================================
[2026-04-03T05:16:09.545+0000] {manager.py:893} INFO - 
================================================================================
DAG File Processing Stats

File Path                              PID    Runtime      # DAGs    # Errors  Last Runtime    Last Run
-------------------------------------  -----  ---------  --------  ----------  --------------  -------------------
/opt/airflow/dags/dag_test_spark.py                             1           0  0.60s           2026-04-03T05:15:39
/opt/airflow/dags/dag_datalab_main.py                           1           0  0.62s           2026-04-03T05:15:39
================================================================================
[2026-04-03T05:16:40.463+0000] {manager.py:893} INFO - 
================================================================================
DAG File Processing Stats

File Path                                PID  Runtime      # DAGs    # Errors  Last Runtime    Last Run
-------------------------------------  -----  ---------  --------  ----------  --------------  -------------------
/opt/airflow/dags/dag_test_spark.py      207  0.01s             1           0  0.19s           2026-04-03T05:16:10
/opt/airflow/dags/dag_datalab_main.py    204  0.03s             1           0  0.18s           2026-04-03T05:16:10
================================================================================
[2026-04-03T05:17:10.804+0000] {manager.py:893} INFO - 
================================================================================
DAG File Processing Stats

File Path                                PID  Runtime      # DAGs    # Errors  Last Runtime    Last Run
-------------------------------------  -----  ---------  --------  ----------  --------------  -------------------
/opt/airflow/dags/dag_test_spark.py      217  0.01s             1           0  0.18s           2026-04-03T05:16:40
/opt/airflow/dags/dag_datalab_main.py    214  0.03s             1           0  0.18s           2026-04-03T05:16:40
================================================================================
[2026-04-03T05:17:41.006+0000] {manager.py:893} INFO - 
================================================================================
DAG File Processing Stats

File Path                                PID  Runtime      # DAGs    # Errors  Last Runtime    Last Run
-------------------------------------  -----  ---------  --------  ----------  --------------  -------------------
/opt/airflow/dags/dag_test_spark.py      227  0.01s             1           0  0.17s           2026-04-03T05:17:10
/opt/airflow/dags/dag_datalab_main.py    224  0.03s             1           0  0.19s           2026-04-03T05:17:10
================================================================================
[2026-04-03T05:18:11.363+0000] {manager.py:893} INFO - 
================================================================================
DAG File Processing Stats

File Path                                PID  Runtime      # DAGs    # Errors  Last Runtime    Last Run
-------------------------------------  -----  ---------  --------  ----------  --------------  -------------------
/opt/airflow/dags/dag_test_spark.py      237  0.01s             1           0  0.19s           2026-04-03T05:17:41
/opt/airflow/dags/dag_datalab_main.py    234  0.03s             1           0  0.20s           2026-04-03T05:17:41
================================================================================
[2026-04-03T05:18:41.709+0000] {manager.py:893} INFO - 
================================================================================
DAG File Processing Stats

File Path                                PID  Runtime      # DAGs    # Errors  Last Runtime    Last Run
-------------------------------------  -----  ---------  --------  ----------  --------------  -------------------
/opt/airflow/dags/dag_test_spark.py      247  0.01s             1           0  0.18s           2026-04-03T05:18:11
/opt/airflow/dags/dag_datalab_main.py    244  0.03s             1           0  0.19s           2026-04-03T05:18:11
================================================================================
[2026-04-03T05:19:12.057+0000] {manager.py:893} INFO - 
================================================================================
DAG File Processing Stats

File Path                                PID  Runtime      # DAGs    # Errors  Last Runtime    Last Run
-------------------------------------  -----  ---------  --------  ----------  --------------  -------------------
/opt/airflow/dags/dag_test_spark.py      257  0.01s             1           0  0.18s           2026-04-03T05:18:41
/opt/airflow/dags/dag_datalab_main.py    254  0.03s             1           0  0.19s           2026-04-03T05:18:41
================================================================================
[2026-04-03T05:19:42.395+0000] {manager.py:893} INFO - 
================================================================================
DAG File Processing Stats

File Path                                PID  Runtime      # DAGs    # Errors  Last Runtime    Last Run
-------------------------------------  -----  ---------  --------  ----------  --------------  -------------------
/opt/airflow/dags/dag_test_spark.py      267  0.01s             1           0  0.18s           2026-04-03T05:19:12
/opt/airflow/dags/dag_datalab_main.py    264  0.03s             1           0  0.18s           2026-04-03T05:19:12
================================================================================
[2026-04-03T05:20:12.750+0000] {manager.py:893} INFO - 
================================================================================
DAG File Processing Stats

File Path                                PID  Runtime      # DAGs    # Errors  Last Runtime    Last Run
-------------------------------------  -----  ---------  --------  ----------  --------------  -------------------
/opt/airflow/dags/dag_test_spark.py      277  0.01s             1           0  0.18s           2026-04-03T05:19:42
/opt/airflow/dags/dag_datalab_main.py    274  0.03s             1           0  0.19s           2026-04-03T05:19:42
================================================================================
[2026-04-03T05:20:37.018+0000] {manager.py:759} INFO - Searching for files in /opt/airflow/dags
[2026-04-03T05:20:37.021+0000] {manager.py:762} INFO - There are 2 files in /opt/airflow/dags
[2026-04-03T05:20:43.110+0000] {manager.py:893} INFO - 
================================================================================
DAG File Processing Stats

File Path                                PID  Runtime      # DAGs    # Errors  Last Runtime    Last Run
-------------------------------------  -----  ---------  --------  ----------  --------------  -------------------
/opt/airflow/dags/dag_test_spark.py      287  0.01s             1           0  0.17s           2026-04-03T05:20:12
/opt/airflow/dags/dag_datalab_main.py    284  0.04s             1           0  0.17s           2026-04-03T05:20:12
================================================================================
[2026-04-03T05:21:13.457+0000] {manager.py:893} INFO - 
================================================================================
DAG File Processing Stats

File Path                                PID  Runtime      # DAGs    # Errors  Last Runtime    Last Run
-------------------------------------  -----  ---------  --------  ----------  --------------  -------------------
/opt/airflow/dags/dag_test_spark.py      297  0.01s             1           0  0.18s           2026-04-03T05:20:43
/opt/airflow/dags/dag_datalab_main.py    294  0.03s             1           0  0.19s           2026-04-03T05:20:43
================================================================================
[2026-04-03T05:21:43.795+0000] {manager.py:893} INFO - 
================================================================================
DAG File Processing Stats

File Path                                PID  Runtime      # DAGs    # Errors  Last Runtime    Last Run
-------------------------------------  -----  ---------  --------  ----------  --------------  -------------------
/opt/airflow/dags/dag_test_spark.py      307  0.01s             1           0  0.17s           2026-04-03T05:21:13
/opt/airflow/dags/dag_datalab_main.py    304  0.03s             1           0  0.17s           2026-04-03T05:21:13
================================================================================
[2026-04-03T05:22:14.129+0000] {manager.py:893} INFO - 
================================================================================
DAG File Processing Stats

File Path                                PID  Runtime      # DAGs    # Errors  Last Runtime    Last Run
-------------------------------------  -----  ---------  --------  ----------  --------------  -------------------
/opt/airflow/dags/dag_test_spark.py      317  0.01s             1           0  0.17s           2026-04-03T05:21:43
/opt/airflow/dags/dag_datalab_main.py    314  0.03s             1           0  0.18s           2026-04-03T05:21:43
================================================================================
[2026-04-03T05:22:44.476+0000] {manager.py:893} INFO - 
================================================================================
DAG File Processing Stats

File Path                                PID  Runtime      # DAGs    # Errors  Last Runtime    Last Run
-------------------------------------  -----  ---------  --------  ----------  --------------  -------------------
/opt/airflow/dags/dag_test_spark.py      327  0.01s             1           0  0.17s           2026-04-03T05:22:14
/opt/airflow/dags/dag_datalab_main.py    324  0.03s             1           0  0.20s           2026-04-03T05:22:14
================================================================================
[2026-04-03T05:23:14.675+0000] {manager.py:893} INFO - 
================================================================================
DAG File Processing Stats

File Path                                PID  Runtime      # DAGs    # Errors  Last Runtime    Last Run
-------------------------------------  -----  ---------  --------  ----------  --------------  -------------------
/opt/airflow/dags/dag_test_spark.py      337  0.01s             1           0  0.18s           2026-04-03T05:22:44
/opt/airflow/dags/dag_datalab_main.py    334  0.03s             1           0  0.19s           2026-04-03T05:22:44
================================================================================
[2026-04-03T05:23:45.028+0000] {manager.py:893} INFO - 
================================================================================
DAG File Processing Stats

File Path                                PID  Runtime      # DAGs    # Errors  Last Runtime    Last Run
-------------------------------------  -----  ---------  --------  ----------  --------------  -------------------
/opt/airflow/dags/dag_test_spark.py      347  0.02s             1           0  0.17s           2026-04-03T05:23:14
/opt/airflow/dags/dag_datalab_main.py    344  0.03s             1           0  0.19s           2026-04-03T05:23:14
================================================================================
[2026-04-03T05:24:15.368+0000] {manager.py:893} INFO - 
================================================================================
DAG File Processing Stats

File Path                                PID  Runtime      # DAGs    # Errors  Last Runtime    Last Run
-------------------------------------  -----  ---------  --------  ----------  --------------  -------------------
/opt/airflow/dags/dag_test_spark.py      357  0.01s             1           0  0.19s           2026-04-03T05:23:45
/opt/airflow/dags/dag_datalab_main.py    354  0.03s             1           0  0.19s           2026-04-03T05:23:45
================================================================================
[2026-04-03T05:24:45.702+0000] {manager.py:893} INFO - 
================================================================================
DAG File Processing Stats

File Path                                PID  Runtime      # DAGs    # Errors  Last Runtime    Last Run
-------------------------------------  -----  ---------  --------  ----------  --------------  -------------------
/opt/airflow/dags/dag_test_spark.py      367  0.01s             1           0  0.17s           2026-04-03T05:24:15
/opt/airflow/dags/dag_datalab_main.py    364  0.03s             1           0  0.18s           2026-04-03T05:24:15
================================================================================
[2026-04-03T05:25:16.051+0000] {manager.py:893} INFO - 
================================================================================
DAG File Processing Stats

File Path                                PID  Runtime      # DAGs    # Errors  Last Runtime    Last Run
-------------------------------------  -----  ---------  --------  ----------  --------------  -------------------
/opt/airflow/dags/dag_test_spark.py      377  0.01s             1           0  0.18s           2026-04-03T05:24:45
/opt/airflow/dags/dag_datalab_main.py    374  0.03s             1           0  0.20s           2026-04-03T05:24:45
================================================================================
[2026-04-03T05:25:37.165+0000] {manager.py:759} INFO - Searching for files in /opt/airflow/dags
[2026-04-03T05:25:37.167+0000] {manager.py:762} INFO - There are 2 files in /opt/airflow/dags
[2026-04-03T05:25:46.263+0000] {manager.py:893} INFO - 
================================================================================
DAG File Processing Stats

File Path                                PID  Runtime      # DAGs    # Errors  Last Runtime    Last Run
-------------------------------------  -----  ---------  --------  ----------  --------------  -------------------
/opt/airflow/dags/dag_test_spark.py      387  0.01s             1           0  0.17s           2026-04-03T05:25:16
/opt/airflow/dags/dag_datalab_main.py    384  0.03s             1           0  0.19s           2026-04-03T05:25:16
================================================================================
[2026-04-03T05:26:16.526+0000] {manager.py:893} INFO - 
================================================================================
DAG File Processing Stats

File Path                                PID  Runtime      # DAGs    # Errors  Last Runtime    Last Run
-------------------------------------  -----  ---------  --------  ----------  --------------  -------------------
/opt/airflow/dags/dag_test_spark.py      397  0.01s             1           0  0.19s           2026-04-03T05:25:46
/opt/airflow/dags/dag_datalab_main.py    394  0.03s             1           0  0.21s           2026-04-03T05:25:46
================================================================================
[2026-04-03T05:26:46.877+0000] {manager.py:893} INFO - 
================================================================================
DAG File Processing Stats

File Path                                PID  Runtime      # DAGs    # Errors  Last Runtime    Last Run
-------------------------------------  -----  ---------  --------  ----------  --------------  -------------------
/opt/airflow/dags/dag_test_spark.py      407  0.01s             1           0  0.19s           2026-04-03T05:26:16
/opt/airflow/dags/dag_datalab_main.py    404  0.03s             1           0  0.18s           2026-04-03T05:26:16
================================================================================
[2026-04-03T05:27:17.215+0000] {manager.py:893} INFO - 
================================================================================
DAG File Processing Stats

File Path                                PID  Runtime      # DAGs    # Errors  Last Runtime    Last Run
-------------------------------------  -----  ---------  --------  ----------  --------------  -------------------
/opt/airflow/dags/dag_test_spark.py      417  0.01s             1           0  0.18s           2026-04-03T05:26:47
/opt/airflow/dags/dag_datalab_main.py    414  0.03s             1           0  0.18s           2026-04-03T05:26:47
================================================================================
[2026-04-03T05:27:47.419+0000] {manager.py:893} INFO - 
================================================================================
DAG File Processing Stats

File Path                                PID  Runtime      # DAGs    # Errors  Last Runtime    Last Run
-------------------------------------  -----  ---------  --------  ----------  --------------  -------------------
/opt/airflow/dags/dag_test_spark.py      427  0.01s             1           0  0.18s           2026-04-03T05:27:17
/opt/airflow/dags/dag_datalab_main.py    424  0.03s             1           0  0.19s           2026-04-03T05:27:17
================================================================================
[2026-04-03T05:28:17.752+0000] {manager.py:893} INFO - 
================================================================================
DAG File Processing Stats

File Path                                PID  Runtime      # DAGs    # Errors  Last Runtime    Last Run
-------------------------------------  -----  ---------  --------  ----------  --------------  -------------------
/opt/airflow/dags/dag_test_spark.py      437  0.01s             1           0  0.18s           2026-04-03T05:27:47
/opt/airflow/dags/dag_datalab_main.py    434  0.03s             1           0  0.18s           2026-04-03T05:27:47
================================================================================
[2026-04-03T05:28:48.095+0000] {manager.py:893} INFO - 
================================================================================
DAG File Processing Stats

File Path                                PID  Runtime      # DAGs    # Errors  Last Runtime    Last Run
-------------------------------------  -----  ---------  --------  ----------  --------------  -------------------
/opt/airflow/dags/dag_test_spark.py      447  0.01s             1           0  0.17s           2026-04-03T05:28:17
/opt/airflow/dags/dag_datalab_main.py    444  0.03s             1           0  0.18s           2026-04-03T05:28:17
================================================================================
[2026-04-03T05:29:18.431+0000] {manager.py:893} INFO - 
================================================================================
DAG File Processing Stats

File Path                                PID  Runtime      # DAGs    # Errors  Last Runtime    Last Run
-------------------------------------  -----  ---------  --------  ----------  --------------  -------------------
/opt/airflow/dags/dag_test_spark.py      457  0.01s             1           0  0.17s           2026-04-03T05:28:48
/opt/airflow/dags/dag_datalab_main.py    454  0.03s             1           0  0.17s           2026-04-03T05:28:48
================================================================================
[2026-04-03T05:29:48.773+0000] {manager.py:893} INFO - 
================================================================================
DAG File Processing Stats

File Path                                PID  Runtime      # DAGs    # Errors  Last Runtime    Last Run
-------------------------------------  -----  ---------  --------  ----------  --------------  -------------------
/opt/airflow/dags/dag_test_spark.py      467  0.01s             1           0  0.18s           2026-04-03T05:29:18
/opt/airflow/dags/dag_datalab_main.py    464  0.03s             1           0  0.18s           2026-04-03T05:29:18
================================================================================
[2026-04-03T05:30:19.114+0000] {manager.py:893} INFO - 
================================================================================
DAG File Processing Stats

File Path                                PID  Runtime      # DAGs    # Errors  Last Runtime    Last Run
-------------------------------------  -----  ---------  --------  ----------  --------------  -------------------
/opt/airflow/dags/dag_test_spark.py      477  0.01s             1           0  0.17s           2026-04-03T05:29:48
/opt/airflow/dags/dag_datalab_main.py    474  0.03s             1           0  0.19s           2026-04-03T05:29:48
================================================================================
[2026-04-03T05:30:37.354+0000] {manager.py:759} INFO - Searching for files in /opt/airflow/dags
[2026-04-03T05:30:37.356+0000] {manager.py:762} INFO - There are 2 files in /opt/airflow/dags
[2026-04-03T05:30:49.469+0000] {manager.py:893} INFO - 
================================================================================
DAG File Processing Stats

File Path                                PID  Runtime      # DAGs    # Errors  Last Runtime    Last Run
-------------------------------------  -----  ---------  --------  ----------  --------------  -------------------
/opt/airflow/dags/dag_test_spark.py      487  0.01s             1           0  0.17s           2026-04-03T05:30:19
/opt/airflow/dags/dag_datalab_main.py    484  0.03s             1           0  0.18s           2026-04-03T05:30:19
================================================================================
[2026-04-03T05:31:19.679+0000] {manager.py:893} INFO - 
================================================================================
DAG File Processing Stats

File Path                                PID  Runtime      # DAGs    # Errors  Last Runtime    Last Run
-------------------------------------  -----  ---------  --------  ----------  --------------  -------------------
/opt/airflow/dags/dag_test_spark.py      497  0.01s             1           0  0.18s           2026-04-03T05:30:49
/opt/airflow/dags/dag_datalab_main.py    494  0.03s             1           0  0.19s           2026-04-03T05:30:49
================================================================================
[2026-04-03T05:31:50.018+0000] {manager.py:893} INFO - 
================================================================================
DAG File Processing Stats

File Path                                PID  Runtime      # DAGs    # Errors  Last Runtime    Last Run
-------------------------------------  -----  ---------  --------  ----------  --------------  -------------------
/opt/airflow/dags/dag_test_spark.py      507  0.01s             1           0  0.19s           2026-04-03T05:31:19
/opt/airflow/dags/dag_datalab_main.py    504  0.03s             1           0  0.18s           2026-04-03T05:31:19
================================================================================
[2026-04-03T05:32:20.368+0000] {manager.py:893} INFO - 
================================================================================
DAG File Processing Stats

File Path                                PID  Runtime      # DAGs    # Errors  Last Runtime    Last Run
-------------------------------------  -----  ---------  --------  ----------  --------------  -------------------
/opt/airflow/dags/dag_test_spark.py      517  0.01s             1           0  0.19s           2026-04-03T05:31:50
/opt/airflow/dags/dag_datalab_main.py    514  0.03s             1           0  0.20s           2026-04-03T05:31:50
================================================================================
[2026-04-03T05:32:43.861+0000] {manager.py:469} INFO - Exiting gracefully upon receiving signal 15
[2026-04-03T05:44:03.104+0000] {manager.py:483} INFO - Processing files using up to 2 processes at a time 
[2026-04-03T05:44:03.106+0000] {manager.py:484} INFO - Process each file at most once every 30 seconds
[2026-04-03T05:44:03.107+0000] {manager.py:485} INFO - Checking for new files in /opt/airflow/dags every 300 seconds
[2026-04-03T05:44:03.108+0000] {manager.py:821} INFO - Searching for files in /opt/airflow/dags
[2026-04-03T05:44:03.113+0000] {manager.py:824} INFO - There are 2 files in /opt/airflow/dags
[2026-04-03T05:44:03.311+0000] {manager.py:997} INFO - 
================================================================================
DAG File Processing Stats

File Path                                PID  Runtime      # DAGs    # Errors  Last Runtime    Last Run      Last # of DB Queries
-------------------------------------  -----  ---------  --------  ----------  --------------  ----------  ----------------------
/opt/airflow/dags/dag_test_spark.py      180  0.05s             0           0                                                   0
/opt/airflow/dags/dag_datalab_main.py    176  0.08s             0           0                                                   0
================================================================================
[2026-04-03T05:44:33.523+0000] {manager.py:997} INFO - 
================================================================================
DAG File Processing Stats

File Path                              PID    Runtime      # DAGs    # Errors  Last Runtime    Last Run               Last # of DB Queries
-------------------------------------  -----  ---------  --------  ----------  --------------  -------------------  ----------------------
/opt/airflow/dags/dag_datalab_main.py                           1           0  1.09s           2026-04-03T05:44:04                      43
/opt/airflow/dags/dag_test_spark.py                             1           0  1.09s           2026-04-03T05:44:04                      43
================================================================================
[2026-04-03T05:45:03.786+0000] {manager.py:997} INFO - 
================================================================================
DAG File Processing Stats

File Path                              PID    Runtime      # DAGs    # Errors  Last Runtime    Last Run               Last # of DB Queries
-------------------------------------  -----  ---------  --------  ----------  --------------  -------------------  ----------------------
/opt/airflow/dags/dag_datalab_main.py                           1           0  0.23s           2026-04-03T05:44:34                      10
/opt/airflow/dags/dag_test_spark.py                             1           0  0.22s           2026-04-03T05:44:34                      10
================================================================================
[2026-04-03T05:45:34.205+0000] {manager.py:997} INFO - 
================================================================================
DAG File Processing Stats

File Path                              PID    Runtime      # DAGs    # Errors  Last Runtime    Last Run               Last # of DB Queries
-------------------------------------  -----  ---------  --------  ----------  --------------  -------------------  ----------------------
/opt/airflow/dags/dag_datalab_main.py                           1           0  0.21s           2026-04-03T05:45:04                      10
/opt/airflow/dags/dag_test_spark.py                             1           0  0.20s           2026-04-03T05:45:05                      10
================================================================================
[2026-04-03T05:46:04.458+0000] {manager.py:997} INFO - 
================================================================================
DAG File Processing Stats

File Path                              PID    Runtime      # DAGs    # Errors  Last Runtime    Last Run               Last # of DB Queries
-------------------------------------  -----  ---------  --------  ----------  --------------  -------------------  ----------------------
/opt/airflow/dags/dag_datalab_main.py                           1           0  0.24s           2026-04-03T05:45:35                      10
/opt/airflow/dags/dag_test_spark.py                             1           0  0.22s           2026-04-03T05:45:35                      10
================================================================================
[2026-04-03T05:46:34.881+0000] {manager.py:997} INFO - 
================================================================================
DAG File Processing Stats

File Path                              PID    Runtime      # DAGs    # Errors  Last Runtime    Last Run               Last # of DB Queries
-------------------------------------  -----  ---------  --------  ----------  --------------  -------------------  ----------------------
/opt/airflow/dags/dag_datalab_main.py                           1           0  0.21s           2026-04-03T05:46:05                      10
/opt/airflow/dags/dag_test_spark.py                             1           0  0.21s           2026-04-03T05:46:05                      10
================================================================================
[2026-04-03T05:47:05.306+0000] {manager.py:997} INFO - 
================================================================================
DAG File Processing Stats

File Path                              PID    Runtime      # DAGs    # Errors  Last Runtime    Last Run               Last # of DB Queries
-------------------------------------  -----  ---------  --------  ----------  --------------  -------------------  ----------------------
/opt/airflow/dags/dag_datalab_main.py                           1           0  0.21s           2026-04-03T05:46:36                      10
/opt/airflow/dags/dag_test_spark.py                             1           0  0.20s           2026-04-03T05:46:36                      10
================================================================================
[2026-04-03T05:47:35.732+0000] {manager.py:997} INFO - 
================================================================================
DAG File Processing Stats

File Path                              PID    Runtime      # DAGs    # Errors  Last Runtime    Last Run               Last # of DB Queries
-------------------------------------  -----  ---------  --------  ----------  --------------  -------------------  ----------------------
/opt/airflow/dags/dag_datalab_main.py                           1           0  0.21s           2026-04-03T05:47:06                      10
/opt/airflow/dags/dag_test_spark.py                             1           0  0.20s           2026-04-03T05:47:06                      10
================================================================================
[2026-04-03T05:48:05.985+0000] {manager.py:997} INFO - 
================================================================================
DAG File Processing Stats

File Path                              PID    Runtime      # DAGs    # Errors  Last Runtime    Last Run               Last # of DB Queries
-------------------------------------  -----  ---------  --------  ----------  --------------  -------------------  ----------------------
/opt/airflow/dags/dag_datalab_main.py                           1           0  0.22s           2026-04-03T05:47:36                      10
/opt/airflow/dags/dag_test_spark.py                             1           0  0.20s           2026-04-03T05:47:36                      10
================================================================================
[2026-04-03T05:48:36.352+0000] {manager.py:997} INFO - 
================================================================================
DAG File Processing Stats

File Path                              PID    Runtime      # DAGs    # Errors  Last Runtime    Last Run               Last # of DB Queries
-------------------------------------  -----  ---------  --------  ----------  --------------  -------------------  ----------------------
/opt/airflow/dags/dag_datalab_main.py                           1           0  0.23s           2026-04-03T05:48:07                      10
/opt/airflow/dags/dag_test_spark.py                             1           0  0.22s           2026-04-03T05:48:07                      10
================================================================================
[2026-04-03T05:49:03.757+0000] {manager.py:821} INFO - Searching for files in /opt/airflow/dags
[2026-04-03T05:49:03.760+0000] {manager.py:824} INFO - There are 2 files in /opt/airflow/dags
[2026-04-03T05:49:06.796+0000] {manager.py:997} INFO - 
================================================================================
DAG File Processing Stats

File Path                              PID    Runtime      # DAGs    # Errors  Last Runtime    Last Run               Last # of DB Queries
-------------------------------------  -----  ---------  --------  ----------  --------------  -------------------  ----------------------
/opt/airflow/dags/dag_datalab_main.py                           1           0  0.21s           2026-04-03T05:48:37                      10
/opt/airflow/dags/dag_test_spark.py                             1           0  0.21s           2026-04-03T05:48:37                      10
================================================================================
[2026-04-03T05:49:37.220+0000] {manager.py:997} INFO - 
================================================================================
DAG File Processing Stats

File Path                              PID    Runtime      # DAGs    # Errors  Last Runtime    Last Run               Last # of DB Queries
-------------------------------------  -----  ---------  --------  ----------  --------------  -------------------  ----------------------
/opt/airflow/dags/dag_datalab_main.py                           1           0  0.21s           2026-04-03T05:49:08                      10
/opt/airflow/dags/dag_test_spark.py                             1           0  0.20s           2026-04-03T05:49:08                      10
================================================================================
[2026-04-03T05:50:07.475+0000] {manager.py:997} INFO - 
================================================================================
DAG File Processing Stats

File Path                              PID    Runtime      # DAGs    # Errors  Last Runtime    Last Run               Last # of DB Queries
-------------------------------------  -----  ---------  --------  ----------  --------------  -------------------  ----------------------
/opt/airflow/dags/dag_datalab_main.py                           1           0  0.22s           2026-04-03T05:49:38                      10
/opt/airflow/dags/dag_test_spark.py                             1           0  0.20s           2026-04-03T05:49:38                      10
================================================================================
[2026-04-03T05:50:37.899+0000] {manager.py:997} INFO - 
================================================================================
DAG File Processing Stats

File Path                              PID    Runtime      # DAGs    # Errors  Last Runtime    Last Run               Last # of DB Queries
-------------------------------------  -----  ---------  --------  ----------  --------------  -------------------  ----------------------
/opt/airflow/dags/dag_test_spark.py                             1           0  0.22s           2026-04-03T05:50:08                      10
/opt/airflow/dags/dag_datalab_main.py                           1           0  0.21s           2026-04-03T05:50:08                      10
================================================================================
[2026-04-03T05:51:08.326+0000] {manager.py:997} INFO - 
================================================================================
DAG File Processing Stats

File Path                              PID    Runtime      # DAGs    # Errors  Last Runtime    Last Run               Last # of DB Queries
-------------------------------------  -----  ---------  --------  ----------  --------------  -------------------  ----------------------
/opt/airflow/dags/dag_datalab_main.py                           1           0  0.21s           2026-04-03T05:50:39                      10
/opt/airflow/dags/dag_test_spark.py                             1           0  0.20s           2026-04-03T05:50:39                      10
================================================================================
[2026-04-03T05:51:38.752+0000] {manager.py:997} INFO - 
================================================================================
DAG File Processing Stats

File Path                              PID    Runtime      # DAGs    # Errors  Last Runtime    Last Run               Last # of DB Queries
-------------------------------------  -----  ---------  --------  ----------  --------------  -------------------  ----------------------
/opt/airflow/dags/dag_datalab_main.py                           1           0  0.21s           2026-04-03T05:51:09                      10
/opt/airflow/dags/dag_test_spark.py                             1           0  0.20s           2026-04-03T05:51:09                      10
================================================================================
[2026-04-03T05:52:08.996+0000] {manager.py:997} INFO - 
================================================================================
DAG File Processing Stats

File Path                              PID    Runtime      # DAGs    # Errors  Last Runtime    Last Run               Last # of DB Queries
-------------------------------------  -----  ---------  --------  ----------  --------------  -------------------  ----------------------
/opt/airflow/dags/dag_datalab_main.py                           1           0  0.21s           2026-04-03T05:51:39                      10
/opt/airflow/dags/dag_test_spark.py                             1           0  0.20s           2026-04-03T05:51:39                      10
================================================================================
[2026-04-03T05:52:39.421+0000] {manager.py:997} INFO - 
================================================================================
DAG File Processing Stats

File Path                              PID    Runtime      # DAGs    # Errors  Last Runtime    Last Run               Last # of DB Queries
-------------------------------------  -----  ---------  --------  ----------  --------------  -------------------  ----------------------
/opt/airflow/dags/dag_datalab_main.py                           1           0  0.21s           2026-04-03T05:52:10                      10
/opt/airflow/dags/dag_test_spark.py                             1           0  0.20s           2026-04-03T05:52:10                      10
================================================================================
[2026-04-03T05:53:09.870+0000] {manager.py:997} INFO - 
================================================================================
DAG File Processing Stats

File Path                              PID    Runtime      # DAGs    # Errors  Last Runtime    Last Run               Last # of DB Queries
-------------------------------------  -----  ---------  --------  ----------  --------------  -------------------  ----------------------
/opt/airflow/dags/dag_datalab_main.py                           1           0  0.41s           2026-04-03T05:52:48                      32
/opt/airflow/dags/dag_test_spark.py                             1           0  0.21s           2026-04-03T05:52:40                      10
================================================================================
[2026-04-03T05:53:40.311+0000] {manager.py:997} INFO - 
================================================================================
DAG File Processing Stats

File Path                              PID    Runtime      # DAGs    # Errors  Last Runtime    Last Run               Last # of DB Queries
-------------------------------------  -----  ---------  --------  ----------  --------------  -------------------  ----------------------
/opt/airflow/dags/dag_datalab_main.py                           1           0  0.21s           2026-04-03T05:53:18                      10
/opt/airflow/dags/dag_test_spark.py                             1           0  0.21s           2026-04-03T05:53:11                      10
================================================================================
[2026-04-03T05:54:03.865+0000] {manager.py:821} INFO - Searching for files in /opt/airflow/dags
[2026-04-03T05:54:03.868+0000] {manager.py:824} INFO - There are 2 files in /opt/airflow/dags
[2026-04-03T05:54:10.752+0000] {manager.py:997} INFO - 
================================================================================
DAG File Processing Stats

File Path                              PID    Runtime      # DAGs    # Errors  Last Runtime    Last Run               Last # of DB Queries
-------------------------------------  -----  ---------  --------  ----------  --------------  -------------------  ----------------------
/opt/airflow/dags/dag_test_spark.py                             1           0  0.22s           2026-04-03T05:53:41                      10
/opt/airflow/dags/dag_datalab_main.py                           1           0  0.21s           2026-04-03T05:53:48                      10
================================================================================
[2026-04-03T05:54:41.362+0000] {manager.py:997} INFO - 
================================================================================
DAG File Processing Stats

File Path                              PID    Runtime      # DAGs    # Errors  Last Runtime    Last Run               Last # of DB Queries
-------------------------------------  -----  ---------  --------  ----------  --------------  -------------------  ----------------------
/opt/airflow/dags/dag_datalab_main.py                           1           0  0.22s           2026-04-03T05:54:32                      10
/opt/airflow/dags/dag_test_spark.py                             1           0  0.20s           2026-04-03T05:54:11                      10
================================================================================
[2026-04-03T05:55:11.803+0000] {manager.py:997} INFO - 
================================================================================
DAG File Processing Stats

File Path                              PID    Runtime      # DAGs    # Errors  Last Runtime    Last Run               Last # of DB Queries
-------------------------------------  -----  ---------  --------  ----------  --------------  -------------------  ----------------------
/opt/airflow/dags/dag_test_spark.py                             1           0  0.22s           2026-04-03T05:54:42                      10
/opt/airflow/dags/dag_datalab_main.py                           1           0  0.22s           2026-04-03T05:55:02                      10
================================================================================
[2026-04-03T05:55:42.220+0000] {manager.py:997} INFO - 
================================================================================
DAG File Processing Stats

File Path                              PID    Runtime      # DAGs    # Errors  Last Runtime    Last Run               Last # of DB Queries
-------------------------------------  -----  ---------  --------  ----------  --------------  -------------------  ----------------------
/opt/airflow/dags/dag_test_spark.py                             1           0  0.21s           2026-04-03T05:55:13                      10
/opt/airflow/dags/dag_datalab_main.py                           1           0  0.20s           2026-04-03T05:55:33                      10
================================================================================
[2026-04-03T05:56:12.641+0000] {manager.py:997} INFO - 
================================================================================
DAG File Processing Stats

File Path                              PID    Runtime      # DAGs    # Errors  Last Runtime    Last Run               Last # of DB Queries
-------------------------------------  -----  ---------  --------  ----------  --------------  -------------------  ----------------------
/opt/airflow/dags/dag_test_spark.py                             1           0  0.21s           2026-04-03T05:55:43                      10
/opt/airflow/dags/dag_datalab_main.py                           1           0  0.20s           2026-04-03T05:56:03                      10
================================================================================
[2026-04-03T05:56:43.056+0000] {manager.py:997} INFO - 
================================================================================
DAG File Processing Stats

File Path                              PID    Runtime      # DAGs    # Errors  Last Runtime    Last Run               Last # of DB Queries
-------------------------------------  -----  ---------  --------  ----------  --------------  -------------------  ----------------------
/opt/airflow/dags/dag_datalab_main.py                           1           0  0.22s           2026-04-03T05:56:34                      10
/opt/airflow/dags/dag_test_spark.py                             1           0  0.20s           2026-04-03T05:56:13                      10
================================================================================
[2026-04-03T05:57:13.474+0000] {manager.py:997} INFO - 
================================================================================
DAG File Processing Stats

File Path                              PID    Runtime      # DAGs    # Errors  Last Runtime    Last Run               Last # of DB Queries
-------------------------------------  -----  ---------  --------  ----------  --------------  -------------------  ----------------------
/opt/airflow/dags/dag_datalab_main.py                           1           0  0.21s           2026-04-03T05:57:04                      10
/opt/airflow/dags/dag_test_spark.py                             1           0  0.21s           2026-04-03T05:56:44                      10
================================================================================
[2026-04-03T05:57:43.891+0000] {manager.py:997} INFO - 
================================================================================
DAG File Processing Stats

File Path                              PID    Runtime      # DAGs    # Errors  Last Runtime    Last Run               Last # of DB Queries
-------------------------------------  -----  ---------  --------  ----------  --------------  -------------------  ----------------------
/opt/airflow/dags/dag_datalab_main.py                           1           0  0.22s           2026-04-03T05:57:35                      10
/opt/airflow/dags/dag_test_spark.py                             1           0  0.21s           2026-04-03T05:57:14                      10
================================================================================
[2026-04-03T05:58:14.320+0000] {manager.py:997} INFO - 
================================================================================
DAG File Processing Stats

File Path                              PID    Runtime      # DAGs    # Errors  Last Runtime    Last Run               Last # of DB Queries
-------------------------------------  -----  ---------  --------  ----------  --------------  -------------------  ----------------------
/opt/airflow/dags/dag_datalab_main.py                           1           0  0.21s           2026-04-03T05:58:05                      10
/opt/airflow/dags/dag_test_spark.py                             1           0  0.21s           2026-04-03T05:57:45                      10
================================================================================
[2026-04-03T05:58:44.739+0000] {manager.py:997} INFO - 
================================================================================
DAG File Processing Stats

File Path                              PID    Runtime      # DAGs    # Errors  Last Runtime    Last Run               Last # of DB Queries
-------------------------------------  -----  ---------  --------  ----------  --------------  -------------------  ----------------------
/opt/airflow/dags/dag_test_spark.py                             1           0  0.21s           2026-04-03T05:58:15                      10
/opt/airflow/dags/dag_datalab_main.py                           1           0  0.20s           2026-04-03T05:58:35                      10
================================================================================
[2026-04-03T05:59:04.047+0000] {manager.py:821} INFO - Searching for files in /opt/airflow/dags
[2026-04-03T05:59:04.050+0000] {manager.py:824} INFO - There are 2 files in /opt/airflow/dags
[2026-04-03T05:59:15.171+0000] {manager.py:997} INFO - 
================================================================================
DAG File Processing Stats

File Path                              PID    Runtime      # DAGs    # Errors  Last Runtime    Last Run               Last # of DB Queries
-------------------------------------  -----  ---------  --------  ----------  --------------  -------------------  ----------------------
/opt/airflow/dags/dag_test_spark.py                             1           0  0.22s           2026-04-03T05:58:45                      10
/opt/airflow/dags/dag_datalab_main.py                           1           0  0.20s           2026-04-03T05:59:06                      10
================================================================================
[2026-04-03T05:59:45.591+0000] {manager.py:997} INFO - 
================================================================================
DAG File Processing Stats

File Path                              PID    Runtime      # DAGs    # Errors  Last Runtime    Last Run               Last # of DB Queries
-------------------------------------  -----  ---------  --------  ----------  --------------  -------------------  ----------------------
/opt/airflow/dags/dag_datalab_main.py                           1           0  0.21s           2026-04-03T05:59:36                      10
/opt/airflow/dags/dag_test_spark.py                             1           0  0.21s           2026-04-03T05:59:16                      10
================================================================================
[2026-04-03T06:00:16.006+0000] {manager.py:997} INFO - 
================================================================================
DAG File Processing Stats

File Path                              PID    Runtime      # DAGs    # Errors  Last Runtime    Last Run               Last # of DB Queries
-------------------------------------  -----  ---------  --------  ----------  --------------  -------------------  ----------------------
/opt/airflow/dags/dag_test_spark.py                             1           0  0.21s           2026-04-03T05:59:46                      10
/opt/airflow/dags/dag_datalab_main.py                           1           0  0.21s           2026-04-03T06:00:07                      10
================================================================================
[2026-04-03T06:00:46.437+0000] {manager.py:997} INFO - 
================================================================================
DAG File Processing Stats

File Path                              PID    Runtime      # DAGs    # Errors  Last Runtime    Last Run               Last # of DB Queries
-------------------------------------  -----  ---------  --------  ----------  --------------  -------------------  ----------------------
/opt/airflow/dags/dag_test_spark.py                             1           0  0.22s           2026-04-03T06:00:17                      10
/opt/airflow/dags/dag_datalab_main.py                           1           0  0.21s           2026-04-03T06:00:37                      10
================================================================================
[2026-04-03T06:01:16.841+0000] {manager.py:997} INFO - 
================================================================================
DAG File Processing Stats

File Path                              PID    Runtime      # DAGs    # Errors  Last Runtime    Last Run               Last # of DB Queries
-------------------------------------  -----  ---------  --------  ----------  --------------  -------------------  ----------------------
/opt/airflow/dags/dag_test_spark.py                             1           0  0.21s           2026-04-03T06:00:47                      10
/opt/airflow/dags/dag_datalab_main.py                           1           0  0.21s           2026-04-03T06:01:07                      10
================================================================================
[2026-04-03T06:01:47.262+0000] {manager.py:997} INFO - 
================================================================================
DAG File Processing Stats

File Path                              PID    Runtime      # DAGs    # Errors  Last Runtime    Last Run               Last # of DB Queries
-------------------------------------  -----  ---------  --------  ----------  --------------  -------------------  ----------------------
/opt/airflow/dags/dag_datalab_main.py                           1           0  0.22s           2026-04-03T06:01:38                      10
/opt/airflow/dags/dag_test_spark.py                             1           0  0.21s           2026-04-03T06:01:18                      10
================================================================================
[2026-04-03T06:02:17.698+0000] {manager.py:997} INFO - 
================================================================================
DAG File Processing Stats

File Path                              PID    Runtime      # DAGs    # Errors  Last Runtime    Last Run               Last # of DB Queries
-------------------------------------  -----  ---------  --------  ----------  --------------  -------------------  ----------------------
/opt/airflow/dags/dag_test_spark.py                             1           0  0.21s           2026-04-03T06:01:48                      10
/opt/airflow/dags/dag_datalab_main.py                           1           0  0.21s           2026-04-03T06:02:08                      10
================================================================================
[2026-04-03T06:02:48.115+0000] {manager.py:997} INFO - 
================================================================================
DAG File Processing Stats

File Path                              PID    Runtime      # DAGs    # Errors  Last Runtime    Last Run               Last # of DB Queries
-------------------------------------  -----  ---------  --------  ----------  --------------  -------------------  ----------------------
/opt/airflow/dags/dag_datalab_main.py                           1           0  0.21s           2026-04-03T06:02:39                      10
/opt/airflow/dags/dag_test_spark.py                             1           0  0.21s           2026-04-03T06:02:18                      10
================================================================================
[2026-04-03T06:03:18.537+0000] {manager.py:997} INFO - 
================================================================================
DAG File Processing Stats

File Path                              PID    Runtime      # DAGs    # Errors  Last Runtime    Last Run               Last # of DB Queries
-------------------------------------  -----  ---------  --------  ----------  --------------  -------------------  ----------------------
/opt/airflow/dags/dag_test_spark.py                             1           0  0.22s           2026-04-03T06:02:49                      10
/opt/airflow/dags/dag_datalab_main.py                           1           0  0.20s           2026-04-03T06:03:09                      10
================================================================================
[2026-04-03T06:03:48.961+0000] {manager.py:997} INFO - 
================================================================================
DAG File Processing Stats

File Path                              PID    Runtime      # DAGs    # Errors  Last Runtime    Last Run               Last # of DB Queries
-------------------------------------  -----  ---------  --------  ----------  --------------  -------------------  ----------------------
/opt/airflow/dags/dag_test_spark.py                             1           0  0.21s           2026-04-03T06:03:19                      10
/opt/airflow/dags/dag_datalab_main.py                           1           0  0.20s           2026-04-03T06:03:40                      10
================================================================================
[2026-04-03T06:04:04.231+0000] {manager.py:821} INFO - Searching for files in /opt/airflow/dags
[2026-04-03T06:04:04.234+0000] {manager.py:824} INFO - There are 2 files in /opt/airflow/dags
[2026-04-03T06:04:19.381+0000] {manager.py:997} INFO - 
================================================================================
DAG File Processing Stats

File Path                              PID    Runtime      # DAGs    # Errors  Last Runtime    Last Run               Last # of DB Queries
-------------------------------------  -----  ---------  --------  ----------  --------------  -------------------  ----------------------
/opt/airflow/dags/dag_datalab_main.py                           1           0  0.20s           2026-04-03T06:04:10                      10
/opt/airflow/dags/dag_test_spark.py                             1           0  0.20s           2026-04-03T06:03:50                      10
================================================================================
[2026-04-03T06:04:49.806+0000] {manager.py:997} INFO - 
================================================================================
DAG File Processing Stats

File Path                              PID    Runtime      # DAGs    # Errors  Last Runtime    Last Run               Last # of DB Queries
-------------------------------------  -----  ---------  --------  ----------  --------------  -------------------  ----------------------
/opt/airflow/dags/dag_test_spark.py                             1           0  0.21s           2026-04-03T06:04:20                      10
/opt/airflow/dags/dag_datalab_main.py                           1           0  0.21s           2026-04-03T06:04:40                      10
================================================================================
[2026-04-03T06:05:20.219+0000] {manager.py:997} INFO - 
================================================================================
DAG File Processing Stats

File Path                              PID    Runtime      # DAGs    # Errors  Last Runtime    Last Run               Last # of DB Queries
-------------------------------------  -----  ---------  --------  ----------  --------------  -------------------  ----------------------
/opt/airflow/dags/dag_test_spark.py                             1           0  0.21s           2026-04-03T06:04:51                      10
/opt/airflow/dags/dag_datalab_main.py                           1           0  0.21s           2026-04-03T06:05:11                      10
================================================================================
[2026-04-03T06:05:50.632+0000] {manager.py:997} INFO - 
================================================================================
DAG File Processing Stats

File Path                              PID    Runtime      # DAGs    # Errors  Last Runtime    Last Run               Last # of DB Queries
-------------------------------------  -----  ---------  --------  ----------  --------------  -------------------  ----------------------
/opt/airflow/dags/dag_test_spark.py                             1           0  0.21s           2026-04-03T06:05:21                      10
/opt/airflow/dags/dag_datalab_main.py                           1           0  0.21s           2026-04-03T06:05:41                      10
================================================================================
[2026-04-03T06:06:21.040+0000] {manager.py:997} INFO - 
================================================================================
DAG File Processing Stats

File Path                              PID    Runtime      # DAGs    # Errors  Last Runtime    Last Run               Last # of DB Queries
-------------------------------------  -----  ---------  --------  ----------  --------------  -------------------  ----------------------
/opt/airflow/dags/dag_datalab_main.py                           1           0  0.21s           2026-04-03T06:06:12                      10
/opt/airflow/dags/dag_test_spark.py                             1           0  0.21s           2026-04-03T06:05:51                      10
================================================================================
[2026-04-03T06:06:51.450+0000] {manager.py:997} INFO - 
================================================================================
DAG File Processing Stats

File Path                              PID    Runtime      # DAGs    # Errors  Last Runtime    Last Run               Last # of DB Queries
-------------------------------------  -----  ---------  --------  ----------  --------------  -------------------  ----------------------
/opt/airflow/dags/dag_test_spark.py                             1           0  0.21s           2026-04-03T06:06:22                      10
/opt/airflow/dags/dag_datalab_main.py                           1           0  0.20s           2026-04-03T06:06:42                      10
================================================================================
[2026-04-03T06:07:21.880+0000] {manager.py:997} INFO - 
================================================================================
DAG File Processing Stats

File Path                                PID  Runtime      # DAGs    # Errors  Last Runtime    Last Run               Last # of DB Queries
-------------------------------------  -----  ---------  --------  ----------  --------------  -------------------  ----------------------
/opt/airflow/dags/dag_datalab_main.py    678  0.01s             1           0  0.21s           2026-04-03T06:07:12                      10
/opt/airflow/dags/dag_test_spark.py                             1           0  0.21s           2026-04-03T06:06:52                      10
================================================================================
[2026-04-03T06:07:52.269+0000] {manager.py:997} INFO - 
================================================================================
DAG File Processing Stats

File Path                              PID    Runtime      # DAGs    # Errors  Last Runtime    Last Run               Last # of DB Queries
-------------------------------------  -----  ---------  --------  ----------  --------------  -------------------  ----------------------
/opt/airflow/dags/dag_datalab_main.py                           1           0  0.43s           2026-04-03T06:07:22                      32
/opt/airflow/dags/dag_test_spark.py                             1           0  0.21s           2026-04-03T06:07:23                      10
================================================================================
[2026-04-03T06:08:22.908+0000] {manager.py:997} INFO - 
================================================================================
DAG File Processing Stats

File Path                              PID    Runtime      # DAGs    # Errors  Last Runtime    Last Run               Last # of DB Queries
-------------------------------------  -----  ---------  --------  ----------  --------------  -------------------  ----------------------
/opt/airflow/dags/dag_datalab_main.py                           1           0  0.21s           2026-04-03T06:08:13                      10
/opt/airflow/dags/dag_test_spark.py                             1           0  0.21s           2026-04-03T06:07:53                      10
================================================================================
[2026-04-03T06:08:53.330+0000] {manager.py:997} INFO - 
================================================================================
DAG File Processing Stats

File Path                              PID    Runtime      # DAGs    # Errors  Last Runtime    Last Run               Last # of DB Queries
-------------------------------------  -----  ---------  --------  ----------  --------------  -------------------  ----------------------
/opt/airflow/dags/dag_datalab_main.py                           1           0  0.21s           2026-04-03T06:08:43                      10
/opt/airflow/dags/dag_test_spark.py                             1           0  0.21s           2026-04-03T06:08:24                      10
================================================================================
[2026-04-03T06:09:04.586+0000] {manager.py:821} INFO - Searching for files in /opt/airflow/dags
[2026-04-03T06:09:04.589+0000] {manager.py:824} INFO - There are 2 files in /opt/airflow/dags
[2026-04-03T06:09:23.765+0000] {manager.py:997} INFO - 
================================================================================
DAG File Processing Stats

File Path                              PID    Runtime      # DAGs    # Errors  Last Runtime    Last Run               Last # of DB Queries
-------------------------------------  -----  ---------  --------  ----------  --------------  -------------------  ----------------------
/opt/airflow/dags/dag_test_spark.py                             1           0  0.21s           2026-04-03T06:08:54                      10
/opt/airflow/dags/dag_datalab_main.py                           1           0  0.21s           2026-04-03T06:09:13                      10
================================================================================
[2026-04-03T06:09:54.181+0000] {manager.py:997} INFO - 
================================================================================
DAG File Processing Stats

File Path                              PID    Runtime      # DAGs    # Errors  Last Runtime    Last Run               Last # of DB Queries
-------------------------------------  -----  ---------  --------  ----------  --------------  -------------------  ----------------------
/opt/airflow/dags/dag_datalab_main.py                           1           0  0.21s           2026-04-03T06:09:44                      10
/opt/airflow/dags/dag_test_spark.py                             1           0  0.21s           2026-04-03T06:09:24                      10
================================================================================
[2026-04-03T06:10:24.609+0000] {manager.py:997} INFO - 
================================================================================
DAG File Processing Stats

File Path                              PID    Runtime      # DAGs    # Errors  Last Runtime    Last Run               Last # of DB Queries
-------------------------------------  -----  ---------  --------  ----------  --------------  -------------------  ----------------------
/opt/airflow/dags/dag_test_spark.py                             1           0  0.22s           2026-04-03T06:09:55                      10
/opt/airflow/dags/dag_datalab_main.py                           1           0  0.22s           2026-04-03T06:10:14                      10
================================================================================
[2026-04-03T06:10:55.032+0000] {manager.py:997} INFO - 
================================================================================
DAG File Processing Stats

File Path                              PID    Runtime      # DAGs    # Errors  Last Runtime    Last Run               Last # of DB Queries
-------------------------------------  -----  ---------  --------  ----------  --------------  -------------------  ----------------------
/opt/airflow/dags/dag_test_spark.py                             1           0  0.23s           2026-04-03T06:10:25                      10
/opt/airflow/dags/dag_datalab_main.py                           1           0  0.21s           2026-04-03T06:10:45                      10
================================================================================
[2026-04-03T06:11:25.483+0000] {manager.py:997} INFO - 
================================================================================
DAG File Processing Stats

File Path                              PID    Runtime      # DAGs    # Errors  Last Runtime    Last Run               Last # of DB Queries
-------------------------------------  -----  ---------  --------  ----------  --------------  -------------------  ----------------------
/opt/airflow/dags/dag_test_spark.py                             1           0  0.23s           2026-04-03T06:10:56                      10
/opt/airflow/dags/dag_datalab_main.py                           1           0  0.21s           2026-04-03T06:11:15                      10
================================================================================
[2026-04-03T06:11:55.936+0000] {manager.py:997} INFO - 
================================================================================
DAG File Processing Stats

File Path                              PID    Runtime      # DAGs    # Errors  Last Runtime    Last Run               Last # of DB Queries
-------------------------------------  -----  ---------  --------  ----------  --------------  -------------------  ----------------------
/opt/airflow/dags/dag_test_spark.py                             1           0  0.24s           2026-04-03T06:11:26                      10
/opt/airflow/dags/dag_datalab_main.py                           1           0  0.22s           2026-04-03T06:11:46                      10
================================================================================
[2026-04-03T06:12:26.410+0000] {manager.py:997} INFO - 
================================================================================
DAG File Processing Stats

File Path                              PID    Runtime      # DAGs    # Errors  Last Runtime    Last Run               Last # of DB Queries
-------------------------------------  -----  ---------  --------  ----------  --------------  -------------------  ----------------------
/opt/airflow/dags/dag_test_spark.py                             1           0  0.27s           2026-04-03T06:11:57                      10
/opt/airflow/dags/dag_datalab_main.py                           1           0  0.22s           2026-04-03T06:12:16                      10
================================================================================
[2026-04-03T06:12:56.853+0000] {manager.py:997} INFO - 
================================================================================
DAG File Processing Stats

File Path                              PID    Runtime      # DAGs    # Errors  Last Runtime    Last Run               Last # of DB Queries
-------------------------------------  -----  ---------  --------  ----------  --------------  -------------------  ----------------------
/opt/airflow/dags/dag_test_spark.py                             1           0  0.23s           2026-04-03T06:12:27                      10
/opt/airflow/dags/dag_datalab_main.py                           1           0  0.22s           2026-04-03T06:12:46                      10
================================================================================
[2026-04-03T06:13:27.273+0000] {manager.py:997} INFO - 
================================================================================
DAG File Processing Stats

File Path                              PID    Runtime      # DAGs    # Errors  Last Runtime    Last Run               Last # of DB Queries
-------------------------------------  -----  ---------  --------  ----------  --------------  -------------------  ----------------------
/opt/airflow/dags/dag_test_spark.py                             1           0  0.21s           2026-04-03T06:12:58                      10
/opt/airflow/dags/dag_datalab_main.py                           1           0  0.21s           2026-04-03T06:13:17                      10
================================================================================
[2026-04-03T06:13:57.693+0000] {manager.py:997} INFO - 
================================================================================
DAG File Processing Stats

File Path                              PID    Runtime      # DAGs    # Errors  Last Runtime    Last Run               Last # of DB Queries
-------------------------------------  -----  ---------  --------  ----------  --------------  -------------------  ----------------------
/opt/airflow/dags/dag_datalab_main.py                           1           0  0.21s           2026-04-03T06:13:47                      10
/opt/airflow/dags/dag_test_spark.py                             1           0  0.21s           2026-04-03T06:13:28                      10
================================================================================
[2026-04-03T06:14:04.884+0000] {manager.py:821} INFO - Searching for files in /opt/airflow/dags
[2026-04-03T06:14:04.887+0000] {manager.py:824} INFO - There are 2 files in /opt/airflow/dags
[2026-04-03T06:14:28.136+0000] {manager.py:997} INFO - 
================================================================================
DAG File Processing Stats

File Path                              PID    Runtime      # DAGs    # Errors  Last Runtime    Last Run               Last # of DB Queries
-------------------------------------  -----  ---------  --------  ----------  --------------  -------------------  ----------------------
/opt/airflow/dags/dag_datalab_main.py                           1           0  0.36s           2026-04-03T06:14:18                      10
/opt/airflow/dags/dag_test_spark.py                             1           0  0.20s           2026-04-03T06:13:58                      10
================================================================================
[2026-04-03T06:14:58.603+0000] {manager.py:997} INFO - 
================================================================================
DAG File Processing Stats

File Path                              PID    Runtime      # DAGs    # Errors  Last Runtime    Last Run               Last # of DB Queries
-------------------------------------  -----  ---------  --------  ----------  --------------  -------------------  ----------------------
/opt/airflow/dags/dag_datalab_main.py                           1           0  0.36s           2026-04-03T06:14:48                      10
/opt/airflow/dags/dag_test_spark.py                             1           0  0.25s           2026-04-03T06:14:29                      10
================================================================================
[2026-04-03T06:15:29.047+0000] {manager.py:997} INFO - 
================================================================================
DAG File Processing Stats

File Path                              PID    Runtime      # DAGs    # Errors  Last Runtime    Last Run               Last # of DB Queries
-------------------------------------  -----  ---------  --------  ----------  --------------  -------------------  ----------------------
/opt/airflow/dags/dag_test_spark.py                             1           0  0.23s           2026-04-03T06:14:59                      10
/opt/airflow/dags/dag_datalab_main.py                           1           0  0.22s           2026-04-03T06:15:19                      10
================================================================================
[2026-04-03T06:15:59.495+0000] {manager.py:997} INFO - 
================================================================================
DAG File Processing Stats

File Path                              PID    Runtime      # DAGs    # Errors  Last Runtime    Last Run               Last # of DB Queries
-------------------------------------  -----  ---------  --------  ----------  --------------  -------------------  ----------------------
/opt/airflow/dags/dag_test_spark.py                             1           0  0.22s           2026-04-03T06:15:30                      10
/opt/airflow/dags/dag_datalab_main.py                           1           0  0.21s           2026-04-03T06:15:49                      10
================================================================================
[2026-04-03T06:16:29.934+0000] {manager.py:997} INFO - 
================================================================================
DAG File Processing Stats

File Path                              PID    Runtime      # DAGs    # Errors  Last Runtime    Last Run               Last # of DB Queries
-------------------------------------  -----  ---------  --------  ----------  --------------  -------------------  ----------------------
/opt/airflow/dags/dag_test_spark.py                             1           0  0.24s           2026-04-03T06:16:00                      10
/opt/airflow/dags/dag_datalab_main.py                           1           0  0.21s           2026-04-03T06:16:20                      10
================================================================================
[2026-04-03T06:17:00.371+0000] {manager.py:997} INFO - 
================================================================================
DAG File Processing Stats

File Path                              PID    Runtime      # DAGs    # Errors  Last Runtime    Last Run               Last # of DB Queries
-------------------------------------  -----  ---------  --------  ----------  --------------  -------------------  ----------------------
/opt/airflow/dags/dag_test_spark.py                             1           0  0.23s           2026-04-03T06:16:31                      10
/opt/airflow/dags/dag_datalab_main.py                           1           0  0.21s           2026-04-03T06:16:50                      10
================================================================================
[2026-04-03T06:17:30.805+0000] {manager.py:997} INFO - 
================================================================================
DAG File Processing Stats

File Path                              PID    Runtime      # DAGs    # Errors  Last Runtime    Last Run               Last # of DB Queries
-------------------------------------  -----  ---------  --------  ----------  --------------  -------------------  ----------------------
/opt/airflow/dags/dag_datalab_main.py                           1           0  0.24s           2026-04-03T06:17:20                      10
/opt/airflow/dags/dag_test_spark.py                             1           0  0.22s           2026-04-03T06:17:01                      10
================================================================================
[2026-04-03T06:18:01.238+0000] {manager.py:997} INFO - 
================================================================================
DAG File Processing Stats

File Path                              PID    Runtime      # DAGs    # Errors  Last Runtime    Last Run               Last # of DB Queries
-------------------------------------  -----  ---------  --------  ----------  --------------  -------------------  ----------------------
/opt/airflow/dags/dag_test_spark.py                             1           0  0.23s           2026-04-03T06:17:32                      10
/opt/airflow/dags/dag_datalab_main.py                           1           0  0.21s           2026-04-03T06:17:51                      10
================================================================================
[2026-04-03T06:18:31.662+0000] {manager.py:997} INFO - 
================================================================================
DAG File Processing Stats

File Path                              PID    Runtime      # DAGs    # Errors  Last Runtime    Last Run               Last # of DB Queries
-------------------------------------  -----  ---------  --------  ----------  --------------  -------------------  ----------------------
/opt/airflow/dags/dag_datalab_main.py                           1           0  0.22s           2026-04-03T06:18:21                      10
/opt/airflow/dags/dag_test_spark.py                             1           0  0.22s           2026-04-03T06:18:02                      10
================================================================================
[2026-04-03T06:19:02.092+0000] {manager.py:997} INFO - 
================================================================================
DAG File Processing Stats

File Path                              PID    Runtime      # DAGs    # Errors  Last Runtime    Last Run               Last # of DB Queries
-------------------------------------  -----  ---------  --------  ----------  --------------  -------------------  ----------------------
/opt/airflow/dags/dag_test_spark.py                             1           0  0.23s           2026-04-03T06:18:32                      10
/opt/airflow/dags/dag_datalab_main.py                           1           0  0.22s           2026-04-03T06:18:52                      10
================================================================================
[2026-04-03T06:19:05.283+0000] {manager.py:821} INFO - Searching for files in /opt/airflow/dags
[2026-04-03T06:19:05.286+0000] {manager.py:824} INFO - There are 2 files in /opt/airflow/dags
[2026-04-03T06:19:32.519+0000] {manager.py:997} INFO - 
================================================================================
DAG File Processing Stats

File Path                              PID    Runtime      # DAGs    # Errors  Last Runtime    Last Run               Last # of DB Queries
-------------------------------------  -----  ---------  --------  ----------  --------------  -------------------  ----------------------
/opt/airflow/dags/dag_test_spark.py                             1           0  0.22s           2026-04-03T06:19:03                      10
/opt/airflow/dags/dag_datalab_main.py                           1           0  0.21s           2026-04-03T06:19:22                      10
================================================================================
[2026-04-03T06:20:02.945+0000] {manager.py:997} INFO - 
================================================================================
DAG File Processing Stats

File Path                              PID    Runtime      # DAGs    # Errors  Last Runtime    Last Run               Last # of DB Queries
-------------------------------------  -----  ---------  --------  ----------  --------------  -------------------  ----------------------
/opt/airflow/dags/dag_test_spark.py                             1           0  0.22s           2026-04-03T06:19:33                      10
/opt/airflow/dags/dag_datalab_main.py                           1           0  0.22s           2026-04-03T06:19:53                      10
================================================================================
[2026-04-03T06:20:33.374+0000] {manager.py:997} INFO - 
================================================================================
DAG File Processing Stats

File Path                              PID    Runtime      # DAGs    # Errors  Last Runtime    Last Run               Last # of DB Queries
-------------------------------------  -----  ---------  --------  ----------  --------------  -------------------  ----------------------
/opt/airflow/dags/dag_test_spark.py                             1           0  0.22s           2026-04-03T06:20:04                      10
/opt/airflow/dags/dag_datalab_main.py                           1           0  0.22s           2026-04-03T06:20:23                      10
================================================================================
[2026-04-03T06:21:03.806+0000] {manager.py:997} INFO - 
================================================================================
DAG File Processing Stats

File Path                              PID    Runtime      # DAGs    # Errors  Last Runtime    Last Run               Last # of DB Queries
-------------------------------------  -----  ---------  --------  ----------  --------------  -------------------  ----------------------
/opt/airflow/dags/dag_datalab_main.py                           1           0  0.22s           2026-04-03T06:20:53                      10
/opt/airflow/dags/dag_test_spark.py                             1           0  0.22s           2026-04-03T06:20:34                      10
================================================================================
[2026-04-03T06:21:34.239+0000] {manager.py:997} INFO - 
================================================================================
DAG File Processing Stats

File Path                              PID    Runtime      # DAGs    # Errors  Last Runtime    Last Run               Last # of DB Queries
-------------------------------------  -----  ---------  --------  ----------  --------------  -------------------  ----------------------
/opt/airflow/dags/dag_datalab_main.py                           1           0  0.22s           2026-04-03T06:21:24                      10
/opt/airflow/dags/dag_test_spark.py                             1           0  0.22s           2026-04-03T06:21:05                      10
================================================================================
[2026-04-03T06:22:04.672+0000] {manager.py:997} INFO - 
================================================================================
DAG File Processing Stats

File Path                              PID    Runtime      # DAGs    # Errors  Last Runtime    Last Run               Last # of DB Queries
-------------------------------------  -----  ---------  --------  ----------  --------------  -------------------  ----------------------
/opt/airflow/dags/dag_test_spark.py                             1           0  0.22s           2026-04-03T06:21:35                      10
/opt/airflow/dags/dag_datalab_main.py                           1           0  0.21s           2026-04-03T06:21:54                      10
================================================================================
[2026-04-03T06:22:35.101+0000] {manager.py:997} INFO - 
================================================================================
DAG File Processing Stats

File Path                              PID    Runtime      # DAGs    # Errors  Last Runtime    Last Run               Last # of DB Queries
-------------------------------------  -----  ---------  --------  ----------  --------------  -------------------  ----------------------
/opt/airflow/dags/dag_datalab_main.py                           1           0  0.23s           2026-04-03T06:22:25                      10
/opt/airflow/dags/dag_test_spark.py                             1           0  0.22s           2026-04-03T06:22:05                      10
================================================================================
[2026-04-03T06:23:05.540+0000] {manager.py:997} INFO - 
================================================================================
DAG File Processing Stats

File Path                              PID    Runtime      # DAGs    # Errors  Last Runtime    Last Run               Last # of DB Queries
-------------------------------------  -----  ---------  --------  ----------  --------------  -------------------  ----------------------
/opt/airflow/dags/dag_datalab_main.py                           1           0  0.22s           2026-04-03T06:22:55                      10
/opt/airflow/dags/dag_test_spark.py                             1           0  0.21s           2026-04-03T06:22:36                      10
================================================================================
[2026-04-03T06:23:35.982+0000] {manager.py:997} INFO - 
================================================================================
DAG File Processing Stats

File Path                              PID    Runtime      # DAGs    # Errors  Last Runtime    Last Run               Last # of DB Queries
-------------------------------------  -----  ---------  --------  ----------  --------------  -------------------  ----------------------
/opt/airflow/dags/dag_datalab_main.py                           1           0  0.23s           2026-04-03T06:23:26                      10
/opt/airflow/dags/dag_test_spark.py                             1           0  0.22s           2026-04-03T06:23:06                      10
================================================================================
[2026-04-03T06:24:05.399+0000] {manager.py:821} INFO - Searching for files in /opt/airflow/dags
[2026-04-03T06:24:05.401+0000] {manager.py:824} INFO - There are 2 files in /opt/airflow/dags
[2026-04-03T06:24:06.428+0000] {manager.py:997} INFO - 
================================================================================
DAG File Processing Stats

File Path                              PID    Runtime      # DAGs    # Errors  Last Runtime    Last Run               Last # of DB Queries
-------------------------------------  -----  ---------  --------  ----------  --------------  -------------------  ----------------------
/opt/airflow/dags/dag_test_spark.py                             1           0  0.23s           2026-04-03T06:23:37                      10
/opt/airflow/dags/dag_datalab_main.py                           1           0  0.21s           2026-04-03T06:23:56                      10
================================================================================
[2026-04-03T06:24:36.847+0000] {manager.py:997} INFO - 
================================================================================
DAG File Processing Stats

File Path                              PID    Runtime      # DAGs    # Errors  Last Runtime    Last Run               Last # of DB Queries
-------------------------------------  -----  ---------  --------  ----------  --------------  -------------------  ----------------------
/opt/airflow/dags/dag_test_spark.py                             1           0  0.22s           2026-04-03T06:24:07                      10
/opt/airflow/dags/dag_datalab_main.py                           1           0  0.22s           2026-04-03T06:24:26                      10
================================================================================
[2026-04-03T06:25:07.264+0000] {manager.py:997} INFO - 
================================================================================
DAG File Processing Stats

File Path                              PID    Runtime      # DAGs    # Errors  Last Runtime    Last Run               Last # of DB Queries
-------------------------------------  -----  ---------  --------  ----------  --------------  -------------------  ----------------------
/opt/airflow/dags/dag_test_spark.py                             1           0  0.22s           2026-04-03T06:24:38                      10
/opt/airflow/dags/dag_datalab_main.py                           1           0  0.21s           2026-04-03T06:24:57                      10
================================================================================
[2026-04-03T06:25:37.687+0000] {manager.py:997} INFO - 
================================================================================
DAG File Processing Stats

File Path                              PID    Runtime      # DAGs    # Errors  Last Runtime    Last Run               Last # of DB Queries
-------------------------------------  -----  ---------  --------  ----------  --------------  -------------------  ----------------------
/opt/airflow/dags/dag_datalab_main.py                           1           0  0.22s           2026-04-03T06:25:27                      10
/opt/airflow/dags/dag_test_spark.py                             1           0  0.22s           2026-04-03T06:25:08                      10
================================================================================
[2026-04-03T06:26:08.114+0000] {manager.py:997} INFO - 
================================================================================
DAG File Processing Stats

File Path                              PID    Runtime      # DAGs    # Errors  Last Runtime    Last Run               Last # of DB Queries
-------------------------------------  -----  ---------  --------  ----------  --------------  -------------------  ----------------------
/opt/airflow/dags/dag_test_spark.py                             1           0  0.22s           2026-04-03T06:25:38                      10
/opt/airflow/dags/dag_datalab_main.py                           1           0  0.22s           2026-04-03T06:25:58                      10
================================================================================
[2026-04-03T06:26:38.535+0000] {manager.py:997} INFO - 
================================================================================
DAG File Processing Stats

File Path                              PID    Runtime      # DAGs    # Errors  Last Runtime    Last Run               Last # of DB Queries
-------------------------------------  -----  ---------  --------  ----------  --------------  -------------------  ----------------------
/opt/airflow/dags/dag_test_spark.py                             1           0  0.22s           2026-04-03T06:26:09                      10
/opt/airflow/dags/dag_datalab_main.py                           1           0  0.22s           2026-04-03T06:26:28                      10
================================================================================
[2026-04-03T06:27:08.971+0000] {manager.py:997} INFO - 
================================================================================
DAG File Processing Stats

File Path                              PID    Runtime      # DAGs    # Errors  Last Runtime    Last Run               Last # of DB Queries
-------------------------------------  -----  ---------  --------  ----------  --------------  -------------------  ----------------------
/opt/airflow/dags/dag_datalab_main.py                           1           0  0.22s           2026-04-03T06:26:59                      10
/opt/airflow/dags/dag_test_spark.py                             1           0  0.22s           2026-04-03T06:26:39                      10
================================================================================
[2026-04-03T06:27:39.409+0000] {manager.py:997} INFO - 
================================================================================
DAG File Processing Stats

File Path                              PID    Runtime      # DAGs    # Errors  Last Runtime    Last Run               Last # of DB Queries
-------------------------------------  -----  ---------  --------  ----------  --------------  -------------------  ----------------------
/opt/airflow/dags/dag_test_spark.py                             1           0  0.23s           2026-04-03T06:27:10                      10
/opt/airflow/dags/dag_datalab_main.py                           1           0  0.21s           2026-04-03T06:27:29                      10
================================================================================
[2026-04-03T06:28:09.826+0000] {manager.py:997} INFO - 
================================================================================
DAG File Processing Stats

File Path                              PID    Runtime      # DAGs    # Errors  Last Runtime    Last Run               Last # of DB Queries
-------------------------------------  -----  ---------  --------  ----------  --------------  -------------------  ----------------------
/opt/airflow/dags/dag_test_spark.py                             1           0  0.22s           2026-04-03T06:27:40                      10
/opt/airflow/dags/dag_datalab_main.py                           1           0  0.21s           2026-04-03T06:27:59                      10
================================================================================
[2026-04-03T06:28:40.235+0000] {manager.py:997} INFO - 
================================================================================
DAG File Processing Stats

File Path                              PID    Runtime      # DAGs    # Errors  Last Runtime    Last Run               Last # of DB Queries
-------------------------------------  -----  ---------  --------  ----------  --------------  -------------------  ----------------------
/opt/airflow/dags/dag_test_spark.py                             1           0  0.21s           2026-04-03T06:28:11                      10
/opt/airflow/dags/dag_datalab_main.py                           1           0  0.21s           2026-04-03T06:28:30                      10
================================================================================
[2026-04-03T06:29:05.614+0000] {manager.py:821} INFO - Searching for files in /opt/airflow/dags
[2026-04-03T06:29:05.617+0000] {manager.py:824} INFO - There are 2 files in /opt/airflow/dags
[2026-04-03T06:29:10.664+0000] {manager.py:997} INFO - 
================================================================================
DAG File Processing Stats

File Path                              PID    Runtime      # DAGs    # Errors  Last Runtime    Last Run               Last # of DB Queries
-------------------------------------  -----  ---------  --------  ----------  --------------  -------------------  ----------------------
/opt/airflow/dags/dag_datalab_main.py                           1           0  0.22s           2026-04-03T06:29:00                      10
/opt/airflow/dags/dag_test_spark.py                             1           0  0.22s           2026-04-03T06:28:41                      10
================================================================================
[2026-04-03T06:29:41.086+0000] {manager.py:997} INFO - 
================================================================================
DAG File Processing Stats

File Path                              PID    Runtime      # DAGs    # Errors  Last Runtime    Last Run               Last # of DB Queries
-------------------------------------  -----  ---------  --------  ----------  --------------  -------------------  ----------------------
/opt/airflow/dags/dag_test_spark.py                             1           0  0.22s           2026-04-03T06:29:11                      10
/opt/airflow/dags/dag_datalab_main.py                           1           0  0.21s           2026-04-03T06:29:31                      10
================================================================================
[2026-04-03T06:30:11.502+0000] {manager.py:997} INFO - 
================================================================================
DAG File Processing Stats

File Path                              PID    Runtime      # DAGs    # Errors  Last Runtime    Last Run               Last # of DB Queries
-------------------------------------  -----  ---------  --------  ----------  --------------  -------------------  ----------------------
/opt/airflow/dags/dag_datalab_main.py                           1           0  0.24s           2026-04-03T06:30:01                      10
/opt/airflow/dags/dag_test_spark.py                             1           0  0.21s           2026-04-03T06:29:42                      10
================================================================================
[2026-04-03T06:30:41.940+0000] {manager.py:997} INFO - 
================================================================================
DAG File Processing Stats

File Path                              PID    Runtime      # DAGs    # Errors  Last Runtime    Last Run               Last # of DB Queries
-------------------------------------  -----  ---------  --------  ----------  --------------  -------------------  ----------------------
/opt/airflow/dags/dag_test_spark.py                             1           0  0.22s           2026-04-03T06:30:12                      10
/opt/airflow/dags/dag_datalab_main.py                           1           0  0.22s           2026-04-03T06:30:32                      10
================================================================================
[2026-04-03T06:31:12.374+0000] {manager.py:997} INFO - 
================================================================================
DAG File Processing Stats

File Path                              PID    Runtime      # DAGs    # Errors  Last Runtime    Last Run               Last # of DB Queries
-------------------------------------  -----  ---------  --------  ----------  --------------  -------------------  ----------------------
/opt/airflow/dags/dag_datalab_main.py                           1           0  0.23s           2026-04-03T06:31:02                      10
/opt/airflow/dags/dag_test_spark.py                             1           0  0.22s           2026-04-03T06:30:43                      10
================================================================================
[2026-04-03T06:31:42.807+0000] {manager.py:997} INFO - 
================================================================================
DAG File Processing Stats

File Path                              PID    Runtime      # DAGs    # Errors  Last Runtime    Last Run               Last # of DB Queries
-------------------------------------  -----  ---------  --------  ----------  --------------  -------------------  ----------------------
/opt/airflow/dags/dag_datalab_main.py                           1           0  0.22s           2026-04-03T06:31:32                      10
/opt/airflow/dags/dag_test_spark.py                             1           0  0.22s           2026-04-03T06:31:13                      10
================================================================================
[2026-04-03T06:32:13.238+0000] {manager.py:997} INFO - 
================================================================================
DAG File Processing Stats

File Path                              PID    Runtime      # DAGs    # Errors  Last Runtime    Last Run               Last # of DB Queries
-------------------------------------  -----  ---------  --------  ----------  --------------  -------------------  ----------------------
/opt/airflow/dags/dag_datalab_main.py                           1           0  0.22s           2026-04-03T06:32:03                      10
/opt/airflow/dags/dag_test_spark.py                             1           0  0.22s           2026-04-03T06:31:44                      10
================================================================================
[2026-04-03T06:32:43.665+0000] {manager.py:997} INFO - 
================================================================================
DAG File Processing Stats

File Path                              PID    Runtime      # DAGs    # Errors  Last Runtime    Last Run               Last # of DB Queries
-------------------------------------  -----  ---------  --------  ----------  --------------  -------------------  ----------------------
/opt/airflow/dags/dag_test_spark.py                             1           0  0.22s           2026-04-03T06:32:14                      10
/opt/airflow/dags/dag_datalab_main.py                           1           0  0.22s           2026-04-03T06:32:33                      10
================================================================================
[2026-04-03T06:33:14.087+0000] {manager.py:997} INFO - 
================================================================================
DAG File Processing Stats

File Path                              PID    Runtime      # DAGs    # Errors  Last Runtime    Last Run               Last # of DB Queries
-------------------------------------  -----  ---------  --------  ----------  --------------  -------------------  ----------------------
/opt/airflow/dags/dag_test_spark.py                             1           0  0.22s           2026-04-03T06:32:44                      10
/opt/airflow/dags/dag_datalab_main.py                           1           0  0.21s           2026-04-03T06:33:04                      10
================================================================================
[2026-04-03T06:33:44.713+0000] {manager.py:997} INFO - 
================================================================================
DAG File Processing Stats

File Path                              PID    Runtime      # DAGs    # Errors  Last Runtime    Last Run               Last # of DB Queries
-------------------------------------  -----  ---------  --------  ----------  --------------  -------------------  ----------------------
/opt/airflow/dags/dag_datalab_main.py                           1           0  0.46s           2026-04-03T06:33:36                      32
/opt/airflow/dags/dag_test_spark.py                             1           0  0.22s           2026-04-03T06:33:15                      10
================================================================================
[2026-04-03T06:34:05.865+0000] {manager.py:821} INFO - Searching for files in /opt/airflow/dags
[2026-04-03T06:34:05.867+0000] {manager.py:824} INFO - There are 2 files in /opt/airflow/dags
[2026-04-03T06:34:15.154+0000] {manager.py:997} INFO - 
================================================================================
DAG File Processing Stats

File Path                              PID    Runtime      # DAGs    # Errors  Last Runtime    Last Run               Last # of DB Queries
-------------------------------------  -----  ---------  --------  ----------  --------------  -------------------  ----------------------
/opt/airflow/dags/dag_datalab_main.py                           1           0  0.23s           2026-04-03T06:34:07                      10
/opt/airflow/dags/dag_test_spark.py                             1           0  0.22s           2026-04-03T06:33:45                      10
================================================================================
[2026-04-03T06:34:45.615+0000] {manager.py:997} INFO - 
================================================================================
DAG File Processing Stats

File Path                              PID    Runtime      # DAGs    # Errors  Last Runtime    Last Run               Last # of DB Queries
-------------------------------------  -----  ---------  --------  ----------  --------------  -------------------  ----------------------
/opt/airflow/dags/dag_test_spark.py                             1           0  0.23s           2026-04-03T06:34:16                      10
/opt/airflow/dags/dag_datalab_main.py                           1           0  0.22s           2026-04-03T06:34:37                      10
================================================================================
[2026-04-03T06:35:16.055+0000] {manager.py:997} INFO - 
================================================================================
DAG File Processing Stats

File Path                              PID    Runtime      # DAGs    # Errors  Last Runtime    Last Run               Last # of DB Queries
-------------------------------------  -----  ---------  --------  ----------  --------------  -------------------  ----------------------
/opt/airflow/dags/dag_test_spark.py                             1           0  0.23s           2026-04-03T06:34:46                      10
/opt/airflow/dags/dag_datalab_main.py                           1           0  0.22s           2026-04-03T06:35:08                      10
================================================================================
[2026-04-03T06:35:46.497+0000] {manager.py:997} INFO - 
================================================================================
DAG File Processing Stats

File Path                              PID    Runtime      # DAGs    # Errors  Last Runtime    Last Run               Last # of DB Queries
-------------------------------------  -----  ---------  --------  ----------  --------------  -------------------  ----------------------
/opt/airflow/dags/dag_test_spark.py                             1           0  0.22s           2026-04-03T06:35:17                      10
/opt/airflow/dags/dag_datalab_main.py                           0           1  0.12s           2026-04-03T06:35:42                       3
================================================================================
[2026-04-03T06:36:16.912+0000] {manager.py:997} INFO - 
================================================================================
DAG File Processing Stats

File Path                              PID    Runtime      # DAGs    # Errors  Last Runtime    Last Run               Last # of DB Queries
-------------------------------------  -----  ---------  --------  ----------  --------------  -------------------  ----------------------
/opt/airflow/dags/dag_test_spark.py                             1           0  0.21s           2026-04-03T06:35:47                      10
/opt/airflow/dags/dag_datalab_main.py                           0           1  0.12s           2026-04-03T06:36:12                       5
================================================================================
[2026-04-03T06:36:47.168+0000] {manager.py:997} INFO - 
================================================================================
DAG File Processing Stats

File Path                              PID    Runtime      # DAGs    # Errors  Last Runtime    Last Run               Last # of DB Queries
-------------------------------------  -----  ---------  --------  ----------  --------------  -------------------  ----------------------
/opt/airflow/dags/dag_test_spark.py                             1           0  0.23s           2026-04-03T06:36:18                      10
/opt/airflow/dags/dag_datalab_main.py                           0           1  0.13s           2026-04-03T06:36:43                       5
================================================================================
[2026-04-03T06:37:17.577+0000] {manager.py:997} INFO - 
================================================================================
DAG File Processing Stats

File Path                              PID    Runtime      # DAGs    # Errors  Last Runtime    Last Run               Last # of DB Queries
-------------------------------------  -----  ---------  --------  ----------  --------------  -------------------  ----------------------
/opt/airflow/dags/dag_test_spark.py                             1           0  0.22s           2026-04-03T06:36:48                      10
/opt/airflow/dags/dag_datalab_main.py                           0           1  0.12s           2026-04-03T06:37:13                       5
================================================================================
[2026-04-03T06:37:47.863+0000] {manager.py:997} INFO - 
================================================================================
DAG File Processing Stats

File Path                              PID    Runtime      # DAGs    # Errors  Last Runtime    Last Run               Last # of DB Queries
-------------------------------------  -----  ---------  --------  ----------  --------------  -------------------  ----------------------
/opt/airflow/dags/dag_test_spark.py                             1           0  0.21s           2026-04-03T06:37:18                      10
/opt/airflow/dags/dag_datalab_main.py                           0           1  0.12s           2026-04-03T06:37:43                       5
================================================================================
[2026-04-03T06:38:18.289+0000] {manager.py:997} INFO - 
================================================================================
DAG File Processing Stats

File Path                              PID    Runtime      # DAGs    # Errors  Last Runtime    Last Run               Last # of DB Queries
-------------------------------------  -----  ---------  --------  ----------  --------------  -------------------  ----------------------
/opt/airflow/dags/dag_test_spark.py                             1           0  0.22s           2026-04-03T06:37:49                      10
/opt/airflow/dags/dag_datalab_main.py                           0           1  0.12s           2026-04-03T06:38:14                       5
================================================================================
[2026-04-03T06:38:48.534+0000] {manager.py:997} INFO - 
================================================================================
DAG File Processing Stats

File Path                              PID    Runtime      # DAGs    # Errors  Last Runtime    Last Run               Last # of DB Queries
-------------------------------------  -----  ---------  --------  ----------  --------------  -------------------  ----------------------
/opt/airflow/dags/dag_test_spark.py                             1           0  0.21s           2026-04-03T06:38:19                      10
/opt/airflow/dags/dag_datalab_main.py                           0           1  0.12s           2026-04-03T06:38:39                       5
================================================================================
[2026-04-03T06:39:06.765+0000] {manager.py:821} INFO - Searching for files in /opt/airflow/dags
[2026-04-03T06:39:06.767+0000] {manager.py:824} INFO - There are 2 files in /opt/airflow/dags
[2026-04-03T06:39:18.949+0000] {manager.py:997} INFO - 
================================================================================
DAG File Processing Stats

File Path                              PID    Runtime      # DAGs    # Errors  Last Runtime    Last Run               Last # of DB Queries
-------------------------------------  -----  ---------  --------  ----------  --------------  -------------------  ----------------------
/opt/airflow/dags/dag_test_spark.py                             1           0  0.22s           2026-04-03T06:38:49                      10
/opt/airflow/dags/dag_datalab_main.py                           0           1  0.12s           2026-04-03T06:39:09                       5
================================================================================
[2026-04-03T06:39:49.216+0000] {manager.py:997} INFO - 
================================================================================
DAG File Processing Stats

File Path                              PID    Runtime      # DAGs    # Errors  Last Runtime    Last Run               Last # of DB Queries
-------------------------------------  -----  ---------  --------  ----------  --------------  -------------------  ----------------------
/opt/airflow/dags/dag_test_spark.py                             1           0  0.21s           2026-04-03T06:39:20                      10
/opt/airflow/dags/dag_datalab_main.py                           0           1  0.16s           2026-04-03T06:39:40                       5
================================================================================
[2026-04-03T06:40:19.638+0000] {manager.py:997} INFO - 
================================================================================
DAG File Processing Stats

File Path                              PID    Runtime      # DAGs    # Errors  Last Runtime    Last Run               Last # of DB Queries
-------------------------------------  -----  ---------  --------  ----------  --------------  -------------------  ----------------------
/opt/airflow/dags/dag_test_spark.py                             1           0  0.22s           2026-04-03T06:39:50                      10
/opt/airflow/dags/dag_datalab_main.py                           0           1  0.12s           2026-04-03T06:40:10                       5
================================================================================
[2026-04-03T06:40:49.915+0000] {manager.py:997} INFO - 
================================================================================
DAG File Processing Stats

File Path                              PID    Runtime      # DAGs    # Errors  Last Runtime    Last Run               Last # of DB Queries
-------------------------------------  -----  ---------  --------  ----------  --------------  -------------------  ----------------------
/opt/airflow/dags/dag_test_spark.py                             1           0  0.22s           2026-04-03T06:40:20                      10
/opt/airflow/dags/dag_datalab_main.py                           0           1  0.12s           2026-04-03T06:40:25                       5
================================================================================
[2026-04-03T06:41:20.333+0000] {manager.py:997} INFO - 
================================================================================
DAG File Processing Stats

File Path                              PID    Runtime      # DAGs    # Errors  Last Runtime    Last Run               Last # of DB Queries
-------------------------------------  -----  ---------  --------  ----------  --------------  -------------------  ----------------------
/opt/airflow/dags/dag_test_spark.py                             1           0  0.21s           2026-04-03T06:40:51                      10
/opt/airflow/dags/dag_datalab_main.py                           0           1  0.13s           2026-04-03T06:40:56                       5
================================================================================
[2026-04-03T06:41:50.597+0000] {manager.py:997} INFO - 
================================================================================
DAG File Processing Stats

File Path                              PID    Runtime      # DAGs    # Errors  Last Runtime    Last Run               Last # of DB Queries
-------------------------------------  -----  ---------  --------  ----------  --------------  -------------------  ----------------------
/opt/airflow/dags/dag_test_spark.py                             1           0  0.22s           2026-04-03T06:41:21                      10
/opt/airflow/dags/dag_datalab_main.py                           0           1  0.13s           2026-04-03T06:41:26                       5
================================================================================
[2026-04-03T06:42:21.033+0000] {manager.py:997} INFO - 
================================================================================
DAG File Processing Stats

File Path                              PID    Runtime      # DAGs    # Errors  Last Runtime    Last Run               Last # of DB Queries
-------------------------------------  -----  ---------  --------  ----------  --------------  -------------------  ----------------------
/opt/airflow/dags/dag_test_spark.py                             1           0  0.21s           2026-04-03T06:41:51                      10
/opt/airflow/dags/dag_datalab_main.py                           0           1  0.12s           2026-04-03T06:41:52                       5
================================================================================
[2026-04-03T06:42:51.285+0000] {manager.py:997} INFO - 
================================================================================
DAG File Processing Stats

File Path                              PID    Runtime      # DAGs    # Errors  Last Runtime    Last Run               Last # of DB Queries
-------------------------------------  -----  ---------  --------  ----------  --------------  -------------------  ----------------------
/opt/airflow/dags/dag_test_spark.py                             1           0  0.21s           2026-04-03T06:42:22                      10
/opt/airflow/dags/dag_datalab_main.py                           0           1  0.12s           2026-04-03T06:42:23                       5
================================================================================
[2026-04-03T06:43:21.598+0000] {manager.py:997} INFO - 
================================================================================
DAG File Processing Stats

File Path                              PID    Runtime      # DAGs    # Errors  Last Runtime    Last Run               Last # of DB Queries
-------------------------------------  -----  ---------  --------  ----------  --------------  -------------------  ----------------------
/opt/airflow/dags/dag_test_spark.py                             1           0  0.23s           2026-04-03T06:42:52                      10
/opt/airflow/dags/dag_datalab_main.py                           0           1  0.12s           2026-04-03T06:42:53                       5
================================================================================
[2026-04-03T06:43:51.904+0000] {manager.py:997} INFO - 
================================================================================
DAG File Processing Stats

File Path                              PID    Runtime      # DAGs    # Errors  Last Runtime    Last Run               Last # of DB Queries
-------------------------------------  -----  ---------  --------  ----------  --------------  -------------------  ----------------------
/opt/airflow/dags/dag_test_spark.py                             1           0  0.22s           2026-04-03T06:43:22                      10
/opt/airflow/dags/dag_datalab_main.py                           0           1  0.12s           2026-04-03T06:43:23                       5
================================================================================
[2026-04-03T06:44:07.139+0000] {manager.py:821} INFO - Searching for files in /opt/airflow/dags
[2026-04-03T06:44:07.142+0000] {manager.py:824} INFO - There are 2 files in /opt/airflow/dags
[2026-04-03T06:44:22.264+0000] {manager.py:997} INFO - 
================================================================================
DAG File Processing Stats

File Path                              PID    Runtime      # DAGs    # Errors  Last Runtime    Last Run               Last # of DB Queries
-------------------------------------  -----  ---------  --------  ----------  --------------  -------------------  ----------------------
/opt/airflow/dags/dag_test_spark.py                             1           0  0.21s           2026-04-03T06:43:53                      10
/opt/airflow/dags/dag_datalab_main.py                           0           1  0.12s           2026-04-03T06:43:54                       5
================================================================================
[2026-04-03T06:44:52.543+0000] {manager.py:997} INFO - 
================================================================================
DAG File Processing Stats

File Path                              PID    Runtime      # DAGs    # Errors  Last Runtime    Last Run               Last # of DB Queries
-------------------------------------  -----  ---------  --------  ----------  --------------  -------------------  ----------------------
/opt/airflow/dags/dag_test_spark.py                             1           0  0.22s           2026-04-03T06:44:23                      10
/opt/airflow/dags/dag_datalab_main.py                           0           1  0.12s           2026-04-03T06:44:24                       5
================================================================================
[2026-04-03T06:45:22.858+0000] {manager.py:997} INFO - 
================================================================================
DAG File Processing Stats

File Path                              PID    Runtime      # DAGs    # Errors  Last Runtime    Last Run               Last # of DB Queries
-------------------------------------  -----  ---------  --------  ----------  --------------  -------------------  ----------------------
/opt/airflow/dags/dag_test_spark.py                             1           0  0.22s           2026-04-03T06:44:53                      10
/opt/airflow/dags/dag_datalab_main.py                           0           1  0.12s           2026-04-03T06:44:54                       5
================================================================================
[2026-04-03T06:45:53.309+0000] {manager.py:997} INFO - 
================================================================================
DAG File Processing Stats

File Path                              PID    Runtime      # DAGs    # Errors  Last Runtime    Last Run               Last # of DB Queries
-------------------------------------  -----  ---------  --------  ----------  --------------  -------------------  ----------------------
/opt/airflow/dags/dag_test_spark.py                             1           0  0.22s           2026-04-03T06:45:24                      10
/opt/airflow/dags/dag_datalab_main.py                           0           1  0.13s           2026-04-03T06:45:25                       5
================================================================================
[2026-04-03T06:46:23.562+0000] {manager.py:997} INFO - 
================================================================================
DAG File Processing Stats

File Path                              PID    Runtime      # DAGs    # Errors  Last Runtime    Last Run               Last # of DB Queries
-------------------------------------  -----  ---------  --------  ----------  --------------  -------------------  ----------------------
/opt/airflow/dags/dag_test_spark.py                             1           0  0.22s           2026-04-03T06:45:54                      10
/opt/airflow/dags/dag_datalab_main.py                           0           1  0.12s           2026-04-03T06:45:55                       5
================================================================================
[2026-04-03T06:46:53.879+0000] {manager.py:997} INFO - 
================================================================================
DAG File Processing Stats

File Path                              PID    Runtime      # DAGs    # Errors  Last Runtime    Last Run               Last # of DB Queries
-------------------------------------  -----  ---------  --------  ----------  --------------  -------------------  ----------------------
/opt/airflow/dags/dag_test_spark.py                             1           0  0.21s           2026-04-03T06:46:24                      10
/opt/airflow/dags/dag_datalab_main.py                           0           1  0.13s           2026-04-03T06:46:25                       5
================================================================================
[2026-04-03T06:47:24.200+0000] {manager.py:997} INFO - 
================================================================================
DAG File Processing Stats

File Path                              PID    Runtime      # DAGs    # Errors  Last Runtime    Last Run               Last # of DB Queries
-------------------------------------  -----  ---------  --------  ----------  --------------  -------------------  ----------------------
/opt/airflow/dags/dag_test_spark.py                             1           0  0.23s           2026-04-03T06:46:55                      10
/opt/airflow/dags/dag_datalab_main.py                           0           1  0.12s           2026-04-03T06:46:56                       5
================================================================================
[2026-04-03T06:47:54.629+0000] {manager.py:997} INFO - 
================================================================================
DAG File Processing Stats

File Path                              PID    Runtime      # DAGs    # Errors  Last Runtime    Last Run               Last # of DB Queries
-------------------------------------  -----  ---------  --------  ----------  --------------  -------------------  ----------------------
/opt/airflow/dags/dag_test_spark.py                             1           0  0.22s           2026-04-03T06:47:25                      10
/opt/airflow/dags/dag_datalab_main.py                           0           1  0.12s           2026-04-03T06:47:33                       5
================================================================================
[2026-04-03T06:48:24.877+0000] {manager.py:997} INFO - 
================================================================================
DAG File Processing Stats

File Path                              PID    Runtime      # DAGs    # Errors  Last Runtime    Last Run               Last # of DB Queries
-------------------------------------  -----  ---------  --------  ----------  --------------  -------------------  ----------------------
/opt/airflow/dags/dag_test_spark.py                             1           0  0.23s           2026-04-03T06:47:55                      10
/opt/airflow/dags/dag_datalab_main.py                           0           1  0.12s           2026-04-03T06:48:03                       5
================================================================================
[2026-04-03T06:48:55.305+0000] {manager.py:997} INFO - 
================================================================================
DAG File Processing Stats

File Path                              PID    Runtime      # DAGs    # Errors  Last Runtime    Last Run               Last # of DB Queries
-------------------------------------  -----  ---------  --------  ----------  --------------  -------------------  ----------------------
/opt/airflow/dags/dag_datalab_main.py                           1           0  0.43s           2026-04-03T06:48:37                      32
/opt/airflow/dags/dag_test_spark.py                             1           0  0.22s           2026-04-03T06:48:26                      10
================================================================================
[2026-04-03T06:49:07.398+0000] {manager.py:821} INFO - Searching for files in /opt/airflow/dags
[2026-04-03T06:49:07.400+0000] {manager.py:824} INFO - There are 2 files in /opt/airflow/dags
[2026-04-03T06:49:25.741+0000] {manager.py:997} INFO - 
================================================================================
DAG File Processing Stats

File Path                              PID    Runtime      # DAGs    # Errors  Last Runtime    Last Run               Last # of DB Queries
-------------------------------------  -----  ---------  --------  ----------  --------------  -------------------  ----------------------
/opt/airflow/dags/dag_datalab_main.py                           1           0  0.22s           2026-04-03T06:49:07                      10
/opt/airflow/dags/dag_test_spark.py                             1           0  0.21s           2026-04-03T06:48:56                      10
================================================================================
[2026-04-03T06:49:56.194+0000] {manager.py:997} INFO - 
================================================================================
DAG File Processing Stats

File Path                              PID    Runtime      # DAGs    # Errors  Last Runtime    Last Run               Last # of DB Queries
-------------------------------------  -----  ---------  --------  ----------  --------------  -------------------  ----------------------
/opt/airflow/dags/dag_test_spark.py                             1           0  0.22s           2026-04-03T06:49:26                      10
/opt/airflow/dags/dag_datalab_main.py                           1           0  0.22s           2026-04-03T06:49:38                      10
================================================================================
[2026-04-03T06:50:26.624+0000] {manager.py:997} INFO - 
================================================================================
DAG File Processing Stats

File Path                              PID    Runtime      # DAGs    # Errors  Last Runtime    Last Run               Last # of DB Queries
-------------------------------------  -----  ---------  --------  ----------  --------------  -------------------  ----------------------
/opt/airflow/dags/dag_test_spark.py                             1           0  0.23s           2026-04-03T06:49:57                      10
/opt/airflow/dags/dag_datalab_main.py                           1           0  0.21s           2026-04-03T06:50:08                      10
================================================================================
[2026-04-03T06:50:57.052+0000] {manager.py:997} INFO - 
================================================================================
DAG File Processing Stats

File Path                              PID    Runtime      # DAGs    # Errors  Last Runtime    Last Run               Last # of DB Queries
-------------------------------------  -----  ---------  --------  ----------  --------------  -------------------  ----------------------
/opt/airflow/dags/dag_test_spark.py                             1           0  0.22s           2026-04-03T06:50:27                      10
/opt/airflow/dags/dag_datalab_main.py                           1           0  0.22s           2026-04-03T06:50:39                      10
================================================================================
[2026-04-03T06:51:27.481+0000] {manager.py:997} INFO - 
================================================================================
DAG File Processing Stats

File Path                              PID    Runtime      # DAGs    # Errors  Last Runtime    Last Run               Last # of DB Queries
-------------------------------------  -----  ---------  --------  ----------  --------------  -------------------  ----------------------
/opt/airflow/dags/dag_test_spark.py                             1           0  0.23s           2026-04-03T06:50:58                      10
/opt/airflow/dags/dag_datalab_main.py                           1           0  0.21s           2026-04-03T06:51:09                      10
================================================================================
[2026-04-03T06:51:57.913+0000] {manager.py:997} INFO - 
================================================================================
DAG File Processing Stats

File Path                              PID    Runtime      # DAGs    # Errors  Last Runtime    Last Run               Last # of DB Queries
-------------------------------------  -----  ---------  --------  ----------  --------------  -------------------  ----------------------
/opt/airflow/dags/dag_datalab_main.py                           1           0  0.23s           2026-04-03T06:51:39                      10
/opt/airflow/dags/dag_test_spark.py                             1           0  0.22s           2026-04-03T06:51:28                      10
================================================================================
[2026-04-03T06:52:28.357+0000] {manager.py:997} INFO - 
================================================================================
DAG File Processing Stats

File Path                              PID    Runtime      # DAGs    # Errors  Last Runtime    Last Run               Last # of DB Queries
-------------------------------------  -----  ---------  --------  ----------  --------------  -------------------  ----------------------
/opt/airflow/dags/dag_test_spark.py                             1           0  0.23s           2026-04-03T06:51:59                      10
/opt/airflow/dags/dag_datalab_main.py                           1           0  0.22s           2026-04-03T06:52:10                      10
================================================================================
[2026-04-03T06:52:58.775+0000] {manager.py:997} INFO - 
================================================================================
DAG File Processing Stats

File Path                              PID    Runtime      # DAGs    # Errors  Last Runtime    Last Run               Last # of DB Queries
-------------------------------------  -----  ---------  --------  ----------  --------------  -------------------  ----------------------
/opt/airflow/dags/dag_datalab_main.py                           1           0  0.22s           2026-04-03T06:52:40                      10
/opt/airflow/dags/dag_test_spark.py                             1           0  0.21s           2026-04-03T06:52:29                      10
================================================================================
[2026-04-03T06:53:29.224+0000] {manager.py:997} INFO - 
================================================================================
DAG File Processing Stats

File Path                              PID    Runtime      # DAGs    # Errors  Last Runtime    Last Run               Last # of DB Queries
-------------------------------------  -----  ---------  --------  ----------  --------------  -------------------  ----------------------
/opt/airflow/dags/dag_test_spark.py                             1           0  0.23s           2026-04-03T06:53:00                      10
/opt/airflow/dags/dag_datalab_main.py                           1           0  0.22s           2026-04-03T06:53:11                      10
================================================================================
[2026-04-03T06:53:59.652+0000] {manager.py:997} INFO - 
================================================================================
DAG File Processing Stats

File Path                              PID    Runtime      # DAGs    # Errors  Last Runtime    Last Run               Last # of DB Queries
-------------------------------------  -----  ---------  --------  ----------  --------------  -------------------  ----------------------
/opt/airflow/dags/dag_datalab_main.py                           1           0  0.36s           2026-04-03T06:53:41                      10
/opt/airflow/dags/dag_test_spark.py                             1           0  0.22s           2026-04-03T06:53:30                      10
================================================================================
[2026-04-03T06:54:07.719+0000] {manager.py:821} INFO - Searching for files in /opt/airflow/dags
[2026-04-03T06:54:07.722+0000] {manager.py:824} INFO - There are 2 files in /opt/airflow/dags
[2026-04-03T06:54:30.076+0000] {manager.py:997} INFO - 
================================================================================
DAG File Processing Stats

File Path                              PID    Runtime      # DAGs    # Errors  Last Runtime    Last Run               Last # of DB Queries
-------------------------------------  -----  ---------  --------  ----------  --------------  -------------------  ----------------------
/opt/airflow/dags/dag_datalab_main.py                           1           0  0.23s           2026-04-03T06:54:11                      10
/opt/airflow/dags/dag_test_spark.py                             1           0  0.22s           2026-04-03T06:54:00                      10
================================================================================
[2026-04-03T06:55:00.511+0000] {manager.py:997} INFO - 
================================================================================
DAG File Processing Stats

File Path                              PID    Runtime      # DAGs    # Errors  Last Runtime    Last Run               Last # of DB Queries
-------------------------------------  -----  ---------  --------  ----------  --------------  -------------------  ----------------------
/opt/airflow/dags/dag_datalab_main.py                           1           0  0.22s           2026-04-03T06:54:42                      10
/opt/airflow/dags/dag_test_spark.py                             1           0  0.22s           2026-04-03T06:54:31                      10
================================================================================
[2026-04-03T06:55:30.986+0000] {manager.py:997} INFO - 
================================================================================
DAG File Processing Stats

File Path                              PID    Runtime      # DAGs    # Errors  Last Runtime    Last Run               Last # of DB Queries
-------------------------------------  -----  ---------  --------  ----------  --------------  -------------------  ----------------------
/opt/airflow/dags/dag_datalab_main.py                           1           0  0.40s           2026-04-03T06:55:18                      32
/opt/airflow/dags/dag_test_spark.py                             1           0  0.22s           2026-04-03T06:55:01                      10
================================================================================
[2026-04-03T06:56:01.426+0000] {manager.py:997} INFO - 
================================================================================
DAG File Processing Stats

File Path                              PID    Runtime      # DAGs    # Errors  Last Runtime    Last Run               Last # of DB Queries
-------------------------------------  -----  ---------  --------  ----------  --------------  -------------------  ----------------------
/opt/airflow/dags/dag_test_spark.py                             1           0  0.22s           2026-04-03T06:55:32                      10
/opt/airflow/dags/dag_datalab_main.py                           1           0  0.21s           2026-04-03T06:55:48                      10
================================================================================
[2026-04-03T06:56:31.863+0000] {manager.py:997} INFO - 
================================================================================
DAG File Processing Stats

File Path                              PID    Runtime      # DAGs    # Errors  Last Runtime    Last Run               Last # of DB Queries
-------------------------------------  -----  ---------  --------  ----------  --------------  -------------------  ----------------------
/opt/airflow/dags/dag_test_spark.py                             1           0  0.23s           2026-04-03T06:56:02                      10
/opt/airflow/dags/dag_datalab_main.py                           1           0  0.21s           2026-04-03T06:56:18                      10
================================================================================
[2026-04-03T06:57:02.286+0000] {manager.py:997} INFO - 
================================================================================
DAG File Processing Stats

File Path                              PID    Runtime      # DAGs    # Errors  Last Runtime    Last Run               Last # of DB Queries
-------------------------------------  -----  ---------  --------  ----------  --------------  -------------------  ----------------------
/opt/airflow/dags/dag_datalab_main.py                           1           0  0.28s           2026-04-03T06:56:49                      10
/opt/airflow/dags/dag_test_spark.py                             1           0  0.21s           2026-04-03T06:56:33                      10
================================================================================
[2026-04-03T06:57:32.733+0000] {manager.py:997} INFO - 
================================================================================
DAG File Processing Stats

File Path                              PID    Runtime      # DAGs    # Errors  Last Runtime    Last Run               Last # of DB Queries
-------------------------------------  -----  ---------  --------  ----------  --------------  -------------------  ----------------------
/opt/airflow/dags/dag_test_spark.py                             1           0  0.23s           2026-04-03T06:57:03                      10
/opt/airflow/dags/dag_datalab_main.py                           1           0  0.23s           2026-04-03T06:57:17                      10
================================================================================
[2026-04-03T06:58:03.166+0000] {manager.py:997} INFO - 
================================================================================
DAG File Processing Stats

File Path                              PID    Runtime      # DAGs    # Errors  Last Runtime    Last Run               Last # of DB Queries
-------------------------------------  -----  ---------  --------  ----------  --------------  -------------------  ----------------------
/opt/airflow/dags/dag_test_spark.py                             1           0  0.22s           2026-04-03T06:57:33                      10
/opt/airflow/dags/dag_datalab_main.py                           1           0  0.22s           2026-04-03T06:57:48                      10
================================================================================
[2026-04-03T06:58:33.598+0000] {manager.py:997} INFO - 
================================================================================
DAG File Processing Stats

File Path                              PID    Runtime      # DAGs    # Errors  Last Runtime    Last Run               Last # of DB Queries
-------------------------------------  -----  ---------  --------  ----------  --------------  -------------------  ----------------------
/opt/airflow/dags/dag_datalab_main.py                           1           0  0.23s           2026-04-03T06:58:18                      10
/opt/airflow/dags/dag_test_spark.py                             1           0  0.22s           2026-04-03T06:58:04                      10
================================================================================
[2026-04-03T06:59:04.035+0000] {manager.py:997} INFO - 
================================================================================
DAG File Processing Stats

File Path                              PID    Runtime      # DAGs    # Errors  Last Runtime    Last Run               Last # of DB Queries
-------------------------------------  -----  ---------  --------  ----------  --------------  -------------------  ----------------------
/opt/airflow/dags/dag_datalab_main.py                           1           0  0.26s           2026-04-03T06:58:48                      10
/opt/airflow/dags/dag_test_spark.py                             1           0  0.23s           2026-04-03T06:58:34                      10
================================================================================
[2026-04-03T06:59:08.110+0000] {manager.py:821} INFO - Searching for files in /opt/airflow/dags
[2026-04-03T06:59:08.112+0000] {manager.py:824} INFO - There are 2 files in /opt/airflow/dags
[2026-04-03T06:59:34.453+0000] {manager.py:997} INFO - 
================================================================================
DAG File Processing Stats

File Path                              PID    Runtime      # DAGs    # Errors  Last Runtime    Last Run               Last # of DB Queries
-------------------------------------  -----  ---------  --------  ----------  --------------  -------------------  ----------------------
/opt/airflow/dags/dag_datalab_main.py                           1           0  0.22s           2026-04-03T06:59:19                      10
/opt/airflow/dags/dag_test_spark.py                             1           0  0.21s           2026-04-03T06:59:05                      10
================================================================================
[2026-04-03T07:00:04.900+0000] {manager.py:997} INFO - 
================================================================================
DAG File Processing Stats

File Path                              PID    Runtime      # DAGs    # Errors  Last Runtime    Last Run               Last # of DB Queries
-------------------------------------  -----  ---------  --------  ----------  --------------  -------------------  ----------------------
/opt/airflow/dags/dag_test_spark.py                             1           0  0.24s           2026-04-03T06:59:35                      10
/opt/airflow/dags/dag_datalab_main.py                           1           0  0.22s           2026-04-03T06:59:49                      10
================================================================================
[2026-04-03T07:00:35.330+0000] {manager.py:997} INFO - 
================================================================================
DAG File Processing Stats

File Path                              PID    Runtime      # DAGs    # Errors  Last Runtime    Last Run               Last # of DB Queries
-------------------------------------  -----  ---------  --------  ----------  --------------  -------------------  ----------------------
/opt/airflow/dags/dag_datalab_main.py                           1           0  0.22s           2026-04-03T07:00:20                      10
/opt/airflow/dags/dag_test_spark.py                             1           0  0.22s           2026-04-03T07:00:06                      10
================================================================================
[2026-04-03T07:01:05.607+0000] {manager.py:997} INFO - 
================================================================================
DAG File Processing Stats

File Path                              PID    Runtime      # DAGs    # Errors  Last Runtime    Last Run               Last # of DB Queries
-------------------------------------  -----  ---------  --------  ----------  --------------  -------------------  ----------------------
/opt/airflow/dags/dag_test_spark.py                             1           0  0.29s           2026-04-03T07:00:36                      10
/opt/airflow/dags/dag_datalab_main.py                           1           0  0.22s           2026-04-03T07:00:50                      10
================================================================================
[2026-04-03T07:01:36.233+0000] {manager.py:997} INFO - 
================================================================================
DAG File Processing Stats

File Path                              PID    Runtime      # DAGs    # Errors  Last Runtime    Last Run               Last # of DB Queries
-------------------------------------  -----  ---------  --------  ----------  --------------  -------------------  ----------------------
/opt/airflow/dags/dag_datalab_main.py                           1           0  0.22s           2026-04-03T07:01:21                      10
/opt/airflow/dags/dag_test_spark.py                             1           0  0.22s           2026-04-03T07:01:07                      10
================================================================================
[2026-04-03T07:02:06.657+0000] {manager.py:997} INFO - 
================================================================================
DAG File Processing Stats

File Path                              PID    Runtime      # DAGs    # Errors  Last Runtime    Last Run               Last # of DB Queries
-------------------------------------  -----  ---------  --------  ----------  --------------  -------------------  ----------------------
/opt/airflow/dags/dag_test_spark.py                             1           0  0.21s           2026-04-03T07:01:37                      10
/opt/airflow/dags/dag_datalab_main.py                           1           0  0.21s           2026-04-03T07:01:51                      10
================================================================================
[2026-04-03T07:02:37.073+0000] {manager.py:997} INFO - 
================================================================================
DAG File Processing Stats

File Path                              PID    Runtime      # DAGs    # Errors  Last Runtime    Last Run               Last # of DB Queries
-------------------------------------  -----  ---------  --------  ----------  --------------  -------------------  ----------------------
/opt/airflow/dags/dag_datalab_main.py                           1           0  0.22s           2026-04-03T07:02:22                      10
/opt/airflow/dags/dag_test_spark.py                             1           0  0.21s           2026-04-03T07:02:07                      10
================================================================================
[2026-04-03T07:03:07.487+0000] {manager.py:997} INFO - 
================================================================================
DAG File Processing Stats

File Path                              PID    Runtime      # DAGs    # Errors  Last Runtime    Last Run               Last # of DB Queries
-------------------------------------  -----  ---------  --------  ----------  --------------  -------------------  ----------------------
/opt/airflow/dags/dag_datalab_main.py                           1           0  0.24s           2026-04-03T07:02:52                      10
/opt/airflow/dags/dag_test_spark.py                             1           0  0.21s           2026-04-03T07:02:38                      10
================================================================================
[2026-04-03T07:03:37.908+0000] {manager.py:997} INFO - 
================================================================================
DAG File Processing Stats

File Path                              PID    Runtime      # DAGs    # Errors  Last Runtime    Last Run               Last # of DB Queries
-------------------------------------  -----  ---------  --------  ----------  --------------  -------------------  ----------------------
/opt/airflow/dags/dag_test_spark.py                             1           0  0.22s           2026-04-03T07:03:08                      10
/opt/airflow/dags/dag_datalab_main.py                           1           0  0.22s           2026-04-03T07:03:22                      10
================================================================================
[2026-04-03T07:04:08.326+0000] {manager.py:821} INFO - Searching for files in /opt/airflow/dags
[2026-04-03T07:04:08.328+0000] {manager.py:824} INFO - There are 2 files in /opt/airflow/dags
[2026-04-03T07:04:08.345+0000] {manager.py:997} INFO - 
================================================================================
DAG File Processing Stats

File Path                              PID    Runtime      # DAGs    # Errors  Last Runtime    Last Run               Last # of DB Queries
-------------------------------------  -----  ---------  --------  ----------  --------------  -------------------  ----------------------
/opt/airflow/dags/dag_test_spark.py                             1           0  0.22s           2026-04-03T07:03:39                      10
/opt/airflow/dags/dag_datalab_main.py                           1           0  0.20s           2026-04-03T07:03:53                      10
================================================================================
[2026-04-03T07:04:13.375+0000] {manager.py:465} INFO - Exiting gracefully upon receiving signal 15
[2026-04-03T07:41:06.152+0000] {manager.py:483} INFO - Processing files using up to 2 processes at a time 
[2026-04-03T07:41:06.157+0000] {manager.py:484} INFO - Process each file at most once every 30 seconds
[2026-04-03T07:41:06.157+0000] {manager.py:485} INFO - Checking for new files in /opt/airflow/dags every 300 seconds
[2026-04-03T07:41:06.158+0000] {manager.py:821} INFO - Searching for files in /opt/airflow/dags
[2026-04-03T07:41:06.161+0000] {manager.py:824} INFO - There are 2 files in /opt/airflow/dags
[2026-04-03T07:41:06.304+0000] {manager.py:997} INFO - 
================================================================================
DAG File Processing Stats

File Path                                PID  Runtime      # DAGs    # Errors  Last Runtime    Last Run      Last # of DB Queries
-------------------------------------  -----  ---------  --------  ----------  --------------  ----------  ----------------------
/opt/airflow/dags/dag_test_spark.py      187  0.04s             0           0                                                   0
/opt/airflow/dags/dag_datalab_main.py    184  0.06s             0           0                                                   0
================================================================================
[2026-04-03T07:41:36.307+0000] {manager.py:997} INFO - 
================================================================================
DAG File Processing Stats

File Path                              PID    Runtime      # DAGs    # Errors  Last Runtime    Last Run               Last # of DB Queries
-------------------------------------  -----  ---------  --------  ----------  --------------  -------------------  ----------------------
/opt/airflow/dags/dag_datalab_main.py                           1           0  0.85s           2026-04-03T07:41:07                      43
/opt/airflow/dags/dag_test_spark.py                             1           0  0.83s           2026-04-03T07:41:07                      40
================================================================================
[2026-04-03T07:42:06.745+0000] {manager.py:997} INFO - 
================================================================================
DAG File Processing Stats

File Path                              PID    Runtime      # DAGs    # Errors  Last Runtime    Last Run               Last # of DB Queries
-------------------------------------  -----  ---------  --------  ----------  --------------  -------------------  ----------------------
/opt/airflow/dags/dag_datalab_main.py                           1           0  0.22s           2026-04-03T07:41:37                      10
/opt/airflow/dags/dag_test_spark.py                             1           0  0.21s           2026-04-03T07:41:37                      10
================================================================================
[2026-04-03T07:42:37.168+0000] {manager.py:997} INFO - 
================================================================================
DAG File Processing Stats

File Path                              PID    Runtime      # DAGs    # Errors  Last Runtime    Last Run               Last # of DB Queries
-------------------------------------  -----  ---------  --------  ----------  --------------  -------------------  ----------------------
/opt/airflow/dags/dag_datalab_main.py                           1           0  0.21s           2026-04-03T07:42:07                      10
/opt/airflow/dags/dag_test_spark.py                             1           0  0.20s           2026-04-03T07:42:07                      10
================================================================================
[2026-04-03T07:43:07.422+0000] {manager.py:997} INFO - 
================================================================================
DAG File Processing Stats

File Path                              PID    Runtime      # DAGs    # Errors  Last Runtime    Last Run               Last # of DB Queries
-------------------------------------  -----  ---------  --------  ----------  --------------  -------------------  ----------------------
/opt/airflow/dags/dag_datalab_main.py                           1           0  0.23s           2026-04-03T07:42:38                      10
/opt/airflow/dags/dag_test_spark.py                             1           0  0.21s           2026-04-03T07:42:38                      10
================================================================================
[2026-04-03T07:43:37.863+0000] {manager.py:997} INFO - 
================================================================================
DAG File Processing Stats

File Path                              PID    Runtime      # DAGs    # Errors  Last Runtime    Last Run               Last # of DB Queries
-------------------------------------  -----  ---------  --------  ----------  --------------  -------------------  ----------------------
/opt/airflow/dags/dag_datalab_main.py                           1           0  0.22s           2026-04-03T07:43:08                      10
/opt/airflow/dags/dag_test_spark.py                             1           0  0.21s           2026-04-03T07:43:08                      10
================================================================================
[2026-04-03T07:44:08.292+0000] {manager.py:997} INFO - 
================================================================================
DAG File Processing Stats

File Path                              PID    Runtime      # DAGs    # Errors  Last Runtime    Last Run               Last # of DB Queries
-------------------------------------  -----  ---------  --------  ----------  --------------  -------------------  ----------------------
/opt/airflow/dags/dag_test_spark.py                             1           0  0.22s           2026-04-03T07:43:39                      10
/opt/airflow/dags/dag_datalab_main.py                           1           0  0.21s           2026-04-03T07:43:39                      10
================================================================================
[2026-04-03T07:44:38.548+0000] {manager.py:997} INFO - 
================================================================================
DAG File Processing Stats

File Path                              PID    Runtime      # DAGs    # Errors  Last Runtime    Last Run               Last # of DB Queries
-------------------------------------  -----  ---------  --------  ----------  --------------  -------------------  ----------------------
/opt/airflow/dags/dag_datalab_main.py                           1           0  0.23s           2026-04-03T07:44:09                      10
/opt/airflow/dags/dag_test_spark.py                             1           0  0.20s           2026-04-03T07:44:09                      10
================================================================================
[2026-04-03T07:45:08.933+0000] {manager.py:997} INFO - 
================================================================================
DAG File Processing Stats

File Path                              PID    Runtime      # DAGs    # Errors  Last Runtime    Last Run               Last # of DB Queries
-------------------------------------  -----  ---------  --------  ----------  --------------  -------------------  ----------------------
/opt/airflow/dags/dag_datalab_main.py                           1           0  0.22s           2026-04-03T07:44:39                      10
/opt/airflow/dags/dag_test_spark.py                             1           0  0.21s           2026-04-03T07:44:39                      10
================================================================================
[2026-04-03T07:45:39.361+0000] {manager.py:997} INFO - 
================================================================================
DAG File Processing Stats

File Path                              PID    Runtime      # DAGs    # Errors  Last Runtime    Last Run               Last # of DB Queries
-------------------------------------  -----  ---------  --------  ----------  --------------  -------------------  ----------------------
/opt/airflow/dags/dag_datalab_main.py                           1           0  0.21s           2026-04-03T07:45:10                      10
/opt/airflow/dags/dag_test_spark.py                             1           0  0.21s           2026-04-03T07:45:10                      10
================================================================================
[2026-04-03T07:46:06.581+0000] {manager.py:821} INFO - Searching for files in /opt/airflow/dags
[2026-04-03T07:46:06.583+0000] {manager.py:824} INFO - There are 2 files in /opt/airflow/dags
[2026-04-03T07:46:09.621+0000] {manager.py:997} INFO - 
================================================================================
DAG File Processing Stats

File Path                              PID    Runtime      # DAGs    # Errors  Last Runtime    Last Run               Last # of DB Queries
-------------------------------------  -----  ---------  --------  ----------  --------------  -------------------  ----------------------
/opt/airflow/dags/dag_datalab_main.py                           1           0  0.22s           2026-04-03T07:45:40                      10
/opt/airflow/dags/dag_test_spark.py                             1           0  0.21s           2026-04-03T07:45:40                      10
================================================================================
[2026-04-03T07:46:40.072+0000] {manager.py:997} INFO - 
================================================================================
DAG File Processing Stats

File Path                              PID    Runtime      # DAGs    # Errors  Last Runtime    Last Run               Last # of DB Queries
-------------------------------------  -----  ---------  --------  ----------  --------------  -------------------  ----------------------
/opt/airflow/dags/dag_datalab_main.py                           1           0  0.22s           2026-04-03T07:46:10                      10
/opt/airflow/dags/dag_test_spark.py                             1           0  0.22s           2026-04-03T07:46:10                      10
================================================================================
[2026-04-03T07:47:10.376+0000] {manager.py:997} INFO - 
================================================================================
DAG File Processing Stats

File Path                              PID    Runtime      # DAGs    # Errors  Last Runtime    Last Run               Last # of DB Queries
-------------------------------------  -----  ---------  --------  ----------  --------------  -------------------  ----------------------
/opt/airflow/dags/dag_datalab_main.py                           1           0  0.31s           2026-04-03T07:46:41                      10
/opt/airflow/dags/dag_test_spark.py                             1           0  0.29s           2026-04-03T07:46:41                      10
================================================================================
[2026-04-03T07:47:41.070+0000] {manager.py:997} INFO - 
================================================================================
DAG File Processing Stats

File Path                              PID    Runtime      # DAGs    # Errors  Last Runtime    Last Run               Last # of DB Queries
-------------------------------------  -----  ---------  --------  ----------  --------------  -------------------  ----------------------
/opt/airflow/dags/dag_test_spark.py                             1           0  0.24s           2026-04-03T07:47:11                      10
/opt/airflow/dags/dag_datalab_main.py                           1           0  0.23s           2026-04-03T07:47:11                      10
================================================================================
[2026-04-03T07:48:11.536+0000] {manager.py:997} INFO - 
================================================================================
DAG File Processing Stats

File Path                              PID    Runtime      # DAGs    # Errors  Last Runtime    Last Run               Last # of DB Queries
-------------------------------------  -----  ---------  --------  ----------  --------------  -------------------  ----------------------
/opt/airflow/dags/dag_datalab_main.py                           1           0  0.23s           2026-04-03T07:47:42                      10
/opt/airflow/dags/dag_test_spark.py                             1           0  0.22s           2026-04-03T07:47:42                      10
================================================================================
[2026-04-03T07:48:42.018+0000] {manager.py:997} INFO - 
================================================================================
DAG File Processing Stats

File Path                              PID    Runtime      # DAGs    # Errors  Last Runtime    Last Run               Last # of DB Queries
-------------------------------------  -----  ---------  --------  ----------  --------------  -------------------  ----------------------
/opt/airflow/dags/dag_datalab_main.py                           1           0  0.27s           2026-04-03T07:48:12                      10
/opt/airflow/dags/dag_test_spark.py                             1           0  0.22s           2026-04-03T07:48:12                      10
================================================================================
[2026-04-03T07:49:12.283+0000] {manager.py:997} INFO - 
================================================================================
DAG File Processing Stats

File Path                              PID    Runtime      # DAGs    # Errors  Last Runtime    Last Run               Last # of DB Queries
-------------------------------------  -----  ---------  --------  ----------  --------------  -------------------  ----------------------
/opt/airflow/dags/dag_datalab_main.py                           1           0  0.24s           2026-04-03T07:48:43                      10
/opt/airflow/dags/dag_test_spark.py                             1           0  0.23s           2026-04-03T07:48:43                      10
================================================================================
[2026-04-03T07:49:42.793+0000] {manager.py:997} INFO - 
================================================================================
DAG File Processing Stats

File Path                              PID    Runtime      # DAGs    # Errors  Last Runtime    Last Run               Last # of DB Queries
-------------------------------------  -----  ---------  --------  ----------  --------------  -------------------  ----------------------
/opt/airflow/dags/dag_test_spark.py                             1           0  0.25s           2026-04-03T07:49:13                      10
/opt/airflow/dags/dag_datalab_main.py                           1           0  0.24s           2026-04-03T07:49:13                      10
================================================================================
[2026-04-03T07:50:13.396+0000] {manager.py:997} INFO - 
================================================================================
DAG File Processing Stats

File Path                              PID    Runtime      # DAGs    # Errors  Last Runtime    Last Run               Last # of DB Queries
-------------------------------------  -----  ---------  --------  ----------  --------------  -------------------  ----------------------
/opt/airflow/dags/dag_datalab_main.py                           1           0  0.34s           2026-04-03T07:49:44                      10
/opt/airflow/dags/dag_test_spark.py                             1           0  0.32s           2026-04-03T07:49:44                      10
================================================================================
[2026-04-03T07:50:43.878+0000] {manager.py:997} INFO - 
================================================================================
DAG File Processing Stats

File Path                              PID    Runtime      # DAGs    # Errors  Last Runtime    Last Run               Last # of DB Queries
-------------------------------------  -----  ---------  --------  ----------  --------------  -------------------  ----------------------
/opt/airflow/dags/dag_datalab_main.py                           1           0  0.24s           2026-04-03T07:50:14                      10
/opt/airflow/dags/dag_test_spark.py                             1           0  0.24s           2026-04-03T07:50:14                      10
================================================================================
[2026-04-03T07:51:07.091+0000] {manager.py:821} INFO - Searching for files in /opt/airflow/dags
[2026-04-03T07:51:07.096+0000] {manager.py:824} INFO - There are 2 files in /opt/airflow/dags
[2026-04-03T07:51:14.174+0000] {manager.py:997} INFO - 
================================================================================
DAG File Processing Stats

File Path                              PID    Runtime      # DAGs    # Errors  Last Runtime    Last Run               Last # of DB Queries
-------------------------------------  -----  ---------  --------  ----------  --------------  -------------------  ----------------------
/opt/airflow/dags/dag_datalab_main.py                           1           0  0.24s           2026-04-03T07:50:45                      10
/opt/airflow/dags/dag_test_spark.py                             1           0  0.22s           2026-04-03T07:50:45                      10
================================================================================
[2026-04-03T07:51:44.645+0000] {manager.py:997} INFO - 
================================================================================
DAG File Processing Stats

File Path                              PID    Runtime      # DAGs    # Errors  Last Runtime    Last Run               Last # of DB Queries
-------------------------------------  -----  ---------  --------  ----------  --------------  -------------------  ----------------------
/opt/airflow/dags/dag_datalab_main.py                           1           0  0.23s           2026-04-03T07:51:15                      10
/opt/airflow/dags/dag_test_spark.py                             1           0  0.23s           2026-04-03T07:51:15                      10
================================================================================
[2026-04-03T07:52:15.125+0000] {manager.py:997} INFO - 
================================================================================
DAG File Processing Stats

File Path                              PID    Runtime      # DAGs    # Errors  Last Runtime    Last Run               Last # of DB Queries
-------------------------------------  -----  ---------  --------  ----------  --------------  -------------------  ----------------------
/opt/airflow/dags/dag_test_spark.py                             1           0  0.24s           2026-04-03T07:51:45                      10
/opt/airflow/dags/dag_datalab_main.py                           1           0  0.23s           2026-04-03T07:51:45                      10
================================================================================
[2026-04-03T07:52:45.410+0000] {manager.py:997} INFO - 
================================================================================
DAG File Processing Stats

File Path                              PID    Runtime      # DAGs    # Errors  Last Runtime    Last Run               Last # of DB Queries
-------------------------------------  -----  ---------  --------  ----------  --------------  -------------------  ----------------------
/opt/airflow/dags/dag_datalab_main.py                           1           0  0.24s           2026-04-03T07:52:16                      10
/opt/airflow/dags/dag_test_spark.py                             1           0  0.22s           2026-04-03T07:52:16                      10
================================================================================
[2026-04-03T07:53:15.838+0000] {manager.py:997} INFO - 
================================================================================
DAG File Processing Stats

File Path                              PID    Runtime      # DAGs    # Errors  Last Runtime    Last Run               Last # of DB Queries
-------------------------------------  -----  ---------  --------  ----------  --------------  -------------------  ----------------------
/opt/airflow/dags/dag_datalab_main.py                           1           0  0.28s           2026-04-03T07:52:46                      10
/opt/airflow/dags/dag_test_spark.py                             1           0  0.26s           2026-04-03T07:52:46                      10
================================================================================
[2026-04-03T07:53:46.351+0000] {manager.py:997} INFO - 
================================================================================
DAG File Processing Stats

File Path                              PID    Runtime      # DAGs    # Errors  Last Runtime    Last Run               Last # of DB Queries
-------------------------------------  -----  ---------  --------  ----------  --------------  -------------------  ----------------------
/opt/airflow/dags/dag_datalab_main.py                           1           0  0.26s           2026-04-03T07:53:17                      10
/opt/airflow/dags/dag_test_spark.py                             1           0  0.25s           2026-04-03T07:53:17                      10
================================================================================
[2026-04-03T07:54:16.837+0000] {manager.py:997} INFO - 
================================================================================
DAG File Processing Stats

File Path                              PID    Runtime      # DAGs    # Errors  Last Runtime    Last Run               Last # of DB Queries
-------------------------------------  -----  ---------  --------  ----------  --------------  -------------------  ----------------------
/opt/airflow/dags/dag_datalab_main.py                           1           0  0.24s           2026-04-03T07:53:47                      10
/opt/airflow/dags/dag_test_spark.py                             1           0  0.24s           2026-04-03T07:53:47                      10
================================================================================
[2026-04-03T07:54:47.127+0000] {manager.py:997} INFO - 
================================================================================
DAG File Processing Stats

File Path                              PID    Runtime      # DAGs    # Errors  Last Runtime    Last Run               Last # of DB Queries
-------------------------------------  -----  ---------  --------  ----------  --------------  -------------------  ----------------------
/opt/airflow/dags/dag_datalab_main.py                           1           0  0.25s           2026-04-03T07:54:18                      10
/opt/airflow/dags/dag_test_spark.py                             1           0  0.24s           2026-04-03T07:54:18                      10
================================================================================
[2026-04-03T07:55:17.559+0000] {manager.py:997} INFO - 
================================================================================
DAG File Processing Stats

File Path                              PID    Runtime      # DAGs    # Errors  Last Runtime    Last Run               Last # of DB Queries
-------------------------------------  -----  ---------  --------  ----------  --------------  -------------------  ----------------------
/opt/airflow/dags/dag_datalab_main.py                           1           0  0.24s           2026-04-03T07:54:48                      10
/opt/airflow/dags/dag_test_spark.py                             1           0  0.23s           2026-04-03T07:54:48                      10
================================================================================
[2026-04-03T07:55:47.860+0000] {manager.py:997} INFO - 
================================================================================
DAG File Processing Stats

File Path                              PID    Runtime      # DAGs    # Errors  Last Runtime    Last Run               Last # of DB Queries
-------------------------------------  -----  ---------  --------  ----------  --------------  -------------------  ----------------------
/opt/airflow/dags/dag_datalab_main.py                           1           0  0.29s           2026-04-03T07:55:18                      10
/opt/airflow/dags/dag_test_spark.py                             1           0  0.26s           2026-04-03T07:55:18                      10
================================================================================
[2026-04-03T07:56:07.307+0000] {manager.py:821} INFO - Searching for files in /opt/airflow/dags
[2026-04-03T07:56:07.310+0000] {manager.py:824} INFO - There are 2 files in /opt/airflow/dags
[2026-04-03T07:56:18.415+0000] {manager.py:997} INFO - 
================================================================================
DAG File Processing Stats

File Path                              PID    Runtime      # DAGs    # Errors  Last Runtime    Last Run               Last # of DB Queries
-------------------------------------  -----  ---------  --------  ----------  --------------  -------------------  ----------------------
/opt/airflow/dags/dag_test_spark.py                             1           0  0.28s           2026-04-03T07:55:49                      10
/opt/airflow/dags/dag_datalab_main.py                           1           0  0.24s           2026-04-03T07:55:49                      10
================================================================================
[2026-04-03T07:56:48.922+0000] {manager.py:997} INFO - 
================================================================================
DAG File Processing Stats

File Path                              PID    Runtime      # DAGs    # Errors  Last Runtime    Last Run               Last # of DB Queries
-------------------------------------  -----  ---------  --------  ----------  --------------  -------------------  ----------------------
/opt/airflow/dags/dag_datalab_main.py                           1           0  0.26s           2026-04-03T07:56:19                      10
/opt/airflow/dags/dag_test_spark.py                             1           0  0.25s           2026-04-03T07:56:19                      10
================================================================================
[2026-04-03T07:57:19.185+0000] {manager.py:997} INFO - 
================================================================================
DAG File Processing Stats

File Path                              PID    Runtime      # DAGs    # Errors  Last Runtime    Last Run               Last # of DB Queries
-------------------------------------  -----  ---------  --------  ----------  --------------  -------------------  ----------------------
/opt/airflow/dags/dag_datalab_main.py                           1           0  0.23s           2026-04-03T07:56:50                      10
/opt/airflow/dags/dag_test_spark.py                             1           0  0.21s           2026-04-03T07:56:50                      10
================================================================================
[2026-04-03T07:57:49.562+0000] {manager.py:997} INFO - 
================================================================================
DAG File Processing Stats

File Path                              PID    Runtime      # DAGs    # Errors  Last Runtime    Last Run               Last # of DB Queries
-------------------------------------  -----  ---------  --------  ----------  --------------  -------------------  ----------------------
/opt/airflow/dags/dag_datalab_main.py                           1           0  0.25s           2026-04-03T07:57:20                      10
/opt/airflow/dags/dag_test_spark.py                             1           0  0.23s           2026-04-03T07:57:20                      10
================================================================================
[2026-04-03T07:58:20.023+0000] {manager.py:997} INFO - 
================================================================================
DAG File Processing Stats

File Path                              PID    Runtime      # DAGs    # Errors  Last Runtime    Last Run               Last # of DB Queries
-------------------------------------  -----  ---------  --------  ----------  --------------  -------------------  ----------------------
/opt/airflow/dags/dag_datalab_main.py                           1           0  0.23s           2026-04-03T07:57:50                      10
/opt/airflow/dags/dag_test_spark.py                             1           0  0.22s           2026-04-03T07:57:50                      10
================================================================================
[2026-04-03T07:58:50.480+0000] {manager.py:997} INFO - 
================================================================================
DAG File Processing Stats

File Path                              PID    Runtime      # DAGs    # Errors  Last Runtime    Last Run               Last # of DB Queries
-------------------------------------  -----  ---------  --------  ----------  --------------  -------------------  ----------------------
/opt/airflow/dags/dag_datalab_main.py                           1           0  0.23s           2026-04-03T07:58:21                      10
/opt/airflow/dags/dag_test_spark.py                             1           0  0.23s           2026-04-03T07:58:21                      10
================================================================================
[2026-04-03T07:59:20.996+0000] {manager.py:997} INFO - 
================================================================================
DAG File Processing Stats

File Path                              PID    Runtime      # DAGs    # Errors  Last Runtime    Last Run               Last # of DB Queries
-------------------------------------  -----  ---------  --------  ----------  --------------  -------------------  ----------------------
/opt/airflow/dags/dag_datalab_main.py                           1           0  0.27s           2026-04-03T07:58:51                      10
/opt/airflow/dags/dag_test_spark.py                             1           0  0.26s           2026-04-03T07:58:51                      10
================================================================================
[2026-04-03T07:59:51.279+0000] {manager.py:997} INFO - 
================================================================================
DAG File Processing Stats

File Path                              PID    Runtime      # DAGs    # Errors  Last Runtime    Last Run               Last # of DB Queries
-------------------------------------  -----  ---------  --------  ----------  --------------  -------------------  ----------------------
/opt/airflow/dags/dag_datalab_main.py                           1           0  0.25s           2026-04-03T07:59:22                      10
/opt/airflow/dags/dag_test_spark.py                             1           0  0.23s           2026-04-03T07:59:22                      10
================================================================================
[2026-04-03T08:00:21.772+0000] {manager.py:997} INFO - 
================================================================================
DAG File Processing Stats

File Path                              PID    Runtime      # DAGs    # Errors  Last Runtime    Last Run               Last # of DB Queries
-------------------------------------  -----  ---------  --------  ----------  --------------  -------------------  ----------------------
/opt/airflow/dags/dag_test_spark.py                             1           0  0.24s           2026-04-03T07:59:52                      10
/opt/airflow/dags/dag_datalab_main.py                           1           0  0.24s           2026-04-03T07:59:52                      10
================================================================================
[2026-04-03T08:00:52.035+0000] {manager.py:997} INFO - 
================================================================================
DAG File Processing Stats

File Path                              PID    Runtime      # DAGs    # Errors  Last Runtime    Last Run               Last # of DB Queries
-------------------------------------  -----  ---------  --------  ----------  --------------  -------------------  ----------------------
/opt/airflow/dags/dag_datalab_main.py                           1           0  0.26s           2026-04-03T08:00:23                      10
/opt/airflow/dags/dag_test_spark.py                             1           0  0.24s           2026-04-03T08:00:23                      10
================================================================================
[2026-04-03T08:01:07.370+0000] {manager.py:821} INFO - Searching for files in /opt/airflow/dags
[2026-04-03T08:01:07.373+0000] {manager.py:824} INFO - There are 2 files in /opt/airflow/dags
[2026-04-03T08:01:22.491+0000] {manager.py:997} INFO - 
================================================================================
DAG File Processing Stats

File Path                              PID    Runtime      # DAGs    # Errors  Last Runtime    Last Run               Last # of DB Queries
-------------------------------------  -----  ---------  --------  ----------  --------------  -------------------  ----------------------
/opt/airflow/dags/dag_test_spark.py                             1           0  0.22s           2026-04-03T08:00:53                      10
/opt/airflow/dags/dag_datalab_main.py                           1           0  0.21s           2026-04-03T08:00:53                      10
================================================================================
[2026-04-03T08:01:52.934+0000] {manager.py:997} INFO - 
================================================================================
DAG File Processing Stats

File Path                              PID    Runtime      # DAGs    # Errors  Last Runtime    Last Run               Last # of DB Queries
-------------------------------------  -----  ---------  --------  ----------  --------------  -------------------  ----------------------
/opt/airflow/dags/dag_datalab_main.py                           1           0  0.23s           2026-04-03T08:01:23                      10
/opt/airflow/dags/dag_test_spark.py                             1           0  0.23s           2026-04-03T08:01:23                      10
================================================================================
[2026-04-03T08:02:23.372+0000] {manager.py:997} INFO - 
================================================================================
DAG File Processing Stats

File Path                              PID    Runtime      # DAGs    # Errors  Last Runtime    Last Run               Last # of DB Queries
-------------------------------------  -----  ---------  --------  ----------  --------------  -------------------  ----------------------
/opt/airflow/dags/dag_datalab_main.py                           1           0  0.23s           2026-04-03T08:01:54                      10
/opt/airflow/dags/dag_test_spark.py                             1           0  0.22s           2026-04-03T08:01:54                      10
================================================================================
[2026-04-03T08:02:53.832+0000] {manager.py:997} INFO - 
================================================================================
DAG File Processing Stats

File Path                              PID    Runtime      # DAGs    # Errors  Last Runtime    Last Run               Last # of DB Queries
-------------------------------------  -----  ---------  --------  ----------  --------------  -------------------  ----------------------
/opt/airflow/dags/dag_datalab_main.py                           1           0  0.46s           2026-04-03T08:02:42                      38
/opt/airflow/dags/dag_test_spark.py                             1           0  0.22s           2026-04-03T08:02:24                      10
================================================================================
[2026-04-03T08:03:24.285+0000] {manager.py:997} INFO - 
================================================================================
DAG File Processing Stats

File Path                              PID    Runtime      # DAGs    # Errors  Last Runtime    Last Run               Last # of DB Queries
-------------------------------------  -----  ---------  --------  ----------  --------------  -------------------  ----------------------
/opt/airflow/dags/dag_test_spark.py                             1           0  0.22s           2026-04-03T08:02:55                      10
/opt/airflow/dags/dag_datalab_main.py                           1           0  0.22s           2026-04-03T08:03:12                      10
================================================================================
[2026-04-03T08:03:54.786+0000] {manager.py:997} INFO - 
================================================================================
DAG File Processing Stats

File Path                              PID    Runtime      # DAGs    # Errors  Last Runtime    Last Run               Last # of DB Queries
-------------------------------------  -----  ---------  --------  ----------  --------------  -------------------  ----------------------
/opt/airflow/dags/dag_datalab_main.py                           1           0  0.26s           2026-04-03T08:03:42                      10
/opt/airflow/dags/dag_test_spark.py                             1           0  0.24s           2026-04-03T08:03:25                      10
================================================================================
[2026-04-03T08:04:25.354+0000] {manager.py:997} INFO - 
================================================================================
DAG File Processing Stats

File Path                              PID    Runtime      # DAGs    # Errors  Last Runtime    Last Run               Last # of DB Queries
-------------------------------------  -----  ---------  --------  ----------  --------------  -------------------  ----------------------
/opt/airflow/dags/dag_test_spark.py                             1           0  0.32s           2026-04-03T08:03:56                      10
/opt/airflow/dags/dag_datalab_main.py                           1           0  0.24s           2026-04-03T08:04:13                      10
================================================================================
[2026-04-03T08:04:55.846+0000] {manager.py:997} INFO - 
================================================================================
DAG File Processing Stats

File Path                              PID    Runtime      # DAGs    # Errors  Last Runtime    Last Run               Last # of DB Queries
-------------------------------------  -----  ---------  --------  ----------  --------------  -------------------  ----------------------
/opt/airflow/dags/dag_datalab_main.py                           1           0  0.25s           2026-04-03T08:04:43                      10
/opt/airflow/dags/dag_test_spark.py                             1           0  0.25s           2026-04-03T08:04:26                      10
================================================================================
[2026-04-03T08:05:26.346+0000] {manager.py:997} INFO - 
================================================================================
DAG File Processing Stats

File Path                              PID    Runtime      # DAGs    # Errors  Last Runtime    Last Run               Last # of DB Queries
-------------------------------------  -----  ---------  --------  ----------  --------------  -------------------  ----------------------
/opt/airflow/dags/dag_datalab_main.py                           1           0  0.25s           2026-04-03T08:05:14                      10
/opt/airflow/dags/dag_test_spark.py                             1           0  0.25s           2026-04-03T08:04:57                      10
================================================================================
[2026-04-03T08:05:56.840+0000] {manager.py:997} INFO - 
================================================================================
DAG File Processing Stats

File Path                              PID    Runtime      # DAGs    # Errors  Last Runtime    Last Run               Last # of DB Queries
-------------------------------------  -----  ---------  --------  ----------  --------------  -------------------  ----------------------
/opt/airflow/dags/dag_datalab_main.py                           1           0  0.26s           2026-04-03T08:05:44                      10
/opt/airflow/dags/dag_test_spark.py                             1           0  0.25s           2026-04-03T08:05:27                      10
================================================================================
[2026-04-03T08:06:08.087+0000] {manager.py:821} INFO - Searching for files in /opt/airflow/dags
[2026-04-03T08:06:08.089+0000] {manager.py:824} INFO - There are 2 files in /opt/airflow/dags
[2026-04-03T08:06:27.311+0000] {manager.py:997} INFO - 
================================================================================
DAG File Processing Stats

File Path                              PID    Runtime      # DAGs    # Errors  Last Runtime    Last Run               Last # of DB Queries
-------------------------------------  -----  ---------  --------  ----------  --------------  -------------------  ----------------------
/opt/airflow/dags/dag_datalab_main.py                           1           0  0.25s           2026-04-03T08:06:15                      10
/opt/airflow/dags/dag_test_spark.py                             1           0  0.23s           2026-04-03T08:05:58                      10
================================================================================
[2026-04-03T08:06:57.836+0000] {manager.py:997} INFO - 
================================================================================
DAG File Processing Stats

File Path                              PID    Runtime      # DAGs    # Errors  Last Runtime    Last Run               Last # of DB Queries
-------------------------------------  -----  ---------  --------  ----------  --------------  -------------------  ----------------------
/opt/airflow/dags/dag_test_spark.py                             1           0  0.28s           2026-04-03T08:06:28                      10
/opt/airflow/dags/dag_datalab_main.py                           1           0  0.24s           2026-04-03T08:06:45                      10
================================================================================
[2026-04-03T08:07:28.311+0000] {manager.py:997} INFO - 
================================================================================
DAG File Processing Stats

File Path                              PID    Runtime      # DAGs    # Errors  Last Runtime    Last Run               Last # of DB Queries
-------------------------------------  -----  ---------  --------  ----------  --------------  -------------------  ----------------------
/opt/airflow/dags/dag_datalab_main.py                           1           0  0.23s           2026-04-03T08:07:16                      10
/opt/airflow/dags/dag_test_spark.py                             1           0  0.23s           2026-04-03T08:06:59                      10
================================================================================
[2026-04-03T08:07:58.781+0000] {manager.py:997} INFO - 
================================================================================
DAG File Processing Stats

File Path                              PID    Runtime      # DAGs    # Errors  Last Runtime    Last Run               Last # of DB Queries
-------------------------------------  -----  ---------  --------  ----------  --------------  -------------------  ----------------------
/opt/airflow/dags/dag_datalab_main.py                           1           0  0.29s           2026-04-03T08:07:46                      10
/opt/airflow/dags/dag_test_spark.py                             1           0  0.23s           2026-04-03T08:07:29                      10
================================================================================
[2026-04-03T08:08:29.283+0000] {manager.py:997} INFO - 
================================================================================
DAG File Processing Stats

File Path                              PID    Runtime      # DAGs    # Errors  Last Runtime    Last Run               Last # of DB Queries
-------------------------------------  -----  ---------  --------  ----------  --------------  -------------------  ----------------------
/opt/airflow/dags/dag_test_spark.py                             1           0  0.26s           2026-04-03T08:08:00                      10
/opt/airflow/dags/dag_datalab_main.py                           1           0  0.25s           2026-04-03T08:08:17                      10
================================================================================
[2026-04-03T08:08:59.796+0000] {manager.py:997} INFO - 
================================================================================
DAG File Processing Stats

File Path                              PID    Runtime      # DAGs    # Errors  Last Runtime    Last Run               Last # of DB Queries
-------------------------------------  -----  ---------  --------  ----------  --------------  -------------------  ----------------------
/opt/airflow/dags/dag_test_spark.py                             1           0  0.26s           2026-04-03T08:08:30                      10
/opt/airflow/dags/dag_datalab_main.py                           1           0  0.26s           2026-04-03T08:08:47                      10
================================================================================
[2026-04-03T08:09:30.340+0000] {manager.py:997} INFO - 
================================================================================
DAG File Processing Stats

File Path                              PID    Runtime      # DAGs    # Errors  Last Runtime    Last Run               Last # of DB Queries
-------------------------------------  -----  ---------  --------  ----------  --------------  -------------------  ----------------------
/opt/airflow/dags/dag_test_spark.py                             1           0  0.30s           2026-04-03T08:09:01                      10
/opt/airflow/dags/dag_datalab_main.py                           1           0  0.30s           2026-04-03T08:09:18                      10
================================================================================
[2026-04-03T08:10:00.844+0000] {manager.py:997} INFO - 
================================================================================
DAG File Processing Stats

File Path                              PID    Runtime      # DAGs    # Errors  Last Runtime    Last Run               Last # of DB Queries
-------------------------------------  -----  ---------  --------  ----------  --------------  -------------------  ----------------------
/opt/airflow/dags/dag_test_spark.py                             1           0  0.27s           2026-04-03T08:09:31                      10
/opt/airflow/dags/dag_datalab_main.py                           1           0  0.24s           2026-04-03T08:09:48                      10
================================================================================
[2026-04-03T08:10:31.332+0000] {manager.py:997} INFO - 
================================================================================
DAG File Processing Stats

File Path                              PID    Runtime      # DAGs    # Errors  Last Runtime    Last Run               Last # of DB Queries
-------------------------------------  -----  ---------  --------  ----------  --------------  -------------------  ----------------------
/opt/airflow/dags/dag_datalab_main.py                           1           0  0.25s           2026-04-03T08:10:19                      10
/opt/airflow/dags/dag_test_spark.py                             1           0  0.24s           2026-04-03T08:10:02                      10
================================================================================
[2026-04-03T08:11:01.807+0000] {manager.py:997} INFO - 
================================================================================
DAG File Processing Stats

File Path                              PID    Runtime      # DAGs    # Errors  Last Runtime    Last Run               Last # of DB Queries
-------------------------------------  -----  ---------  --------  ----------  --------------  -------------------  ----------------------
/opt/airflow/dags/dag_datalab_main.py                           1           0  0.25s           2026-04-03T08:10:49                      10
/opt/airflow/dags/dag_test_spark.py                             1           0  0.24s           2026-04-03T08:10:32                      10
================================================================================
[2026-04-03T08:11:08.100+0000] {manager.py:821} INFO - Searching for files in /opt/airflow/dags
[2026-04-03T08:11:08.104+0000] {manager.py:824} INFO - There are 2 files in /opt/airflow/dags
[2026-04-03T08:11:32.325+0000] {manager.py:997} INFO - 
================================================================================
DAG File Processing Stats

File Path                              PID    Runtime      # DAGs    # Errors  Last Runtime    Last Run               Last # of DB Queries
-------------------------------------  -----  ---------  --------  ----------  --------------  -------------------  ----------------------
/opt/airflow/dags/dag_datalab_main.py                           1           0  0.24s           2026-04-03T08:11:20                      10
/opt/airflow/dags/dag_test_spark.py                             1           0  0.24s           2026-04-03T08:11:03                      10
================================================================================
[2026-04-03T08:12:02.807+0000] {manager.py:997} INFO - 
================================================================================
DAG File Processing Stats

File Path                              PID    Runtime      # DAGs    # Errors  Last Runtime    Last Run               Last # of DB Queries
-------------------------------------  -----  ---------  --------  ----------  --------------  -------------------  ----------------------
/opt/airflow/dags/dag_test_spark.py                             1           0  0.25s           2026-04-03T08:11:33                      10
/opt/airflow/dags/dag_datalab_main.py                           1           0  0.23s           2026-04-03T08:11:50                      10
================================================================================
[2026-04-03T08:12:33.259+0000] {manager.py:997} INFO - 
================================================================================
DAG File Processing Stats

File Path                              PID    Runtime      # DAGs    # Errors  Last Runtime    Last Run               Last # of DB Queries
-------------------------------------  -----  ---------  --------  ----------  --------------  -------------------  ----------------------
/opt/airflow/dags/dag_datalab_main.py                           1           0  0.23s           2026-04-03T08:12:21                      10
/opt/airflow/dags/dag_test_spark.py                             1           0  0.22s           2026-04-03T08:12:04                      10
================================================================================
[2026-04-03T08:13:03.742+0000] {manager.py:997} INFO - 
================================================================================
DAG File Processing Stats

File Path                              PID    Runtime      # DAGs    # Errors  Last Runtime    Last Run               Last # of DB Queries
-------------------------------------  -----  ---------  --------  ----------  --------------  -------------------  ----------------------
/opt/airflow/dags/dag_datalab_main.py                           1           0  0.27s           2026-04-03T08:12:51                      10
/opt/airflow/dags/dag_test_spark.py                             1           0  0.24s           2026-04-03T08:12:34                      10
================================================================================
[2026-04-03T08:13:34.226+0000] {manager.py:997} INFO - 
================================================================================
DAG File Processing Stats

File Path                              PID    Runtime      # DAGs    # Errors  Last Runtime    Last Run               Last # of DB Queries
-------------------------------------  -----  ---------  --------  ----------  --------------  -------------------  ----------------------
/opt/airflow/dags/dag_test_spark.py                             1           0  0.24s           2026-04-03T08:13:04                      10
/opt/airflow/dags/dag_datalab_main.py                           1           0  0.22s           2026-04-03T08:13:22                      10
================================================================================
[2026-04-03T08:14:04.715+0000] {manager.py:997} INFO - 
================================================================================
DAG File Processing Stats

File Path                              PID    Runtime      # DAGs    # Errors  Last Runtime    Last Run               Last # of DB Queries
-------------------------------------  -----  ---------  --------  ----------  --------------  -------------------  ----------------------
/opt/airflow/dags/dag_datalab_main.py                           1           0  0.25s           2026-04-03T08:13:52                      10
/opt/airflow/dags/dag_test_spark.py                             1           0  0.24s           2026-04-03T08:13:35                      10
================================================================================
[2026-04-03T08:14:35.217+0000] {manager.py:997} INFO - 
================================================================================
DAG File Processing Stats

File Path                              PID    Runtime      # DAGs    # Errors  Last Runtime    Last Run               Last # of DB Queries
-------------------------------------  -----  ---------  --------  ----------  --------------  -------------------  ----------------------
/opt/airflow/dags/dag_test_spark.py                             1           0  0.26s           2026-04-03T08:14:05                      10
/opt/airflow/dags/dag_datalab_main.py                           1           0  0.23s           2026-04-03T08:14:23                      10
================================================================================
[2026-04-03T08:15:05.674+0000] {manager.py:997} INFO - 
================================================================================
DAG File Processing Stats

File Path                              PID    Runtime      # DAGs    # Errors  Last Runtime    Last Run               Last # of DB Queries
-------------------------------------  -----  ---------  --------  ----------  --------------  -------------------  ----------------------
/opt/airflow/dags/dag_datalab_main.py                           1           0  0.27s           2026-04-03T08:14:53                      10
/opt/airflow/dags/dag_test_spark.py                             1           0  0.22s           2026-04-03T08:14:36                      10
================================================================================
[2026-04-03T08:15:36.183+0000] {manager.py:997} INFO - 
================================================================================
DAG File Processing Stats

File Path                              PID    Runtime      # DAGs    # Errors  Last Runtime    Last Run               Last # of DB Queries
-------------------------------------  -----  ---------  --------  ----------  --------------  -------------------  ----------------------
/opt/airflow/dags/dag_datalab_main.py                           1           0  0.27s           2026-04-03T08:15:24                      10
/opt/airflow/dags/dag_test_spark.py                             1           0  0.26s           2026-04-03T08:15:06                      10
================================================================================
[2026-04-03T08:16:06.701+0000] {manager.py:997} INFO - 
================================================================================
DAG File Processing Stats

File Path                              PID    Runtime      # DAGs    # Errors  Last Runtime    Last Run               Last # of DB Queries
-------------------------------------  -----  ---------  --------  ----------  --------------  -------------------  ----------------------
/opt/airflow/dags/dag_test_spark.py                             1           0  0.25s           2026-04-03T08:15:37                      10
/opt/airflow/dags/dag_datalab_main.py                           1           0  0.25s           2026-04-03T08:15:54                      10
================================================================================
[2026-04-03T08:16:08.930+0000] {manager.py:821} INFO - Searching for files in /opt/airflow/dags
[2026-04-03T08:16:08.933+0000] {manager.py:824} INFO - There are 2 files in /opt/airflow/dags
[2026-04-03T08:16:37.204+0000] {manager.py:997} INFO - 
================================================================================
DAG File Processing Stats

File Path                              PID    Runtime      # DAGs    # Errors  Last Runtime    Last Run               Last # of DB Queries
-------------------------------------  -----  ---------  --------  ----------  --------------  -------------------  ----------------------
/opt/airflow/dags/dag_datalab_main.py                           1           0  0.25s           2026-04-03T08:16:25                      10
/opt/airflow/dags/dag_test_spark.py                             1           0  0.22s           2026-04-03T08:16:07                      10
================================================================================
[2026-04-03T08:17:07.707+0000] {manager.py:997} INFO - 
================================================================================
DAG File Processing Stats

File Path                              PID    Runtime      # DAGs    # Errors  Last Runtime    Last Run               Last # of DB Queries
-------------------------------------  -----  ---------  --------  ----------  --------------  -------------------  ----------------------
/opt/airflow/dags/dag_datalab_main.py                           1           0  0.26s           2026-04-03T08:16:55                      10
/opt/airflow/dags/dag_test_spark.py                             1           0  0.24s           2026-04-03T08:16:38                      10
================================================================================
[2026-04-03T08:17:38.201+0000] {manager.py:997} INFO - 
================================================================================
DAG File Processing Stats

File Path                              PID    Runtime      # DAGs    # Errors  Last Runtime    Last Run               Last # of DB Queries
-------------------------------------  -----  ---------  --------  ----------  --------------  -------------------  ----------------------
/opt/airflow/dags/dag_datalab_main.py                           1           0  0.26s           2026-04-03T08:17:26                      10
/opt/airflow/dags/dag_test_spark.py                             1           0  0.24s           2026-04-03T08:17:08                      10
================================================================================
[2026-04-03T08:18:08.652+0000] {manager.py:997} INFO - 
================================================================================
DAG File Processing Stats

File Path                              PID    Runtime      # DAGs    # Errors  Last Runtime    Last Run               Last # of DB Queries
-------------------------------------  -----  ---------  --------  ----------  --------------  -------------------  ----------------------
/opt/airflow/dags/dag_datalab_main.py                           1           0  0.22s           2026-04-03T08:17:56                      10
/opt/airflow/dags/dag_test_spark.py                             1           0  0.22s           2026-04-03T08:17:39                      10
================================================================================
[2026-04-03T08:18:39.155+0000] {manager.py:997} INFO - 
================================================================================
DAG File Processing Stats

File Path                              PID    Runtime      # DAGs    # Errors  Last Runtime    Last Run               Last # of DB Queries
-------------------------------------  -----  ---------  --------  ----------  --------------  -------------------  ----------------------
/opt/airflow/dags/dag_test_spark.py                             1           0  0.27s           2026-04-03T08:18:09                      10
/opt/airflow/dags/dag_datalab_main.py                           1           0  0.21s           2026-04-03T08:18:27                      10
================================================================================
[2026-04-03T08:19:09.584+0000] {manager.py:997} INFO - 
================================================================================
DAG File Processing Stats

File Path                              PID    Runtime      # DAGs    # Errors  Last Runtime    Last Run               Last # of DB Queries
-------------------------------------  -----  ---------  --------  ----------  --------------  -------------------  ----------------------
/opt/airflow/dags/dag_datalab_main.py                           1           0  0.23s           2026-04-03T08:18:57                      10
/opt/airflow/dags/dag_test_spark.py                             1           0  0.22s           2026-04-03T08:18:40                      10
================================================================================
[2026-04-03T08:19:40.032+0000] {manager.py:997} INFO - 
================================================================================
DAG File Processing Stats

File Path                              PID    Runtime      # DAGs    # Errors  Last Runtime    Last Run               Last # of DB Queries
-------------------------------------  -----  ---------  --------  ----------  --------------  -------------------  ----------------------
/opt/airflow/dags/dag_test_spark.py                             1           0  0.24s           2026-04-03T08:19:10                      10
/opt/airflow/dags/dag_datalab_main.py                           1           0  0.22s           2026-04-03T08:19:28                      10
================================================================================
[2026-04-03T08:20:10.467+0000] {manager.py:997} INFO - 
================================================================================
DAG File Processing Stats

File Path                              PID    Runtime      # DAGs    # Errors  Last Runtime    Last Run               Last # of DB Queries
-------------------------------------  -----  ---------  --------  ----------  --------------  -------------------  ----------------------
/opt/airflow/dags/dag_test_spark.py                             1           0  0.22s           2026-04-03T08:19:41                      10
/opt/airflow/dags/dag_datalab_main.py                           1           0  0.21s           2026-04-03T08:19:58                      10
================================================================================
[2026-04-03T08:20:40.889+0000] {manager.py:997} INFO - 
================================================================================
DAG File Processing Stats

File Path                              PID    Runtime      # DAGs    # Errors  Last Runtime    Last Run               Last # of DB Queries
-------------------------------------  -----  ---------  --------  ----------  --------------  -------------------  ----------------------
/opt/airflow/dags/dag_datalab_main.py                           1           0  0.22s           2026-04-03T08:20:28                      10
/opt/airflow/dags/dag_test_spark.py                             1           0  0.21s           2026-04-03T08:20:11                      10
================================================================================
[2026-04-03T08:21:09.306+0000] {manager.py:821} INFO - Searching for files in /opt/airflow/dags
[2026-04-03T08:21:09.309+0000] {manager.py:824} INFO - There are 2 files in /opt/airflow/dags
[2026-04-03T08:21:11.339+0000] {manager.py:997} INFO - 
================================================================================
DAG File Processing Stats

File Path                              PID    Runtime      # DAGs    # Errors  Last Runtime    Last Run               Last # of DB Queries
-------------------------------------  -----  ---------  --------  ----------  --------------  -------------------  ----------------------
/opt/airflow/dags/dag_test_spark.py                             1           0  0.23s           2026-04-03T08:20:42                      10
/opt/airflow/dags/dag_datalab_main.py                           1           0  0.21s           2026-04-03T08:20:59                      10
================================================================================
[2026-04-03T08:21:41.760+0000] {manager.py:997} INFO - 
================================================================================
DAG File Processing Stats

File Path                              PID    Runtime      # DAGs    # Errors  Last Runtime    Last Run               Last # of DB Queries
-------------------------------------  -----  ---------  --------  ----------  --------------  -------------------  ----------------------
/opt/airflow/dags/dag_test_spark.py                             1           0  0.22s           2026-04-03T08:21:12                      10
/opt/airflow/dags/dag_datalab_main.py                           1           0  0.21s           2026-04-03T08:21:29                      10
================================================================================
[2026-04-03T08:21:44.074+0000] {manager.py:465} INFO - Exiting gracefully upon receiving signal 15
[2026-04-03T08:22:21.973+0000] {manager.py:483} INFO - Processing files using up to 2 processes at a time 
[2026-04-03T08:22:21.977+0000] {manager.py:484} INFO - Process each file at most once every 1 seconds
[2026-04-03T08:22:21.978+0000] {manager.py:485} INFO - Checking for new files in /opt/airflow/dags every 1 seconds
[2026-04-03T08:22:21.978+0000] {manager.py:821} INFO - Searching for files in /opt/airflow/dags
[2026-04-03T08:22:21.982+0000] {manager.py:824} INFO - There are 2 files in /opt/airflow/dags
[2026-04-03T08:22:22.121+0000] {manager.py:997} INFO - 
================================================================================
DAG File Processing Stats

File Path                                PID  Runtime      # DAGs    # Errors  Last Runtime    Last Run      Last # of DB Queries
-------------------------------------  -----  ---------  --------  ----------  --------------  ----------  ----------------------
/opt/airflow/dags/dag_test_spark.py       68  0.04s             0           0                                                   0
/opt/airflow/dags/dag_datalab_main.py     65  0.06s             0           0                                                   0
================================================================================
[2026-04-03T08:22:23.126+0000] {manager.py:821} INFO - Searching for files in /opt/airflow/dags
[2026-04-03T08:22:23.129+0000] {manager.py:824} INFO - There are 2 files in /opt/airflow/dags
[2026-04-03T08:22:24.367+0000] {manager.py:821} INFO - Searching for files in /opt/airflow/dags
[2026-04-03T08:22:24.370+0000] {manager.py:824} INFO - There are 2 files in /opt/airflow/dags
[2026-04-03T08:22:25.788+0000] {manager.py:821} INFO - Searching for files in /opt/airflow/dags
[2026-04-03T08:22:25.791+0000] {manager.py:824} INFO - There are 2 files in /opt/airflow/dags
[2026-04-03T08:22:26.854+0000] {manager.py:821} INFO - Searching for files in /opt/airflow/dags
[2026-04-03T08:22:26.857+0000] {manager.py:824} INFO - There are 2 files in /opt/airflow/dags
[2026-04-03T08:22:28.269+0000] {manager.py:821} INFO - Searching for files in /opt/airflow/dags
[2026-04-03T08:22:28.271+0000] {manager.py:824} INFO - There are 2 files in /opt/airflow/dags
[2026-04-03T08:22:29.503+0000] {manager.py:821} INFO - Searching for files in /opt/airflow/dags
[2026-04-03T08:22:29.505+0000] {manager.py:824} INFO - There are 2 files in /opt/airflow/dags
[2026-04-03T08:22:30.741+0000] {manager.py:821} INFO - Searching for files in /opt/airflow/dags
[2026-04-03T08:22:30.744+0000] {manager.py:824} INFO - There are 2 files in /opt/airflow/dags
[2026-04-03T08:22:31.806+0000] {manager.py:821} INFO - Searching for files in /opt/airflow/dags
[2026-04-03T08:22:31.809+0000] {manager.py:824} INFO - There are 2 files in /opt/airflow/dags
[2026-04-03T08:22:33.202+0000] {manager.py:821} INFO - Searching for files in /opt/airflow/dags
[2026-04-03T08:22:33.205+0000] {manager.py:824} INFO - There are 2 files in /opt/airflow/dags
[2026-04-03T08:22:34.444+0000] {manager.py:821} INFO - Searching for files in /opt/airflow/dags
[2026-04-03T08:22:34.447+0000] {manager.py:824} INFO - There are 2 files in /opt/airflow/dags
[2026-04-03T08:22:35.676+0000] {manager.py:821} INFO - Searching for files in /opt/airflow/dags
[2026-04-03T08:22:35.679+0000] {manager.py:824} INFO - There are 2 files in /opt/airflow/dags
[2026-04-03T08:22:36.913+0000] {manager.py:821} INFO - Searching for files in /opt/airflow/dags
[2026-04-03T08:22:36.916+0000] {manager.py:824} INFO - There are 2 files in /opt/airflow/dags
[2026-04-03T08:22:38.150+0000] {manager.py:821} INFO - Searching for files in /opt/airflow/dags
[2026-04-03T08:22:38.153+0000] {manager.py:824} INFO - There are 2 files in /opt/airflow/dags
[2026-04-03T08:22:39.217+0000] {manager.py:821} INFO - Searching for files in /opt/airflow/dags
[2026-04-03T08:22:39.220+0000] {manager.py:824} INFO - There are 2 files in /opt/airflow/dags
[2026-04-03T08:22:40.618+0000] {manager.py:821} INFO - Searching for files in /opt/airflow/dags
[2026-04-03T08:22:40.622+0000] {manager.py:824} INFO - There are 2 files in /opt/airflow/dags
[2026-04-03T08:22:41.862+0000] {manager.py:821} INFO - Searching for files in /opt/airflow/dags
[2026-04-03T08:22:41.865+0000] {manager.py:824} INFO - There are 2 files in /opt/airflow/dags
[2026-04-03T08:22:43.114+0000] {manager.py:821} INFO - Searching for files in /opt/airflow/dags
[2026-04-03T08:22:43.117+0000] {manager.py:824} INFO - There are 2 files in /opt/airflow/dags
[2026-04-03T08:22:44.346+0000] {manager.py:821} INFO - Searching for files in /opt/airflow/dags
[2026-04-03T08:22:44.349+0000] {manager.py:824} INFO - There are 2 files in /opt/airflow/dags
[2026-04-03T08:22:45.576+0000] {manager.py:821} INFO - Searching for files in /opt/airflow/dags
[2026-04-03T08:22:45.579+0000] {manager.py:824} INFO - There are 2 files in /opt/airflow/dags
[2026-04-03T08:22:46.809+0000] {manager.py:821} INFO - Searching for files in /opt/airflow/dags
[2026-04-03T08:22:46.812+0000] {manager.py:824} INFO - There are 2 files in /opt/airflow/dags
[2026-04-03T08:22:48.041+0000] {manager.py:821} INFO - Searching for files in /opt/airflow/dags
[2026-04-03T08:22:48.044+0000] {manager.py:824} INFO - There are 2 files in /opt/airflow/dags
[2026-04-03T08:22:49.278+0000] {manager.py:821} INFO - Searching for files in /opt/airflow/dags
[2026-04-03T08:22:49.281+0000] {manager.py:824} INFO - There are 2 files in /opt/airflow/dags
[2026-04-03T08:22:50.507+0000] {manager.py:821} INFO - Searching for files in /opt/airflow/dags
[2026-04-03T08:22:50.510+0000] {manager.py:824} INFO - There are 2 files in /opt/airflow/dags
[2026-04-03T08:22:51.736+0000] {manager.py:821} INFO - Searching for files in /opt/airflow/dags
[2026-04-03T08:22:51.739+0000] {manager.py:824} INFO - There are 2 files in /opt/airflow/dags
[2026-04-03T08:22:52.972+0000] {manager.py:821} INFO - Searching for files in /opt/airflow/dags
[2026-04-03T08:22:52.974+0000] {manager.py:824} INFO - There are 2 files in /opt/airflow/dags
[2026-04-03T08:22:53.025+0000] {manager.py:997} INFO - 
================================================================================
DAG File Processing Stats

File Path                                PID  Runtime      # DAGs    # Errors  Last Runtime    Last Run               Last # of DB Queries
-------------------------------------  -----  ---------  --------  ----------  --------------  -------------------  ----------------------
/opt/airflow/dags/dag_test_spark.py      318  0.01s             1           0  0.21s           2026-04-03T08:22:51                      10
/opt/airflow/dags/dag_datalab_main.py    315  0.03s             1           0  0.21s           2026-04-03T08:22:51                      10
================================================================================
[2026-04-03T08:22:54.211+0000] {manager.py:821} INFO - Searching for files in /opt/airflow/dags
[2026-04-03T08:22:54.214+0000] {manager.py:824} INFO - There are 2 files in /opt/airflow/dags
[2026-04-03T08:22:55.441+0000] {manager.py:821} INFO - Searching for files in /opt/airflow/dags
[2026-04-03T08:22:55.444+0000] {manager.py:824} INFO - There are 2 files in /opt/airflow/dags
[2026-04-03T08:22:56.687+0000] {manager.py:821} INFO - Searching for files in /opt/airflow/dags
[2026-04-03T08:22:56.689+0000] {manager.py:824} INFO - There are 2 files in /opt/airflow/dags
[2026-04-03T08:22:57.754+0000] {manager.py:821} INFO - Searching for files in /opt/airflow/dags
[2026-04-03T08:22:57.757+0000] {manager.py:824} INFO - There are 2 files in /opt/airflow/dags
[2026-04-03T08:22:59.147+0000] {manager.py:821} INFO - Searching for files in /opt/airflow/dags
[2026-04-03T08:22:59.149+0000] {manager.py:824} INFO - There are 2 files in /opt/airflow/dags
[2026-04-03T08:23:00.376+0000] {manager.py:821} INFO - Searching for files in /opt/airflow/dags
[2026-04-03T08:23:00.379+0000] {manager.py:824} INFO - There are 2 files in /opt/airflow/dags
[2026-04-03T08:23:01.605+0000] {manager.py:821} INFO - Searching for files in /opt/airflow/dags
[2026-04-03T08:23:01.607+0000] {manager.py:824} INFO - There are 2 files in /opt/airflow/dags
[2026-04-03T08:23:02.838+0000] {manager.py:821} INFO - Searching for files in /opt/airflow/dags
[2026-04-03T08:23:02.841+0000] {manager.py:824} INFO - There are 2 files in /opt/airflow/dags
[2026-04-03T08:23:04.075+0000] {manager.py:821} INFO - Searching for files in /opt/airflow/dags
[2026-04-03T08:23:04.078+0000] {manager.py:824} INFO - There are 2 files in /opt/airflow/dags
[2026-04-03T08:23:05.312+0000] {manager.py:821} INFO - Searching for files in /opt/airflow/dags
[2026-04-03T08:23:05.314+0000] {manager.py:824} INFO - There are 2 files in /opt/airflow/dags
[2026-04-03T08:23:06.544+0000] {manager.py:821} INFO - Searching for files in /opt/airflow/dags
[2026-04-03T08:23:06.546+0000] {manager.py:824} INFO - There are 2 files in /opt/airflow/dags
[2026-04-03T08:23:07.780+0000] {manager.py:821} INFO - Searching for files in /opt/airflow/dags
[2026-04-03T08:23:07.783+0000] {manager.py:824} INFO - There are 2 files in /opt/airflow/dags
[2026-04-03T08:23:09.010+0000] {manager.py:821} INFO - Searching for files in /opt/airflow/dags
[2026-04-03T08:23:09.013+0000] {manager.py:824} INFO - There are 2 files in /opt/airflow/dags
[2026-04-03T08:23:10.075+0000] {manager.py:821} INFO - Searching for files in /opt/airflow/dags
[2026-04-03T08:23:10.078+0000] {manager.py:824} INFO - There are 2 files in /opt/airflow/dags
[2026-04-03T08:23:11.293+0000] {manager.py:821} INFO - Searching for files in /opt/airflow/dags
[2026-04-03T08:23:11.296+0000] {manager.py:824} INFO - There are 2 files in /opt/airflow/dags
[2026-04-03T08:23:12.524+0000] {manager.py:821} INFO - Searching for files in /opt/airflow/dags
[2026-04-03T08:23:12.527+0000] {manager.py:824} INFO - There are 2 files in /opt/airflow/dags
[2026-04-03T08:23:13.928+0000] {manager.py:821} INFO - Searching for files in /opt/airflow/dags
[2026-04-03T08:23:13.930+0000] {manager.py:824} INFO - There are 2 files in /opt/airflow/dags
[2026-04-03T08:23:14.994+0000] {manager.py:821} INFO - Searching for files in /opt/airflow/dags
[2026-04-03T08:23:14.997+0000] {manager.py:824} INFO - There are 2 files in /opt/airflow/dags
[2026-04-03T08:23:16.387+0000] {manager.py:821} INFO - Searching for files in /opt/airflow/dags
[2026-04-03T08:23:16.389+0000] {manager.py:824} INFO - There are 2 files in /opt/airflow/dags
[2026-04-03T08:23:17.449+0000] {manager.py:821} INFO - Searching for files in /opt/airflow/dags
[2026-04-03T08:23:17.452+0000] {manager.py:824} INFO - There are 2 files in /opt/airflow/dags
[2026-04-03T08:23:18.851+0000] {manager.py:821} INFO - Searching for files in /opt/airflow/dags
[2026-04-03T08:23:18.854+0000] {manager.py:824} INFO - There are 2 files in /opt/airflow/dags
[2026-04-03T08:23:19.917+0000] {manager.py:821} INFO - Searching for files in /opt/airflow/dags
[2026-04-03T08:23:19.919+0000] {manager.py:824} INFO - There are 2 files in /opt/airflow/dags
[2026-04-03T08:23:21.130+0000] {manager.py:821} INFO - Searching for files in /opt/airflow/dags
[2026-04-03T08:23:21.132+0000] {manager.py:824} INFO - There are 2 files in /opt/airflow/dags
[2026-04-03T08:23:22.531+0000] {manager.py:821} INFO - Searching for files in /opt/airflow/dags
[2026-04-03T08:23:22.534+0000] {manager.py:824} INFO - There are 2 files in /opt/airflow/dags
[2026-04-03T08:23:23.596+0000] {manager.py:821} INFO - Searching for files in /opt/airflow/dags
[2026-04-03T08:23:23.599+0000] {manager.py:824} INFO - There are 2 files in /opt/airflow/dags
[2026-04-03T08:23:23.615+0000] {manager.py:997} INFO - 
================================================================================
DAG File Processing Stats

File Path                              PID    Runtime      # DAGs    # Errors  Last Runtime    Last Run               Last # of DB Queries
-------------------------------------  -----  ---------  --------  ----------  --------------  -------------------  ----------------------
/opt/airflow/dags/dag_datalab_main.py                           1           0  0.21s           2026-04-03T08:23:22                      10
/opt/airflow/dags/dag_test_spark.py                             1           0  0.20s           2026-04-03T08:23:22                      10
================================================================================
[2026-04-03T08:23:24.990+0000] {manager.py:821} INFO - Searching for files in /opt/airflow/dags
[2026-04-03T08:23:24.993+0000] {manager.py:824} INFO - There are 2 files in /opt/airflow/dags
[2026-04-03T08:23:26.220+0000] {manager.py:821} INFO - Searching for files in /opt/airflow/dags
[2026-04-03T08:23:26.223+0000] {manager.py:824} INFO - There are 2 files in /opt/airflow/dags
[2026-04-03T08:23:27.457+0000] {manager.py:821} INFO - Searching for files in /opt/airflow/dags
[2026-04-03T08:23:27.460+0000] {manager.py:824} INFO - There are 2 files in /opt/airflow/dags
[2026-04-03T08:23:28.521+0000] {manager.py:821} INFO - Searching for files in /opt/airflow/dags
[2026-04-03T08:23:28.524+0000] {manager.py:824} INFO - There are 2 files in /opt/airflow/dags
[2026-04-03T08:23:29.925+0000] {manager.py:821} INFO - Searching for files in /opt/airflow/dags
[2026-04-03T08:23:29.928+0000] {manager.py:824} INFO - There are 2 files in /opt/airflow/dags
[2026-04-03T08:23:31.154+0000] {manager.py:821} INFO - Searching for files in /opt/airflow/dags
[2026-04-03T08:23:31.157+0000] {manager.py:824} INFO - There are 2 files in /opt/airflow/dags
[2026-04-03T08:23:32.220+0000] {manager.py:821} INFO - Searching for files in /opt/airflow/dags
[2026-04-03T08:23:32.223+0000] {manager.py:824} INFO - There are 2 files in /opt/airflow/dags
[2026-04-03T08:23:33.612+0000] {manager.py:821} INFO - Searching for files in /opt/airflow/dags
[2026-04-03T08:23:33.615+0000] {manager.py:824} INFO - There are 2 files in /opt/airflow/dags
[2026-04-03T08:23:34.841+0000] {manager.py:821} INFO - Searching for files in /opt/airflow/dags
[2026-04-03T08:23:34.844+0000] {manager.py:824} INFO - There are 2 files in /opt/airflow/dags
[2026-04-03T08:23:36.076+0000] {manager.py:821} INFO - Searching for files in /opt/airflow/dags
[2026-04-03T08:23:36.079+0000] {manager.py:824} INFO - There are 2 files in /opt/airflow/dags
[2026-04-03T08:23:37.313+0000] {manager.py:821} INFO - Searching for files in /opt/airflow/dags
[2026-04-03T08:23:37.316+0000] {manager.py:824} INFO - There are 2 files in /opt/airflow/dags
[2026-04-03T08:23:38.546+0000] {manager.py:821} INFO - Searching for files in /opt/airflow/dags
[2026-04-03T08:23:38.549+0000] {manager.py:824} INFO - There are 2 files in /opt/airflow/dags
[2026-04-03T08:23:39.780+0000] {manager.py:821} INFO - Searching for files in /opt/airflow/dags
[2026-04-03T08:23:39.783+0000] {manager.py:824} INFO - There are 2 files in /opt/airflow/dags
[2026-04-03T08:23:40.845+0000] {manager.py:821} INFO - Searching for files in /opt/airflow/dags
[2026-04-03T08:23:40.848+0000] {manager.py:824} INFO - There are 2 files in /opt/airflow/dags
[2026-04-03T08:23:42.059+0000] {manager.py:821} INFO - Searching for files in /opt/airflow/dags
[2026-04-03T08:23:42.062+0000] {manager.py:824} INFO - There are 2 files in /opt/airflow/dags
[2026-04-03T08:23:43.288+0000] {manager.py:821} INFO - Searching for files in /opt/airflow/dags
[2026-04-03T08:23:43.291+0000] {manager.py:824} INFO - There are 2 files in /opt/airflow/dags
[2026-04-03T08:23:44.721+0000] {manager.py:821} INFO - Searching for files in /opt/airflow/dags
[2026-04-03T08:23:44.723+0000] {manager.py:824} INFO - There are 2 files in /opt/airflow/dags
[2026-04-03T08:23:45.956+0000] {manager.py:821} INFO - Searching for files in /opt/airflow/dags
[2026-04-03T08:23:45.959+0000] {manager.py:824} INFO - There are 2 files in /opt/airflow/dags
[2026-04-03T08:23:47.201+0000] {manager.py:821} INFO - Searching for files in /opt/airflow/dags
[2026-04-03T08:23:47.203+0000] {manager.py:824} INFO - There are 2 files in /opt/airflow/dags
[2026-04-03T08:23:48.448+0000] {manager.py:821} INFO - Searching for files in /opt/airflow/dags
[2026-04-03T08:23:48.451+0000] {manager.py:824} INFO - There are 2 files in /opt/airflow/dags
[2026-04-03T08:23:49.694+0000] {manager.py:821} INFO - Searching for files in /opt/airflow/dags
[2026-04-03T08:23:49.696+0000] {manager.py:824} INFO - There are 2 files in /opt/airflow/dags
[2026-04-03T08:23:50.941+0000] {manager.py:821} INFO - Searching for files in /opt/airflow/dags
[2026-04-03T08:23:50.944+0000] {manager.py:824} INFO - There are 2 files in /opt/airflow/dags
[2026-04-03T08:23:52.011+0000] {manager.py:821} INFO - Searching for files in /opt/airflow/dags
[2026-04-03T08:23:52.015+0000] {manager.py:824} INFO - There are 2 files in /opt/airflow/dags
[2026-04-03T08:23:53.447+0000] {manager.py:821} INFO - Searching for files in /opt/airflow/dags
[2026-04-03T08:23:53.449+0000] {manager.py:824} INFO - There are 2 files in /opt/airflow/dags
[2026-04-03T08:23:53.685+0000] {manager.py:997} INFO - 
================================================================================
DAG File Processing Stats

File Path                              PID    Runtime      # DAGs    # Errors  Last Runtime    Last Run               Last # of DB Queries
-------------------------------------  -----  ---------  --------  ----------  --------------  -------------------  ----------------------
/opt/airflow/dags/dag_datalab_main.py                           1           0  0.21s           2026-04-03T08:23:53                      10
/opt/airflow/dags/dag_test_spark.py                             1           0  0.20s           2026-04-03T08:23:53                      10
================================================================================
[2026-04-03T08:23:54.513+0000] {manager.py:821} INFO - Searching for files in /opt/airflow/dags
[2026-04-03T08:23:54.516+0000] {manager.py:824} INFO - There are 2 files in /opt/airflow/dags
[2026-04-03T08:23:55.947+0000] {manager.py:821} INFO - Searching for files in /opt/airflow/dags
[2026-04-03T08:23:55.950+0000] {manager.py:824} INFO - There are 2 files in /opt/airflow/dags
[2026-04-03T08:23:57.182+0000] {manager.py:821} INFO - Searching for files in /opt/airflow/dags
[2026-04-03T08:23:57.185+0000] {manager.py:824} INFO - There are 2 files in /opt/airflow/dags
[2026-04-03T08:23:58.414+0000] {manager.py:821} INFO - Searching for files in /opt/airflow/dags
[2026-04-03T08:23:58.416+0000] {manager.py:824} INFO - There are 2 files in /opt/airflow/dags
[2026-04-03T08:23:59.664+0000] {manager.py:821} INFO - Searching for files in /opt/airflow/dags
[2026-04-03T08:23:59.667+0000] {manager.py:824} INFO - There are 2 files in /opt/airflow/dags
[2026-04-03T08:24:00.901+0000] {manager.py:821} INFO - Searching for files in /opt/airflow/dags
[2026-04-03T08:24:00.904+0000] {manager.py:824} INFO - There are 2 files in /opt/airflow/dags
[2026-04-03T08:24:01.971+0000] {manager.py:821} INFO - Searching for files in /opt/airflow/dags
[2026-04-03T08:24:01.974+0000] {manager.py:824} INFO - There are 2 files in /opt/airflow/dags
[2026-04-03T08:24:03.375+0000] {manager.py:821} INFO - Searching for files in /opt/airflow/dags
[2026-04-03T08:24:03.378+0000] {manager.py:824} INFO - There are 2 files in /opt/airflow/dags
[2026-04-03T08:24:04.618+0000] {manager.py:821} INFO - Searching for files in /opt/airflow/dags
[2026-04-03T08:24:04.621+0000] {manager.py:824} INFO - There are 2 files in /opt/airflow/dags
[2026-04-03T08:24:05.862+0000] {manager.py:821} INFO - Searching for files in /opt/airflow/dags
[2026-04-03T08:24:05.865+0000] {manager.py:824} INFO - There are 2 files in /opt/airflow/dags
[2026-04-03T08:24:07.096+0000] {manager.py:821} INFO - Searching for files in /opt/airflow/dags
[2026-04-03T08:24:07.099+0000] {manager.py:824} INFO - There are 2 files in /opt/airflow/dags
[2026-04-03T08:24:08.324+0000] {manager.py:821} INFO - Searching for files in /opt/airflow/dags
[2026-04-03T08:24:08.327+0000] {manager.py:824} INFO - There are 2 files in /opt/airflow/dags
[2026-04-03T08:24:09.571+0000] {manager.py:821} INFO - Searching for files in /opt/airflow/dags
[2026-04-03T08:24:09.575+0000] {manager.py:824} INFO - There are 2 files in /opt/airflow/dags
[2026-04-03T08:24:10.841+0000] {manager.py:821} INFO - Searching for files in /opt/airflow/dags
[2026-04-03T08:24:10.845+0000] {manager.py:824} INFO - There are 2 files in /opt/airflow/dags
[2026-04-03T08:24:11.916+0000] {manager.py:821} INFO - Searching for files in /opt/airflow/dags
[2026-04-03T08:24:11.919+0000] {manager.py:824} INFO - There are 2 files in /opt/airflow/dags
[2026-04-03T08:24:13.170+0000] {manager.py:821} INFO - Searching for files in /opt/airflow/dags
[2026-04-03T08:24:13.173+0000] {manager.py:824} INFO - There are 2 files in /opt/airflow/dags
[2026-04-03T08:24:14.649+0000] {manager.py:821} INFO - Searching for files in /opt/airflow/dags
[2026-04-03T08:24:14.653+0000] {manager.py:824} INFO - There are 2 files in /opt/airflow/dags
[2026-04-03T08:24:15.926+0000] {manager.py:821} INFO - Searching for files in /opt/airflow/dags
[2026-04-03T08:24:15.929+0000] {manager.py:824} INFO - There are 2 files in /opt/airflow/dags
[2026-04-03T08:24:17.029+0000] {manager.py:821} INFO - Searching for files in /opt/airflow/dags
[2026-04-03T08:24:17.033+0000] {manager.py:824} INFO - There are 2 files in /opt/airflow/dags
[2026-04-03T08:24:18.380+0000] {manager.py:821} INFO - Searching for files in /opt/airflow/dags
[2026-04-03T08:24:18.384+0000] {manager.py:824} INFO - There are 2 files in /opt/airflow/dags
[2026-04-03T08:24:19.871+0000] {manager.py:821} INFO - Searching for files in /opt/airflow/dags
[2026-04-03T08:24:19.876+0000] {manager.py:824} INFO - There are 2 files in /opt/airflow/dags
[2026-04-03T08:24:21.162+0000] {manager.py:821} INFO - Searching for files in /opt/airflow/dags
[2026-04-03T08:24:21.166+0000] {manager.py:824} INFO - There are 2 files in /opt/airflow/dags
[2026-04-03T08:24:22.461+0000] {manager.py:821} INFO - Searching for files in /opt/airflow/dags
[2026-04-03T08:24:22.464+0000] {manager.py:824} INFO - There are 2 files in /opt/airflow/dags
[2026-04-03T08:24:23.548+0000] {manager.py:821} INFO - Searching for files in /opt/airflow/dags
[2026-04-03T08:24:23.552+0000] {manager.py:824} INFO - There are 2 files in /opt/airflow/dags
[2026-04-03T08:24:23.799+0000] {manager.py:997} INFO - 
================================================================================
DAG File Processing Stats

File Path                                PID  Runtime      # DAGs    # Errors  Last Runtime    Last Run               Last # of DB Queries
-------------------------------------  -----  ---------  --------  ----------  --------------  -------------------  ----------------------
/opt/airflow/dags/dag_datalab_main.py   1203  0.04s             1           0  0.26s           2026-04-03T08:24:22                      10
/opt/airflow/dags/dag_test_spark.py     1206  0.02s             1           0  0.24s           2026-04-03T08:24:22                      10
================================================================================
[2026-04-03T08:24:25.037+0000] {manager.py:821} INFO - Searching for files in /opt/airflow/dags
[2026-04-03T08:24:25.041+0000] {manager.py:824} INFO - There are 2 files in /opt/airflow/dags
[2026-04-03T08:24:26.309+0000] {manager.py:821} INFO - Searching for files in /opt/airflow/dags
[2026-04-03T08:24:26.312+0000] {manager.py:824} INFO - There are 2 files in /opt/airflow/dags
[2026-04-03T08:24:27.378+0000] {manager.py:821} INFO - Searching for files in /opt/airflow/dags
[2026-04-03T08:24:27.382+0000] {manager.py:824} INFO - There are 2 files in /opt/airflow/dags
[2026-04-03T08:24:28.819+0000] {manager.py:821} INFO - Searching for files in /opt/airflow/dags
[2026-04-03T08:24:28.822+0000] {manager.py:824} INFO - There are 2 files in /opt/airflow/dags
[2026-04-03T08:24:29.893+0000] {manager.py:821} INFO - Searching for files in /opt/airflow/dags
[2026-04-03T08:24:29.896+0000] {manager.py:824} INFO - There are 2 files in /opt/airflow/dags
[2026-04-03T08:24:31.135+0000] {manager.py:821} INFO - Searching for files in /opt/airflow/dags
[2026-04-03T08:24:31.137+0000] {manager.py:824} INFO - There are 2 files in /opt/airflow/dags
[2026-04-03T08:24:32.429+0000] {manager.py:821} INFO - Searching for files in /opt/airflow/dags
[2026-04-03T08:24:32.432+0000] {manager.py:824} INFO - There are 2 files in /opt/airflow/dags
[2026-04-03T08:24:33.904+0000] {manager.py:821} INFO - Searching for files in /opt/airflow/dags
[2026-04-03T08:24:33.908+0000] {manager.py:824} INFO - There are 2 files in /opt/airflow/dags
[2026-04-03T08:24:34.981+0000] {manager.py:821} INFO - Searching for files in /opt/airflow/dags
[2026-04-03T08:24:34.985+0000] {manager.py:824} INFO - There are 2 files in /opt/airflow/dags
[2026-04-03T08:24:36.218+0000] {manager.py:821} INFO - Searching for files in /opt/airflow/dags
[2026-04-03T08:24:36.222+0000] {manager.py:824} INFO - There are 2 files in /opt/airflow/dags
[2026-04-03T08:24:37.475+0000] {manager.py:821} INFO - Searching for files in /opt/airflow/dags
[2026-04-03T08:24:37.478+0000] {manager.py:824} INFO - There are 2 files in /opt/airflow/dags
[2026-04-03T08:24:38.962+0000] {manager.py:821} INFO - Searching for files in /opt/airflow/dags
[2026-04-03T08:24:38.965+0000] {manager.py:824} INFO - There are 2 files in /opt/airflow/dags
[2026-04-03T08:24:40.044+0000] {manager.py:821} INFO - Searching for files in /opt/airflow/dags
[2026-04-03T08:24:40.047+0000] {manager.py:824} INFO - There are 2 files in /opt/airflow/dags
[2026-04-03T08:24:41.315+0000] {manager.py:821} INFO - Searching for files in /opt/airflow/dags
[2026-04-03T08:24:41.318+0000] {manager.py:824} INFO - There are 2 files in /opt/airflow/dags
[2026-04-03T08:24:42.584+0000] {manager.py:821} INFO - Searching for files in /opt/airflow/dags
[2026-04-03T08:24:42.587+0000] {manager.py:824} INFO - There are 2 files in /opt/airflow/dags
[2026-04-03T08:24:44.061+0000] {manager.py:821} INFO - Searching for files in /opt/airflow/dags
[2026-04-03T08:24:44.063+0000] {manager.py:824} INFO - There are 2 files in /opt/airflow/dags
[2026-04-03T08:24:45.331+0000] {manager.py:821} INFO - Searching for files in /opt/airflow/dags
[2026-04-03T08:24:45.335+0000] {manager.py:824} INFO - There are 2 files in /opt/airflow/dags
[2026-04-03T08:24:46.623+0000] {manager.py:821} INFO - Searching for files in /opt/airflow/dags
[2026-04-03T08:24:46.625+0000] {manager.py:824} INFO - There are 2 files in /opt/airflow/dags
[2026-04-03T08:24:47.885+0000] {manager.py:821} INFO - Searching for files in /opt/airflow/dags
[2026-04-03T08:24:47.888+0000] {manager.py:824} INFO - There are 2 files in /opt/airflow/dags
[2026-04-03T08:24:49.154+0000] {manager.py:821} INFO - Searching for files in /opt/airflow/dags
[2026-04-03T08:24:49.159+0000] {manager.py:824} INFO - There are 2 files in /opt/airflow/dags
[2026-04-03T08:24:50.236+0000] {manager.py:821} INFO - Searching for files in /opt/airflow/dags
[2026-04-03T08:24:50.238+0000] {manager.py:824} INFO - There are 2 files in /opt/airflow/dags
[2026-04-03T08:24:51.485+0000] {manager.py:821} INFO - Searching for files in /opt/airflow/dags
[2026-04-03T08:24:51.490+0000] {manager.py:824} INFO - There are 2 files in /opt/airflow/dags
[2026-04-03T08:24:52.762+0000] {manager.py:821} INFO - Searching for files in /opt/airflow/dags
[2026-04-03T08:24:52.765+0000] {manager.py:824} INFO - There are 2 files in /opt/airflow/dags
[2026-04-03T08:24:54.058+0000] {manager.py:821} INFO - Searching for files in /opt/airflow/dags
[2026-04-03T08:24:54.061+0000] {manager.py:824} INFO - There are 2 files in /opt/airflow/dags
[2026-04-03T08:24:54.079+0000] {manager.py:997} INFO - 
================================================================================
DAG File Processing Stats

File Path                              PID    Runtime      # DAGs    # Errors  Last Runtime    Last Run               Last # of DB Queries
-------------------------------------  -----  ---------  --------  ----------  --------------  -------------------  ----------------------
/opt/airflow/dags/dag_datalab_main.py                           1           0  0.22s           2026-04-03T08:24:53                      10
/opt/airflow/dags/dag_test_spark.py                             1           0  0.22s           2026-04-03T08:24:53                      10
================================================================================
[2026-04-03T08:24:55.518+0000] {manager.py:821} INFO - Searching for files in /opt/airflow/dags
[2026-04-03T08:24:55.523+0000] {manager.py:824} INFO - There are 2 files in /opt/airflow/dags
[2026-04-03T08:24:56.605+0000] {manager.py:821} INFO - Searching for files in /opt/airflow/dags
[2026-04-03T08:24:56.609+0000] {manager.py:824} INFO - There are 2 files in /opt/airflow/dags
[2026-04-03T08:24:57.848+0000] {manager.py:821} INFO - Searching for files in /opt/airflow/dags
[2026-04-03T08:24:57.851+0000] {manager.py:824} INFO - There are 2 files in /opt/airflow/dags
[2026-04-03T08:24:59.107+0000] {manager.py:821} INFO - Searching for files in /opt/airflow/dags
[2026-04-03T08:24:59.110+0000] {manager.py:824} INFO - There are 2 files in /opt/airflow/dags
[2026-04-03T08:25:00.598+0000] {manager.py:821} INFO - Searching for files in /opt/airflow/dags
[2026-04-03T08:25:00.601+0000] {manager.py:824} INFO - There are 2 files in /opt/airflow/dags
[2026-04-03T08:25:01.881+0000] {manager.py:821} INFO - Searching for files in /opt/airflow/dags
[2026-04-03T08:25:01.884+0000] {manager.py:824} INFO - There are 2 files in /opt/airflow/dags
[2026-04-03T08:25:03.150+0000] {manager.py:821} INFO - Searching for files in /opt/airflow/dags
[2026-04-03T08:25:03.153+0000] {manager.py:824} INFO - There are 2 files in /opt/airflow/dags
[2026-04-03T08:25:04.410+0000] {manager.py:821} INFO - Searching for files in /opt/airflow/dags
[2026-04-03T08:25:04.413+0000] {manager.py:824} INFO - There are 2 files in /opt/airflow/dags
[2026-04-03T08:25:05.489+0000] {manager.py:821} INFO - Searching for files in /opt/airflow/dags
[2026-04-03T08:25:05.492+0000] {manager.py:824} INFO - There are 2 files in /opt/airflow/dags
[2026-04-03T08:25:06.942+0000] {manager.py:821} INFO - Searching for files in /opt/airflow/dags
[2026-04-03T08:25:06.945+0000] {manager.py:824} INFO - There are 2 files in /opt/airflow/dags
[2026-04-03T08:25:08.229+0000] {manager.py:821} INFO - Searching for files in /opt/airflow/dags
[2026-04-03T08:25:08.232+0000] {manager.py:824} INFO - There are 2 files in /opt/airflow/dags
[2026-04-03T08:25:09.489+0000] {manager.py:821} INFO - Searching for files in /opt/airflow/dags
[2026-04-03T08:25:09.492+0000] {manager.py:824} INFO - There are 2 files in /opt/airflow/dags
[2026-04-03T08:25:10.742+0000] {manager.py:821} INFO - Searching for files in /opt/airflow/dags
[2026-04-03T08:25:10.745+0000] {manager.py:824} INFO - There are 2 files in /opt/airflow/dags
[2026-04-03T08:25:11.817+0000] {manager.py:821} INFO - Searching for files in /opt/airflow/dags
[2026-04-03T08:25:11.821+0000] {manager.py:824} INFO - There are 2 files in /opt/airflow/dags
[2026-04-03T08:25:13.308+0000] {manager.py:821} INFO - Searching for files in /opt/airflow/dags
[2026-04-03T08:25:13.313+0000] {manager.py:824} INFO - There are 2 files in /opt/airflow/dags
[2026-04-03T08:25:14.611+0000] {manager.py:821} INFO - Searching for files in /opt/airflow/dags
[2026-04-03T08:25:14.615+0000] {manager.py:824} INFO - There are 2 files in /opt/airflow/dags
[2026-04-03T08:25:15.895+0000] {manager.py:821} INFO - Searching for files in /opt/airflow/dags
[2026-04-03T08:25:15.899+0000] {manager.py:824} INFO - There are 2 files in /opt/airflow/dags
[2026-04-03T08:25:17.176+0000] {manager.py:821} INFO - Searching for files in /opt/airflow/dags
[2026-04-03T08:25:17.179+0000] {manager.py:824} INFO - There are 2 files in /opt/airflow/dags
[2026-04-03T08:25:18.472+0000] {manager.py:821} INFO - Searching for files in /opt/airflow/dags
[2026-04-03T08:25:18.475+0000] {manager.py:824} INFO - There are 2 files in /opt/airflow/dags
[2026-04-03T08:25:19.750+0000] {manager.py:821} INFO - Searching for files in /opt/airflow/dags
[2026-04-03T08:25:19.754+0000] {manager.py:824} INFO - There are 2 files in /opt/airflow/dags
[2026-04-03T08:25:21.063+0000] {manager.py:821} INFO - Searching for files in /opt/airflow/dags
[2026-04-03T08:25:21.065+0000] {manager.py:824} INFO - There are 2 files in /opt/airflow/dags
[2026-04-03T08:25:22.133+0000] {manager.py:821} INFO - Searching for files in /opt/airflow/dags
[2026-04-03T08:25:22.138+0000] {manager.py:824} INFO - There are 2 files in /opt/airflow/dags
[2026-04-03T08:25:23.391+0000] {manager.py:821} INFO - Searching for files in /opt/airflow/dags
[2026-04-03T08:25:23.394+0000] {manager.py:824} INFO - There are 2 files in /opt/airflow/dags
[2026-04-03T08:25:24.913+0000] {manager.py:821} INFO - Searching for files in /opt/airflow/dags
[2026-04-03T08:25:24.916+0000] {manager.py:824} INFO - There are 2 files in /opt/airflow/dags
[2026-04-03T08:25:24.973+0000] {manager.py:997} INFO - 
================================================================================
DAG File Processing Stats

File Path                                PID  Runtime      # DAGs    # Errors  Last Runtime    Last Run               Last # of DB Queries
-------------------------------------  -----  ---------  --------  ----------  --------------  -------------------  ----------------------
/opt/airflow/dags/dag_test_spark.py     1699  0.01s             1           0  0.28s           2026-04-03T08:25:23                      10
/opt/airflow/dags/dag_datalab_main.py   1696  0.03s             1           0  0.27s           2026-04-03T08:25:23                      10
================================================================================
[2026-04-03T08:25:25.991+0000] {manager.py:821} INFO - Searching for files in /opt/airflow/dags
[2026-04-03T08:25:25.996+0000] {manager.py:824} INFO - There are 2 files in /opt/airflow/dags
[2026-04-03T08:25:27.252+0000] {manager.py:821} INFO - Searching for files in /opt/airflow/dags
[2026-04-03T08:25:27.256+0000] {manager.py:824} INFO - There are 2 files in /opt/airflow/dags
[2026-04-03T08:25:28.782+0000] {manager.py:821} INFO - Searching for files in /opt/airflow/dags
[2026-04-03T08:25:28.785+0000] {manager.py:824} INFO - There are 2 files in /opt/airflow/dags
[2026-04-03T08:25:30.052+0000] {manager.py:821} INFO - Searching for files in /opt/airflow/dags
[2026-04-03T08:25:30.055+0000] {manager.py:824} INFO - There are 2 files in /opt/airflow/dags
[2026-04-03T08:25:31.337+0000] {manager.py:821} INFO - Searching for files in /opt/airflow/dags
[2026-04-03T08:25:31.354+0000] {manager.py:824} INFO - There are 2 files in /opt/airflow/dags
[2026-04-03T08:25:32.431+0000] {manager.py:821} INFO - Searching for files in /opt/airflow/dags
[2026-04-03T08:25:32.435+0000] {manager.py:824} INFO - There are 2 files in /opt/airflow/dags
[2026-04-03T08:25:33.924+0000] {manager.py:821} INFO - Searching for files in /opt/airflow/dags
[2026-04-03T08:25:33.927+0000] {manager.py:824} INFO - There are 2 files in /opt/airflow/dags
[2026-04-03T08:25:35.195+0000] {manager.py:821} INFO - Searching for files in /opt/airflow/dags
[2026-04-03T08:25:35.198+0000] {manager.py:824} INFO - There are 2 files in /opt/airflow/dags
[2026-04-03T08:25:36.456+0000] {manager.py:821} INFO - Searching for files in /opt/airflow/dags
[2026-04-03T08:25:36.460+0000] {manager.py:824} INFO - There are 2 files in /opt/airflow/dags
[2026-04-03T08:25:37.528+0000] {manager.py:821} INFO - Searching for files in /opt/airflow/dags
[2026-04-03T08:25:37.532+0000] {manager.py:824} INFO - There are 2 files in /opt/airflow/dags
[2026-04-03T08:25:38.980+0000] {manager.py:821} INFO - Searching for files in /opt/airflow/dags
[2026-04-03T08:25:38.983+0000] {manager.py:824} INFO - There are 2 files in /opt/airflow/dags
[2026-04-03T08:25:40.072+0000] {manager.py:821} INFO - Searching for files in /opt/airflow/dags
[2026-04-03T08:25:40.077+0000] {manager.py:824} INFO - There are 2 files in /opt/airflow/dags
[2026-04-03T08:25:41.533+0000] {manager.py:821} INFO - Searching for files in /opt/airflow/dags
[2026-04-03T08:25:41.536+0000] {manager.py:824} INFO - There are 2 files in /opt/airflow/dags
[2026-04-03T08:25:42.619+0000] {manager.py:821} INFO - Searching for files in /opt/airflow/dags
[2026-04-03T08:25:42.624+0000] {manager.py:824} INFO - There are 2 files in /opt/airflow/dags
[2026-04-03T08:25:43.876+0000] {manager.py:821} INFO - Searching for files in /opt/airflow/dags
[2026-04-03T08:25:43.880+0000] {manager.py:824} INFO - There are 2 files in /opt/airflow/dags
[2026-04-03T08:25:45.326+0000] {manager.py:821} INFO - Searching for files in /opt/airflow/dags
[2026-04-03T08:25:45.331+0000] {manager.py:824} INFO - There are 2 files in /opt/airflow/dags
[2026-04-03T08:25:46.413+0000] {manager.py:821} INFO - Searching for files in /opt/airflow/dags
[2026-04-03T08:25:46.418+0000] {manager.py:824} INFO - There are 2 files in /opt/airflow/dags
[2026-04-03T08:25:47.673+0000] {manager.py:821} INFO - Searching for files in /opt/airflow/dags
[2026-04-03T08:25:47.676+0000] {manager.py:824} INFO - There are 2 files in /opt/airflow/dags
[2026-04-03T08:25:49.210+0000] {manager.py:821} INFO - Searching for files in /opt/airflow/dags
[2026-04-03T08:25:49.213+0000] {manager.py:824} INFO - There are 2 files in /opt/airflow/dags
[2026-04-03T08:25:50.503+0000] {manager.py:821} INFO - Searching for files in /opt/airflow/dags
[2026-04-03T08:25:50.506+0000] {manager.py:824} INFO - There are 2 files in /opt/airflow/dags
[2026-04-03T08:25:51.572+0000] {manager.py:821} INFO - Searching for files in /opt/airflow/dags
[2026-04-03T08:25:51.576+0000] {manager.py:824} INFO - There are 2 files in /opt/airflow/dags
[2026-04-03T08:25:53.056+0000] {manager.py:821} INFO - Searching for files in /opt/airflow/dags
[2026-04-03T08:25:53.059+0000] {manager.py:824} INFO - There are 2 files in /opt/airflow/dags
[2026-04-03T08:25:54.336+0000] {manager.py:821} INFO - Searching for files in /opt/airflow/dags
[2026-04-03T08:25:54.341+0000] {manager.py:824} INFO - There are 2 files in /opt/airflow/dags
[2026-04-03T08:25:55.643+0000] {manager.py:821} INFO - Searching for files in /opt/airflow/dags
[2026-04-03T08:25:55.646+0000] {manager.py:824} INFO - There are 2 files in /opt/airflow/dags
[2026-04-03T08:25:55.710+0000] {manager.py:997} INFO - 
================================================================================
DAG File Processing Stats

File Path                                PID  Runtime      # DAGs    # Errors  Last Runtime    Last Run               Last # of DB Queries
-------------------------------------  -----  ---------  --------  ----------  --------------  -------------------  ----------------------
/opt/airflow/dags/dag_datalab_main.py   1937  0.04s             1           0  0.26s           2026-04-03T08:25:54                      10
/opt/airflow/dags/dag_test_spark.py     1940  0.02s             1           0  0.26s           2026-04-03T08:25:54                      10
================================================================================
[2026-04-03T08:25:56.909+0000] {manager.py:821} INFO - Searching for files in /opt/airflow/dags
[2026-04-03T08:25:56.913+0000] {manager.py:824} INFO - There are 2 files in /opt/airflow/dags
[2026-04-03T08:25:58.154+0000] {manager.py:821} INFO - Searching for files in /opt/airflow/dags
[2026-04-03T08:25:58.158+0000] {manager.py:824} INFO - There are 2 files in /opt/airflow/dags
[2026-04-03T08:25:59.228+0000] {manager.py:821} INFO - Searching for files in /opt/airflow/dags
[2026-04-03T08:25:59.232+0000] {manager.py:824} INFO - There are 2 files in /opt/airflow/dags
[2026-04-03T08:26:00.481+0000] {manager.py:821} INFO - Searching for files in /opt/airflow/dags
[2026-04-03T08:26:00.485+0000] {manager.py:824} INFO - There are 2 files in /opt/airflow/dags
[2026-04-03T08:26:01.774+0000] {manager.py:821} INFO - Searching for files in /opt/airflow/dags
[2026-04-03T08:26:01.778+0000] {manager.py:824} INFO - There are 2 files in /opt/airflow/dags
[2026-04-03T08:26:03.309+0000] {manager.py:821} INFO - Searching for files in /opt/airflow/dags
[2026-04-03T08:26:03.312+0000] {manager.py:824} INFO - There are 2 files in /opt/airflow/dags
[2026-04-03T08:26:04.605+0000] {manager.py:821} INFO - Searching for files in /opt/airflow/dags
[2026-04-03T08:26:04.609+0000] {manager.py:824} INFO - There are 2 files in /opt/airflow/dags
[2026-04-03T08:26:05.894+0000] {manager.py:821} INFO - Searching for files in /opt/airflow/dags
[2026-04-03T08:26:05.898+0000] {manager.py:824} INFO - There are 2 files in /opt/airflow/dags
[2026-04-03T08:26:06.969+0000] {manager.py:821} INFO - Searching for files in /opt/airflow/dags
[2026-04-03T08:26:06.972+0000] {manager.py:824} INFO - There are 2 files in /opt/airflow/dags
[2026-04-03T08:26:08.469+0000] {manager.py:821} INFO - Searching for files in /opt/airflow/dags
[2026-04-03T08:26:08.474+0000] {manager.py:824} INFO - There are 2 files in /opt/airflow/dags
[2026-04-03T08:26:09.758+0000] {manager.py:821} INFO - Searching for files in /opt/airflow/dags
[2026-04-03T08:26:09.761+0000] {manager.py:824} INFO - There are 2 files in /opt/airflow/dags
[2026-04-03T08:26:11.026+0000] {manager.py:821} INFO - Searching for files in /opt/airflow/dags
[2026-04-03T08:26:11.029+0000] {manager.py:824} INFO - There are 2 files in /opt/airflow/dags
[2026-04-03T08:26:12.307+0000] {manager.py:821} INFO - Searching for files in /opt/airflow/dags
[2026-04-03T08:26:12.311+0000] {manager.py:824} INFO - There are 2 files in /opt/airflow/dags
[2026-04-03T08:26:13.389+0000] {manager.py:821} INFO - Searching for files in /opt/airflow/dags
[2026-04-03T08:26:13.392+0000] {manager.py:824} INFO - There are 2 files in /opt/airflow/dags
[2026-04-03T08:26:14.857+0000] {manager.py:821} INFO - Searching for files in /opt/airflow/dags
[2026-04-03T08:26:14.862+0000] {manager.py:824} INFO - There are 2 files in /opt/airflow/dags
[2026-04-03T08:26:16.130+0000] {manager.py:821} INFO - Searching for files in /opt/airflow/dags
[2026-04-03T08:26:16.134+0000] {manager.py:824} INFO - There are 2 files in /opt/airflow/dags
[2026-04-03T08:26:17.414+0000] {manager.py:821} INFO - Searching for files in /opt/airflow/dags
[2026-04-03T08:26:17.418+0000] {manager.py:824} INFO - There are 2 files in /opt/airflow/dags
[2026-04-03T08:26:18.489+0000] {manager.py:821} INFO - Searching for files in /opt/airflow/dags
[2026-04-03T08:26:18.493+0000] {manager.py:824} INFO - There are 2 files in /opt/airflow/dags
[2026-04-03T08:26:19.742+0000] {manager.py:821} INFO - Searching for files in /opt/airflow/dags
[2026-04-03T08:26:19.745+0000] {manager.py:824} INFO - There are 2 files in /opt/airflow/dags
[2026-04-03T08:26:21.218+0000] {manager.py:821} INFO - Searching for files in /opt/airflow/dags
[2026-04-03T08:26:21.222+0000] {manager.py:824} INFO - There are 2 files in /opt/airflow/dags
[2026-04-03T08:26:22.514+0000] {manager.py:821} INFO - Searching for files in /opt/airflow/dags
[2026-04-03T08:26:22.518+0000] {manager.py:824} INFO - There are 2 files in /opt/airflow/dags
[2026-04-03T08:26:23.597+0000] {manager.py:821} INFO - Searching for files in /opt/airflow/dags
[2026-04-03T08:26:23.600+0000] {manager.py:824} INFO - There are 2 files in /opt/airflow/dags
[2026-04-03T08:26:25.069+0000] {manager.py:821} INFO - Searching for files in /opt/airflow/dags
[2026-04-03T08:26:25.071+0000] {manager.py:824} INFO - There are 2 files in /opt/airflow/dags
[2026-04-03T08:26:26.334+0000] {manager.py:821} INFO - Searching for files in /opt/airflow/dags
[2026-04-03T08:26:26.337+0000] {manager.py:824} INFO - There are 2 files in /opt/airflow/dags
[2026-04-03T08:26:26.394+0000] {manager.py:997} INFO - 
================================================================================
DAG File Processing Stats

File Path                                PID  Runtime      # DAGs    # Errors  Last Runtime    Last Run               Last # of DB Queries
-------------------------------------  -----  ---------  --------  ----------  --------------  -------------------  ----------------------
/opt/airflow/dags/dag_datalab_main.py   2182  0.03s             1           0  0.24s           2026-04-03T08:26:25                      10
/opt/airflow/dags/dag_test_spark.py     2185  0.02s             1           0  0.23s           2026-04-03T08:26:25                      10
================================================================================
[2026-04-03T08:26:27.611+0000] {manager.py:821} INFO - Searching for files in /opt/airflow/dags
[2026-04-03T08:26:27.614+0000] {manager.py:824} INFO - There are 2 files in /opt/airflow/dags
[2026-04-03T08:26:28.908+0000] {manager.py:821} INFO - Searching for files in /opt/airflow/dags
[2026-04-03T08:26:28.911+0000] {manager.py:824} INFO - There are 2 files in /opt/airflow/dags
[2026-04-03T08:26:30.227+0000] {manager.py:821} INFO - Searching for files in /opt/airflow/dags
[2026-04-03T08:26:30.231+0000] {manager.py:824} INFO - There are 2 files in /opt/airflow/dags
[2026-04-03T08:26:31.512+0000] {manager.py:821} INFO - Searching for files in /opt/airflow/dags
[2026-04-03T08:26:31.516+0000] {manager.py:824} INFO - There are 2 files in /opt/airflow/dags
[2026-04-03T08:26:32.784+0000] {manager.py:821} INFO - Searching for files in /opt/airflow/dags
[2026-04-03T08:26:32.788+0000] {manager.py:824} INFO - There are 2 files in /opt/airflow/dags
[2026-04-03T08:26:34.044+0000] {manager.py:821} INFO - Searching for files in /opt/airflow/dags
[2026-04-03T08:26:34.047+0000] {manager.py:824} INFO - There are 2 files in /opt/airflow/dags
[2026-04-03T08:26:35.307+0000] {manager.py:821} INFO - Searching for files in /opt/airflow/dags
[2026-04-03T08:26:35.312+0000] {manager.py:824} INFO - There are 2 files in /opt/airflow/dags
[2026-04-03T08:26:36.393+0000] {manager.py:821} INFO - Searching for files in /opt/airflow/dags
[2026-04-03T08:26:36.396+0000] {manager.py:824} INFO - There are 2 files in /opt/airflow/dags
[2026-04-03T08:26:37.886+0000] {manager.py:821} INFO - Searching for files in /opt/airflow/dags
[2026-04-03T08:26:37.889+0000] {manager.py:824} INFO - There are 2 files in /opt/airflow/dags
[2026-04-03T08:26:39.156+0000] {manager.py:821} INFO - Searching for files in /opt/airflow/dags
[2026-04-03T08:26:39.160+0000] {manager.py:824} INFO - There are 2 files in /opt/airflow/dags
[2026-04-03T08:26:40.422+0000] {manager.py:821} INFO - Searching for files in /opt/airflow/dags
[2026-04-03T08:26:40.425+0000] {manager.py:824} INFO - There are 2 files in /opt/airflow/dags
[2026-04-03T08:26:41.670+0000] {manager.py:821} INFO - Searching for files in /opt/airflow/dags
[2026-04-03T08:26:41.673+0000] {manager.py:824} INFO - There are 2 files in /opt/airflow/dags
[2026-04-03T08:26:42.936+0000] {manager.py:821} INFO - Searching for files in /opt/airflow/dags
[2026-04-03T08:26:42.940+0000] {manager.py:824} INFO - There are 2 files in /opt/airflow/dags
[2026-04-03T08:26:44.223+0000] {manager.py:821} INFO - Searching for files in /opt/airflow/dags
[2026-04-03T08:26:44.228+0000] {manager.py:824} INFO - There are 2 files in /opt/airflow/dags
[2026-04-03T08:26:45.566+0000] {manager.py:821} INFO - Searching for files in /opt/airflow/dags
[2026-04-03T08:26:45.569+0000] {manager.py:824} INFO - There are 2 files in /opt/airflow/dags
[2026-04-03T08:26:46.850+0000] {manager.py:821} INFO - Searching for files in /opt/airflow/dags
[2026-04-03T08:26:46.853+0000] {manager.py:824} INFO - There are 2 files in /opt/airflow/dags
[2026-04-03T08:26:48.128+0000] {manager.py:821} INFO - Searching for files in /opt/airflow/dags
[2026-04-03T08:26:48.133+0000] {manager.py:824} INFO - There are 2 files in /opt/airflow/dags
[2026-04-03T08:26:49.404+0000] {manager.py:821} INFO - Searching for files in /opt/airflow/dags
[2026-04-03T08:26:49.407+0000] {manager.py:824} INFO - There are 2 files in /opt/airflow/dags
[2026-04-03T08:26:50.474+0000] {manager.py:821} INFO - Searching for files in /opt/airflow/dags
[2026-04-03T08:26:50.477+0000] {manager.py:824} INFO - There are 2 files in /opt/airflow/dags
[2026-04-03T08:26:51.705+0000] {manager.py:821} INFO - Searching for files in /opt/airflow/dags
[2026-04-03T08:26:51.709+0000] {manager.py:824} INFO - There are 2 files in /opt/airflow/dags
[2026-04-03T08:26:53.197+0000] {manager.py:821} INFO - Searching for files in /opt/airflow/dags
[2026-04-03T08:26:53.201+0000] {manager.py:824} INFO - There are 2 files in /opt/airflow/dags
[2026-04-03T08:26:54.481+0000] {manager.py:821} INFO - Searching for files in /opt/airflow/dags
[2026-04-03T08:26:54.483+0000] {manager.py:824} INFO - There are 2 files in /opt/airflow/dags
[2026-04-03T08:26:55.559+0000] {manager.py:821} INFO - Searching for files in /opt/airflow/dags
[2026-04-03T08:26:55.562+0000] {manager.py:824} INFO - There are 2 files in /opt/airflow/dags
[2026-04-03T08:26:56.807+0000] {manager.py:821} INFO - Searching for files in /opt/airflow/dags
[2026-04-03T08:26:56.810+0000] {manager.py:824} INFO - There are 2 files in /opt/airflow/dags
[2026-04-03T08:26:56.827+0000] {manager.py:997} INFO - 
================================================================================
DAG File Processing Stats

File Path                              PID    Runtime      # DAGs    # Errors  Last Runtime    Last Run               Last # of DB Queries
-------------------------------------  -----  ---------  --------  ----------  --------------  -------------------  ----------------------
/opt/airflow/dags/dag_datalab_main.py                           1           0  0.25s           2026-04-03T08:26:56                      10
/opt/airflow/dags/dag_test_spark.py                             1           0  0.22s           2026-04-03T08:26:56                      10
================================================================================
[2026-04-03T08:26:58.261+0000] {manager.py:821} INFO - Searching for files in /opt/airflow/dags
[2026-04-03T08:26:58.264+0000] {manager.py:824} INFO - There are 2 files in /opt/airflow/dags
[2026-04-03T08:26:59.516+0000] {manager.py:821} INFO - Searching for files in /opt/airflow/dags
[2026-04-03T08:26:59.521+0000] {manager.py:824} INFO - There are 2 files in /opt/airflow/dags
[2026-04-03T08:27:00.877+0000] {manager.py:821} INFO - Searching for files in /opt/airflow/dags
[2026-04-03T08:27:00.880+0000] {manager.py:824} INFO - There are 2 files in /opt/airflow/dags
[2026-04-03T08:27:01.965+0000] {manager.py:821} INFO - Searching for files in /opt/airflow/dags
[2026-04-03T08:27:01.968+0000] {manager.py:824} INFO - There are 2 files in /opt/airflow/dags
[2026-04-03T08:27:03.393+0000] {manager.py:821} INFO - Searching for files in /opt/airflow/dags
[2026-04-03T08:27:03.396+0000] {manager.py:824} INFO - There are 2 files in /opt/airflow/dags
[2026-04-03T08:27:04.649+0000] {manager.py:821} INFO - Searching for files in /opt/airflow/dags
[2026-04-03T08:27:04.652+0000] {manager.py:824} INFO - There are 2 files in /opt/airflow/dags
[2026-04-03T08:27:05.915+0000] {manager.py:821} INFO - Searching for files in /opt/airflow/dags
[2026-04-03T08:27:05.918+0000] {manager.py:824} INFO - There are 2 files in /opt/airflow/dags
[2026-04-03T08:27:07.192+0000] {manager.py:821} INFO - Searching for files in /opt/airflow/dags
[2026-04-03T08:27:07.195+0000] {manager.py:824} INFO - There are 2 files in /opt/airflow/dags
[2026-04-03T08:27:08.457+0000] {manager.py:821} INFO - Searching for files in /opt/airflow/dags
[2026-04-03T08:27:08.461+0000] {manager.py:824} INFO - There are 2 files in /opt/airflow/dags
[2026-04-03T08:27:09.534+0000] {manager.py:821} INFO - Searching for files in /opt/airflow/dags
[2026-04-03T08:27:09.538+0000] {manager.py:824} INFO - There are 2 files in /opt/airflow/dags
[2026-04-03T08:27:10.981+0000] {manager.py:821} INFO - Searching for files in /opt/airflow/dags
[2026-04-03T08:27:10.984+0000] {manager.py:824} INFO - There are 2 files in /opt/airflow/dags
[2026-04-03T08:27:12.050+0000] {manager.py:821} INFO - Searching for files in /opt/airflow/dags
[2026-04-03T08:27:12.056+0000] {manager.py:824} INFO - There are 2 files in /opt/airflow/dags
[2026-04-03T08:27:13.280+0000] {manager.py:821} INFO - Searching for files in /opt/airflow/dags
[2026-04-03T08:27:13.283+0000] {manager.py:824} INFO - There are 2 files in /opt/airflow/dags
[2026-04-03T08:27:14.751+0000] {manager.py:821} INFO - Searching for files in /opt/airflow/dags
[2026-04-03T08:27:14.755+0000] {manager.py:824} INFO - There are 2 files in /opt/airflow/dags
[2026-04-03T08:27:15.840+0000] {manager.py:821} INFO - Searching for files in /opt/airflow/dags
[2026-04-03T08:27:15.843+0000] {manager.py:824} INFO - There are 2 files in /opt/airflow/dags
[2026-04-03T08:27:17.099+0000] {manager.py:821} INFO - Searching for files in /opt/airflow/dags
[2026-04-03T08:27:17.102+0000] {manager.py:824} INFO - There are 2 files in /opt/airflow/dags
[2026-04-03T08:27:18.609+0000] {manager.py:821} INFO - Searching for files in /opt/airflow/dags
[2026-04-03T08:27:18.612+0000] {manager.py:824} INFO - There are 2 files in /opt/airflow/dags
[2026-04-03T08:27:19.895+0000] {manager.py:821} INFO - Searching for files in /opt/airflow/dags
[2026-04-03T08:27:19.898+0000] {manager.py:824} INFO - There are 2 files in /opt/airflow/dags
[2026-04-03T08:27:21.146+0000] {manager.py:821} INFO - Searching for files in /opt/airflow/dags
[2026-04-03T08:27:21.149+0000] {manager.py:824} INFO - There are 2 files in /opt/airflow/dags
[2026-04-03T08:27:22.415+0000] {manager.py:821} INFO - Searching for files in /opt/airflow/dags
[2026-04-03T08:27:22.418+0000] {manager.py:824} INFO - There are 2 files in /opt/airflow/dags
[2026-04-03T08:27:23.708+0000] {manager.py:821} INFO - Searching for files in /opt/airflow/dags
[2026-04-03T08:27:23.712+0000] {manager.py:824} INFO - There are 2 files in /opt/airflow/dags
[2026-04-03T08:27:25.010+0000] {manager.py:821} INFO - Searching for files in /opt/airflow/dags
[2026-04-03T08:27:25.013+0000] {manager.py:824} INFO - There are 2 files in /opt/airflow/dags
[2026-04-03T08:27:26.285+0000] {manager.py:821} INFO - Searching for files in /opt/airflow/dags
[2026-04-03T08:27:26.289+0000] {manager.py:824} INFO - There are 2 files in /opt/airflow/dags
[2026-04-03T08:27:27.574+0000] {manager.py:821} INFO - Searching for files in /opt/airflow/dags
[2026-04-03T08:27:27.577+0000] {manager.py:824} INFO - There are 2 files in /opt/airflow/dags
[2026-04-03T08:27:27.634+0000] {manager.py:997} INFO - 
================================================================================
DAG File Processing Stats

File Path                                PID  Runtime      # DAGs    # Errors  Last Runtime    Last Run               Last # of DB Queries
-------------------------------------  -----  ---------  --------  ----------  --------------  -------------------  ----------------------
/opt/airflow/dags/dag_datalab_main.py   2669  0.03s             1           0  0.26s           2026-04-03T08:27:26                      10
/opt/airflow/dags/dag_test_spark.py     2672  0.02s             1           0  0.24s           2026-04-03T08:27:26                      10
================================================================================
[2026-04-03T08:27:28.851+0000] {manager.py:821} INFO - Searching for files in /opt/airflow/dags
[2026-04-03T08:27:28.854+0000] {manager.py:824} INFO - There are 2 files in /opt/airflow/dags
[2026-04-03T08:27:30.108+0000] {manager.py:821} INFO - Searching for files in /opt/airflow/dags
[2026-04-03T08:27:30.111+0000] {manager.py:824} INFO - There are 2 files in /opt/airflow/dags
[2026-04-03T08:27:31.389+0000] {manager.py:821} INFO - Searching for files in /opt/airflow/dags
[2026-04-03T08:27:31.392+0000] {manager.py:824} INFO - There are 2 files in /opt/airflow/dags
[2026-04-03T08:27:32.674+0000] {manager.py:821} INFO - Searching for files in /opt/airflow/dags
[2026-04-03T08:27:32.677+0000] {manager.py:824} INFO - There are 2 files in /opt/airflow/dags
[2026-04-03T08:27:33.967+0000] {manager.py:821} INFO - Searching for files in /opt/airflow/dags
[2026-04-03T08:27:33.970+0000] {manager.py:824} INFO - There are 2 files in /opt/airflow/dags
[2026-04-03T08:27:35.226+0000] {manager.py:821} INFO - Searching for files in /opt/airflow/dags
[2026-04-03T08:27:35.229+0000] {manager.py:824} INFO - There are 2 files in /opt/airflow/dags
[2026-04-03T08:27:36.474+0000] {manager.py:821} INFO - Searching for files in /opt/airflow/dags
[2026-04-03T08:27:36.478+0000] {manager.py:824} INFO - There are 2 files in /opt/airflow/dags
[2026-04-03T08:27:37.720+0000] {manager.py:821} INFO - Searching for files in /opt/airflow/dags
[2026-04-03T08:27:37.723+0000] {manager.py:824} INFO - There are 2 files in /opt/airflow/dags
[2026-04-03T08:27:38.973+0000] {manager.py:821} INFO - Searching for files in /opt/airflow/dags
[2026-04-03T08:27:38.977+0000] {manager.py:824} INFO - There are 2 files in /opt/airflow/dags
[2026-04-03T08:27:40.245+0000] {manager.py:821} INFO - Searching for files in /opt/airflow/dags
[2026-04-03T08:27:40.249+0000] {manager.py:824} INFO - There are 2 files in /opt/airflow/dags
[2026-04-03T08:27:41.522+0000] {manager.py:821} INFO - Searching for files in /opt/airflow/dags
[2026-04-03T08:27:41.525+0000] {manager.py:824} INFO - There are 2 files in /opt/airflow/dags
[2026-04-03T08:27:42.600+0000] {manager.py:821} INFO - Searching for files in /opt/airflow/dags
[2026-04-03T08:27:42.604+0000] {manager.py:824} INFO - There are 2 files in /opt/airflow/dags
[2026-04-03T08:27:43.861+0000] {manager.py:821} INFO - Searching for files in /opt/airflow/dags
[2026-04-03T08:27:43.864+0000] {manager.py:824} INFO - There are 2 files in /opt/airflow/dags
[2026-04-03T08:27:45.330+0000] {manager.py:821} INFO - Searching for files in /opt/airflow/dags
[2026-04-03T08:27:45.332+0000] {manager.py:824} INFO - There are 2 files in /opt/airflow/dags
[2026-04-03T08:27:46.594+0000] {manager.py:821} INFO - Searching for files in /opt/airflow/dags
[2026-04-03T08:27:46.597+0000] {manager.py:824} INFO - There are 2 files in /opt/airflow/dags
[2026-04-03T08:27:47.669+0000] {manager.py:821} INFO - Searching for files in /opt/airflow/dags
[2026-04-03T08:27:47.673+0000] {manager.py:824} INFO - There are 2 files in /opt/airflow/dags
[2026-04-03T08:27:49.172+0000] {manager.py:821} INFO - Searching for files in /opt/airflow/dags
[2026-04-03T08:27:49.175+0000] {manager.py:824} INFO - There are 2 files in /opt/airflow/dags
[2026-04-03T08:27:50.259+0000] {manager.py:821} INFO - Searching for files in /opt/airflow/dags
[2026-04-03T08:27:50.262+0000] {manager.py:824} INFO - There are 2 files in /opt/airflow/dags
[2026-04-03T08:27:51.709+0000] {manager.py:821} INFO - Searching for files in /opt/airflow/dags
[2026-04-03T08:27:51.712+0000] {manager.py:824} INFO - There are 2 files in /opt/airflow/dags
[2026-04-03T08:27:52.955+0000] {manager.py:821} INFO - Searching for files in /opt/airflow/dags
[2026-04-03T08:27:52.958+0000] {manager.py:824} INFO - There are 2 files in /opt/airflow/dags
[2026-04-03T08:27:54.211+0000] {manager.py:821} INFO - Searching for files in /opt/airflow/dags
[2026-04-03T08:27:54.216+0000] {manager.py:824} INFO - There are 2 files in /opt/airflow/dags
[2026-04-03T08:27:55.497+0000] {manager.py:821} INFO - Searching for files in /opt/airflow/dags
[2026-04-03T08:27:55.501+0000] {manager.py:824} INFO - There are 2 files in /opt/airflow/dags
[2026-04-03T08:27:56.587+0000] {manager.py:821} INFO - Searching for files in /opt/airflow/dags
[2026-04-03T08:27:56.590+0000] {manager.py:824} INFO - There are 2 files in /opt/airflow/dags
[2026-04-03T08:27:57.833+0000] {manager.py:821} INFO - Searching for files in /opt/airflow/dags
[2026-04-03T08:27:57.836+0000] {manager.py:824} INFO - There are 2 files in /opt/airflow/dags
[2026-04-03T08:27:57.855+0000] {manager.py:997} INFO - 
================================================================================
DAG File Processing Stats

File Path                              PID    Runtime      # DAGs    # Errors  Last Runtime    Last Run               Last # of DB Queries
-------------------------------------  -----  ---------  --------  ----------  --------------  -------------------  ----------------------
/opt/airflow/dags/dag_datalab_main.py                           1           0  0.25s           2026-04-03T08:27:57                      10
/opt/airflow/dags/dag_test_spark.py                             1           0  0.23s           2026-04-03T08:27:57                      10
================================================================================
[2026-04-03T08:27:59.309+0000] {manager.py:821} INFO - Searching for files in /opt/airflow/dags
[2026-04-03T08:27:59.312+0000] {manager.py:824} INFO - There are 2 files in /opt/airflow/dags
[2026-04-03T08:28:00.567+0000] {manager.py:821} INFO - Searching for files in /opt/airflow/dags
[2026-04-03T08:28:00.570+0000] {manager.py:824} INFO - There are 2 files in /opt/airflow/dags
[2026-04-03T08:28:01.827+0000] {manager.py:821} INFO - Searching for files in /opt/airflow/dags
[2026-04-03T08:28:01.830+0000] {manager.py:824} INFO - There are 2 files in /opt/airflow/dags
[2026-04-03T08:28:02.898+0000] {manager.py:821} INFO - Searching for files in /opt/airflow/dags
[2026-04-03T08:28:02.901+0000] {manager.py:824} INFO - There are 2 files in /opt/airflow/dags
[2026-04-03T08:28:04.135+0000] {manager.py:821} INFO - Searching for files in /opt/airflow/dags
[2026-04-03T08:28:04.138+0000] {manager.py:824} INFO - There are 2 files in /opt/airflow/dags
[2026-04-03T08:28:05.411+0000] {manager.py:821} INFO - Searching for files in /opt/airflow/dags
[2026-04-03T08:28:05.414+0000] {manager.py:824} INFO - There are 2 files in /opt/airflow/dags
[2026-04-03T08:28:06.694+0000] {manager.py:821} INFO - Searching for files in /opt/airflow/dags
[2026-04-03T08:28:06.697+0000] {manager.py:824} INFO - There are 2 files in /opt/airflow/dags
[2026-04-03T08:28:08.152+0000] {manager.py:821} INFO - Searching for files in /opt/airflow/dags
[2026-04-03T08:28:08.155+0000] {manager.py:824} INFO - There are 2 files in /opt/airflow/dags
[2026-04-03T08:28:09.220+0000] {manager.py:821} INFO - Searching for files in /opt/airflow/dags
[2026-04-03T08:28:09.224+0000] {manager.py:824} INFO - There are 2 files in /opt/airflow/dags
[2026-04-03T08:28:10.653+0000] {manager.py:821} INFO - Searching for files in /opt/airflow/dags
[2026-04-03T08:28:10.657+0000] {manager.py:824} INFO - There are 2 files in /opt/airflow/dags
[2026-04-03T08:28:11.729+0000] {manager.py:821} INFO - Searching for files in /opt/airflow/dags
[2026-04-03T08:28:11.732+0000] {manager.py:824} INFO - There are 2 files in /opt/airflow/dags
[2026-04-03T08:28:13.213+0000] {manager.py:821} INFO - Searching for files in /opt/airflow/dags
[2026-04-03T08:28:13.216+0000] {manager.py:824} INFO - There are 2 files in /opt/airflow/dags
[2026-04-03T08:28:14.492+0000] {manager.py:821} INFO - Searching for files in /opt/airflow/dags
[2026-04-03T08:28:14.496+0000] {manager.py:824} INFO - There are 2 files in /opt/airflow/dags
[2026-04-03T08:28:15.575+0000] {manager.py:821} INFO - Searching for files in /opt/airflow/dags
[2026-04-03T08:28:15.579+0000] {manager.py:824} INFO - There are 2 files in /opt/airflow/dags
[2026-04-03T08:28:17.050+0000] {manager.py:821} INFO - Searching for files in /opt/airflow/dags
[2026-04-03T08:28:17.054+0000] {manager.py:824} INFO - There are 2 files in /opt/airflow/dags
[2026-04-03T08:28:18.304+0000] {manager.py:821} INFO - Searching for files in /opt/airflow/dags
[2026-04-03T08:28:18.307+0000] {manager.py:824} INFO - There are 2 files in /opt/airflow/dags
[2026-04-03T08:28:19.612+0000] {manager.py:821} INFO - Searching for files in /opt/airflow/dags
[2026-04-03T08:28:19.617+0000] {manager.py:824} INFO - There are 2 files in /opt/airflow/dags
[2026-04-03T08:28:20.923+0000] {manager.py:821} INFO - Searching for files in /opt/airflow/dags
[2026-04-03T08:28:20.927+0000] {manager.py:824} INFO - There are 2 files in /opt/airflow/dags
[2026-04-03T08:28:22.221+0000] {manager.py:821} INFO - Searching for files in /opt/airflow/dags
[2026-04-03T08:28:22.225+0000] {manager.py:824} INFO - There are 2 files in /opt/airflow/dags
[2026-04-03T08:28:23.488+0000] {manager.py:821} INFO - Searching for files in /opt/airflow/dags
[2026-04-03T08:28:23.491+0000] {manager.py:824} INFO - There are 2 files in /opt/airflow/dags
[2026-04-03T08:28:24.556+0000] {manager.py:821} INFO - Searching for files in /opt/airflow/dags
[2026-04-03T08:28:24.559+0000] {manager.py:824} INFO - There are 2 files in /opt/airflow/dags
[2026-04-03T08:28:26.007+0000] {manager.py:821} INFO - Searching for files in /opt/airflow/dags
[2026-04-03T08:28:26.010+0000] {manager.py:824} INFO - There are 2 files in /opt/airflow/dags
[2026-04-03T08:28:27.087+0000] {manager.py:821} INFO - Searching for files in /opt/airflow/dags
[2026-04-03T08:28:27.090+0000] {manager.py:824} INFO - There are 2 files in /opt/airflow/dags
[2026-04-03T08:28:28.591+0000] {manager.py:821} INFO - Searching for files in /opt/airflow/dags
[2026-04-03T08:28:28.594+0000] {manager.py:824} INFO - There are 2 files in /opt/airflow/dags
[2026-04-03T08:28:28.647+0000] {manager.py:997} INFO - 
================================================================================
DAG File Processing Stats

File Path                                PID  Runtime      # DAGs    # Errors  Last Runtime    Last Run               Last # of DB Queries
-------------------------------------  -----  ---------  --------  ----------  --------------  -------------------  ----------------------
/opt/airflow/dags/dag_test_spark.py     3153  0.01s             1           0  0.27s           2026-04-03T08:28:27                      10
/opt/airflow/dags/dag_datalab_main.py   3150  0.03s             1           0  0.26s           2026-04-03T08:28:27                      10
================================================================================
[2026-04-03T08:28:29.870+0000] {manager.py:821} INFO - Searching for files in /opt/airflow/dags
[2026-04-03T08:28:29.874+0000] {manager.py:824} INFO - There are 2 files in /opt/airflow/dags
[2026-04-03T08:28:31.132+0000] {manager.py:821} INFO - Searching for files in /opt/airflow/dags
[2026-04-03T08:28:31.135+0000] {manager.py:824} INFO - There are 2 files in /opt/airflow/dags
[2026-04-03T08:28:32.400+0000] {manager.py:821} INFO - Searching for files in /opt/airflow/dags
[2026-04-03T08:28:32.404+0000] {manager.py:824} INFO - There are 2 files in /opt/airflow/dags
[2026-04-03T08:28:33.719+0000] {manager.py:821} INFO - Searching for files in /opt/airflow/dags
[2026-04-03T08:28:33.722+0000] {manager.py:824} INFO - There are 2 files in /opt/airflow/dags
[2026-04-03T08:28:35.012+0000] {manager.py:821} INFO - Searching for files in /opt/airflow/dags
[2026-04-03T08:28:35.015+0000] {manager.py:824} INFO - There are 2 files in /opt/airflow/dags
[2026-04-03T08:28:36.293+0000] {manager.py:821} INFO - Searching for files in /opt/airflow/dags
[2026-04-03T08:28:36.296+0000] {manager.py:824} INFO - There are 2 files in /opt/airflow/dags
[2026-04-03T08:28:37.545+0000] {manager.py:821} INFO - Searching for files in /opt/airflow/dags
[2026-04-03T08:28:37.548+0000] {manager.py:824} INFO - There are 2 files in /opt/airflow/dags
[2026-04-03T08:28:38.785+0000] {manager.py:821} INFO - Searching for files in /opt/airflow/dags
[2026-04-03T08:28:38.788+0000] {manager.py:824} INFO - There are 2 files in /opt/airflow/dags
[2026-04-03T08:28:40.031+0000] {manager.py:821} INFO - Searching for files in /opt/airflow/dags
[2026-04-03T08:28:40.034+0000] {manager.py:824} INFO - There are 2 files in /opt/airflow/dags
[2026-04-03T08:28:41.098+0000] {manager.py:821} INFO - Searching for files in /opt/airflow/dags
[2026-04-03T08:28:41.102+0000] {manager.py:824} INFO - There are 2 files in /opt/airflow/dags
[2026-04-03T08:28:42.525+0000] {manager.py:821} INFO - Searching for files in /opt/airflow/dags
[2026-04-03T08:28:42.528+0000] {manager.py:824} INFO - There are 2 files in /opt/airflow/dags
[2026-04-03T08:28:43.595+0000] {manager.py:821} INFO - Searching for files in /opt/airflow/dags
[2026-04-03T08:28:43.597+0000] {manager.py:824} INFO - There are 2 files in /opt/airflow/dags
[2026-04-03T08:28:45.012+0000] {manager.py:821} INFO - Searching for files in /opt/airflow/dags
[2026-04-03T08:28:45.015+0000] {manager.py:824} INFO - There are 2 files in /opt/airflow/dags
[2026-04-03T08:28:46.084+0000] {manager.py:821} INFO - Searching for files in /opt/airflow/dags
[2026-04-03T08:28:46.087+0000] {manager.py:824} INFO - There are 2 files in /opt/airflow/dags
[2026-04-03T08:28:47.501+0000] {manager.py:821} INFO - Searching for files in /opt/airflow/dags
[2026-04-03T08:28:47.504+0000] {manager.py:824} INFO - There are 2 files in /opt/airflow/dags
[2026-04-03T08:28:48.569+0000] {manager.py:821} INFO - Searching for files in /opt/airflow/dags
[2026-04-03T08:28:48.572+0000] {manager.py:824} INFO - There are 2 files in /opt/airflow/dags
[2026-04-03T08:28:49.794+0000] {manager.py:821} INFO - Searching for files in /opt/airflow/dags
[2026-04-03T08:28:49.796+0000] {manager.py:824} INFO - There are 2 files in /opt/airflow/dags
[2026-04-03T08:28:51.233+0000] {manager.py:821} INFO - Searching for files in /opt/airflow/dags
[2026-04-03T08:28:51.236+0000] {manager.py:824} INFO - There are 2 files in /opt/airflow/dags
[2026-04-03T08:28:52.470+0000] {manager.py:821} INFO - Searching for files in /opt/airflow/dags
[2026-04-03T08:28:52.473+0000] {manager.py:824} INFO - There are 2 files in /opt/airflow/dags
[2026-04-03T08:28:53.702+0000] {manager.py:821} INFO - Searching for files in /opt/airflow/dags
[2026-04-03T08:28:53.705+0000] {manager.py:824} INFO - There are 2 files in /opt/airflow/dags
[2026-04-03T08:28:54.931+0000] {manager.py:821} INFO - Searching for files in /opt/airflow/dags
[2026-04-03T08:28:54.934+0000] {manager.py:824} INFO - There are 2 files in /opt/airflow/dags
[2026-04-03T08:28:56.169+0000] {manager.py:821} INFO - Searching for files in /opt/airflow/dags
[2026-04-03T08:28:56.172+0000] {manager.py:824} INFO - There are 2 files in /opt/airflow/dags
[2026-04-03T08:28:57.415+0000] {manager.py:821} INFO - Searching for files in /opt/airflow/dags
[2026-04-03T08:28:57.418+0000] {manager.py:824} INFO - There are 2 files in /opt/airflow/dags
[2026-04-03T08:28:58.659+0000] {manager.py:821} INFO - Searching for files in /opt/airflow/dags
[2026-04-03T08:28:58.662+0000] {manager.py:824} INFO - There are 2 files in /opt/airflow/dags
[2026-04-03T08:28:58.712+0000] {manager.py:997} INFO - 
================================================================================
DAG File Processing Stats

File Path                                PID  Runtime      # DAGs    # Errors  Last Runtime    Last Run               Last # of DB Queries
-------------------------------------  -----  ---------  --------  ----------  --------------  -------------------  ----------------------
/opt/airflow/dags/dag_test_spark.py     3434  0.02s             1           0  0.22s           2026-04-03T08:28:57                      10
/opt/airflow/dags/dag_datalab_main.py   3431  0.03s             1           0  0.21s           2026-04-03T08:28:57                      10
================================================================================
[2026-04-03T08:28:59.897+0000] {manager.py:821} INFO - Searching for files in /opt/airflow/dags
[2026-04-03T08:28:59.900+0000] {manager.py:824} INFO - There are 2 files in /opt/airflow/dags
[2026-04-03T08:29:00.964+0000] {manager.py:821} INFO - Searching for files in /opt/airflow/dags
[2026-04-03T08:29:00.967+0000] {manager.py:824} INFO - There are 2 files in /opt/airflow/dags
[2026-04-03T08:29:02.234+0000] {manager.py:821} INFO - Searching for files in /opt/airflow/dags
[2026-04-03T08:29:02.237+0000] {manager.py:824} INFO - There are 2 files in /opt/airflow/dags
[2026-04-03T08:29:03.472+0000] {manager.py:821} INFO - Searching for files in /opt/airflow/dags
[2026-04-03T08:29:03.475+0000] {manager.py:824} INFO - There are 2 files in /opt/airflow/dags
[2026-04-03T08:29:04.715+0000] {manager.py:821} INFO - Searching for files in /opt/airflow/dags
[2026-04-03T08:29:04.718+0000] {manager.py:824} INFO - There are 2 files in /opt/airflow/dags
[2026-04-03T08:29:06.172+0000] {manager.py:821} INFO - Searching for files in /opt/airflow/dags
[2026-04-03T08:29:06.174+0000] {manager.py:824} INFO - There are 2 files in /opt/airflow/dags
[2026-04-03T08:29:07.239+0000] {manager.py:821} INFO - Searching for files in /opt/airflow/dags
[2026-04-03T08:29:07.242+0000] {manager.py:824} INFO - There are 2 files in /opt/airflow/dags
[2026-04-03T08:29:08.734+0000] {manager.py:821} INFO - Searching for files in /opt/airflow/dags
[2026-04-03T08:29:08.738+0000] {manager.py:824} INFO - There are 2 files in /opt/airflow/dags
[2026-04-03T08:29:09.973+0000] {manager.py:821} INFO - Searching for files in /opt/airflow/dags
[2026-04-03T08:29:09.976+0000] {manager.py:824} INFO - There are 2 files in /opt/airflow/dags
[2026-04-03T08:29:11.212+0000] {manager.py:821} INFO - Searching for files in /opt/airflow/dags
[2026-04-03T08:29:11.214+0000] {manager.py:824} INFO - There are 2 files in /opt/airflow/dags
[2026-04-03T08:29:12.456+0000] {manager.py:821} INFO - Searching for files in /opt/airflow/dags
[2026-04-03T08:29:12.459+0000] {manager.py:824} INFO - There are 2 files in /opt/airflow/dags
[2026-04-03T08:29:13.522+0000] {manager.py:821} INFO - Searching for files in /opt/airflow/dags
[2026-04-03T08:29:13.525+0000] {manager.py:824} INFO - There are 2 files in /opt/airflow/dags
[2026-04-03T08:29:14.926+0000] {manager.py:821} INFO - Searching for files in /opt/airflow/dags
[2026-04-03T08:29:14.929+0000] {manager.py:824} INFO - There are 2 files in /opt/airflow/dags
[2026-04-03T08:29:16.164+0000] {manager.py:821} INFO - Searching for files in /opt/airflow/dags
[2026-04-03T08:29:16.167+0000] {manager.py:824} INFO - There are 2 files in /opt/airflow/dags
[2026-04-03T08:29:17.231+0000] {manager.py:821} INFO - Searching for files in /opt/airflow/dags
[2026-04-03T08:29:17.235+0000] {manager.py:824} INFO - There are 2 files in /opt/airflow/dags
[2026-04-03T08:29:18.644+0000] {manager.py:821} INFO - Searching for files in /opt/airflow/dags
[2026-04-03T08:29:18.647+0000] {manager.py:824} INFO - There are 2 files in /opt/airflow/dags
[2026-04-03T08:29:19.895+0000] {manager.py:821} INFO - Searching for files in /opt/airflow/dags
[2026-04-03T08:29:19.898+0000] {manager.py:824} INFO - There are 2 files in /opt/airflow/dags
[2026-04-03T08:29:21.130+0000] {manager.py:821} INFO - Searching for files in /opt/airflow/dags
[2026-04-03T08:29:21.133+0000] {manager.py:824} INFO - There are 2 files in /opt/airflow/dags
[2026-04-03T08:29:22.368+0000] {manager.py:821} INFO - Searching for files in /opt/airflow/dags
[2026-04-03T08:29:22.371+0000] {manager.py:824} INFO - There are 2 files in /opt/airflow/dags
[2026-04-03T08:29:23.437+0000] {manager.py:821} INFO - Searching for files in /opt/airflow/dags
[2026-04-03T08:29:23.439+0000] {manager.py:824} INFO - There are 2 files in /opt/airflow/dags
[2026-04-03T08:29:24.827+0000] {manager.py:821} INFO - Searching for files in /opt/airflow/dags
[2026-04-03T08:29:24.830+0000] {manager.py:824} INFO - There are 2 files in /opt/airflow/dags
[2026-04-03T08:29:26.056+0000] {manager.py:821} INFO - Searching for files in /opt/airflow/dags
[2026-04-03T08:29:26.059+0000] {manager.py:824} INFO - There are 2 files in /opt/airflow/dags
[2026-04-03T08:29:27.123+0000] {manager.py:821} INFO - Searching for files in /opt/airflow/dags
[2026-04-03T08:29:27.126+0000] {manager.py:824} INFO - There are 2 files in /opt/airflow/dags
[2026-04-03T08:29:28.517+0000] {manager.py:821} INFO - Searching for files in /opt/airflow/dags
[2026-04-03T08:29:28.520+0000] {manager.py:824} INFO - There are 2 files in /opt/airflow/dags
[2026-04-03T08:29:28.749+0000] {manager.py:997} INFO - 
================================================================================
DAG File Processing Stats

File Path                              PID    Runtime      # DAGs    # Errors  Last Runtime    Last Run               Last # of DB Queries
-------------------------------------  -----  ---------  --------  ----------  --------------  -------------------  ----------------------
/opt/airflow/dags/dag_datalab_main.py                           1           0  0.21s           2026-04-03T08:29:28                      10
/opt/airflow/dags/dag_test_spark.py                             1           0  0.19s           2026-04-03T08:29:28                      10
================================================================================
[2026-04-03T08:29:29.582+0000] {manager.py:821} INFO - Searching for files in /opt/airflow/dags
[2026-04-03T08:29:29.585+0000] {manager.py:824} INFO - There are 2 files in /opt/airflow/dags
[2026-04-03T08:29:30.790+0000] {manager.py:821} INFO - Searching for files in /opt/airflow/dags
[2026-04-03T08:29:30.792+0000] {manager.py:824} INFO - There are 2 files in /opt/airflow/dags
[2026-04-03T08:29:32.198+0000] {manager.py:821} INFO - Searching for files in /opt/airflow/dags
[2026-04-03T08:29:32.201+0000] {manager.py:824} INFO - There are 2 files in /opt/airflow/dags
[2026-04-03T08:29:33.438+0000] {manager.py:821} INFO - Searching for files in /opt/airflow/dags
[2026-04-03T08:29:33.441+0000] {manager.py:824} INFO - There are 2 files in /opt/airflow/dags
[2026-04-03T08:29:34.504+0000] {manager.py:821} INFO - Searching for files in /opt/airflow/dags
[2026-04-03T08:29:34.507+0000] {manager.py:824} INFO - There are 2 files in /opt/airflow/dags
[2026-04-03T08:29:35.912+0000] {manager.py:821} INFO - Searching for files in /opt/airflow/dags
[2026-04-03T08:29:35.915+0000] {manager.py:824} INFO - There are 2 files in /opt/airflow/dags
[2026-04-03T08:29:37.144+0000] {manager.py:821} INFO - Searching for files in /opt/airflow/dags
[2026-04-03T08:29:37.147+0000] {manager.py:824} INFO - There are 2 files in /opt/airflow/dags
[2026-04-03T08:29:38.210+0000] {manager.py:821} INFO - Searching for files in /opt/airflow/dags
[2026-04-03T08:29:38.213+0000] {manager.py:824} INFO - There are 2 files in /opt/airflow/dags
[2026-04-03T08:29:39.599+0000] {manager.py:821} INFO - Searching for files in /opt/airflow/dags
[2026-04-03T08:29:39.602+0000] {manager.py:824} INFO - There are 2 files in /opt/airflow/dags
[2026-04-03T08:29:40.831+0000] {manager.py:821} INFO - Searching for files in /opt/airflow/dags
[2026-04-03T08:29:40.834+0000] {manager.py:824} INFO - There are 2 files in /opt/airflow/dags
[2026-04-03T08:29:42.064+0000] {manager.py:821} INFO - Searching for files in /opt/airflow/dags
[2026-04-03T08:29:42.067+0000] {manager.py:824} INFO - There are 2 files in /opt/airflow/dags
[2026-04-03T08:29:43.303+0000] {manager.py:821} INFO - Searching for files in /opt/airflow/dags
[2026-04-03T08:29:43.306+0000] {manager.py:824} INFO - There are 2 files in /opt/airflow/dags
[2026-04-03T08:29:44.369+0000] {manager.py:821} INFO - Searching for files in /opt/airflow/dags
[2026-04-03T08:29:44.372+0000] {manager.py:824} INFO - There are 2 files in /opt/airflow/dags
[2026-04-03T08:29:45.771+0000] {manager.py:821} INFO - Searching for files in /opt/airflow/dags
[2026-04-03T08:29:45.773+0000] {manager.py:824} INFO - There are 2 files in /opt/airflow/dags
[2026-04-03T08:29:46.832+0000] {manager.py:821} INFO - Searching for files in /opt/airflow/dags
[2026-04-03T08:29:46.835+0000] {manager.py:824} INFO - There are 2 files in /opt/airflow/dags
[2026-04-03T08:29:48.228+0000] {manager.py:821} INFO - Searching for files in /opt/airflow/dags
[2026-04-03T08:29:48.231+0000] {manager.py:824} INFO - There are 2 files in /opt/airflow/dags
[2026-04-03T08:29:49.469+0000] {manager.py:821} INFO - Searching for files in /opt/airflow/dags
[2026-04-03T08:29:49.472+0000] {manager.py:824} INFO - There are 2 files in /opt/airflow/dags
[2026-04-03T08:29:50.726+0000] {manager.py:821} INFO - Searching for files in /opt/airflow/dags
[2026-04-03T08:29:50.730+0000] {manager.py:824} INFO - There are 2 files in /opt/airflow/dags
[2026-04-03T08:29:51.821+0000] {manager.py:821} INFO - Searching for files in /opt/airflow/dags
[2026-04-03T08:29:51.823+0000] {manager.py:824} INFO - There are 2 files in /opt/airflow/dags
[2026-04-03T08:29:53.313+0000] {manager.py:821} INFO - Searching for files in /opt/airflow/dags
[2026-04-03T08:29:53.317+0000] {manager.py:824} INFO - There are 2 files in /opt/airflow/dags
[2026-04-03T08:29:54.613+0000] {manager.py:821} INFO - Searching for files in /opt/airflow/dags
[2026-04-03T08:29:54.616+0000] {manager.py:824} INFO - There are 2 files in /opt/airflow/dags
[2026-04-03T08:29:55.870+0000] {manager.py:821} INFO - Searching for files in /opt/airflow/dags
[2026-04-03T08:29:55.872+0000] {manager.py:824} INFO - There are 2 files in /opt/airflow/dags
[2026-04-03T08:29:56.938+0000] {manager.py:821} INFO - Searching for files in /opt/airflow/dags
[2026-04-03T08:29:56.941+0000] {manager.py:824} INFO - There are 2 files in /opt/airflow/dags
[2026-04-03T08:29:58.374+0000] {manager.py:821} INFO - Searching for files in /opt/airflow/dags
[2026-04-03T08:29:58.377+0000] {manager.py:824} INFO - There are 2 files in /opt/airflow/dags
[2026-04-03T08:29:59.624+0000] {manager.py:821} INFO - Searching for files in /opt/airflow/dags
[2026-04-03T08:29:59.626+0000] {manager.py:824} INFO - There are 2 files in /opt/airflow/dags
[2026-04-03T08:29:59.678+0000] {manager.py:997} INFO - 
================================================================================
DAG File Processing Stats

File Path                                PID  Runtime      # DAGs    # Errors  Last Runtime    Last Run               Last # of DB Queries
-------------------------------------  -----  ---------  --------  ----------  --------------  -------------------  ----------------------
/opt/airflow/dags/dag_datalab_main.py   3921  0.03s             1           0  0.22s           2026-04-03T08:29:58                      10
/opt/airflow/dags/dag_test_spark.py     3924  0.01s             1           0  0.22s           2026-04-03T08:29:58                      10
================================================================================
[2026-04-03T08:30:00.877+0000] {manager.py:821} INFO - Searching for files in /opt/airflow/dags
[2026-04-03T08:30:00.880+0000] {manager.py:824} INFO - There are 2 files in /opt/airflow/dags
[2026-04-03T08:30:02.138+0000] {manager.py:821} INFO - Searching for files in /opt/airflow/dags
[2026-04-03T08:30:02.141+0000] {manager.py:824} INFO - There are 2 files in /opt/airflow/dags
[2026-04-03T08:30:03.415+0000] {manager.py:821} INFO - Searching for files in /opt/airflow/dags
[2026-04-03T08:30:03.418+0000] {manager.py:824} INFO - There are 2 files in /opt/airflow/dags
[2026-04-03T08:30:04.485+0000] {manager.py:821} INFO - Searching for files in /opt/airflow/dags
[2026-04-03T08:30:04.489+0000] {manager.py:824} INFO - There are 2 files in /opt/airflow/dags
[2026-04-03T08:30:05.952+0000] {manager.py:821} INFO - Searching for files in /opt/airflow/dags
[2026-04-03T08:30:05.955+0000] {manager.py:824} INFO - There are 2 files in /opt/airflow/dags
[2026-04-03T08:30:07.023+0000] {manager.py:821} INFO - Searching for files in /opt/airflow/dags
[2026-04-03T08:30:07.026+0000] {manager.py:824} INFO - There are 2 files in /opt/airflow/dags
[2026-04-03T08:30:08.467+0000] {manager.py:821} INFO - Searching for files in /opt/airflow/dags
[2026-04-03T08:30:08.470+0000] {manager.py:824} INFO - There are 2 files in /opt/airflow/dags
[2026-04-03T08:30:09.763+0000] {manager.py:821} INFO - Searching for files in /opt/airflow/dags
[2026-04-03T08:30:09.766+0000] {manager.py:824} INFO - There are 2 files in /opt/airflow/dags
[2026-04-03T08:30:10.834+0000] {manager.py:821} INFO - Searching for files in /opt/airflow/dags
[2026-04-03T08:30:10.839+0000] {manager.py:824} INFO - There are 2 files in /opt/airflow/dags
[2026-04-03T08:30:12.349+0000] {manager.py:821} INFO - Searching for files in /opt/airflow/dags
[2026-04-03T08:30:12.353+0000] {manager.py:824} INFO - There are 2 files in /opt/airflow/dags
[2026-04-03T08:30:13.649+0000] {manager.py:821} INFO - Searching for files in /opt/airflow/dags
[2026-04-03T08:30:13.654+0000] {manager.py:824} INFO - There are 2 files in /opt/airflow/dags
[2026-04-03T08:30:14.942+0000] {manager.py:821} INFO - Searching for files in /opt/airflow/dags
[2026-04-03T08:30:14.947+0000] {manager.py:824} INFO - There are 2 files in /opt/airflow/dags
[2026-04-03T08:30:16.274+0000] {manager.py:821} INFO - Searching for files in /opt/airflow/dags
[2026-04-03T08:30:16.277+0000] {manager.py:824} INFO - There are 2 files in /opt/airflow/dags
[2026-04-03T08:30:17.553+0000] {manager.py:821} INFO - Searching for files in /opt/airflow/dags
[2026-04-03T08:30:17.557+0000] {manager.py:824} INFO - There are 2 files in /opt/airflow/dags
[2026-04-03T08:30:18.837+0000] {manager.py:821} INFO - Searching for files in /opt/airflow/dags
[2026-04-03T08:30:18.840+0000] {manager.py:824} INFO - There are 2 files in /opt/airflow/dags
[2026-04-03T08:30:20.110+0000] {manager.py:821} INFO - Searching for files in /opt/airflow/dags
[2026-04-03T08:30:20.114+0000] {manager.py:824} INFO - There are 2 files in /opt/airflow/dags
[2026-04-03T08:30:21.188+0000] {manager.py:821} INFO - Searching for files in /opt/airflow/dags
[2026-04-03T08:30:21.192+0000] {manager.py:824} INFO - There are 2 files in /opt/airflow/dags
[2026-04-03T08:30:22.435+0000] {manager.py:821} INFO - Searching for files in /opt/airflow/dags
[2026-04-03T08:30:22.438+0000] {manager.py:824} INFO - There are 2 files in /opt/airflow/dags
[2026-04-03T08:30:23.925+0000] {manager.py:821} INFO - Searching for files in /opt/airflow/dags
[2026-04-03T08:30:23.928+0000] {manager.py:824} INFO - There are 2 files in /opt/airflow/dags
[2026-04-03T08:30:24.996+0000] {manager.py:821} INFO - Searching for files in /opt/airflow/dags
[2026-04-03T08:30:24.999+0000] {manager.py:824} INFO - There are 2 files in /opt/airflow/dags
[2026-04-03T08:30:26.466+0000] {manager.py:821} INFO - Searching for files in /opt/airflow/dags
[2026-04-03T08:30:26.470+0000] {manager.py:824} INFO - There are 2 files in /opt/airflow/dags
[2026-04-03T08:30:27.560+0000] {manager.py:821} INFO - Searching for files in /opt/airflow/dags
[2026-04-03T08:30:27.563+0000] {manager.py:824} INFO - There are 2 files in /opt/airflow/dags
[2026-04-03T08:30:28.829+0000] {manager.py:821} INFO - Searching for files in /opt/airflow/dags
[2026-04-03T08:30:28.833+0000] {manager.py:824} INFO - There are 2 files in /opt/airflow/dags
[2026-04-03T08:30:30.128+0000] {manager.py:821} INFO - Searching for files in /opt/airflow/dags
[2026-04-03T08:30:30.132+0000] {manager.py:824} INFO - There are 2 files in /opt/airflow/dags
[2026-04-03T08:30:30.161+0000] {manager.py:997} INFO - 
================================================================================
DAG File Processing Stats

File Path                              PID    Runtime      # DAGs    # Errors  Last Runtime    Last Run               Last # of DB Queries
-------------------------------------  -----  ---------  --------  ----------  --------------  -------------------  ----------------------
/opt/airflow/dags/dag_datalab_main.py                           1           0  0.27s           2026-04-03T08:30:29                      10
/opt/airflow/dags/dag_test_spark.py                             1           0  0.26s           2026-04-03T08:30:29                      10
================================================================================
[2026-04-03T08:30:31.690+0000] {manager.py:821} INFO - Searching for files in /opt/airflow/dags
[2026-04-03T08:30:31.696+0000] {manager.py:824} INFO - There are 2 files in /opt/airflow/dags
[2026-04-03T08:30:32.976+0000] {manager.py:821} INFO - Searching for files in /opt/airflow/dags
[2026-04-03T08:30:32.980+0000] {manager.py:824} INFO - There are 2 files in /opt/airflow/dags
[2026-04-03T08:30:34.051+0000] {manager.py:821} INFO - Searching for files in /opt/airflow/dags
[2026-04-03T08:30:34.054+0000] {manager.py:824} INFO - There are 2 files in /opt/airflow/dags
[2026-04-03T08:30:35.512+0000] {manager.py:821} INFO - Searching for files in /opt/airflow/dags
[2026-04-03T08:30:35.515+0000] {manager.py:824} INFO - There are 2 files in /opt/airflow/dags
[2026-04-03T08:30:36.787+0000] {manager.py:821} INFO - Searching for files in /opt/airflow/dags
[2026-04-03T08:30:36.790+0000] {manager.py:824} INFO - There are 2 files in /opt/airflow/dags
[2026-04-03T08:30:38.080+0000] {manager.py:821} INFO - Searching for files in /opt/airflow/dags
[2026-04-03T08:30:38.083+0000] {manager.py:824} INFO - There are 2 files in /opt/airflow/dags
[2026-04-03T08:30:39.165+0000] {manager.py:821} INFO - Searching for files in /opt/airflow/dags
[2026-04-03T08:30:39.168+0000] {manager.py:824} INFO - There are 2 files in /opt/airflow/dags
[2026-04-03T08:30:40.671+0000] {manager.py:821} INFO - Searching for files in /opt/airflow/dags
[2026-04-03T08:30:40.674+0000] {manager.py:824} INFO - There are 2 files in /opt/airflow/dags
[2026-04-03T08:30:41.750+0000] {manager.py:821} INFO - Searching for files in /opt/airflow/dags
[2026-04-03T08:30:41.753+0000] {manager.py:824} INFO - There are 2 files in /opt/airflow/dags
[2026-04-03T08:30:43.178+0000] {manager.py:821} INFO - Searching for files in /opt/airflow/dags
[2026-04-03T08:30:43.183+0000] {manager.py:824} INFO - There are 2 files in /opt/airflow/dags
[2026-04-03T08:30:44.466+0000] {manager.py:821} INFO - Searching for files in /opt/airflow/dags
[2026-04-03T08:30:44.470+0000] {manager.py:824} INFO - There are 2 files in /opt/airflow/dags
[2026-04-03T08:30:45.779+0000] {manager.py:821} INFO - Searching for files in /opt/airflow/dags
[2026-04-03T08:30:45.782+0000] {manager.py:824} INFO - There are 2 files in /opt/airflow/dags
[2026-04-03T08:30:46.850+0000] {manager.py:821} INFO - Searching for files in /opt/airflow/dags
[2026-04-03T08:30:46.853+0000] {manager.py:824} INFO - There are 2 files in /opt/airflow/dags
[2026-04-03T08:30:48.317+0000] {manager.py:821} INFO - Searching for files in /opt/airflow/dags
[2026-04-03T08:30:48.320+0000] {manager.py:824} INFO - There are 2 files in /opt/airflow/dags
[2026-04-03T08:30:49.399+0000] {manager.py:821} INFO - Searching for files in /opt/airflow/dags
[2026-04-03T08:30:49.403+0000] {manager.py:824} INFO - There are 2 files in /opt/airflow/dags
[2026-04-03T08:30:50.866+0000] {manager.py:821} INFO - Searching for files in /opt/airflow/dags
[2026-04-03T08:30:50.870+0000] {manager.py:824} INFO - There are 2 files in /opt/airflow/dags
[2026-04-03T08:30:52.151+0000] {manager.py:821} INFO - Searching for files in /opt/airflow/dags
[2026-04-03T08:30:52.154+0000] {manager.py:824} INFO - There are 2 files in /opt/airflow/dags
[2026-04-03T08:30:53.439+0000] {manager.py:821} INFO - Searching for files in /opt/airflow/dags
[2026-04-03T08:30:53.443+0000] {manager.py:824} INFO - There are 2 files in /opt/airflow/dags
[2026-04-03T08:30:54.724+0000] {manager.py:821} INFO - Searching for files in /opt/airflow/dags
[2026-04-03T08:30:54.727+0000] {manager.py:824} INFO - There are 2 files in /opt/airflow/dags
[2026-04-03T08:30:55.983+0000] {manager.py:821} INFO - Searching for files in /opt/airflow/dags
[2026-04-03T08:30:55.986+0000] {manager.py:824} INFO - There are 2 files in /opt/airflow/dags
[2026-04-03T08:30:57.274+0000] {manager.py:821} INFO - Searching for files in /opt/airflow/dags
[2026-04-03T08:30:57.278+0000] {manager.py:824} INFO - There are 2 files in /opt/airflow/dags
[2026-04-03T08:30:58.584+0000] {manager.py:821} INFO - Searching for files in /opt/airflow/dags
[2026-04-03T08:30:58.588+0000] {manager.py:824} INFO - There are 2 files in /opt/airflow/dags
[2026-04-03T08:30:59.853+0000] {manager.py:821} INFO - Searching for files in /opt/airflow/dags
[2026-04-03T08:30:59.857+0000] {manager.py:824} INFO - There are 2 files in /opt/airflow/dags
[2026-04-03T08:31:00.167+0000] {manager.py:997} INFO - 
================================================================================
DAG File Processing Stats

File Path                              PID    Runtime      # DAGs    # Errors  Last Runtime    Last Run               Last # of DB Queries
-------------------------------------  -----  ---------  --------  ----------  --------------  -------------------  ----------------------
/opt/airflow/dags/dag_datalab_main.py                           1           0  0.28s           2026-04-03T08:31:00                      10
/opt/airflow/dags/dag_test_spark.py                             1           0  0.24s           2026-04-03T08:31:00                      10
================================================================================
[2026-04-03T08:31:01.158+0000] {manager.py:821} INFO - Searching for files in /opt/airflow/dags
[2026-04-03T08:31:01.161+0000] {manager.py:824} INFO - There are 2 files in /opt/airflow/dags
[2026-04-03T08:31:02.411+0000] {manager.py:821} INFO - Searching for files in /opt/airflow/dags
[2026-04-03T08:31:02.414+0000] {manager.py:824} INFO - There are 2 files in /opt/airflow/dags
[2026-04-03T08:31:03.683+0000] {manager.py:821} INFO - Searching for files in /opt/airflow/dags
[2026-04-03T08:31:03.687+0000] {manager.py:824} INFO - There are 2 files in /opt/airflow/dags
[2026-04-03T08:31:05.019+0000] {manager.py:821} INFO - Searching for files in /opt/airflow/dags
[2026-04-03T08:31:05.022+0000] {manager.py:824} INFO - There are 2 files in /opt/airflow/dags
[2026-04-03T08:31:06.098+0000] {manager.py:821} INFO - Searching for files in /opt/airflow/dags
[2026-04-03T08:31:06.100+0000] {manager.py:824} INFO - There are 2 files in /opt/airflow/dags
[2026-04-03T08:31:07.368+0000] {manager.py:821} INFO - Searching for files in /opt/airflow/dags
[2026-04-03T08:31:07.371+0000] {manager.py:824} INFO - There are 2 files in /opt/airflow/dags
[2026-04-03T08:31:08.655+0000] {manager.py:821} INFO - Searching for files in /opt/airflow/dags
[2026-04-03T08:31:08.658+0000] {manager.py:824} INFO - There are 2 files in /opt/airflow/dags
[2026-04-03T08:31:10.155+0000] {manager.py:821} INFO - Searching for files in /opt/airflow/dags
[2026-04-03T08:31:10.158+0000] {manager.py:824} INFO - There are 2 files in /opt/airflow/dags
[2026-04-03T08:31:11.493+0000] {manager.py:821} INFO - Searching for files in /opt/airflow/dags
[2026-04-03T08:31:11.496+0000] {manager.py:824} INFO - There are 2 files in /opt/airflow/dags
[2026-04-03T08:31:12.736+0000] {manager.py:821} INFO - Searching for files in /opt/airflow/dags
[2026-04-03T08:31:12.739+0000] {manager.py:824} INFO - There are 2 files in /opt/airflow/dags
[2026-04-03T08:31:14.004+0000] {manager.py:821} INFO - Searching for files in /opt/airflow/dags
[2026-04-03T08:31:14.008+0000] {manager.py:824} INFO - There are 2 files in /opt/airflow/dags
[2026-04-03T08:31:15.075+0000] {manager.py:821} INFO - Searching for files in /opt/airflow/dags
[2026-04-03T08:31:15.079+0000] {manager.py:824} INFO - There are 2 files in /opt/airflow/dags
[2026-04-03T08:31:16.517+0000] {manager.py:821} INFO - Searching for files in /opt/airflow/dags
[2026-04-03T08:31:16.520+0000] {manager.py:824} INFO - There are 2 files in /opt/airflow/dags
[2026-04-03T08:31:17.769+0000] {manager.py:821} INFO - Searching for files in /opt/airflow/dags
[2026-04-03T08:31:17.774+0000] {manager.py:824} INFO - There are 2 files in /opt/airflow/dags
[2026-04-03T08:31:19.061+0000] {manager.py:821} INFO - Searching for files in /opt/airflow/dags
[2026-04-03T08:31:19.064+0000] {manager.py:824} INFO - There are 2 files in /opt/airflow/dags
[2026-04-03T08:31:20.310+0000] {manager.py:821} INFO - Searching for files in /opt/airflow/dags
[2026-04-03T08:31:20.314+0000] {manager.py:824} INFO - There are 2 files in /opt/airflow/dags
[2026-04-03T08:31:21.381+0000] {manager.py:821} INFO - Searching for files in /opt/airflow/dags
[2026-04-03T08:31:21.384+0000] {manager.py:824} INFO - There are 2 files in /opt/airflow/dags
[2026-04-03T08:31:22.810+0000] {manager.py:821} INFO - Searching for files in /opt/airflow/dags
[2026-04-03T08:31:22.812+0000] {manager.py:824} INFO - There are 2 files in /opt/airflow/dags
[2026-04-03T08:31:23.876+0000] {manager.py:821} INFO - Searching for files in /opt/airflow/dags
[2026-04-03T08:31:23.879+0000] {manager.py:824} INFO - There are 2 files in /opt/airflow/dags
[2026-04-03T08:31:25.301+0000] {manager.py:821} INFO - Searching for files in /opt/airflow/dags
[2026-04-03T08:31:25.304+0000] {manager.py:824} INFO - There are 2 files in /opt/airflow/dags
[2026-04-03T08:31:26.368+0000] {manager.py:821} INFO - Searching for files in /opt/airflow/dags
[2026-04-03T08:31:26.371+0000] {manager.py:824} INFO - There are 2 files in /opt/airflow/dags
[2026-04-03T08:31:27.781+0000] {manager.py:821} INFO - Searching for files in /opt/airflow/dags
[2026-04-03T08:31:27.784+0000] {manager.py:824} INFO - There are 2 files in /opt/airflow/dags
[2026-04-03T08:31:28.850+0000] {manager.py:821} INFO - Searching for files in /opt/airflow/dags
[2026-04-03T08:31:28.854+0000] {manager.py:824} INFO - There are 2 files in /opt/airflow/dags
[2026-04-03T08:31:30.309+0000] {manager.py:821} INFO - Searching for files in /opt/airflow/dags
[2026-04-03T08:31:30.312+0000] {manager.py:824} INFO - There are 2 files in /opt/airflow/dags
[2026-04-03T08:31:30.361+0000] {manager.py:997} INFO - 
================================================================================
DAG File Processing Stats

File Path                                PID  Runtime      # DAGs    # Errors  Last Runtime    Last Run               Last # of DB Queries
-------------------------------------  -----  ---------  --------  ----------  --------------  -------------------  ----------------------
/opt/airflow/dags/dag_datalab_main.py   4838  0.03s             1           0  0.26s           2026-04-03T08:31:29                      10
/opt/airflow/dags/dag_test_spark.py     4841  0.01s             1           0  0.25s           2026-04-03T08:31:29                      10
================================================================================
[2026-04-03T08:31:31.378+0000] {manager.py:821} INFO - Searching for files in /opt/airflow/dags
[2026-04-03T08:31:31.381+0000] {manager.py:824} INFO - There are 2 files in /opt/airflow/dags
[2026-04-03T08:31:32.588+0000] {manager.py:821} INFO - Searching for files in /opt/airflow/dags
[2026-04-03T08:31:32.591+0000] {manager.py:824} INFO - There are 2 files in /opt/airflow/dags
[2026-04-03T08:31:34.014+0000] {manager.py:821} INFO - Searching for files in /opt/airflow/dags
[2026-04-03T08:31:34.017+0000] {manager.py:824} INFO - There are 2 files in /opt/airflow/dags
[2026-04-03T08:31:35.263+0000] {manager.py:821} INFO - Searching for files in /opt/airflow/dags
[2026-04-03T08:31:35.266+0000] {manager.py:824} INFO - There are 2 files in /opt/airflow/dags
[2026-04-03T08:31:36.503+0000] {manager.py:821} INFO - Searching for files in /opt/airflow/dags
[2026-04-03T08:31:36.506+0000] {manager.py:824} INFO - There are 2 files in /opt/airflow/dags
[2026-04-03T08:31:37.736+0000] {manager.py:821} INFO - Searching for files in /opt/airflow/dags
[2026-04-03T08:31:37.740+0000] {manager.py:824} INFO - There are 2 files in /opt/airflow/dags
[2026-04-03T08:31:39.026+0000] {manager.py:821} INFO - Searching for files in /opt/airflow/dags
[2026-04-03T08:31:39.029+0000] {manager.py:824} INFO - There are 2 files in /opt/airflow/dags
[2026-04-03T08:31:40.094+0000] {manager.py:821} INFO - Searching for files in /opt/airflow/dags
[2026-04-03T08:31:40.097+0000] {manager.py:824} INFO - There are 2 files in /opt/airflow/dags
[2026-04-03T08:31:41.524+0000] {manager.py:821} INFO - Searching for files in /opt/airflow/dags
[2026-04-03T08:31:41.527+0000] {manager.py:824} INFO - There are 2 files in /opt/airflow/dags
[2026-04-03T08:31:42.761+0000] {manager.py:821} INFO - Searching for files in /opt/airflow/dags
[2026-04-03T08:31:42.764+0000] {manager.py:824} INFO - There are 2 files in /opt/airflow/dags
[2026-04-03T08:31:43.826+0000] {manager.py:821} INFO - Searching for files in /opt/airflow/dags
[2026-04-03T08:31:43.829+0000] {manager.py:824} INFO - There are 2 files in /opt/airflow/dags
[2026-04-03T08:31:45.214+0000] {manager.py:821} INFO - Searching for files in /opt/airflow/dags
[2026-04-03T08:31:45.217+0000] {manager.py:824} INFO - There are 2 files in /opt/airflow/dags
[2026-04-03T08:31:46.447+0000] {manager.py:821} INFO - Searching for files in /opt/airflow/dags
[2026-04-03T08:31:46.449+0000] {manager.py:824} INFO - There are 2 files in /opt/airflow/dags
[2026-04-03T08:31:47.691+0000] {manager.py:821} INFO - Searching for files in /opt/airflow/dags
[2026-04-03T08:31:47.694+0000] {manager.py:824} INFO - There are 2 files in /opt/airflow/dags
[2026-04-03T08:31:48.944+0000] {manager.py:821} INFO - Searching for files in /opt/airflow/dags
[2026-04-03T08:31:48.947+0000] {manager.py:824} INFO - There are 2 files in /opt/airflow/dags
[2026-04-03T08:31:50.011+0000] {manager.py:821} INFO - Searching for files in /opt/airflow/dags
[2026-04-03T08:31:50.014+0000] {manager.py:824} INFO - There are 2 files in /opt/airflow/dags
[2026-04-03T08:31:51.229+0000] {manager.py:821} INFO - Searching for files in /opt/airflow/dags
[2026-04-03T08:31:51.232+0000] {manager.py:824} INFO - There are 2 files in /opt/airflow/dags
[2026-04-03T08:31:52.455+0000] {manager.py:821} INFO - Searching for files in /opt/airflow/dags
[2026-04-03T08:31:52.458+0000] {manager.py:824} INFO - There are 2 files in /opt/airflow/dags
[2026-04-03T08:31:53.868+0000] {manager.py:821} INFO - Searching for files in /opt/airflow/dags
[2026-04-03T08:31:53.871+0000] {manager.py:824} INFO - There are 2 files in /opt/airflow/dags
[2026-04-03T08:31:54.936+0000] {manager.py:821} INFO - Searching for files in /opt/airflow/dags
[2026-04-03T08:31:54.940+0000] {manager.py:824} INFO - There are 2 files in /opt/airflow/dags
[2026-04-03T08:31:56.326+0000] {manager.py:821} INFO - Searching for files in /opt/airflow/dags
[2026-04-03T08:31:56.330+0000] {manager.py:824} INFO - There are 2 files in /opt/airflow/dags
[2026-04-03T08:31:57.554+0000] {manager.py:821} INFO - Searching for files in /opt/airflow/dags
[2026-04-03T08:31:57.558+0000] {manager.py:824} INFO - There are 2 files in /opt/airflow/dags
[2026-04-03T08:31:58.642+0000] {manager.py:821} INFO - Searching for files in /opt/airflow/dags
[2026-04-03T08:31:58.644+0000] {manager.py:824} INFO - There are 2 files in /opt/airflow/dags
[2026-04-03T08:32:00.088+0000] {manager.py:821} INFO - Searching for files in /opt/airflow/dags
[2026-04-03T08:32:00.091+0000] {manager.py:824} INFO - There are 2 files in /opt/airflow/dags
[2026-04-03T08:32:01.332+0000] {manager.py:821} INFO - Searching for files in /opt/airflow/dags
[2026-04-03T08:32:01.334+0000] {manager.py:824} INFO - There are 2 files in /opt/airflow/dags
[2026-04-03T08:32:01.385+0000] {manager.py:997} INFO - 
================================================================================
DAG File Processing Stats

File Path                                PID  Runtime      # DAGs    # Errors  Last Runtime    Last Run               Last # of DB Queries
-------------------------------------  -----  ---------  --------  ----------  --------------  -------------------  ----------------------
/opt/airflow/dags/dag_datalab_main.py   5088  0.03s             1           0  0.21s           2026-04-03T08:32:00                      10
/opt/airflow/dags/dag_test_spark.py     5091  0.01s             1           0  0.20s           2026-04-03T08:32:00                      10
================================================================================
[2026-04-03T08:32:02.569+0000] {manager.py:821} INFO - Searching for files in /opt/airflow/dags
[2026-04-03T08:32:02.572+0000] {manager.py:824} INFO - There are 2 files in /opt/airflow/dags
[2026-04-03T08:32:03.818+0000] {manager.py:821} INFO - Searching for files in /opt/airflow/dags
[2026-04-03T08:32:03.820+0000] {manager.py:824} INFO - There are 2 files in /opt/airflow/dags
[2026-04-03T08:32:05.050+0000] {manager.py:821} INFO - Searching for files in /opt/airflow/dags
[2026-04-03T08:32:05.053+0000] {manager.py:824} INFO - There are 2 files in /opt/airflow/dags
[2026-04-03T08:32:06.294+0000] {manager.py:821} INFO - Searching for files in /opt/airflow/dags
[2026-04-03T08:32:06.297+0000] {manager.py:824} INFO - There are 2 files in /opt/airflow/dags
[2026-04-03T08:32:07.541+0000] {manager.py:821} INFO - Searching for files in /opt/airflow/dags
[2026-04-03T08:32:07.544+0000] {manager.py:824} INFO - There are 2 files in /opt/airflow/dags
[2026-04-03T08:32:08.774+0000] {manager.py:821} INFO - Searching for files in /opt/airflow/dags
[2026-04-03T08:32:08.776+0000] {manager.py:824} INFO - There are 2 files in /opt/airflow/dags
[2026-04-03T08:32:10.011+0000] {manager.py:821} INFO - Searching for files in /opt/airflow/dags
[2026-04-03T08:32:10.014+0000] {manager.py:824} INFO - There are 2 files in /opt/airflow/dags
[2026-04-03T08:32:11.076+0000] {manager.py:821} INFO - Searching for files in /opt/airflow/dags
[2026-04-03T08:32:11.079+0000] {manager.py:824} INFO - There are 2 files in /opt/airflow/dags
[2026-04-03T08:32:12.289+0000] {manager.py:821} INFO - Searching for files in /opt/airflow/dags
[2026-04-03T08:32:12.291+0000] {manager.py:824} INFO - There are 2 files in /opt/airflow/dags
[2026-04-03T08:32:13.691+0000] {manager.py:821} INFO - Searching for files in /opt/airflow/dags
[2026-04-03T08:32:13.694+0000] {manager.py:824} INFO - There are 2 files in /opt/airflow/dags
[2026-04-03T08:32:14.925+0000] {manager.py:821} INFO - Searching for files in /opt/airflow/dags
[2026-04-03T08:32:14.928+0000] {manager.py:824} INFO - There are 2 files in /opt/airflow/dags
[2026-04-03T08:32:16.162+0000] {manager.py:821} INFO - Searching for files in /opt/airflow/dags
[2026-04-03T08:32:16.165+0000] {manager.py:824} INFO - There are 2 files in /opt/airflow/dags
[2026-04-03T08:32:17.412+0000] {manager.py:821} INFO - Searching for files in /opt/airflow/dags
[2026-04-03T08:32:17.415+0000] {manager.py:824} INFO - There are 2 files in /opt/airflow/dags
[2026-04-03T08:32:18.478+0000] {manager.py:821} INFO - Searching for files in /opt/airflow/dags
[2026-04-03T08:32:18.481+0000] {manager.py:824} INFO - There are 2 files in /opt/airflow/dags
[2026-04-03T08:32:19.691+0000] {manager.py:821} INFO - Searching for files in /opt/airflow/dags
[2026-04-03T08:32:19.694+0000] {manager.py:824} INFO - There are 2 files in /opt/airflow/dags
[2026-04-03T08:32:20.911+0000] {manager.py:821} INFO - Searching for files in /opt/airflow/dags
[2026-04-03T08:32:20.914+0000] {manager.py:824} INFO - There are 2 files in /opt/airflow/dags
[2026-04-03T08:32:22.319+0000] {manager.py:821} INFO - Searching for files in /opt/airflow/dags
[2026-04-03T08:32:22.321+0000] {manager.py:824} INFO - There are 2 files in /opt/airflow/dags
[2026-04-03T08:32:23.557+0000] {manager.py:821} INFO - Searching for files in /opt/airflow/dags
[2026-04-03T08:32:23.560+0000] {manager.py:824} INFO - There are 2 files in /opt/airflow/dags
[2026-04-03T08:32:24.785+0000] {manager.py:821} INFO - Searching for files in /opt/airflow/dags
[2026-04-03T08:32:24.788+0000] {manager.py:824} INFO - There are 2 files in /opt/airflow/dags
[2026-04-03T08:32:26.030+0000] {manager.py:821} INFO - Searching for files in /opt/airflow/dags
[2026-04-03T08:32:26.033+0000] {manager.py:824} INFO - There are 2 files in /opt/airflow/dags
[2026-04-03T08:32:27.281+0000] {manager.py:821} INFO - Searching for files in /opt/airflow/dags
[2026-04-03T08:32:27.284+0000] {manager.py:824} INFO - There are 2 files in /opt/airflow/dags
[2026-04-03T08:32:28.512+0000] {manager.py:821} INFO - Searching for files in /opt/airflow/dags
[2026-04-03T08:32:28.515+0000] {manager.py:824} INFO - There are 2 files in /opt/airflow/dags
[2026-04-03T08:32:29.576+0000] {manager.py:821} INFO - Searching for files in /opt/airflow/dags
[2026-04-03T08:32:29.579+0000] {manager.py:824} INFO - There are 2 files in /opt/airflow/dags
[2026-04-03T08:32:30.968+0000] {manager.py:821} INFO - Searching for files in /opt/airflow/dags
[2026-04-03T08:32:30.972+0000] {manager.py:824} INFO - There are 2 files in /opt/airflow/dags
[2026-04-03T08:32:32.203+0000] {manager.py:821} INFO - Searching for files in /opt/airflow/dags
[2026-04-03T08:32:32.206+0000] {manager.py:824} INFO - There are 2 files in /opt/airflow/dags
[2026-04-03T08:32:32.251+0000] {manager.py:997} INFO - 
================================================================================
DAG File Processing Stats

File Path                                PID  Runtime      # DAGs    # Errors  Last Runtime    Last Run               Last # of DB Queries
-------------------------------------  -----  ---------  --------  ----------  --------------  -------------------  ----------------------
/opt/airflow/dags/dag_datalab_main.py   5361  0.03s             1           0  0.21s           2026-04-03T08:32:31                      10
/opt/airflow/dags/dag_test_spark.py     5364  0.01s             1           0  0.20s           2026-04-03T08:32:31                      10
================================================================================
[2026-04-03T08:32:33.447+0000] {manager.py:821} INFO - Searching for files in /opt/airflow/dags
[2026-04-03T08:32:33.449+0000] {manager.py:824} INFO - There are 2 files in /opt/airflow/dags
[2026-04-03T08:32:34.675+0000] {manager.py:821} INFO - Searching for files in /opt/airflow/dags
[2026-04-03T08:32:34.678+0000] {manager.py:824} INFO - There are 2 files in /opt/airflow/dags
[2026-04-03T08:32:35.918+0000] {manager.py:821} INFO - Searching for files in /opt/airflow/dags
[2026-04-03T08:32:35.921+0000] {manager.py:824} INFO - There are 2 files in /opt/airflow/dags
[2026-04-03T08:32:36.986+0000] {manager.py:821} INFO - Searching for files in /opt/airflow/dags
[2026-04-03T08:32:36.989+0000] {manager.py:824} INFO - There are 2 files in /opt/airflow/dags
[2026-04-03T08:32:38.210+0000] {manager.py:821} INFO - Searching for files in /opt/airflow/dags
[2026-04-03T08:32:38.214+0000] {manager.py:824} INFO - There are 2 files in /opt/airflow/dags
[2026-04-03T08:32:39.625+0000] {manager.py:821} INFO - Searching for files in /opt/airflow/dags
[2026-04-03T08:32:39.628+0000] {manager.py:824} INFO - There are 2 files in /opt/airflow/dags
[2026-04-03T08:32:40.864+0000] {manager.py:821} INFO - Searching for files in /opt/airflow/dags
[2026-04-03T08:32:40.867+0000] {manager.py:824} INFO - There are 2 files in /opt/airflow/dags
[2026-04-03T08:32:42.108+0000] {manager.py:821} INFO - Searching for files in /opt/airflow/dags
[2026-04-03T08:32:42.111+0000] {manager.py:824} INFO - There are 2 files in /opt/airflow/dags
[2026-04-03T08:32:43.355+0000] {manager.py:821} INFO - Searching for files in /opt/airflow/dags
[2026-04-03T08:32:43.358+0000] {manager.py:824} INFO - There are 2 files in /opt/airflow/dags
[2026-04-03T08:32:44.425+0000] {manager.py:821} INFO - Searching for files in /opt/airflow/dags
[2026-04-03T08:32:44.427+0000] {manager.py:824} INFO - There are 2 files in /opt/airflow/dags
[2026-04-03T08:32:45.840+0000] {manager.py:821} INFO - Searching for files in /opt/airflow/dags
[2026-04-03T08:32:45.843+0000] {manager.py:824} INFO - There are 2 files in /opt/airflow/dags
[2026-04-03T08:32:47.090+0000] {manager.py:821} INFO - Searching for files in /opt/airflow/dags
[2026-04-03T08:32:47.092+0000] {manager.py:824} INFO - There are 2 files in /opt/airflow/dags
[2026-04-03T08:32:48.333+0000] {manager.py:821} INFO - Searching for files in /opt/airflow/dags
[2026-04-03T08:32:48.335+0000] {manager.py:824} INFO - There are 2 files in /opt/airflow/dags
[2026-04-03T08:32:49.573+0000] {manager.py:821} INFO - Searching for files in /opt/airflow/dags
[2026-04-03T08:32:49.575+0000] {manager.py:824} INFO - There are 2 files in /opt/airflow/dags
[2026-04-03T08:32:50.812+0000] {manager.py:821} INFO - Searching for files in /opt/airflow/dags
[2026-04-03T08:32:50.815+0000] {manager.py:824} INFO - There are 2 files in /opt/airflow/dags
[2026-04-03T08:32:52.063+0000] {manager.py:821} INFO - Searching for files in /opt/airflow/dags
[2026-04-03T08:32:52.066+0000] {manager.py:824} INFO - There are 2 files in /opt/airflow/dags
[2026-04-03T08:32:53.299+0000] {manager.py:821} INFO - Searching for files in /opt/airflow/dags
[2026-04-03T08:32:53.301+0000] {manager.py:824} INFO - There are 2 files in /opt/airflow/dags
[2026-04-03T08:32:54.542+0000] {manager.py:821} INFO - Searching for files in /opt/airflow/dags
[2026-04-03T08:32:54.545+0000] {manager.py:824} INFO - There are 2 files in /opt/airflow/dags
[2026-04-03T08:32:55.780+0000] {manager.py:821} INFO - Searching for files in /opt/airflow/dags
[2026-04-03T08:32:55.783+0000] {manager.py:824} INFO - There are 2 files in /opt/airflow/dags
[2026-04-03T08:32:57.017+0000] {manager.py:821} INFO - Searching for files in /opt/airflow/dags
[2026-04-03T08:32:57.020+0000] {manager.py:824} INFO - There are 2 files in /opt/airflow/dags
[2026-04-03T08:32:58.267+0000] {manager.py:821} INFO - Searching for files in /opt/airflow/dags
[2026-04-03T08:32:58.270+0000] {manager.py:824} INFO - There are 2 files in /opt/airflow/dags
[2026-04-03T08:32:59.516+0000] {manager.py:821} INFO - Searching for files in /opt/airflow/dags
[2026-04-03T08:32:59.519+0000] {manager.py:824} INFO - There are 2 files in /opt/airflow/dags
[2026-04-03T08:33:00.760+0000] {manager.py:821} INFO - Searching for files in /opt/airflow/dags
[2026-04-03T08:33:00.762+0000] {manager.py:824} INFO - There are 2 files in /opt/airflow/dags
[2026-04-03T08:33:02.012+0000] {manager.py:821} INFO - Searching for files in /opt/airflow/dags
[2026-04-03T08:33:02.015+0000] {manager.py:824} INFO - There are 2 files in /opt/airflow/dags
[2026-04-03T08:33:02.260+0000] {manager.py:997} INFO - 
================================================================================
DAG File Processing Stats

File Path                              PID    Runtime      # DAGs    # Errors  Last Runtime    Last Run               Last # of DB Queries
-------------------------------------  -----  ---------  --------  ----------  --------------  -------------------  ----------------------
/opt/airflow/dags/dag_datalab_main.py                           1           0  0.21s           2026-04-03T08:33:02                      10
/opt/airflow/dags/dag_test_spark.py                             1           0  0.20s           2026-04-03T08:33:02                      10
================================================================================
[2026-04-03T08:33:03.252+0000] {manager.py:821} INFO - Searching for files in /opt/airflow/dags
[2026-04-03T08:33:03.254+0000] {manager.py:824} INFO - There are 2 files in /opt/airflow/dags
[2026-04-03T08:33:04.491+0000] {manager.py:821} INFO - Searching for files in /opt/airflow/dags
[2026-04-03T08:33:04.494+0000] {manager.py:824} INFO - There are 2 files in /opt/airflow/dags
[2026-04-03T08:33:05.734+0000] {manager.py:821} INFO - Searching for files in /opt/airflow/dags
[2026-04-03T08:33:05.737+0000] {manager.py:824} INFO - There are 2 files in /opt/airflow/dags
[2026-04-03T08:33:06.980+0000] {manager.py:821} INFO - Searching for files in /opt/airflow/dags
[2026-04-03T08:33:06.982+0000] {manager.py:824} INFO - There are 2 files in /opt/airflow/dags
[2026-04-03T08:33:08.224+0000] {manager.py:821} INFO - Searching for files in /opt/airflow/dags
[2026-04-03T08:33:08.227+0000] {manager.py:824} INFO - There are 2 files in /opt/airflow/dags
[2026-04-03T08:33:09.468+0000] {manager.py:821} INFO - Searching for files in /opt/airflow/dags
[2026-04-03T08:33:09.471+0000] {manager.py:824} INFO - There are 2 files in /opt/airflow/dags
[2026-04-03T08:33:10.770+0000] {manager.py:821} INFO - Searching for files in /opt/airflow/dags
[2026-04-03T08:33:10.773+0000] {manager.py:824} INFO - There are 2 files in /opt/airflow/dags
[2026-04-03T08:33:12.012+0000] {manager.py:821} INFO - Searching for files in /opt/airflow/dags
[2026-04-03T08:33:12.015+0000] {manager.py:824} INFO - There are 2 files in /opt/airflow/dags
[2026-04-03T08:33:13.251+0000] {manager.py:821} INFO - Searching for files in /opt/airflow/dags
[2026-04-03T08:33:13.254+0000] {manager.py:824} INFO - There are 2 files in /opt/airflow/dags
[2026-04-03T08:33:14.492+0000] {manager.py:821} INFO - Searching for files in /opt/airflow/dags
[2026-04-03T08:33:14.495+0000] {manager.py:824} INFO - There are 2 files in /opt/airflow/dags
[2026-04-03T08:33:15.739+0000] {manager.py:821} INFO - Searching for files in /opt/airflow/dags
[2026-04-03T08:33:15.742+0000] {manager.py:824} INFO - There are 2 files in /opt/airflow/dags
[2026-04-03T08:33:16.975+0000] {manager.py:821} INFO - Searching for files in /opt/airflow/dags
[2026-04-03T08:33:16.978+0000] {manager.py:824} INFO - There are 2 files in /opt/airflow/dags
[2026-04-03T08:33:18.044+0000] {manager.py:821} INFO - Searching for files in /opt/airflow/dags
[2026-04-03T08:33:18.046+0000] {manager.py:824} INFO - There are 2 files in /opt/airflow/dags
[2026-04-03T08:33:19.446+0000] {manager.py:821} INFO - Searching for files in /opt/airflow/dags
[2026-04-03T08:33:19.450+0000] {manager.py:824} INFO - There are 2 files in /opt/airflow/dags
[2026-04-03T08:33:20.676+0000] {manager.py:821} INFO - Searching for files in /opt/airflow/dags
[2026-04-03T08:33:20.679+0000] {manager.py:824} INFO - There are 2 files in /opt/airflow/dags
[2026-04-03T08:33:21.909+0000] {manager.py:821} INFO - Searching for files in /opt/airflow/dags
[2026-04-03T08:33:21.911+0000] {manager.py:824} INFO - There are 2 files in /opt/airflow/dags
[2026-04-03T08:33:23.140+0000] {manager.py:821} INFO - Searching for files in /opt/airflow/dags
[2026-04-03T08:33:23.143+0000] {manager.py:824} INFO - There are 2 files in /opt/airflow/dags
[2026-04-03T08:33:24.391+0000] {manager.py:821} INFO - Searching for files in /opt/airflow/dags
[2026-04-03T08:33:24.393+0000] {manager.py:824} INFO - There are 2 files in /opt/airflow/dags
[2026-04-03T08:33:25.630+0000] {manager.py:821} INFO - Searching for files in /opt/airflow/dags
[2026-04-03T08:33:25.633+0000] {manager.py:824} INFO - There are 2 files in /opt/airflow/dags
[2026-04-03T08:33:26.869+0000] {manager.py:821} INFO - Searching for files in /opt/airflow/dags
[2026-04-03T08:33:26.872+0000] {manager.py:824} INFO - There are 2 files in /opt/airflow/dags
[2026-04-03T08:33:27.935+0000] {manager.py:821} INFO - Searching for files in /opt/airflow/dags
[2026-04-03T08:33:27.939+0000] {manager.py:824} INFO - There are 2 files in /opt/airflow/dags
[2026-04-03T08:33:29.354+0000] {manager.py:821} INFO - Searching for files in /opt/airflow/dags
[2026-04-03T08:33:29.357+0000] {manager.py:824} INFO - There are 2 files in /opt/airflow/dags
[2026-04-03T08:33:30.593+0000] {manager.py:821} INFO - Searching for files in /opt/airflow/dags
[2026-04-03T08:33:30.596+0000] {manager.py:824} INFO - There are 2 files in /opt/airflow/dags
[2026-04-03T08:33:31.832+0000] {manager.py:821} INFO - Searching for files in /opt/airflow/dags
[2026-04-03T08:33:31.835+0000] {manager.py:824} INFO - There are 2 files in /opt/airflow/dags
[2026-04-03T08:33:33.065+0000] {manager.py:821} INFO - Searching for files in /opt/airflow/dags
[2026-04-03T08:33:33.069+0000] {manager.py:824} INFO - There are 2 files in /opt/airflow/dags
[2026-04-03T08:33:33.116+0000] {manager.py:997} INFO - 
================================================================================
DAG File Processing Stats

File Path                                PID  Runtime      # DAGs    # Errors  Last Runtime    Last Run               Last # of DB Queries
-------------------------------------  -----  ---------  --------  ----------  --------------  -------------------  ----------------------
/opt/airflow/dags/dag_datalab_main.py   5851  0.03s             1           0  0.20s           2026-04-03T08:33:32                      10
/opt/airflow/dags/dag_test_spark.py     5854  0.01s             1           0  0.20s           2026-04-03T08:33:32                      10
================================================================================
[2026-04-03T08:33:34.300+0000] {manager.py:821} INFO - Searching for files in /opt/airflow/dags
[2026-04-03T08:33:34.304+0000] {manager.py:824} INFO - There are 2 files in /opt/airflow/dags
[2026-04-03T08:33:35.542+0000] {manager.py:821} INFO - Searching for files in /opt/airflow/dags
[2026-04-03T08:33:35.545+0000] {manager.py:824} INFO - There are 2 files in /opt/airflow/dags
[2026-04-03T08:33:36.785+0000] {manager.py:821} INFO - Searching for files in /opt/airflow/dags
[2026-04-03T08:33:36.788+0000] {manager.py:824} INFO - There are 2 files in /opt/airflow/dags
[2026-04-03T08:33:38.033+0000] {manager.py:821} INFO - Searching for files in /opt/airflow/dags
[2026-04-03T08:33:38.036+0000] {manager.py:824} INFO - There are 2 files in /opt/airflow/dags
[2026-04-03T08:33:39.100+0000] {manager.py:821} INFO - Searching for files in /opt/airflow/dags
[2026-04-03T08:33:39.103+0000] {manager.py:824} INFO - There are 2 files in /opt/airflow/dags
[2026-04-03T08:33:40.506+0000] {manager.py:821} INFO - Searching for files in /opt/airflow/dags
[2026-04-03T08:33:40.509+0000] {manager.py:824} INFO - There are 2 files in /opt/airflow/dags
[2026-04-03T08:33:41.750+0000] {manager.py:821} INFO - Searching for files in /opt/airflow/dags
[2026-04-03T08:33:41.753+0000] {manager.py:824} INFO - There are 2 files in /opt/airflow/dags
[2026-04-03T08:33:42.818+0000] {manager.py:821} INFO - Searching for files in /opt/airflow/dags
[2026-04-03T08:33:42.821+0000] {manager.py:824} INFO - There are 2 files in /opt/airflow/dags
[2026-04-03T08:33:44.033+0000] {manager.py:821} INFO - Searching for files in /opt/airflow/dags
[2026-04-03T08:33:44.035+0000] {manager.py:824} INFO - There are 2 files in /opt/airflow/dags
[2026-04-03T08:33:45.264+0000] {manager.py:821} INFO - Searching for files in /opt/airflow/dags
[2026-04-03T08:33:45.267+0000] {manager.py:824} INFO - There are 2 files in /opt/airflow/dags
[2026-04-03T08:33:46.700+0000] {manager.py:821} INFO - Searching for files in /opt/airflow/dags
[2026-04-03T08:33:46.703+0000] {manager.py:824} INFO - There are 2 files in /opt/airflow/dags
[2026-04-03T08:33:47.768+0000] {manager.py:821} INFO - Searching for files in /opt/airflow/dags
[2026-04-03T08:33:47.771+0000] {manager.py:824} INFO - There are 2 files in /opt/airflow/dags
[2026-04-03T08:33:49.169+0000] {manager.py:821} INFO - Searching for files in /opt/airflow/dags
[2026-04-03T08:33:49.172+0000] {manager.py:824} INFO - There are 2 files in /opt/airflow/dags
[2026-04-03T08:33:50.238+0000] {manager.py:821} INFO - Searching for files in /opt/airflow/dags
[2026-04-03T08:33:50.241+0000] {manager.py:824} INFO - There are 2 files in /opt/airflow/dags
[2026-04-03T08:33:51.646+0000] {manager.py:821} INFO - Searching for files in /opt/airflow/dags
[2026-04-03T08:33:51.650+0000] {manager.py:824} INFO - There are 2 files in /opt/airflow/dags
[2026-04-03T08:33:52.886+0000] {manager.py:821} INFO - Searching for files in /opt/airflow/dags
[2026-04-03T08:33:52.889+0000] {manager.py:824} INFO - There are 2 files in /opt/airflow/dags
[2026-04-03T08:33:54.117+0000] {manager.py:821} INFO - Searching for files in /opt/airflow/dags
[2026-04-03T08:33:54.120+0000] {manager.py:824} INFO - There are 2 files in /opt/airflow/dags
[2026-04-03T08:33:55.182+0000] {manager.py:821} INFO - Searching for files in /opt/airflow/dags
[2026-04-03T08:33:55.185+0000] {manager.py:824} INFO - There are 2 files in /opt/airflow/dags
[2026-04-03T08:33:56.576+0000] {manager.py:821} INFO - Searching for files in /opt/airflow/dags
[2026-04-03T08:33:56.579+0000] {manager.py:824} INFO - There are 2 files in /opt/airflow/dags
[2026-04-03T08:33:57.819+0000] {manager.py:821} INFO - Searching for files in /opt/airflow/dags
[2026-04-03T08:33:57.822+0000] {manager.py:824} INFO - There are 2 files in /opt/airflow/dags
[2026-04-03T08:33:59.066+0000] {manager.py:821} INFO - Searching for files in /opt/airflow/dags
[2026-04-03T08:33:59.069+0000] {manager.py:824} INFO - There are 2 files in /opt/airflow/dags
[2026-04-03T08:34:00.305+0000] {manager.py:821} INFO - Searching for files in /opt/airflow/dags
[2026-04-03T08:34:00.307+0000] {manager.py:824} INFO - There are 2 files in /opt/airflow/dags
[2026-04-03T08:34:01.546+0000] {manager.py:821} INFO - Searching for files in /opt/airflow/dags
[2026-04-03T08:34:01.549+0000] {manager.py:824} INFO - There are 2 files in /opt/airflow/dags
[2026-04-03T08:34:02.615+0000] {manager.py:821} INFO - Searching for files in /opt/airflow/dags
[2026-04-03T08:34:02.618+0000] {manager.py:824} INFO - There are 2 files in /opt/airflow/dags
[2026-04-03T08:34:04.024+0000] {manager.py:821} INFO - Searching for files in /opt/airflow/dags
[2026-04-03T08:34:04.027+0000] {manager.py:824} INFO - There are 2 files in /opt/airflow/dags
[2026-04-03T08:34:04.079+0000] {manager.py:997} INFO - 
================================================================================
DAG File Processing Stats

File Path                                PID  Runtime      # DAGs    # Errors  Last Runtime    Last Run               Last # of DB Queries
-------------------------------------  -----  ---------  --------  ----------  --------------  -------------------  ----------------------
/opt/airflow/dags/dag_test_spark.py     6104  0.02s             1           0  0.22s           2026-04-03T08:34:03                      10
/opt/airflow/dags/dag_datalab_main.py   6101  0.03s             1           0  0.22s           2026-04-03T08:34:03                      10
================================================================================
[2026-04-03T08:34:05.273+0000] {manager.py:821} INFO - Searching for files in /opt/airflow/dags
[2026-04-03T08:34:05.275+0000] {manager.py:824} INFO - There are 2 files in /opt/airflow/dags
[2026-04-03T08:34:06.339+0000] {manager.py:821} INFO - Searching for files in /opt/airflow/dags
[2026-04-03T08:34:06.342+0000] {manager.py:824} INFO - There are 2 files in /opt/airflow/dags
[2026-04-03T08:34:07.554+0000] {manager.py:821} INFO - Searching for files in /opt/airflow/dags
[2026-04-03T08:34:07.557+0000] {manager.py:824} INFO - There are 2 files in /opt/airflow/dags
[2026-04-03T08:34:08.972+0000] {manager.py:821} INFO - Searching for files in /opt/airflow/dags
[2026-04-03T08:34:08.975+0000] {manager.py:824} INFO - There are 2 files in /opt/airflow/dags
[2026-04-03T08:34:10.207+0000] {manager.py:821} INFO - Searching for files in /opt/airflow/dags
[2026-04-03T08:34:10.211+0000] {manager.py:824} INFO - There are 2 files in /opt/airflow/dags
[2026-04-03T08:34:11.451+0000] {manager.py:821} INFO - Searching for files in /opt/airflow/dags
[2026-04-03T08:34:11.454+0000] {manager.py:824} INFO - There are 2 files in /opt/airflow/dags
[2026-04-03T08:34:12.517+0000] {manager.py:821} INFO - Searching for files in /opt/airflow/dags
[2026-04-03T08:34:12.520+0000] {manager.py:824} INFO - There are 2 files in /opt/airflow/dags
[2026-04-03T08:34:13.925+0000] {manager.py:821} INFO - Searching for files in /opt/airflow/dags
[2026-04-03T08:34:13.928+0000] {manager.py:824} INFO - There are 2 files in /opt/airflow/dags
[2026-04-03T08:34:15.172+0000] {manager.py:821} INFO - Searching for files in /opt/airflow/dags
[2026-04-03T08:34:15.176+0000] {manager.py:824} INFO - There are 2 files in /opt/airflow/dags
[2026-04-03T08:34:16.241+0000] {manager.py:821} INFO - Searching for files in /opt/airflow/dags
[2026-04-03T08:34:16.244+0000] {manager.py:824} INFO - There are 2 files in /opt/airflow/dags
[2026-04-03T08:34:17.659+0000] {manager.py:821} INFO - Searching for files in /opt/airflow/dags
[2026-04-03T08:34:17.661+0000] {manager.py:824} INFO - There are 2 files in /opt/airflow/dags
[2026-04-03T08:34:18.903+0000] {manager.py:821} INFO - Searching for files in /opt/airflow/dags
[2026-04-03T08:34:18.906+0000] {manager.py:824} INFO - There are 2 files in /opt/airflow/dags
[2026-04-03T08:34:20.147+0000] {manager.py:821} INFO - Searching for files in /opt/airflow/dags
[2026-04-03T08:34:20.150+0000] {manager.py:824} INFO - There are 2 files in /opt/airflow/dags
[2026-04-03T08:34:21.384+0000] {manager.py:821} INFO - Searching for files in /opt/airflow/dags
[2026-04-03T08:34:21.387+0000] {manager.py:824} INFO - There are 2 files in /opt/airflow/dags
[2026-04-03T08:34:22.622+0000] {manager.py:821} INFO - Searching for files in /opt/airflow/dags
[2026-04-03T08:34:22.625+0000] {manager.py:824} INFO - There are 2 files in /opt/airflow/dags
[2026-04-03T08:34:23.861+0000] {manager.py:821} INFO - Searching for files in /opt/airflow/dags
[2026-04-03T08:34:23.864+0000] {manager.py:824} INFO - There are 2 files in /opt/airflow/dags
[2026-04-03T08:34:24.926+0000] {manager.py:821} INFO - Searching for files in /opt/airflow/dags
[2026-04-03T08:34:24.929+0000] {manager.py:824} INFO - There are 2 files in /opt/airflow/dags
[2026-04-03T08:34:26.333+0000] {manager.py:821} INFO - Searching for files in /opt/airflow/dags
[2026-04-03T08:34:26.336+0000] {manager.py:824} INFO - There are 2 files in /opt/airflow/dags
[2026-04-03T08:34:27.403+0000] {manager.py:821} INFO - Searching for files in /opt/airflow/dags
[2026-04-03T08:34:27.406+0000] {manager.py:824} INFO - There are 2 files in /opt/airflow/dags
[2026-04-03T08:34:28.803+0000] {manager.py:821} INFO - Searching for files in /opt/airflow/dags
[2026-04-03T08:34:28.805+0000] {manager.py:824} INFO - There are 2 files in /opt/airflow/dags
[2026-04-03T08:34:30.064+0000] {manager.py:821} INFO - Searching for files in /opt/airflow/dags
[2026-04-03T08:34:30.067+0000] {manager.py:824} INFO - There are 2 files in /opt/airflow/dags
[2026-04-03T08:34:31.133+0000] {manager.py:821} INFO - Searching for files in /opt/airflow/dags
[2026-04-03T08:34:31.136+0000] {manager.py:824} INFO - There are 2 files in /opt/airflow/dags
[2026-04-03T08:34:32.542+0000] {manager.py:821} INFO - Searching for files in /opt/airflow/dags
[2026-04-03T08:34:32.545+0000] {manager.py:824} INFO - There are 2 files in /opt/airflow/dags
[2026-04-03T08:34:33.786+0000] {manager.py:821} INFO - Searching for files in /opt/airflow/dags
[2026-04-03T08:34:33.789+0000] {manager.py:824} INFO - There are 2 files in /opt/airflow/dags
[2026-04-03T08:34:35.031+0000] {manager.py:821} INFO - Searching for files in /opt/airflow/dags
[2026-04-03T08:34:35.035+0000] {manager.py:824} INFO - There are 2 files in /opt/airflow/dags
[2026-04-03T08:34:35.084+0000] {manager.py:997} INFO - 
================================================================================
DAG File Processing Stats

File Path                                PID  Runtime      # DAGs    # Errors  Last Runtime    Last Run               Last # of DB Queries
-------------------------------------  -----  ---------  --------  ----------  --------------  -------------------  ----------------------
/opt/airflow/dags/dag_datalab_main.py   6351  0.03s             1           0  0.22s           2026-04-03T08:34:34                      10
/opt/airflow/dags/dag_test_spark.py     6354  0.01s             1           0  0.21s           2026-04-03T08:34:34                      10
================================================================================
[2026-04-03T08:34:36.100+0000] {manager.py:821} INFO - Searching for files in /opt/airflow/dags
[2026-04-03T08:34:36.102+0000] {manager.py:824} INFO - There are 2 files in /opt/airflow/dags
[2026-04-03T08:34:37.508+0000] {manager.py:821} INFO - Searching for files in /opt/airflow/dags
[2026-04-03T08:34:37.511+0000] {manager.py:824} INFO - There are 2 files in /opt/airflow/dags
[2026-04-03T08:34:38.579+0000] {manager.py:821} INFO - Searching for files in /opt/airflow/dags
[2026-04-03T08:34:38.582+0000] {manager.py:824} INFO - There are 2 files in /opt/airflow/dags
[2026-04-03T08:34:39.985+0000] {manager.py:821} INFO - Searching for files in /opt/airflow/dags
[2026-04-03T08:34:39.987+0000] {manager.py:824} INFO - There are 2 files in /opt/airflow/dags
[2026-04-03T08:34:41.233+0000] {manager.py:821} INFO - Searching for files in /opt/airflow/dags
[2026-04-03T08:34:41.236+0000] {manager.py:824} INFO - There are 2 files in /opt/airflow/dags
[2026-04-03T08:34:42.301+0000] {manager.py:821} INFO - Searching for files in /opt/airflow/dags
[2026-04-03T08:34:42.304+0000] {manager.py:824} INFO - There are 2 files in /opt/airflow/dags
[2026-04-03T08:34:43.709+0000] {manager.py:821} INFO - Searching for files in /opt/airflow/dags
[2026-04-03T08:34:43.712+0000] {manager.py:824} INFO - There are 2 files in /opt/airflow/dags
[2026-04-03T08:34:44.772+0000] {manager.py:821} INFO - Searching for files in /opt/airflow/dags
[2026-04-03T08:34:44.775+0000] {manager.py:824} INFO - There are 2 files in /opt/airflow/dags
[2026-04-03T08:34:46.344+0000] {manager.py:821} INFO - Searching for files in /opt/airflow/dags
[2026-04-03T08:34:46.347+0000] {manager.py:824} INFO - There are 2 files in /opt/airflow/dags
[2026-04-03T08:34:47.770+0000] {manager.py:821} INFO - Searching for files in /opt/airflow/dags
[2026-04-03T08:34:47.773+0000] {manager.py:824} INFO - There are 2 files in /opt/airflow/dags
[2026-04-03T08:34:48.834+0000] {manager.py:821} INFO - Searching for files in /opt/airflow/dags
[2026-04-03T08:34:48.838+0000] {manager.py:824} INFO - There are 2 files in /opt/airflow/dags
[2026-04-03T08:34:50.064+0000] {manager.py:821} INFO - Searching for files in /opt/airflow/dags
[2026-04-03T08:34:50.067+0000] {manager.py:824} INFO - There are 2 files in /opt/airflow/dags
[2026-04-03T08:34:51.516+0000] {manager.py:821} INFO - Searching for files in /opt/airflow/dags
[2026-04-03T08:34:51.519+0000] {manager.py:824} INFO - There are 2 files in /opt/airflow/dags
[2026-04-03T08:34:52.583+0000] {manager.py:821} INFO - Searching for files in /opt/airflow/dags
[2026-04-03T08:34:52.586+0000] {manager.py:824} INFO - There are 2 files in /opt/airflow/dags
[2026-04-03T08:34:53.978+0000] {manager.py:821} INFO - Searching for files in /opt/airflow/dags
[2026-04-03T08:34:53.981+0000] {manager.py:824} INFO - There are 2 files in /opt/airflow/dags
[2026-04-03T08:34:55.209+0000] {manager.py:821} INFO - Searching for files in /opt/airflow/dags
[2026-04-03T08:34:55.212+0000] {manager.py:824} INFO - There are 2 files in /opt/airflow/dags
[2026-04-03T08:34:56.275+0000] {manager.py:821} INFO - Searching for files in /opt/airflow/dags
[2026-04-03T08:34:56.278+0000] {manager.py:824} INFO - There are 2 files in /opt/airflow/dags
[2026-04-03T08:34:57.674+0000] {manager.py:821} INFO - Searching for files in /opt/airflow/dags
[2026-04-03T08:34:57.676+0000] {manager.py:824} INFO - There are 2 files in /opt/airflow/dags
[2026-04-03T08:34:58.911+0000] {manager.py:821} INFO - Searching for files in /opt/airflow/dags
[2026-04-03T08:34:58.914+0000] {manager.py:824} INFO - There are 2 files in /opt/airflow/dags
[2026-04-03T08:34:59.973+0000] {manager.py:821} INFO - Searching for files in /opt/airflow/dags
[2026-04-03T08:34:59.976+0000] {manager.py:824} INFO - There are 2 files in /opt/airflow/dags
[2026-04-03T08:35:01.368+0000] {manager.py:821} INFO - Searching for files in /opt/airflow/dags
[2026-04-03T08:35:01.370+0000] {manager.py:824} INFO - There are 2 files in /opt/airflow/dags
[2026-04-03T08:35:02.434+0000] {manager.py:821} INFO - Searching for files in /opt/airflow/dags
[2026-04-03T08:35:02.437+0000] {manager.py:824} INFO - There are 2 files in /opt/airflow/dags
[2026-04-03T08:35:03.831+0000] {manager.py:821} INFO - Searching for files in /opt/airflow/dags
[2026-04-03T08:35:03.834+0000] {manager.py:824} INFO - There are 2 files in /opt/airflow/dags
[2026-04-03T08:35:05.059+0000] {manager.py:821} INFO - Searching for files in /opt/airflow/dags
[2026-04-03T08:35:05.061+0000] {manager.py:824} INFO - There are 2 files in /opt/airflow/dags
[2026-04-03T08:35:05.091+0000] {manager.py:997} INFO - 
================================================================================
DAG File Processing Stats

File Path                                PID  Runtime      # DAGs    # Errors  Last Runtime    Last Run               Last # of DB Queries
-------------------------------------  -----  ---------  --------  ----------  --------------  -------------------  ----------------------
/opt/airflow/dags/dag_test_spark.py                             1           0  0.22s           2026-04-03T08:35:04                      10
/opt/airflow/dags/dag_datalab_main.py   6591  0.01s             1           0  0.20s           2026-04-03T08:35:04                      10
================================================================================
[2026-04-03T08:35:06.292+0000] {manager.py:821} INFO - Searching for files in /opt/airflow/dags
[2026-04-03T08:35:06.295+0000] {manager.py:824} INFO - There are 2 files in /opt/airflow/dags
[2026-04-03T08:35:07.537+0000] {manager.py:821} INFO - Searching for files in /opt/airflow/dags
[2026-04-03T08:35:07.539+0000] {manager.py:824} INFO - There are 2 files in /opt/airflow/dags
[2026-04-03T08:35:08.771+0000] {manager.py:821} INFO - Searching for files in /opt/airflow/dags
[2026-04-03T08:35:08.774+0000] {manager.py:824} INFO - There are 2 files in /opt/airflow/dags
[2026-04-03T08:35:10.008+0000] {manager.py:821} INFO - Searching for files in /opt/airflow/dags
[2026-04-03T08:35:10.011+0000] {manager.py:824} INFO - There are 2 files in /opt/airflow/dags
[2026-04-03T08:35:11.246+0000] {manager.py:821} INFO - Searching for files in /opt/airflow/dags
[2026-04-03T08:35:11.248+0000] {manager.py:824} INFO - There are 2 files in /opt/airflow/dags
[2026-04-03T08:35:12.481+0000] {manager.py:821} INFO - Searching for files in /opt/airflow/dags
[2026-04-03T08:35:12.484+0000] {manager.py:824} INFO - There are 2 files in /opt/airflow/dags
[2026-04-03T08:35:13.547+0000] {manager.py:821} INFO - Searching for files in /opt/airflow/dags
[2026-04-03T08:35:13.550+0000] {manager.py:824} INFO - There are 2 files in /opt/airflow/dags
[2026-04-03T08:35:14.941+0000] {manager.py:821} INFO - Searching for files in /opt/airflow/dags
[2026-04-03T08:35:14.943+0000] {manager.py:824} INFO - There are 2 files in /opt/airflow/dags
[2026-04-03T08:35:16.008+0000] {manager.py:821} INFO - Searching for files in /opt/airflow/dags
[2026-04-03T08:35:16.011+0000] {manager.py:824} INFO - There are 2 files in /opt/airflow/dags
[2026-04-03T08:35:17.408+0000] {manager.py:821} INFO - Searching for files in /opt/airflow/dags
[2026-04-03T08:35:17.411+0000] {manager.py:824} INFO - There are 2 files in /opt/airflow/dags
[2026-04-03T08:35:18.648+0000] {manager.py:821} INFO - Searching for files in /opt/airflow/dags
[2026-04-03T08:35:18.651+0000] {manager.py:824} INFO - There are 2 files in /opt/airflow/dags
[2026-04-03T08:35:19.895+0000] {manager.py:821} INFO - Searching for files in /opt/airflow/dags
[2026-04-03T08:35:19.898+0000] {manager.py:824} INFO - There are 2 files in /opt/airflow/dags
[2026-04-03T08:35:21.141+0000] {manager.py:821} INFO - Searching for files in /opt/airflow/dags
[2026-04-03T08:35:21.143+0000] {manager.py:824} INFO - There are 2 files in /opt/airflow/dags
[2026-04-03T08:35:22.376+0000] {manager.py:821} INFO - Searching for files in /opt/airflow/dags
[2026-04-03T08:35:22.379+0000] {manager.py:824} INFO - There are 2 files in /opt/airflow/dags
[2026-04-03T08:35:23.619+0000] {manager.py:821} INFO - Searching for files in /opt/airflow/dags
[2026-04-03T08:35:23.622+0000] {manager.py:824} INFO - There are 2 files in /opt/airflow/dags
[2026-04-03T08:35:24.861+0000] {manager.py:821} INFO - Searching for files in /opt/airflow/dags
[2026-04-03T08:35:24.864+0000] {manager.py:824} INFO - There are 2 files in /opt/airflow/dags
[2026-04-03T08:35:26.096+0000] {manager.py:821} INFO - Searching for files in /opt/airflow/dags
[2026-04-03T08:35:26.099+0000] {manager.py:824} INFO - There are 2 files in /opt/airflow/dags
[2026-04-03T08:35:27.331+0000] {manager.py:821} INFO - Searching for files in /opt/airflow/dags
[2026-04-03T08:35:27.334+0000] {manager.py:824} INFO - There are 2 files in /opt/airflow/dags
[2026-04-03T08:35:28.403+0000] {manager.py:821} INFO - Searching for files in /opt/airflow/dags
[2026-04-03T08:35:28.405+0000] {manager.py:824} INFO - There are 2 files in /opt/airflow/dags
[2026-04-03T08:35:29.809+0000] {manager.py:821} INFO - Searching for files in /opt/airflow/dags
[2026-04-03T08:35:29.811+0000] {manager.py:824} INFO - There are 2 files in /opt/airflow/dags
[2026-04-03T08:35:30.876+0000] {manager.py:821} INFO - Searching for files in /opt/airflow/dags
[2026-04-03T08:35:30.880+0000] {manager.py:824} INFO - There are 2 files in /opt/airflow/dags
[2026-04-03T08:35:32.282+0000] {manager.py:821} INFO - Searching for files in /opt/airflow/dags
[2026-04-03T08:35:32.284+0000] {manager.py:824} INFO - There are 2 files in /opt/airflow/dags
[2026-04-03T08:35:33.537+0000] {manager.py:821} INFO - Searching for files in /opt/airflow/dags
[2026-04-03T08:35:33.540+0000] {manager.py:824} INFO - There are 2 files in /opt/airflow/dags
[2026-04-03T08:35:34.781+0000] {manager.py:821} INFO - Searching for files in /opt/airflow/dags
[2026-04-03T08:35:34.784+0000] {manager.py:824} INFO - There are 2 files in /opt/airflow/dags
[2026-04-03T08:35:35.849+0000] {manager.py:821} INFO - Searching for files in /opt/airflow/dags
[2026-04-03T08:35:35.851+0000] {manager.py:824} INFO - There are 2 files in /opt/airflow/dags
[2026-04-03T08:35:35.868+0000] {manager.py:997} INFO - 
================================================================================
DAG File Processing Stats

File Path                              PID    Runtime      # DAGs    # Errors  Last Runtime    Last Run               Last # of DB Queries
-------------------------------------  -----  ---------  --------  ----------  --------------  -------------------  ----------------------
/opt/airflow/dags/dag_datalab_main.py                           1           0  0.22s           2026-04-03T08:35:35                      10
/opt/airflow/dags/dag_test_spark.py                             1           0  0.21s           2026-04-03T08:35:35                      10
================================================================================
[2026-04-03T08:35:37.258+0000] {manager.py:821} INFO - Searching for files in /opt/airflow/dags
[2026-04-03T08:35:37.260+0000] {manager.py:824} INFO - There are 2 files in /opt/airflow/dags
[2026-04-03T08:35:38.325+0000] {manager.py:821} INFO - Searching for files in /opt/airflow/dags
[2026-04-03T08:35:38.328+0000] {manager.py:824} INFO - There are 2 files in /opt/airflow/dags
[2026-04-03T08:35:39.733+0000] {manager.py:821} INFO - Searching for files in /opt/airflow/dags
[2026-04-03T08:35:39.736+0000] {manager.py:824} INFO - There are 2 files in /opt/airflow/dags
[2026-04-03T08:35:40.979+0000] {manager.py:821} INFO - Searching for files in /opt/airflow/dags
[2026-04-03T08:35:40.982+0000] {manager.py:824} INFO - There are 2 files in /opt/airflow/dags
[2026-04-03T08:35:42.051+0000] {manager.py:821} INFO - Searching for files in /opt/airflow/dags
[2026-04-03T08:35:42.054+0000] {manager.py:824} INFO - There are 2 files in /opt/airflow/dags
[2026-04-03T08:35:43.448+0000] {manager.py:821} INFO - Searching for files in /opt/airflow/dags
[2026-04-03T08:35:43.451+0000] {manager.py:824} INFO - There are 2 files in /opt/airflow/dags
[2026-04-03T08:35:44.679+0000] {manager.py:821} INFO - Searching for files in /opt/airflow/dags
[2026-04-03T08:35:44.682+0000] {manager.py:824} INFO - There are 2 files in /opt/airflow/dags
[2026-04-03T08:35:45.946+0000] {manager.py:821} INFO - Searching for files in /opt/airflow/dags
[2026-04-03T08:35:45.949+0000] {manager.py:824} INFO - There are 2 files in /opt/airflow/dags
[2026-04-03T08:35:47.187+0000] {manager.py:821} INFO - Searching for files in /opt/airflow/dags
[2026-04-03T08:35:47.190+0000] {manager.py:824} INFO - There are 2 files in /opt/airflow/dags
[2026-04-03T08:35:48.442+0000] {manager.py:821} INFO - Searching for files in /opt/airflow/dags
[2026-04-03T08:35:48.444+0000] {manager.py:824} INFO - There are 2 files in /opt/airflow/dags
[2026-04-03T08:35:49.704+0000] {manager.py:821} INFO - Searching for files in /opt/airflow/dags
[2026-04-03T08:35:49.707+0000] {manager.py:824} INFO - There are 2 files in /opt/airflow/dags
[2026-04-03T08:35:50.955+0000] {manager.py:821} INFO - Searching for files in /opt/airflow/dags
[2026-04-03T08:35:50.958+0000] {manager.py:824} INFO - There are 2 files in /opt/airflow/dags
[2026-04-03T08:35:52.027+0000] {manager.py:821} INFO - Searching for files in /opt/airflow/dags
[2026-04-03T08:35:52.030+0000] {manager.py:824} INFO - There are 2 files in /opt/airflow/dags
[2026-04-03T08:35:53.477+0000] {manager.py:821} INFO - Searching for files in /opt/airflow/dags
[2026-04-03T08:35:53.480+0000] {manager.py:824} INFO - There are 2 files in /opt/airflow/dags
[2026-04-03T08:35:54.735+0000] {manager.py:821} INFO - Searching for files in /opt/airflow/dags
[2026-04-03T08:35:54.739+0000] {manager.py:824} INFO - There are 2 files in /opt/airflow/dags
[2026-04-03T08:35:55.810+0000] {manager.py:821} INFO - Searching for files in /opt/airflow/dags
[2026-04-03T08:35:55.814+0000] {manager.py:824} INFO - There are 2 files in /opt/airflow/dags
[2026-04-03T08:35:57.039+0000] {manager.py:821} INFO - Searching for files in /opt/airflow/dags
[2026-04-03T08:35:57.042+0000] {manager.py:824} INFO - There are 2 files in /opt/airflow/dags
[2026-04-03T08:35:58.462+0000] {manager.py:821} INFO - Searching for files in /opt/airflow/dags
[2026-04-03T08:35:58.465+0000] {manager.py:824} INFO - There are 2 files in /opt/airflow/dags
[2026-04-03T08:35:59.698+0000] {manager.py:821} INFO - Searching for files in /opt/airflow/dags
[2026-04-03T08:35:59.701+0000] {manager.py:824} INFO - There are 2 files in /opt/airflow/dags
[2026-04-03T08:36:00.952+0000] {manager.py:821} INFO - Searching for files in /opt/airflow/dags
[2026-04-03T08:36:00.955+0000] {manager.py:824} INFO - There are 2 files in /opt/airflow/dags
[2026-04-03T08:36:02.202+0000] {manager.py:821} INFO - Searching for files in /opt/airflow/dags
[2026-04-03T08:36:02.204+0000] {manager.py:824} INFO - There are 2 files in /opt/airflow/dags
[2026-04-03T08:36:03.444+0000] {manager.py:821} INFO - Searching for files in /opt/airflow/dags
[2026-04-03T08:36:03.448+0000] {manager.py:824} INFO - There are 2 files in /opt/airflow/dags
[2026-04-03T08:36:04.704+0000] {manager.py:821} INFO - Searching for files in /opt/airflow/dags
[2026-04-03T08:36:04.707+0000] {manager.py:824} INFO - There are 2 files in /opt/airflow/dags
[2026-04-03T08:36:05.947+0000] {manager.py:821} INFO - Searching for files in /opt/airflow/dags
[2026-04-03T08:36:05.950+0000] {manager.py:824} INFO - There are 2 files in /opt/airflow/dags
[2026-04-03T08:36:06.001+0000] {manager.py:997} INFO - 
================================================================================
DAG File Processing Stats

File Path                                PID  Runtime      # DAGs    # Errors  Last Runtime    Last Run               Last # of DB Queries
-------------------------------------  -----  ---------  --------  ----------  --------------  -------------------  ----------------------
/opt/airflow/dags/dag_datalab_main.py   7081  0.03s             1           0  0.21s           2026-04-03T08:36:04                      10
/opt/airflow/dags/dag_test_spark.py     7084  0.01s             1           0  0.21s           2026-04-03T08:36:04                      10
================================================================================
[2026-04-03T08:36:07.197+0000] {manager.py:821} INFO - Searching for files in /opt/airflow/dags
[2026-04-03T08:36:07.199+0000] {manager.py:824} INFO - There are 2 files in /opt/airflow/dags
[2026-04-03T08:36:08.266+0000] {manager.py:821} INFO - Searching for files in /opt/airflow/dags
[2026-04-03T08:36:08.269+0000] {manager.py:824} INFO - There are 2 files in /opt/airflow/dags
[2026-04-03T08:36:09.678+0000] {manager.py:821} INFO - Searching for files in /opt/airflow/dags
[2026-04-03T08:36:09.681+0000] {manager.py:824} INFO - There are 2 files in /opt/airflow/dags
[2026-04-03T08:36:10.919+0000] {manager.py:821} INFO - Searching for files in /opt/airflow/dags
[2026-04-03T08:36:10.923+0000] {manager.py:824} INFO - There are 2 files in /opt/airflow/dags
[2026-04-03T08:36:12.204+0000] {manager.py:821} INFO - Searching for files in /opt/airflow/dags
[2026-04-03T08:36:12.206+0000] {manager.py:824} INFO - There are 2 files in /opt/airflow/dags
[2026-04-03T08:36:13.440+0000] {manager.py:821} INFO - Searching for files in /opt/airflow/dags
[2026-04-03T08:36:13.442+0000] {manager.py:824} INFO - There are 2 files in /opt/airflow/dags
[2026-04-03T08:36:14.683+0000] {manager.py:821} INFO - Searching for files in /opt/airflow/dags
[2026-04-03T08:36:14.686+0000] {manager.py:824} INFO - There are 2 files in /opt/airflow/dags
[2026-04-03T08:36:15.927+0000] {manager.py:821} INFO - Searching for files in /opt/airflow/dags
[2026-04-03T08:36:15.929+0000] {manager.py:824} INFO - There are 2 files in /opt/airflow/dags
[2026-04-03T08:36:16.992+0000] {manager.py:821} INFO - Searching for files in /opt/airflow/dags
[2026-04-03T08:36:16.995+0000] {manager.py:824} INFO - There are 2 files in /opt/airflow/dags
[2026-04-03T08:36:18.389+0000] {manager.py:821} INFO - Searching for files in /opt/airflow/dags
[2026-04-03T08:36:18.393+0000] {manager.py:824} INFO - There are 2 files in /opt/airflow/dags
[2026-04-03T08:36:19.464+0000] {manager.py:821} INFO - Searching for files in /opt/airflow/dags
[2026-04-03T08:36:19.467+0000] {manager.py:824} INFO - There are 2 files in /opt/airflow/dags
[2026-04-03T08:36:20.873+0000] {manager.py:821} INFO - Searching for files in /opt/airflow/dags
[2026-04-03T08:36:20.876+0000] {manager.py:824} INFO - There are 2 files in /opt/airflow/dags
[2026-04-03T08:36:21.938+0000] {manager.py:821} INFO - Searching for files in /opt/airflow/dags
[2026-04-03T08:36:21.942+0000] {manager.py:824} INFO - There are 2 files in /opt/airflow/dags
[2026-04-03T08:36:23.329+0000] {manager.py:821} INFO - Searching for files in /opt/airflow/dags
[2026-04-03T08:36:23.332+0000] {manager.py:824} INFO - There are 2 files in /opt/airflow/dags
[2026-04-03T08:36:24.566+0000] {manager.py:821} INFO - Searching for files in /opt/airflow/dags
[2026-04-03T08:36:24.568+0000] {manager.py:824} INFO - There are 2 files in /opt/airflow/dags
[2026-04-03T08:36:25.802+0000] {manager.py:821} INFO - Searching for files in /opt/airflow/dags
[2026-04-03T08:36:25.804+0000] {manager.py:824} INFO - There are 2 files in /opt/airflow/dags
[2026-04-03T08:36:27.042+0000] {manager.py:821} INFO - Searching for files in /opt/airflow/dags
[2026-04-03T08:36:27.045+0000] {manager.py:824} INFO - There are 2 files in /opt/airflow/dags
[2026-04-03T08:36:28.289+0000] {manager.py:821} INFO - Searching for files in /opt/airflow/dags
[2026-04-03T08:36:28.292+0000] {manager.py:824} INFO - There are 2 files in /opt/airflow/dags
[2026-04-03T08:36:29.525+0000] {manager.py:821} INFO - Searching for files in /opt/airflow/dags
[2026-04-03T08:36:29.527+0000] {manager.py:824} INFO - There are 2 files in /opt/airflow/dags
[2026-04-03T08:36:30.772+0000] {manager.py:821} INFO - Searching for files in /opt/airflow/dags
[2026-04-03T08:36:30.775+0000] {manager.py:824} INFO - There are 2 files in /opt/airflow/dags
[2026-04-03T08:36:32.008+0000] {manager.py:821} INFO - Searching for files in /opt/airflow/dags
[2026-04-03T08:36:32.011+0000] {manager.py:824} INFO - There are 2 files in /opt/airflow/dags
[2026-04-03T08:36:33.245+0000] {manager.py:821} INFO - Searching for files in /opt/airflow/dags
[2026-04-03T08:36:33.248+0000] {manager.py:824} INFO - There are 2 files in /opt/airflow/dags
[2026-04-03T08:36:34.495+0000] {manager.py:821} INFO - Searching for files in /opt/airflow/dags
[2026-04-03T08:36:34.498+0000] {manager.py:824} INFO - There are 2 files in /opt/airflow/dags
[2026-04-03T08:36:35.560+0000] {manager.py:821} INFO - Searching for files in /opt/airflow/dags
[2026-04-03T08:36:35.563+0000] {manager.py:824} INFO - There are 2 files in /opt/airflow/dags
[2026-04-03T08:36:36.961+0000] {manager.py:821} INFO - Searching for files in /opt/airflow/dags
[2026-04-03T08:36:36.963+0000] {manager.py:824} INFO - There are 2 files in /opt/airflow/dags
[2026-04-03T08:36:37.014+0000] {manager.py:997} INFO - 
================================================================================
DAG File Processing Stats

File Path                                PID  Runtime      # DAGs    # Errors  Last Runtime    Last Run               Last # of DB Queries
-------------------------------------  -----  ---------  --------  ----------  --------------  -------------------  ----------------------
/opt/airflow/dags/dag_test_spark.py     7334  0.01s             1           0  0.21s           2026-04-03T08:36:35                      10
/opt/airflow/dags/dag_datalab_main.py   7331  0.03s             1           0  0.21s           2026-04-03T08:36:35                      10
================================================================================
[2026-04-03T08:36:38.203+0000] {manager.py:821} INFO - Searching for files in /opt/airflow/dags
[2026-04-03T08:36:38.205+0000] {manager.py:824} INFO - There are 2 files in /opt/airflow/dags
[2026-04-03T08:36:39.270+0000] {manager.py:821} INFO - Searching for files in /opt/airflow/dags
[2026-04-03T08:36:39.273+0000] {manager.py:824} INFO - There are 2 files in /opt/airflow/dags
[2026-04-03T08:36:40.674+0000] {manager.py:821} INFO - Searching for files in /opt/airflow/dags
[2026-04-03T08:36:40.677+0000] {manager.py:824} INFO - There are 2 files in /opt/airflow/dags
[2026-04-03T08:36:41.743+0000] {manager.py:821} INFO - Searching for files in /opt/airflow/dags
[2026-04-03T08:36:41.746+0000] {manager.py:824} INFO - There are 2 files in /opt/airflow/dags
[2026-04-03T08:36:43.170+0000] {manager.py:821} INFO - Searching for files in /opt/airflow/dags
[2026-04-03T08:36:43.173+0000] {manager.py:824} INFO - There are 2 files in /opt/airflow/dags
[2026-04-03T08:36:44.237+0000] {manager.py:821} INFO - Searching for files in /opt/airflow/dags
[2026-04-03T08:36:44.240+0000] {manager.py:824} INFO - There are 2 files in /opt/airflow/dags
[2026-04-03T08:36:45.663+0000] {manager.py:821} INFO - Searching for files in /opt/airflow/dags
[2026-04-03T08:36:45.665+0000] {manager.py:824} INFO - There are 2 files in /opt/airflow/dags
[2026-04-03T08:36:46.728+0000] {manager.py:821} INFO - Searching for files in /opt/airflow/dags
[2026-04-03T08:36:46.731+0000] {manager.py:824} INFO - There are 2 files in /opt/airflow/dags
[2026-04-03T08:36:48.129+0000] {manager.py:821} INFO - Searching for files in /opt/airflow/dags
[2026-04-03T08:36:48.132+0000] {manager.py:824} INFO - There are 2 files in /opt/airflow/dags
[2026-04-03T08:36:49.383+0000] {manager.py:821} INFO - Searching for files in /opt/airflow/dags
[2026-04-03T08:36:49.386+0000] {manager.py:824} INFO - There are 2 files in /opt/airflow/dags
[2026-04-03T08:36:50.447+0000] {manager.py:821} INFO - Searching for files in /opt/airflow/dags
[2026-04-03T08:36:50.450+0000] {manager.py:824} INFO - There are 2 files in /opt/airflow/dags
[2026-04-03T08:36:51.845+0000] {manager.py:821} INFO - Searching for files in /opt/airflow/dags
[2026-04-03T08:36:51.848+0000] {manager.py:824} INFO - There are 2 files in /opt/airflow/dags
[2026-04-03T08:36:53.082+0000] {manager.py:821} INFO - Searching for files in /opt/airflow/dags
[2026-04-03T08:36:53.084+0000] {manager.py:824} INFO - There are 2 files in /opt/airflow/dags
[2026-04-03T08:36:54.323+0000] {manager.py:821} INFO - Searching for files in /opt/airflow/dags
[2026-04-03T08:36:54.325+0000] {manager.py:824} INFO - There are 2 files in /opt/airflow/dags
[2026-04-03T08:36:55.557+0000] {manager.py:821} INFO - Searching for files in /opt/airflow/dags
[2026-04-03T08:36:55.559+0000] {manager.py:824} INFO - There are 2 files in /opt/airflow/dags
[2026-04-03T08:36:56.623+0000] {manager.py:821} INFO - Searching for files in /opt/airflow/dags
[2026-04-03T08:36:56.627+0000] {manager.py:824} INFO - There are 2 files in /opt/airflow/dags
[2026-04-03T08:36:58.021+0000] {manager.py:821} INFO - Searching for files in /opt/airflow/dags
[2026-04-03T08:36:58.024+0000] {manager.py:824} INFO - There are 2 files in /opt/airflow/dags
[2026-04-03T08:36:59.261+0000] {manager.py:821} INFO - Searching for files in /opt/airflow/dags
[2026-04-03T08:36:59.264+0000] {manager.py:824} INFO - There are 2 files in /opt/airflow/dags
[2026-04-03T08:37:00.510+0000] {manager.py:821} INFO - Searching for files in /opt/airflow/dags
[2026-04-03T08:37:00.513+0000] {manager.py:824} INFO - There are 2 files in /opt/airflow/dags
[2026-04-03T08:37:01.744+0000] {manager.py:821} INFO - Searching for files in /opt/airflow/dags
[2026-04-03T08:37:01.747+0000] {manager.py:824} INFO - There are 2 files in /opt/airflow/dags
[2026-04-03T08:37:02.986+0000] {manager.py:821} INFO - Searching for files in /opt/airflow/dags
[2026-04-03T08:37:02.989+0000] {manager.py:824} INFO - There are 2 files in /opt/airflow/dags
[2026-04-03T08:37:04.216+0000] {manager.py:821} INFO - Searching for files in /opt/airflow/dags
[2026-04-03T08:37:04.219+0000] {manager.py:824} INFO - There are 2 files in /opt/airflow/dags
[2026-04-03T08:37:05.454+0000] {manager.py:821} INFO - Searching for files in /opt/airflow/dags
[2026-04-03T08:37:05.457+0000] {manager.py:824} INFO - There are 2 files in /opt/airflow/dags
[2026-04-03T08:37:06.692+0000] {manager.py:821} INFO - Searching for files in /opt/airflow/dags
[2026-04-03T08:37:06.695+0000] {manager.py:824} INFO - There are 2 files in /opt/airflow/dags
[2026-04-03T08:37:07.764+0000] {manager.py:821} INFO - Searching for files in /opt/airflow/dags
[2026-04-03T08:37:07.767+0000] {manager.py:824} INFO - There are 2 files in /opt/airflow/dags
[2026-04-03T08:37:07.783+0000] {manager.py:997} INFO - 
================================================================================
DAG File Processing Stats

File Path                              PID    Runtime      # DAGs    # Errors  Last Runtime    Last Run               Last # of DB Queries
-------------------------------------  -----  ---------  --------  ----------  --------------  -------------------  ----------------------
/opt/airflow/dags/dag_datalab_main.py                           1           0  0.23s           2026-04-03T08:37:06                      10
/opt/airflow/dags/dag_test_spark.py                             1           0  0.22s           2026-04-03T08:37:06                      10
================================================================================
[2026-04-03T08:37:09.185+0000] {manager.py:821} INFO - Searching for files in /opt/airflow/dags
[2026-04-03T08:37:09.189+0000] {manager.py:824} INFO - There are 2 files in /opt/airflow/dags
[2026-04-03T08:37:10.251+0000] {manager.py:821} INFO - Searching for files in /opt/airflow/dags
[2026-04-03T08:37:10.254+0000] {manager.py:824} INFO - There are 2 files in /opt/airflow/dags
[2026-04-03T08:37:11.465+0000] {manager.py:821} INFO - Searching for files in /opt/airflow/dags
[2026-04-03T08:37:11.468+0000] {manager.py:824} INFO - There are 2 files in /opt/airflow/dags
[2026-04-03T08:37:12.893+0000] {manager.py:821} INFO - Searching for files in /opt/airflow/dags
[2026-04-03T08:37:12.895+0000] {manager.py:824} INFO - There are 2 files in /opt/airflow/dags
[2026-04-03T08:37:13.961+0000] {manager.py:821} INFO - Searching for files in /opt/airflow/dags
[2026-04-03T08:37:13.964+0000] {manager.py:824} INFO - There are 2 files in /opt/airflow/dags
[2026-04-03T08:37:15.366+0000] {manager.py:821} INFO - Searching for files in /opt/airflow/dags
[2026-04-03T08:37:15.369+0000] {manager.py:824} INFO - There are 2 files in /opt/airflow/dags
[2026-04-03T08:37:16.438+0000] {manager.py:821} INFO - Searching for files in /opt/airflow/dags
[2026-04-03T08:37:16.440+0000] {manager.py:824} INFO - There are 2 files in /opt/airflow/dags
[2026-04-03T08:37:17.846+0000] {manager.py:821} INFO - Searching for files in /opt/airflow/dags
[2026-04-03T08:37:17.848+0000] {manager.py:824} INFO - There are 2 files in /opt/airflow/dags
[2026-04-03T08:37:19.083+0000] {manager.py:821} INFO - Searching for files in /opt/airflow/dags
[2026-04-03T08:37:19.086+0000] {manager.py:824} INFO - There are 2 files in /opt/airflow/dags
[2026-04-03T08:37:20.321+0000] {manager.py:821} INFO - Searching for files in /opt/airflow/dags
[2026-04-03T08:37:20.324+0000] {manager.py:824} INFO - There are 2 files in /opt/airflow/dags
[2026-04-03T08:37:21.559+0000] {manager.py:821} INFO - Searching for files in /opt/airflow/dags
[2026-04-03T08:37:21.562+0000] {manager.py:824} INFO - There are 2 files in /opt/airflow/dags
[2026-04-03T08:37:22.796+0000] {manager.py:821} INFO - Searching for files in /opt/airflow/dags
[2026-04-03T08:37:22.799+0000] {manager.py:824} INFO - There are 2 files in /opt/airflow/dags
[2026-04-03T08:37:24.031+0000] {manager.py:821} INFO - Searching for files in /opt/airflow/dags
[2026-04-03T08:37:24.034+0000] {manager.py:824} INFO - There are 2 files in /opt/airflow/dags
[2026-04-03T08:37:25.269+0000] {manager.py:821} INFO - Searching for files in /opt/airflow/dags
[2026-04-03T08:37:25.272+0000] {manager.py:824} INFO - There are 2 files in /opt/airflow/dags
[2026-04-03T08:37:26.508+0000] {manager.py:821} INFO - Searching for files in /opt/airflow/dags
[2026-04-03T08:37:26.510+0000] {manager.py:824} INFO - There are 2 files in /opt/airflow/dags
[2026-04-03T08:37:27.573+0000] {manager.py:821} INFO - Searching for files in /opt/airflow/dags
[2026-04-03T08:37:27.576+0000] {manager.py:824} INFO - There are 2 files in /opt/airflow/dags
[2026-04-03T08:37:28.791+0000] {manager.py:821} INFO - Searching for files in /opt/airflow/dags
[2026-04-03T08:37:28.794+0000] {manager.py:824} INFO - There are 2 files in /opt/airflow/dags
[2026-04-03T08:37:30.021+0000] {manager.py:821} INFO - Searching for files in /opt/airflow/dags
[2026-04-03T08:37:30.024+0000] {manager.py:824} INFO - There are 2 files in /opt/airflow/dags
[2026-04-03T08:37:31.249+0000] {manager.py:821} INFO - Searching for files in /opt/airflow/dags
[2026-04-03T08:37:31.252+0000] {manager.py:824} INFO - There are 2 files in /opt/airflow/dags
[2026-04-03T08:37:32.477+0000] {manager.py:821} INFO - Searching for files in /opt/airflow/dags
[2026-04-03T08:37:32.480+0000] {manager.py:824} INFO - There are 2 files in /opt/airflow/dags
[2026-04-03T08:37:33.704+0000] {manager.py:821} INFO - Searching for files in /opt/airflow/dags
[2026-04-03T08:37:33.707+0000] {manager.py:824} INFO - There are 2 files in /opt/airflow/dags
[2026-04-03T08:37:35.139+0000] {manager.py:821} INFO - Searching for files in /opt/airflow/dags
[2026-04-03T08:37:35.142+0000] {manager.py:824} INFO - There are 2 files in /opt/airflow/dags
[2026-04-03T08:37:36.378+0000] {manager.py:821} INFO - Searching for files in /opt/airflow/dags
[2026-04-03T08:37:36.382+0000] {manager.py:824} INFO - There are 2 files in /opt/airflow/dags
[2026-04-03T08:37:37.447+0000] {manager.py:821} INFO - Searching for files in /opt/airflow/dags
[2026-04-03T08:37:37.450+0000] {manager.py:824} INFO - There are 2 files in /opt/airflow/dags
[2026-04-03T08:37:37.862+0000] {manager.py:997} INFO - 
================================================================================
DAG File Processing Stats

File Path                                PID  Runtime      # DAGs    # Errors  Last Runtime    Last Run               Last # of DB Queries
-------------------------------------  -----  ---------  --------  ----------  --------------  -------------------  ----------------------
/opt/airflow/dags/dag_datalab_main.py                           1           0  0.23s           2026-04-03T08:37:37                      10
/opt/airflow/dags/dag_test_spark.py     7824  0.22s             1           0  0.20s           2026-04-03T08:37:36                      10
================================================================================
[2026-04-03T08:37:38.868+0000] {manager.py:821} INFO - Searching for files in /opt/airflow/dags
[2026-04-03T08:37:38.872+0000] {manager.py:824} INFO - There are 2 files in /opt/airflow/dags
[2026-04-03T08:37:40.108+0000] {manager.py:821} INFO - Searching for files in /opt/airflow/dags
[2026-04-03T08:37:40.111+0000] {manager.py:824} INFO - There are 2 files in /opt/airflow/dags
[2026-04-03T08:37:41.343+0000] {manager.py:821} INFO - Searching for files in /opt/airflow/dags
[2026-04-03T08:37:41.346+0000] {manager.py:824} INFO - There are 2 files in /opt/airflow/dags
[2026-04-03T08:37:42.574+0000] {manager.py:821} INFO - Searching for files in /opt/airflow/dags
[2026-04-03T08:37:42.577+0000] {manager.py:824} INFO - There are 2 files in /opt/airflow/dags
[2026-04-03T08:37:43.816+0000] {manager.py:821} INFO - Searching for files in /opt/airflow/dags
[2026-04-03T08:37:43.819+0000] {manager.py:824} INFO - There are 2 files in /opt/airflow/dags
[2026-04-03T08:37:45.061+0000] {manager.py:821} INFO - Searching for files in /opt/airflow/dags
[2026-04-03T08:37:45.064+0000] {manager.py:824} INFO - There are 2 files in /opt/airflow/dags
[2026-04-03T08:37:46.300+0000] {manager.py:821} INFO - Searching for files in /opt/airflow/dags
[2026-04-03T08:37:46.302+0000] {manager.py:824} INFO - There are 2 files in /opt/airflow/dags
[2026-04-03T08:37:47.365+0000] {manager.py:821} INFO - Searching for files in /opt/airflow/dags
[2026-04-03T08:37:47.368+0000] {manager.py:824} INFO - There are 2 files in /opt/airflow/dags
[2026-04-03T08:37:48.767+0000] {manager.py:821} INFO - Searching for files in /opt/airflow/dags
[2026-04-03T08:37:48.769+0000] {manager.py:824} INFO - There are 2 files in /opt/airflow/dags
[2026-04-03T08:37:50.001+0000] {manager.py:821} INFO - Searching for files in /opt/airflow/dags
[2026-04-03T08:37:50.004+0000] {manager.py:824} INFO - There are 2 files in /opt/airflow/dags
[2026-04-03T08:37:51.236+0000] {manager.py:821} INFO - Searching for files in /opt/airflow/dags
[2026-04-03T08:37:51.240+0000] {manager.py:824} INFO - There are 2 files in /opt/airflow/dags
[2026-04-03T08:37:52.304+0000] {manager.py:821} INFO - Searching for files in /opt/airflow/dags
[2026-04-03T08:37:52.307+0000] {manager.py:824} INFO - There are 2 files in /opt/airflow/dags
[2026-04-03T08:37:53.711+0000] {manager.py:821} INFO - Searching for files in /opt/airflow/dags
[2026-04-03T08:37:53.714+0000] {manager.py:824} INFO - There are 2 files in /opt/airflow/dags
[2026-04-03T08:37:54.776+0000] {manager.py:821} INFO - Searching for files in /opt/airflow/dags
[2026-04-03T08:37:54.779+0000] {manager.py:824} INFO - There are 2 files in /opt/airflow/dags
[2026-04-03T08:37:56.193+0000] {manager.py:821} INFO - Searching for files in /opt/airflow/dags
[2026-04-03T08:37:56.196+0000] {manager.py:824} INFO - There are 2 files in /opt/airflow/dags
[2026-04-03T08:37:57.258+0000] {manager.py:821} INFO - Searching for files in /opt/airflow/dags
[2026-04-03T08:37:57.260+0000] {manager.py:824} INFO - There are 2 files in /opt/airflow/dags
[2026-04-03T08:37:58.669+0000] {manager.py:821} INFO - Searching for files in /opt/airflow/dags
[2026-04-03T08:37:58.672+0000] {manager.py:824} INFO - There are 2 files in /opt/airflow/dags
[2026-04-03T08:37:59.909+0000] {manager.py:821} INFO - Searching for files in /opt/airflow/dags
[2026-04-03T08:37:59.912+0000] {manager.py:824} INFO - There are 2 files in /opt/airflow/dags
[2026-04-03T08:38:01.156+0000] {manager.py:821} INFO - Searching for files in /opt/airflow/dags
[2026-04-03T08:38:01.159+0000] {manager.py:824} INFO - There are 2 files in /opt/airflow/dags
[2026-04-03T08:38:02.396+0000] {manager.py:821} INFO - Searching for files in /opt/airflow/dags
[2026-04-03T08:38:02.399+0000] {manager.py:824} INFO - There are 2 files in /opt/airflow/dags
[2026-04-03T08:38:03.631+0000] {manager.py:821} INFO - Searching for files in /opt/airflow/dags
[2026-04-03T08:38:03.634+0000] {manager.py:824} INFO - There are 2 files in /opt/airflow/dags
[2026-04-03T08:38:04.867+0000] {manager.py:821} INFO - Searching for files in /opt/airflow/dags
[2026-04-03T08:38:04.870+0000] {manager.py:824} INFO - There are 2 files in /opt/airflow/dags
[2026-04-03T08:38:06.105+0000] {manager.py:821} INFO - Searching for files in /opt/airflow/dags
[2026-04-03T08:38:06.108+0000] {manager.py:824} INFO - There are 2 files in /opt/airflow/dags
[2026-04-03T08:38:07.340+0000] {manager.py:821} INFO - Searching for files in /opt/airflow/dags
[2026-04-03T08:38:07.342+0000] {manager.py:824} INFO - There are 2 files in /opt/airflow/dags
[2026-04-03T08:38:08.576+0000] {manager.py:821} INFO - Searching for files in /opt/airflow/dags
[2026-04-03T08:38:08.579+0000] {manager.py:824} INFO - There are 2 files in /opt/airflow/dags
[2026-04-03T08:38:08.611+0000] {manager.py:997} INFO - 
================================================================================
DAG File Processing Stats

File Path                                PID  Runtime      # DAGs    # Errors  Last Runtime    Last Run               Last # of DB Queries
-------------------------------------  -----  ---------  --------  ----------  --------------  -------------------  ----------------------
/opt/airflow/dags/dag_test_spark.py                             1           0  0.21s           2026-04-03T08:38:07                      10
/opt/airflow/dags/dag_datalab_main.py   8071  0.01s             1           0  0.20s           2026-04-03T08:38:07                      10
================================================================================
[2026-04-03T08:38:09.823+0000] {manager.py:821} INFO - Searching for files in /opt/airflow/dags
[2026-04-03T08:38:09.826+0000] {manager.py:824} INFO - There are 2 files in /opt/airflow/dags
[2026-04-03T08:38:11.060+0000] {manager.py:821} INFO - Searching for files in /opt/airflow/dags
[2026-04-03T08:38:11.063+0000] {manager.py:824} INFO - There are 2 files in /opt/airflow/dags
[2026-04-03T08:38:12.126+0000] {manager.py:821} INFO - Searching for files in /opt/airflow/dags
[2026-04-03T08:38:12.129+0000] {manager.py:824} INFO - There are 2 files in /opt/airflow/dags
[2026-04-03T08:38:13.532+0000] {manager.py:821} INFO - Searching for files in /opt/airflow/dags
[2026-04-03T08:38:13.535+0000] {manager.py:824} INFO - There are 2 files in /opt/airflow/dags
[2026-04-03T08:38:14.782+0000] {manager.py:821} INFO - Searching for files in /opt/airflow/dags
[2026-04-03T08:38:14.786+0000] {manager.py:824} INFO - There are 2 files in /opt/airflow/dags
[2026-04-03T08:38:16.028+0000] {manager.py:821} INFO - Searching for files in /opt/airflow/dags
[2026-04-03T08:38:16.030+0000] {manager.py:824} INFO - There are 2 files in /opt/airflow/dags
[2026-04-03T08:38:17.094+0000] {manager.py:821} INFO - Searching for files in /opt/airflow/dags
[2026-04-03T08:38:17.096+0000] {manager.py:824} INFO - There are 2 files in /opt/airflow/dags
[2026-04-03T08:38:18.311+0000] {manager.py:821} INFO - Searching for files in /opt/airflow/dags
[2026-04-03T08:38:18.313+0000] {manager.py:824} INFO - There are 2 files in /opt/airflow/dags
[2026-04-03T08:38:19.729+0000] {manager.py:821} INFO - Searching for files in /opt/airflow/dags
[2026-04-03T08:38:19.733+0000] {manager.py:824} INFO - There are 2 files in /opt/airflow/dags
[2026-04-03T08:38:20.975+0000] {manager.py:821} INFO - Searching for files in /opt/airflow/dags
[2026-04-03T08:38:20.978+0000] {manager.py:824} INFO - There are 2 files in /opt/airflow/dags
[2026-04-03T08:38:22.046+0000] {manager.py:821} INFO - Searching for files in /opt/airflow/dags
[2026-04-03T08:38:22.048+0000] {manager.py:824} INFO - There are 2 files in /opt/airflow/dags
[2026-04-03T08:38:23.266+0000] {manager.py:821} INFO - Searching for files in /opt/airflow/dags
[2026-04-03T08:38:23.269+0000] {manager.py:824} INFO - There are 2 files in /opt/airflow/dags
[2026-04-03T08:38:24.508+0000] {manager.py:821} INFO - Searching for files in /opt/airflow/dags
[2026-04-03T08:38:24.510+0000] {manager.py:824} INFO - There are 2 files in /opt/airflow/dags
[2026-04-03T08:38:25.741+0000] {manager.py:821} INFO - Searching for files in /opt/airflow/dags
[2026-04-03T08:38:25.744+0000] {manager.py:824} INFO - There are 2 files in /opt/airflow/dags
[2026-04-03T08:38:27.153+0000] {manager.py:821} INFO - Searching for files in /opt/airflow/dags
[2026-04-03T08:38:27.156+0000] {manager.py:824} INFO - There are 2 files in /opt/airflow/dags
[2026-04-03T08:38:28.387+0000] {manager.py:821} INFO - Searching for files in /opt/airflow/dags
[2026-04-03T08:38:28.390+0000] {manager.py:824} INFO - There are 2 files in /opt/airflow/dags
[2026-04-03T08:38:29.454+0000] {manager.py:821} INFO - Searching for files in /opt/airflow/dags
[2026-04-03T08:38:29.457+0000] {manager.py:824} INFO - There are 2 files in /opt/airflow/dags
[2026-04-03T08:38:30.864+0000] {manager.py:821} INFO - Searching for files in /opt/airflow/dags
[2026-04-03T08:38:30.867+0000] {manager.py:824} INFO - There are 2 files in /opt/airflow/dags
[2026-04-03T08:38:32.103+0000] {manager.py:821} INFO - Searching for files in /opt/airflow/dags
[2026-04-03T08:38:32.105+0000] {manager.py:824} INFO - There are 2 files in /opt/airflow/dags
[2026-04-03T08:38:33.354+0000] {manager.py:821} INFO - Searching for files in /opt/airflow/dags
[2026-04-03T08:38:33.357+0000] {manager.py:824} INFO - There are 2 files in /opt/airflow/dags
[2026-04-03T08:38:34.592+0000] {manager.py:821} INFO - Searching for files in /opt/airflow/dags
[2026-04-03T08:38:34.595+0000] {manager.py:824} INFO - There are 2 files in /opt/airflow/dags
[2026-04-03T08:38:35.835+0000] {manager.py:821} INFO - Searching for files in /opt/airflow/dags
[2026-04-03T08:38:35.837+0000] {manager.py:824} INFO - There are 2 files in /opt/airflow/dags
[2026-04-03T08:38:37.079+0000] {manager.py:821} INFO - Searching for files in /opt/airflow/dags
[2026-04-03T08:38:37.082+0000] {manager.py:824} INFO - There are 2 files in /opt/airflow/dags
[2026-04-03T08:38:38.143+0000] {manager.py:821} INFO - Searching for files in /opt/airflow/dags
[2026-04-03T08:38:38.146+0000] {manager.py:824} INFO - There are 2 files in /opt/airflow/dags
[2026-04-03T08:38:39.541+0000] {manager.py:821} INFO - Searching for files in /opt/airflow/dags
[2026-04-03T08:38:39.545+0000] {manager.py:824} INFO - There are 2 files in /opt/airflow/dags
[2026-04-03T08:38:39.601+0000] {manager.py:997} INFO - 
================================================================================
DAG File Processing Stats

File Path                                PID  Runtime      # DAGs    # Errors  Last Runtime    Last Run               Last # of DB Queries
-------------------------------------  -----  ---------  --------  ----------  --------------  -------------------  ----------------------
/opt/airflow/dags/dag_test_spark.py     8324  0.02s             1           0  0.22s           2026-04-03T08:38:38                      10
/opt/airflow/dags/dag_datalab_main.py   8321  0.03s             1           0  0.21s           2026-04-03T08:38:38                      10
================================================================================
[2026-04-03T08:38:40.799+0000] {manager.py:821} INFO - Searching for files in /opt/airflow/dags
[2026-04-03T08:38:40.801+0000] {manager.py:824} INFO - There are 2 files in /opt/airflow/dags
[2026-04-03T08:38:42.038+0000] {manager.py:821} INFO - Searching for files in /opt/airflow/dags
[2026-04-03T08:38:42.041+0000] {manager.py:824} INFO - There are 2 files in /opt/airflow/dags
[2026-04-03T08:38:43.279+0000] {manager.py:821} INFO - Searching for files in /opt/airflow/dags
[2026-04-03T08:38:43.281+0000] {manager.py:824} INFO - There are 2 files in /opt/airflow/dags
[2026-04-03T08:38:44.522+0000] {manager.py:821} INFO - Searching for files in /opt/airflow/dags
[2026-04-03T08:38:44.525+0000] {manager.py:824} INFO - There are 2 files in /opt/airflow/dags
[2026-04-03T08:38:45.765+0000] {manager.py:821} INFO - Searching for files in /opt/airflow/dags
[2026-04-03T08:38:45.767+0000] {manager.py:824} INFO - There are 2 files in /opt/airflow/dags
[2026-04-03T08:38:47.005+0000] {manager.py:821} INFO - Searching for files in /opt/airflow/dags
[2026-04-03T08:38:47.008+0000] {manager.py:824} INFO - There are 2 files in /opt/airflow/dags
[2026-04-03T08:38:48.072+0000] {manager.py:821} INFO - Searching for files in /opt/airflow/dags
[2026-04-03T08:38:48.075+0000] {manager.py:824} INFO - There are 2 files in /opt/airflow/dags
[2026-04-03T08:38:49.288+0000] {manager.py:821} INFO - Searching for files in /opt/airflow/dags
[2026-04-03T08:38:49.291+0000] {manager.py:824} INFO - There are 2 files in /opt/airflow/dags
[2026-04-03T08:38:50.528+0000] {manager.py:821} INFO - Searching for files in /opt/airflow/dags
[2026-04-03T08:38:50.531+0000] {manager.py:824} INFO - There are 2 files in /opt/airflow/dags
[2026-04-03T08:38:51.967+0000] {manager.py:821} INFO - Searching for files in /opt/airflow/dags
[2026-04-03T08:38:51.969+0000] {manager.py:824} INFO - There are 2 files in /opt/airflow/dags
[2026-04-03T08:38:53.216+0000] {manager.py:821} INFO - Searching for files in /opt/airflow/dags
[2026-04-03T08:38:53.219+0000] {manager.py:824} INFO - There are 2 files in /opt/airflow/dags
[2026-04-03T08:38:54.476+0000] {manager.py:821} INFO - Searching for files in /opt/airflow/dags
[2026-04-03T08:38:54.479+0000] {manager.py:824} INFO - There are 2 files in /opt/airflow/dags
[2026-04-03T08:38:55.716+0000] {manager.py:821} INFO - Searching for files in /opt/airflow/dags
[2026-04-03T08:38:55.718+0000] {manager.py:824} INFO - There are 2 files in /opt/airflow/dags
[2026-04-03T08:38:56.944+0000] {manager.py:821} INFO - Searching for files in /opt/airflow/dags
[2026-04-03T08:38:56.947+0000] {manager.py:824} INFO - There are 2 files in /opt/airflow/dags
[2026-04-03T08:38:58.178+0000] {manager.py:821} INFO - Searching for files in /opt/airflow/dags
[2026-04-03T08:38:58.181+0000] {manager.py:824} INFO - There are 2 files in /opt/airflow/dags
[2026-04-03T08:38:59.411+0000] {manager.py:821} INFO - Searching for files in /opt/airflow/dags
[2026-04-03T08:38:59.414+0000] {manager.py:824} INFO - There are 2 files in /opt/airflow/dags
[2026-04-03T08:39:00.642+0000] {manager.py:821} INFO - Searching for files in /opt/airflow/dags
[2026-04-03T08:39:00.645+0000] {manager.py:824} INFO - There are 2 files in /opt/airflow/dags
[2026-04-03T08:39:01.708+0000] {manager.py:821} INFO - Searching for files in /opt/airflow/dags
[2026-04-03T08:39:01.711+0000] {manager.py:824} INFO - There are 2 files in /opt/airflow/dags
[2026-04-03T08:39:03.111+0000] {manager.py:821} INFO - Searching for files in /opt/airflow/dags
[2026-04-03T08:39:03.114+0000] {manager.py:824} INFO - There are 2 files in /opt/airflow/dags
[2026-04-03T08:39:04.358+0000] {manager.py:821} INFO - Searching for files in /opt/airflow/dags
[2026-04-03T08:39:04.361+0000] {manager.py:824} INFO - There are 2 files in /opt/airflow/dags
[2026-04-03T08:39:05.397+0000] {manager.py:821} INFO - Searching for files in /opt/airflow/dags
[2026-04-03T08:39:05.401+0000] {manager.py:824} INFO - There are 2 files in /opt/airflow/dags
[2026-04-03T08:39:06.622+0000] {manager.py:821} INFO - Searching for files in /opt/airflow/dags
[2026-04-03T08:39:06.625+0000] {manager.py:824} INFO - There are 2 files in /opt/airflow/dags
[2026-04-03T08:39:07.851+0000] {manager.py:821} INFO - Searching for files in /opt/airflow/dags
[2026-04-03T08:39:07.854+0000] {manager.py:824} INFO - There are 2 files in /opt/airflow/dags
[2026-04-03T08:39:09.082+0000] {manager.py:821} INFO - Searching for files in /opt/airflow/dags
[2026-04-03T08:39:09.085+0000] {manager.py:824} INFO - There are 2 files in /opt/airflow/dags
[2026-04-03T08:39:10.301+0000] {manager.py:821} INFO - Searching for files in /opt/airflow/dags
[2026-04-03T08:39:10.305+0000] {manager.py:824} INFO - There are 2 files in /opt/airflow/dags
[2026-04-03T08:39:10.349+0000] {manager.py:997} INFO - 
================================================================================
DAG File Processing Stats

File Path                                PID  Runtime      # DAGs    # Errors  Last Runtime    Last Run               Last # of DB Queries
-------------------------------------  -----  ---------  --------  ----------  --------------  -------------------  ----------------------
/opt/airflow/dags/dag_test_spark.py                             1           0  0.20s           2026-04-03T08:39:09                      10
/opt/airflow/dags/dag_datalab_main.py   8566  0.02s             1           0  0.19s           2026-04-03T08:39:09                       9
================================================================================
[2026-04-03T08:39:11.568+0000] {manager.py:821} INFO - Searching for files in /opt/airflow/dags
[2026-04-03T08:39:11.571+0000] {manager.py:824} INFO - There are 2 files in /opt/airflow/dags
[2026-04-03T08:39:12.797+0000] {manager.py:821} INFO - Searching for files in /opt/airflow/dags
[2026-04-03T08:39:12.800+0000] {manager.py:824} INFO - There are 2 files in /opt/airflow/dags
[2026-04-03T08:39:14.021+0000] {manager.py:821} INFO - Searching for files in /opt/airflow/dags
[2026-04-03T08:39:14.023+0000] {manager.py:824} INFO - There are 2 files in /opt/airflow/dags
[2026-04-03T08:39:15.250+0000] {manager.py:821} INFO - Searching for files in /opt/airflow/dags
[2026-04-03T08:39:15.253+0000] {manager.py:824} INFO - There are 2 files in /opt/airflow/dags
[2026-04-03T08:39:16.481+0000] {manager.py:821} INFO - Searching for files in /opt/airflow/dags
[2026-04-03T08:39:16.483+0000] {manager.py:824} INFO - There are 2 files in /opt/airflow/dags
[2026-04-03T08:39:17.709+0000] {manager.py:821} INFO - Searching for files in /opt/airflow/dags
[2026-04-03T08:39:17.712+0000] {manager.py:824} INFO - There are 2 files in /opt/airflow/dags
[2026-04-03T08:39:18.937+0000] {manager.py:821} INFO - Searching for files in /opt/airflow/dags
[2026-04-03T08:39:18.939+0000] {manager.py:824} INFO - There are 2 files in /opt/airflow/dags
[2026-04-03T08:39:20.169+0000] {manager.py:821} INFO - Searching for files in /opt/airflow/dags
[2026-04-03T08:39:20.172+0000] {manager.py:824} INFO - There are 2 files in /opt/airflow/dags
[2026-04-03T08:39:21.393+0000] {manager.py:821} INFO - Searching for files in /opt/airflow/dags
[2026-04-03T08:39:21.396+0000] {manager.py:824} INFO - There are 2 files in /opt/airflow/dags
[2026-04-03T08:39:22.617+0000] {manager.py:821} INFO - Searching for files in /opt/airflow/dags
[2026-04-03T08:39:22.620+0000] {manager.py:824} INFO - There are 2 files in /opt/airflow/dags
[2026-04-03T08:39:23.849+0000] {manager.py:821} INFO - Searching for files in /opt/airflow/dags
[2026-04-03T08:39:23.852+0000] {manager.py:824} INFO - There are 2 files in /opt/airflow/dags
[2026-04-03T08:39:25.086+0000] {manager.py:821} INFO - Searching for files in /opt/airflow/dags
[2026-04-03T08:39:25.090+0000] {manager.py:824} INFO - There are 2 files in /opt/airflow/dags
[2026-04-03T08:39:26.326+0000] {manager.py:821} INFO - Searching for files in /opt/airflow/dags
[2026-04-03T08:39:26.330+0000] {manager.py:824} INFO - There are 2 files in /opt/airflow/dags
[2026-04-03T08:39:27.612+0000] {manager.py:821} INFO - Searching for files in /opt/airflow/dags
[2026-04-03T08:39:27.616+0000] {manager.py:824} INFO - There are 2 files in /opt/airflow/dags
[2026-04-03T08:39:28.897+0000] {manager.py:821} INFO - Searching for files in /opt/airflow/dags
[2026-04-03T08:39:28.901+0000] {manager.py:824} INFO - There are 2 files in /opt/airflow/dags
[2026-04-03T08:39:30.162+0000] {manager.py:821} INFO - Searching for files in /opt/airflow/dags
[2026-04-03T08:39:30.168+0000] {manager.py:824} INFO - There are 2 files in /opt/airflow/dags
[2026-04-03T08:39:31.483+0000] {manager.py:821} INFO - Searching for files in /opt/airflow/dags
[2026-04-03T08:39:31.486+0000] {manager.py:824} INFO - There are 2 files in /opt/airflow/dags
[2026-04-03T08:39:32.723+0000] {manager.py:821} INFO - Searching for files in /opt/airflow/dags
[2026-04-03T08:39:32.725+0000] {manager.py:824} INFO - There are 2 files in /opt/airflow/dags
[2026-04-03T08:39:33.980+0000] {manager.py:821} INFO - Searching for files in /opt/airflow/dags
[2026-04-03T08:39:33.983+0000] {manager.py:824} INFO - There are 2 files in /opt/airflow/dags
[2026-04-03T08:39:35.226+0000] {manager.py:821} INFO - Searching for files in /opt/airflow/dags
[2026-04-03T08:39:35.230+0000] {manager.py:824} INFO - There are 2 files in /opt/airflow/dags
[2026-04-03T08:39:36.513+0000] {manager.py:821} INFO - Searching for files in /opt/airflow/dags
[2026-04-03T08:39:36.518+0000] {manager.py:824} INFO - There are 2 files in /opt/airflow/dags
[2026-04-03T08:39:37.785+0000] {manager.py:821} INFO - Searching for files in /opt/airflow/dags
[2026-04-03T08:39:37.789+0000] {manager.py:824} INFO - There are 2 files in /opt/airflow/dags
[2026-04-03T08:39:39.075+0000] {manager.py:821} INFO - Searching for files in /opt/airflow/dags
[2026-04-03T08:39:39.078+0000] {manager.py:824} INFO - There are 2 files in /opt/airflow/dags
[2026-04-03T08:39:40.363+0000] {manager.py:821} INFO - Searching for files in /opt/airflow/dags
[2026-04-03T08:39:40.366+0000] {manager.py:824} INFO - There are 2 files in /opt/airflow/dags
[2026-04-03T08:39:40.399+0000] {manager.py:997} INFO - 
================================================================================
DAG File Processing Stats

File Path                                PID  Runtime      # DAGs    # Errors  Last Runtime    Last Run               Last # of DB Queries
-------------------------------------  -----  ---------  --------  ----------  --------------  -------------------  ----------------------
/opt/airflow/dags/dag_test_spark.py                             1           0  0.25s           2026-04-03T08:39:39                      10
/opt/airflow/dags/dag_datalab_main.py   8881  0.01s             1           0  0.25s           2026-04-03T08:39:39                      10
================================================================================
[2026-04-03T08:39:41.615+0000] {manager.py:821} INFO - Searching for files in /opt/airflow/dags
[2026-04-03T08:39:41.618+0000] {manager.py:824} INFO - There are 2 files in /opt/airflow/dags
[2026-04-03T08:39:42.875+0000] {manager.py:821} INFO - Searching for files in /opt/airflow/dags
[2026-04-03T08:39:42.879+0000] {manager.py:824} INFO - There are 2 files in /opt/airflow/dags
[2026-04-03T08:39:44.149+0000] {manager.py:821} INFO - Searching for files in /opt/airflow/dags
[2026-04-03T08:39:44.152+0000] {manager.py:824} INFO - There are 2 files in /opt/airflow/dags
[2026-04-03T08:39:45.489+0000] {manager.py:821} INFO - Searching for files in /opt/airflow/dags
[2026-04-03T08:39:45.493+0000] {manager.py:824} INFO - There are 2 files in /opt/airflow/dags
[2026-04-03T08:39:46.796+0000] {manager.py:821} INFO - Searching for files in /opt/airflow/dags
[2026-04-03T08:39:46.800+0000] {manager.py:824} INFO - There are 2 files in /opt/airflow/dags
[2026-04-03T08:39:48.058+0000] {manager.py:821} INFO - Searching for files in /opt/airflow/dags
[2026-04-03T08:39:48.063+0000] {manager.py:824} INFO - There are 2 files in /opt/airflow/dags
[2026-04-03T08:39:49.377+0000] {manager.py:821} INFO - Searching for files in /opt/airflow/dags
[2026-04-03T08:39:49.379+0000] {manager.py:824} INFO - There are 2 files in /opt/airflow/dags
[2026-04-03T08:39:50.447+0000] {manager.py:821} INFO - Searching for files in /opt/airflow/dags
[2026-04-03T08:39:50.450+0000] {manager.py:824} INFO - There are 2 files in /opt/airflow/dags
[2026-04-03T08:39:51.896+0000] {manager.py:821} INFO - Searching for files in /opt/airflow/dags
[2026-04-03T08:39:51.901+0000] {manager.py:824} INFO - There are 2 files in /opt/airflow/dags
[2026-04-03T08:39:53.179+0000] {manager.py:821} INFO - Searching for files in /opt/airflow/dags
[2026-04-03T08:39:53.183+0000] {manager.py:824} INFO - There are 2 files in /opt/airflow/dags
[2026-04-03T08:39:54.269+0000] {manager.py:821} INFO - Searching for files in /opt/airflow/dags
[2026-04-03T08:39:54.272+0000] {manager.py:824} INFO - There are 2 files in /opt/airflow/dags
[2026-04-03T08:39:55.527+0000] {manager.py:821} INFO - Searching for files in /opt/airflow/dags
[2026-04-03T08:39:55.531+0000] {manager.py:824} INFO - There are 2 files in /opt/airflow/dags
[2026-04-03T08:39:57.055+0000] {manager.py:821} INFO - Searching for files in /opt/airflow/dags
[2026-04-03T08:39:57.059+0000] {manager.py:824} INFO - There are 2 files in /opt/airflow/dags
[2026-04-03T08:39:58.372+0000] {manager.py:821} INFO - Searching for files in /opt/airflow/dags
[2026-04-03T08:39:58.378+0000] {manager.py:824} INFO - There are 2 files in /opt/airflow/dags
[2026-04-03T08:39:59.691+0000] {manager.py:821} INFO - Searching for files in /opt/airflow/dags
[2026-04-03T08:39:59.694+0000] {manager.py:824} INFO - There are 2 files in /opt/airflow/dags
[2026-04-03T08:40:01.005+0000] {manager.py:821} INFO - Searching for files in /opt/airflow/dags
[2026-04-03T08:40:01.009+0000] {manager.py:824} INFO - There are 2 files in /opt/airflow/dags
[2026-04-03T08:40:02.083+0000] {manager.py:821} INFO - Searching for files in /opt/airflow/dags
[2026-04-03T08:40:02.088+0000] {manager.py:824} INFO - There are 2 files in /opt/airflow/dags
[2026-04-03T08:40:03.586+0000] {manager.py:821} INFO - Searching for files in /opt/airflow/dags
[2026-04-03T08:40:03.591+0000] {manager.py:824} INFO - There are 2 files in /opt/airflow/dags
[2026-04-03T08:40:04.924+0000] {manager.py:821} INFO - Searching for files in /opt/airflow/dags
[2026-04-03T08:40:04.927+0000] {manager.py:824} INFO - There are 2 files in /opt/airflow/dags
[2026-04-03T08:40:06.008+0000] {manager.py:821} INFO - Searching for files in /opt/airflow/dags
[2026-04-03T08:40:06.011+0000] {manager.py:824} INFO - There are 2 files in /opt/airflow/dags
[2026-04-03T08:40:07.442+0000] {manager.py:821} INFO - Searching for files in /opt/airflow/dags
[2026-04-03T08:40:07.444+0000] {manager.py:824} INFO - There are 2 files in /opt/airflow/dags
[2026-04-03T08:40:08.505+0000] {manager.py:821} INFO - Searching for files in /opt/airflow/dags
[2026-04-03T08:40:08.508+0000] {manager.py:824} INFO - There are 2 files in /opt/airflow/dags
[2026-04-03T08:40:09.905+0000] {manager.py:821} INFO - Searching for files in /opt/airflow/dags
[2026-04-03T08:40:09.908+0000] {manager.py:824} INFO - There are 2 files in /opt/airflow/dags
[2026-04-03T08:40:11.144+0000] {manager.py:821} INFO - Searching for files in /opt/airflow/dags
[2026-04-03T08:40:11.146+0000] {manager.py:824} INFO - There are 2 files in /opt/airflow/dags
[2026-04-03T08:40:11.197+0000] {manager.py:997} INFO - 
================================================================================
DAG File Processing Stats

File Path                                PID  Runtime      # DAGs    # Errors  Last Runtime    Last Run               Last # of DB Queries
-------------------------------------  -----  ---------  --------  ----------  --------------  -------------------  ----------------------
/opt/airflow/dags/dag_datalab_main.py   9306  0.03s             1           0  0.21s           2026-04-03T08:40:10                      10
/opt/airflow/dags/dag_test_spark.py     9309  0.02s             1           0  0.21s           2026-04-03T08:40:10                      10
================================================================================
[2026-04-03T08:40:12.214+0000] {manager.py:821} INFO - Searching for files in /opt/airflow/dags
[2026-04-03T08:40:12.217+0000] {manager.py:824} INFO - There are 2 files in /opt/airflow/dags
[2026-04-03T08:40:13.626+0000] {manager.py:821} INFO - Searching for files in /opt/airflow/dags
[2026-04-03T08:40:13.629+0000] {manager.py:824} INFO - There are 2 files in /opt/airflow/dags
[2026-04-03T08:40:14.896+0000] {manager.py:821} INFO - Searching for files in /opt/airflow/dags
[2026-04-03T08:40:14.898+0000] {manager.py:824} INFO - There are 2 files in /opt/airflow/dags
[2026-04-03T08:40:15.960+0000] {manager.py:821} INFO - Searching for files in /opt/airflow/dags
[2026-04-03T08:40:15.963+0000] {manager.py:824} INFO - There are 2 files in /opt/airflow/dags
[2026-04-03T08:40:17.261+0000] {manager.py:821} INFO - Searching for files in /opt/airflow/dags
[2026-04-03T08:40:17.264+0000] {manager.py:824} INFO - There are 2 files in /opt/airflow/dags
[2026-04-03T08:40:18.521+0000] {manager.py:821} INFO - Searching for files in /opt/airflow/dags
[2026-04-03T08:40:18.524+0000] {manager.py:824} INFO - There are 2 files in /opt/airflow/dags
[2026-04-03T08:40:19.946+0000] {manager.py:821} INFO - Searching for files in /opt/airflow/dags
[2026-04-03T08:40:19.948+0000] {manager.py:824} INFO - There are 2 files in /opt/airflow/dags
[2026-04-03T08:40:21.189+0000] {manager.py:821} INFO - Searching for files in /opt/airflow/dags
[2026-04-03T08:40:21.192+0000] {manager.py:824} INFO - There are 2 files in /opt/airflow/dags
[2026-04-03T08:40:22.255+0000] {manager.py:821} INFO - Searching for files in /opt/airflow/dags
[2026-04-03T08:40:22.257+0000] {manager.py:824} INFO - There are 2 files in /opt/airflow/dags
[2026-04-03T08:40:23.676+0000] {manager.py:821} INFO - Searching for files in /opt/airflow/dags
[2026-04-03T08:40:23.679+0000] {manager.py:824} INFO - There are 2 files in /opt/airflow/dags
[2026-04-03T08:40:24.908+0000] {manager.py:821} INFO - Searching for files in /opt/airflow/dags
[2026-04-03T08:40:24.911+0000] {manager.py:824} INFO - There are 2 files in /opt/airflow/dags
[2026-04-03T08:40:26.146+0000] {manager.py:821} INFO - Searching for files in /opt/airflow/dags
[2026-04-03T08:40:26.149+0000] {manager.py:824} INFO - There are 2 files in /opt/airflow/dags
[2026-04-03T08:40:27.389+0000] {manager.py:821} INFO - Searching for files in /opt/airflow/dags
[2026-04-03T08:40:27.392+0000] {manager.py:824} INFO - There are 2 files in /opt/airflow/dags
[2026-04-03T08:40:28.632+0000] {manager.py:821} INFO - Searching for files in /opt/airflow/dags
[2026-04-03T08:40:28.635+0000] {manager.py:824} INFO - There are 2 files in /opt/airflow/dags
[2026-04-03T08:40:29.870+0000] {manager.py:821} INFO - Searching for files in /opt/airflow/dags
[2026-04-03T08:40:29.874+0000] {manager.py:824} INFO - There are 2 files in /opt/airflow/dags
[2026-04-03T08:40:30.940+0000] {manager.py:821} INFO - Searching for files in /opt/airflow/dags
[2026-04-03T08:40:30.943+0000] {manager.py:824} INFO - There are 2 files in /opt/airflow/dags
[2026-04-03T08:40:32.357+0000] {manager.py:821} INFO - Searching for files in /opt/airflow/dags
[2026-04-03T08:40:32.360+0000] {manager.py:824} INFO - There are 2 files in /opt/airflow/dags
[2026-04-03T08:40:33.421+0000] {manager.py:821} INFO - Searching for files in /opt/airflow/dags
[2026-04-03T08:40:33.424+0000] {manager.py:824} INFO - There are 2 files in /opt/airflow/dags
[2026-04-03T08:40:34.819+0000] {manager.py:821} INFO - Searching for files in /opt/airflow/dags
[2026-04-03T08:40:34.822+0000] {manager.py:824} INFO - There are 2 files in /opt/airflow/dags
[2026-04-03T08:40:35.884+0000] {manager.py:821} INFO - Searching for files in /opt/airflow/dags
[2026-04-03T08:40:35.888+0000] {manager.py:824} INFO - There are 2 files in /opt/airflow/dags
[2026-04-03T08:40:37.290+0000] {manager.py:821} INFO - Searching for files in /opt/airflow/dags
[2026-04-03T08:40:37.293+0000] {manager.py:824} INFO - There are 2 files in /opt/airflow/dags
[2026-04-03T08:40:38.548+0000] {manager.py:821} INFO - Searching for files in /opt/airflow/dags
[2026-04-03T08:40:38.551+0000] {manager.py:824} INFO - There are 2 files in /opt/airflow/dags
[2026-04-03T08:40:39.613+0000] {manager.py:821} INFO - Searching for files in /opt/airflow/dags
[2026-04-03T08:40:39.615+0000] {manager.py:824} INFO - There are 2 files in /opt/airflow/dags
[2026-04-03T08:40:40.837+0000] {manager.py:821} INFO - Searching for files in /opt/airflow/dags
[2026-04-03T08:40:40.840+0000] {manager.py:824} INFO - There are 2 files in /opt/airflow/dags
[2026-04-03T08:40:41.296+0000] {manager.py:997} INFO - 
================================================================================
DAG File Processing Stats

File Path                                PID  Runtime      # DAGs    # Errors  Last Runtime    Last Run               Last # of DB Queries
-------------------------------------  -----  ---------  --------  ----------  --------------  -------------------  ----------------------
/opt/airflow/dags/dag_test_spark.py     9549  0.21s             1           0  0.23s           2026-04-03T08:40:40                      10
/opt/airflow/dags/dag_datalab_main.py                           1           0  0.22s           2026-04-03T08:40:41                      10
================================================================================
[2026-04-03T08:40:42.300+0000] {manager.py:821} INFO - Searching for files in /opt/airflow/dags
[2026-04-03T08:40:42.303+0000] {manager.py:824} INFO - There are 2 files in /opt/airflow/dags
[2026-04-03T08:40:43.544+0000] {manager.py:821} INFO - Searching for files in /opt/airflow/dags
[2026-04-03T08:40:43.547+0000] {manager.py:824} INFO - There are 2 files in /opt/airflow/dags
[2026-04-03T08:40:44.616+0000] {manager.py:821} INFO - Searching for files in /opt/airflow/dags
[2026-04-03T08:40:44.619+0000] {manager.py:824} INFO - There are 2 files in /opt/airflow/dags
[2026-04-03T08:40:46.040+0000] {manager.py:821} INFO - Searching for files in /opt/airflow/dags
[2026-04-03T08:40:46.044+0000] {manager.py:824} INFO - There are 2 files in /opt/airflow/dags
[2026-04-03T08:40:47.301+0000] {manager.py:821} INFO - Searching for files in /opt/airflow/dags
[2026-04-03T08:40:47.304+0000] {manager.py:824} INFO - There are 2 files in /opt/airflow/dags
[2026-04-03T08:40:48.543+0000] {manager.py:821} INFO - Searching for files in /opt/airflow/dags
[2026-04-03T08:40:48.546+0000] {manager.py:824} INFO - There are 2 files in /opt/airflow/dags
[2026-04-03T08:40:49.778+0000] {manager.py:821} INFO - Searching for files in /opt/airflow/dags
[2026-04-03T08:40:49.780+0000] {manager.py:824} INFO - There are 2 files in /opt/airflow/dags
[2026-04-03T08:40:51.014+0000] {manager.py:821} INFO - Searching for files in /opt/airflow/dags
[2026-04-03T08:40:51.017+0000] {manager.py:824} INFO - There are 2 files in /opt/airflow/dags
[2026-04-03T08:40:52.262+0000] {manager.py:821} INFO - Searching for files in /opt/airflow/dags
[2026-04-03T08:40:52.264+0000] {manager.py:824} INFO - There are 2 files in /opt/airflow/dags
[2026-04-03T08:40:53.501+0000] {manager.py:821} INFO - Searching for files in /opt/airflow/dags
[2026-04-03T08:40:53.504+0000] {manager.py:824} INFO - There are 2 files in /opt/airflow/dags
[2026-04-03T08:40:54.570+0000] {manager.py:821} INFO - Searching for files in /opt/airflow/dags
[2026-04-03T08:40:54.573+0000] {manager.py:824} INFO - There are 2 files in /opt/airflow/dags
[2026-04-03T08:40:55.992+0000] {manager.py:821} INFO - Searching for files in /opt/airflow/dags
[2026-04-03T08:40:55.995+0000] {manager.py:824} INFO - There are 2 files in /opt/airflow/dags
[2026-04-03T08:40:57.235+0000] {manager.py:821} INFO - Searching for files in /opt/airflow/dags
[2026-04-03T08:40:57.238+0000] {manager.py:824} INFO - There are 2 files in /opt/airflow/dags
[2026-04-03T08:40:58.470+0000] {manager.py:821} INFO - Searching for files in /opt/airflow/dags
[2026-04-03T08:40:58.472+0000] {manager.py:824} INFO - There are 2 files in /opt/airflow/dags
[2026-04-03T08:40:59.704+0000] {manager.py:821} INFO - Searching for files in /opt/airflow/dags
[2026-04-03T08:40:59.707+0000] {manager.py:824} INFO - There are 2 files in /opt/airflow/dags
[2026-04-03T08:41:00.946+0000] {manager.py:821} INFO - Searching for files in /opt/airflow/dags
[2026-04-03T08:41:00.948+0000] {manager.py:824} INFO - There are 2 files in /opt/airflow/dags
[2026-04-03T08:41:02.174+0000] {manager.py:821} INFO - Searching for files in /opt/airflow/dags
[2026-04-03T08:41:02.177+0000] {manager.py:824} INFO - There are 2 files in /opt/airflow/dags
[2026-04-03T08:41:03.434+0000] {manager.py:821} INFO - Searching for files in /opt/airflow/dags
[2026-04-03T08:41:03.437+0000] {manager.py:824} INFO - There are 2 files in /opt/airflow/dags
[2026-04-03T08:41:04.682+0000] {manager.py:821} INFO - Searching for files in /opt/airflow/dags
[2026-04-03T08:41:04.685+0000] {manager.py:824} INFO - There are 2 files in /opt/airflow/dags
[2026-04-03T08:41:05.747+0000] {manager.py:821} INFO - Searching for files in /opt/airflow/dags
[2026-04-03T08:41:05.750+0000] {manager.py:824} INFO - There are 2 files in /opt/airflow/dags
[2026-04-03T08:41:07.197+0000] {manager.py:821} INFO - Searching for files in /opt/airflow/dags
[2026-04-03T08:41:07.203+0000] {manager.py:824} INFO - There are 2 files in /opt/airflow/dags
[2026-04-03T08:41:08.304+0000] {manager.py:821} INFO - Searching for files in /opt/airflow/dags
[2026-04-03T08:41:08.307+0000] {manager.py:824} INFO - There are 2 files in /opt/airflow/dags
[2026-04-03T08:41:09.726+0000] {manager.py:821} INFO - Searching for files in /opt/airflow/dags
[2026-04-03T08:41:09.728+0000] {manager.py:824} INFO - There are 2 files in /opt/airflow/dags
[2026-04-03T08:41:10.973+0000] {manager.py:821} INFO - Searching for files in /opt/airflow/dags
[2026-04-03T08:41:10.976+0000] {manager.py:824} INFO - There are 2 files in /opt/airflow/dags
[2026-04-03T08:41:12.215+0000] {manager.py:821} INFO - Searching for files in /opt/airflow/dags
[2026-04-03T08:41:12.218+0000] {manager.py:824} INFO - There are 2 files in /opt/airflow/dags
[2026-04-03T08:41:12.265+0000] {manager.py:997} INFO - 
================================================================================
DAG File Processing Stats

File Path                                PID  Runtime      # DAGs    # Errors  Last Runtime    Last Run               Last # of DB Queries
-------------------------------------  -----  ---------  --------  ----------  --------------  -------------------  ----------------------
/opt/airflow/dags/dag_datalab_main.py   9796  0.03s             1           0  0.21s           2026-04-03T08:41:11                      10
/opt/airflow/dags/dag_test_spark.py     9799  0.01s             1           0  0.20s           2026-04-03T08:41:11                      10
================================================================================
[2026-04-03T08:41:13.281+0000] {manager.py:821} INFO - Searching for files in /opt/airflow/dags
[2026-04-03T08:41:13.284+0000] {manager.py:824} INFO - There are 2 files in /opt/airflow/dags
[2026-04-03T08:41:14.688+0000] {manager.py:821} INFO - Searching for files in /opt/airflow/dags
[2026-04-03T08:41:14.692+0000] {manager.py:824} INFO - There are 2 files in /opt/airflow/dags
[2026-04-03T08:41:15.774+0000] {manager.py:821} INFO - Searching for files in /opt/airflow/dags
[2026-04-03T08:41:15.777+0000] {manager.py:824} INFO - There are 2 files in /opt/airflow/dags
[2026-04-03T08:41:17.196+0000] {manager.py:821} INFO - Searching for files in /opt/airflow/dags
[2026-04-03T08:41:17.199+0000] {manager.py:824} INFO - There are 2 files in /opt/airflow/dags
[2026-04-03T08:41:18.460+0000] {manager.py:821} INFO - Searching for files in /opt/airflow/dags
[2026-04-03T08:41:18.463+0000] {manager.py:824} INFO - There are 2 files in /opt/airflow/dags
[2026-04-03T08:41:19.699+0000] {manager.py:821} INFO - Searching for files in /opt/airflow/dags
[2026-04-03T08:41:19.702+0000] {manager.py:824} INFO - There are 2 files in /opt/airflow/dags
[2026-04-03T08:41:20.764+0000] {manager.py:821} INFO - Searching for files in /opt/airflow/dags
[2026-04-03T08:41:20.766+0000] {manager.py:824} INFO - There are 2 files in /opt/airflow/dags
[2026-04-03T08:41:22.151+0000] {manager.py:821} INFO - Searching for files in /opt/airflow/dags
[2026-04-03T08:41:22.154+0000] {manager.py:824} INFO - There are 2 files in /opt/airflow/dags
[2026-04-03T08:41:23.396+0000] {manager.py:821} INFO - Searching for files in /opt/airflow/dags
[2026-04-03T08:41:23.399+0000] {manager.py:824} INFO - There are 2 files in /opt/airflow/dags
[2026-04-03T08:41:24.648+0000] {manager.py:821} INFO - Searching for files in /opt/airflow/dags
[2026-04-03T08:41:24.651+0000] {manager.py:824} INFO - There are 2 files in /opt/airflow/dags
[2026-04-03T08:41:25.716+0000] {manager.py:821} INFO - Searching for files in /opt/airflow/dags
[2026-04-03T08:41:25.720+0000] {manager.py:824} INFO - There are 2 files in /opt/airflow/dags
[2026-04-03T08:41:27.122+0000] {manager.py:821} INFO - Searching for files in /opt/airflow/dags
[2026-04-03T08:41:27.124+0000] {manager.py:824} INFO - There are 2 files in /opt/airflow/dags
[2026-04-03T08:41:28.188+0000] {manager.py:821} INFO - Searching for files in /opt/airflow/dags
[2026-04-03T08:41:28.191+0000] {manager.py:824} INFO - There are 2 files in /opt/airflow/dags
[2026-04-03T08:41:29.585+0000] {manager.py:821} INFO - Searching for files in /opt/airflow/dags
[2026-04-03T08:41:29.588+0000] {manager.py:824} INFO - There are 2 files in /opt/airflow/dags
[2026-04-03T08:41:30.819+0000] {manager.py:821} INFO - Searching for files in /opt/airflow/dags
[2026-04-03T08:41:30.822+0000] {manager.py:824} INFO - There are 2 files in /opt/airflow/dags
[2026-04-03T08:41:32.057+0000] {manager.py:821} INFO - Searching for files in /opt/airflow/dags
[2026-04-03T08:41:32.060+0000] {manager.py:824} INFO - There are 2 files in /opt/airflow/dags
[2026-04-03T08:41:33.128+0000] {manager.py:821} INFO - Searching for files in /opt/airflow/dags
[2026-04-03T08:41:33.130+0000] {manager.py:824} INFO - There are 2 files in /opt/airflow/dags
[2026-04-03T08:41:34.350+0000] {manager.py:821} INFO - Searching for files in /opt/airflow/dags
[2026-04-03T08:41:34.353+0000] {manager.py:824} INFO - There are 2 files in /opt/airflow/dags
[2026-04-03T08:41:35.769+0000] {manager.py:821} INFO - Searching for files in /opt/airflow/dags
[2026-04-03T08:41:35.771+0000] {manager.py:824} INFO - There are 2 files in /opt/airflow/dags
[2026-04-03T08:41:37.007+0000] {manager.py:821} INFO - Searching for files in /opt/airflow/dags
[2026-04-03T08:41:37.009+0000] {manager.py:824} INFO - There are 2 files in /opt/airflow/dags
[2026-04-03T08:41:38.258+0000] {manager.py:821} INFO - Searching for files in /opt/airflow/dags
[2026-04-03T08:41:38.260+0000] {manager.py:824} INFO - There are 2 files in /opt/airflow/dags
[2026-04-03T08:41:39.330+0000] {manager.py:821} INFO - Searching for files in /opt/airflow/dags
[2026-04-03T08:41:39.333+0000] {manager.py:824} INFO - There are 2 files in /opt/airflow/dags
[2026-04-03T08:41:40.757+0000] {manager.py:821} INFO - Searching for files in /opt/airflow/dags
[2026-04-03T08:41:40.759+0000] {manager.py:824} INFO - There are 2 files in /opt/airflow/dags
[2026-04-03T08:41:41.992+0000] {manager.py:821} INFO - Searching for files in /opt/airflow/dags
[2026-04-03T08:41:41.995+0000] {manager.py:824} INFO - There are 2 files in /opt/airflow/dags
[2026-04-03T08:41:43.057+0000] {manager.py:821} INFO - Searching for files in /opt/airflow/dags
[2026-04-03T08:41:43.059+0000] {manager.py:824} INFO - There are 2 files in /opt/airflow/dags
[2026-04-03T08:41:43.076+0000] {manager.py:997} INFO - 
================================================================================
DAG File Processing Stats

File Path                              PID    Runtime      # DAGs    # Errors  Last Runtime    Last Run               Last # of DB Queries
-------------------------------------  -----  ---------  --------  ----------  --------------  -------------------  ----------------------
/opt/airflow/dags/dag_datalab_main.py                           1           0  0.23s           2026-04-03T08:41:42                      10
/opt/airflow/dags/dag_test_spark.py                             1           0  0.21s           2026-04-03T08:41:42                      10
================================================================================
[2026-04-03T08:41:44.286+0000] {manager.py:821} INFO - Searching for files in /opt/airflow/dags
[2026-04-03T08:41:44.289+0000] {manager.py:824} INFO - There are 2 files in /opt/airflow/dags
[2026-04-03T08:41:45.712+0000] {manager.py:821} INFO - Searching for files in /opt/airflow/dags
[2026-04-03T08:41:45.715+0000] {manager.py:824} INFO - There are 2 files in /opt/airflow/dags
[2026-04-03T08:41:46.778+0000] {manager.py:821} INFO - Searching for files in /opt/airflow/dags
[2026-04-03T08:41:46.781+0000] {manager.py:824} INFO - There are 2 files in /opt/airflow/dags
[2026-04-03T08:41:48.212+0000] {manager.py:821} INFO - Searching for files in /opt/airflow/dags
[2026-04-03T08:41:48.215+0000] {manager.py:824} INFO - There are 2 files in /opt/airflow/dags
[2026-04-03T08:41:49.280+0000] {manager.py:821} INFO - Searching for files in /opt/airflow/dags
[2026-04-03T08:41:49.283+0000] {manager.py:824} INFO - There are 2 files in /opt/airflow/dags
[2026-04-03T08:41:50.500+0000] {manager.py:821} INFO - Searching for files in /opt/airflow/dags
[2026-04-03T08:41:50.502+0000] {manager.py:824} INFO - There are 2 files in /opt/airflow/dags
[2026-04-03T08:41:51.724+0000] {manager.py:821} INFO - Searching for files in /opt/airflow/dags
[2026-04-03T08:41:51.727+0000] {manager.py:824} INFO - There are 2 files in /opt/airflow/dags
[2026-04-03T08:41:53.159+0000] {manager.py:821} INFO - Searching for files in /opt/airflow/dags
[2026-04-03T08:41:53.162+0000] {manager.py:824} INFO - There are 2 files in /opt/airflow/dags
[2026-04-03T08:41:54.225+0000] {manager.py:821} INFO - Searching for files in /opt/airflow/dags
[2026-04-03T08:41:54.227+0000] {manager.py:824} INFO - There are 2 files in /opt/airflow/dags
[2026-04-03T08:41:55.635+0000] {manager.py:821} INFO - Searching for files in /opt/airflow/dags
[2026-04-03T08:41:55.638+0000] {manager.py:824} INFO - There are 2 files in /opt/airflow/dags
[2026-04-03T08:41:56.884+0000] {manager.py:821} INFO - Searching for files in /opt/airflow/dags
[2026-04-03T08:41:56.887+0000] {manager.py:824} INFO - There are 2 files in /opt/airflow/dags
[2026-04-03T08:41:58.128+0000] {manager.py:821} INFO - Searching for files in /opt/airflow/dags
[2026-04-03T08:41:58.130+0000] {manager.py:824} INFO - There are 2 files in /opt/airflow/dags
[2026-04-03T08:41:59.388+0000] {manager.py:821} INFO - Searching for files in /opt/airflow/dags
[2026-04-03T08:41:59.391+0000] {manager.py:824} INFO - There are 2 files in /opt/airflow/dags
[2026-04-03T08:42:00.454+0000] {manager.py:821} INFO - Searching for files in /opt/airflow/dags
[2026-04-03T08:42:00.457+0000] {manager.py:824} INFO - There are 2 files in /opt/airflow/dags
[2026-04-03T08:42:01.863+0000] {manager.py:821} INFO - Searching for files in /opt/airflow/dags
[2026-04-03T08:42:01.866+0000] {manager.py:824} INFO - There are 2 files in /opt/airflow/dags
[2026-04-03T08:42:03.119+0000] {manager.py:821} INFO - Searching for files in /opt/airflow/dags
[2026-04-03T08:42:03.121+0000] {manager.py:824} INFO - There are 2 files in /opt/airflow/dags
[2026-04-03T08:42:04.359+0000] {manager.py:821} INFO - Searching for files in /opt/airflow/dags
[2026-04-03T08:42:04.362+0000] {manager.py:824} INFO - There are 2 files in /opt/airflow/dags
[2026-04-03T08:42:05.604+0000] {manager.py:821} INFO - Searching for files in /opt/airflow/dags
[2026-04-03T08:42:05.606+0000] {manager.py:824} INFO - There are 2 files in /opt/airflow/dags
[2026-04-03T08:42:06.849+0000] {manager.py:821} INFO - Searching for files in /opt/airflow/dags
[2026-04-03T08:42:06.852+0000] {manager.py:824} INFO - There are 2 files in /opt/airflow/dags
[2026-04-03T08:42:08.088+0000] {manager.py:821} INFO - Searching for files in /opt/airflow/dags
[2026-04-03T08:42:08.091+0000] {manager.py:824} INFO - There are 2 files in /opt/airflow/dags
[2026-04-03T08:42:09.155+0000] {manager.py:821} INFO - Searching for files in /opt/airflow/dags
[2026-04-03T08:42:09.159+0000] {manager.py:824} INFO - There are 2 files in /opt/airflow/dags
[2026-04-03T08:42:10.567+0000] {manager.py:821} INFO - Searching for files in /opt/airflow/dags
[2026-04-03T08:42:10.570+0000] {manager.py:824} INFO - There are 2 files in /opt/airflow/dags
[2026-04-03T08:42:11.807+0000] {manager.py:821} INFO - Searching for files in /opt/airflow/dags
[2026-04-03T08:42:11.810+0000] {manager.py:824} INFO - There are 2 files in /opt/airflow/dags
[2026-04-03T08:42:12.873+0000] {manager.py:821} INFO - Searching for files in /opt/airflow/dags
[2026-04-03T08:42:12.876+0000] {manager.py:824} INFO - There are 2 files in /opt/airflow/dags
[2026-04-03T08:42:13.087+0000] {manager.py:997} INFO - 
================================================================================
DAG File Processing Stats

File Path                                PID  Runtime      # DAGs    # Errors  Last Runtime    Last Run               Last # of DB Queries
-------------------------------------  -----  ---------  --------  ----------  --------------  -------------------  ----------------------
/opt/airflow/dags/dag_datalab_main.py  10286  0.03s             1           0  0.22s           2026-04-03T08:42:12                      10
/opt/airflow/dags/dag_test_spark.py    10289  0.01s             1           0  0.20s           2026-04-03T08:42:12                      10
================================================================================
[2026-04-03T08:42:14.273+0000] {manager.py:821} INFO - Searching for files in /opt/airflow/dags
[2026-04-03T08:42:14.275+0000] {manager.py:824} INFO - There are 2 files in /opt/airflow/dags
[2026-04-03T08:42:15.338+0000] {manager.py:821} INFO - Searching for files in /opt/airflow/dags
[2026-04-03T08:42:15.340+0000] {manager.py:824} INFO - There are 2 files in /opt/airflow/dags
[2026-04-03T08:42:16.551+0000] {manager.py:821} INFO - Searching for files in /opt/airflow/dags
[2026-04-03T08:42:16.553+0000] {manager.py:824} INFO - There are 2 files in /opt/airflow/dags
[2026-04-03T08:42:17.971+0000] {manager.py:821} INFO - Searching for files in /opt/airflow/dags
[2026-04-03T08:42:17.973+0000] {manager.py:824} INFO - There are 2 files in /opt/airflow/dags
[2026-04-03T08:42:19.219+0000] {manager.py:821} INFO - Searching for files in /opt/airflow/dags
[2026-04-03T08:42:19.221+0000] {manager.py:824} INFO - There are 2 files in /opt/airflow/dags
[2026-04-03T08:42:20.461+0000] {manager.py:821} INFO - Searching for files in /opt/airflow/dags
[2026-04-03T08:42:20.465+0000] {manager.py:824} INFO - There are 2 files in /opt/airflow/dags
[2026-04-03T08:42:21.695+0000] {manager.py:821} INFO - Searching for files in /opt/airflow/dags
[2026-04-03T08:42:21.698+0000] {manager.py:824} INFO - There are 2 files in /opt/airflow/dags
[2026-04-03T08:42:22.760+0000] {manager.py:821} INFO - Searching for files in /opt/airflow/dags
[2026-04-03T08:42:22.763+0000] {manager.py:824} INFO - There are 2 files in /opt/airflow/dags
[2026-04-03T08:42:24.166+0000] {manager.py:821} INFO - Searching for files in /opt/airflow/dags
[2026-04-03T08:42:24.169+0000] {manager.py:824} INFO - There are 2 files in /opt/airflow/dags
[2026-04-03T08:42:25.412+0000] {manager.py:821} INFO - Searching for files in /opt/airflow/dags
[2026-04-03T08:42:25.415+0000] {manager.py:824} INFO - There are 2 files in /opt/airflow/dags
[2026-04-03T08:42:26.659+0000] {manager.py:821} INFO - Searching for files in /opt/airflow/dags
[2026-04-03T08:42:26.662+0000] {manager.py:824} INFO - There are 2 files in /opt/airflow/dags
[2026-04-03T08:42:27.910+0000] {manager.py:821} INFO - Searching for files in /opt/airflow/dags
[2026-04-03T08:42:27.913+0000] {manager.py:824} INFO - There are 2 files in /opt/airflow/dags
[2026-04-03T08:42:29.153+0000] {manager.py:821} INFO - Searching for files in /opt/airflow/dags
[2026-04-03T08:42:29.155+0000] {manager.py:824} INFO - There are 2 files in /opt/airflow/dags
[2026-04-03T08:42:30.392+0000] {manager.py:821} INFO - Searching for files in /opt/airflow/dags
[2026-04-03T08:42:30.395+0000] {manager.py:824} INFO - There are 2 files in /opt/airflow/dags
[2026-04-03T08:42:31.461+0000] {manager.py:821} INFO - Searching for files in /opt/airflow/dags
[2026-04-03T08:42:31.463+0000] {manager.py:824} INFO - There are 2 files in /opt/airflow/dags
[2026-04-03T08:42:32.695+0000] {manager.py:821} INFO - Searching for files in /opt/airflow/dags
[2026-04-03T08:42:32.698+0000] {manager.py:824} INFO - There are 2 files in /opt/airflow/dags
[2026-04-03T08:42:34.143+0000] {manager.py:821} INFO - Searching for files in /opt/airflow/dags
[2026-04-03T08:42:34.146+0000] {manager.py:824} INFO - There are 2 files in /opt/airflow/dags
[2026-04-03T08:42:35.389+0000] {manager.py:821} INFO - Searching for files in /opt/airflow/dags
[2026-04-03T08:42:35.391+0000] {manager.py:824} INFO - There are 2 files in /opt/airflow/dags
[2026-04-03T08:42:36.639+0000] {manager.py:821} INFO - Searching for files in /opt/airflow/dags
[2026-04-03T08:42:36.643+0000] {manager.py:824} INFO - There are 2 files in /opt/airflow/dags
[2026-04-03T08:42:37.879+0000] {manager.py:821} INFO - Searching for files in /opt/airflow/dags
[2026-04-03T08:42:37.882+0000] {manager.py:824} INFO - There are 2 files in /opt/airflow/dags
[2026-04-03T08:42:39.119+0000] {manager.py:821} INFO - Searching for files in /opt/airflow/dags
[2026-04-03T08:42:39.121+0000] {manager.py:824} INFO - There are 2 files in /opt/airflow/dags
[2026-04-03T08:42:40.366+0000] {manager.py:821} INFO - Searching for files in /opt/airflow/dags
[2026-04-03T08:42:40.369+0000] {manager.py:824} INFO - There are 2 files in /opt/airflow/dags
[2026-04-03T08:42:41.433+0000] {manager.py:821} INFO - Searching for files in /opt/airflow/dags
[2026-04-03T08:42:41.436+0000] {manager.py:824} INFO - There are 2 files in /opt/airflow/dags
[2026-04-03T08:42:42.862+0000] {manager.py:821} INFO - Searching for files in /opt/airflow/dags
[2026-04-03T08:42:42.864+0000] {manager.py:824} INFO - There are 2 files in /opt/airflow/dags
[2026-04-03T08:42:43.110+0000] {manager.py:997} INFO - 
================================================================================
DAG File Processing Stats

File Path                              PID    Runtime      # DAGs    # Errors  Last Runtime    Last Run               Last # of DB Queries
-------------------------------------  -----  ---------  --------  ----------  --------------  -------------------  ----------------------
/opt/airflow/dags/dag_datalab_main.py                           1           0  0.22s           2026-04-03T08:42:43                      10
/opt/airflow/dags/dag_test_spark.py                             1           0  0.21s           2026-04-03T08:42:43                      10
================================================================================
[2026-04-03T08:42:43.929+0000] {manager.py:821} INFO - Searching for files in /opt/airflow/dags
[2026-04-03T08:42:43.932+0000] {manager.py:824} INFO - There are 2 files in /opt/airflow/dags
[2026-04-03T08:42:45.348+0000] {manager.py:821} INFO - Searching for files in /opt/airflow/dags
[2026-04-03T08:42:45.351+0000] {manager.py:824} INFO - There are 2 files in /opt/airflow/dags
[2026-04-03T08:42:46.424+0000] {manager.py:821} INFO - Searching for files in /opt/airflow/dags
[2026-04-03T08:42:46.427+0000] {manager.py:824} INFO - There are 2 files in /opt/airflow/dags
[2026-04-03T08:42:47.835+0000] {manager.py:821} INFO - Searching for files in /opt/airflow/dags
[2026-04-03T08:42:47.838+0000] {manager.py:824} INFO - There are 2 files in /opt/airflow/dags
[2026-04-03T08:42:49.080+0000] {manager.py:821} INFO - Searching for files in /opt/airflow/dags
[2026-04-03T08:42:49.083+0000] {manager.py:824} INFO - There are 2 files in /opt/airflow/dags
[2026-04-03T08:42:50.322+0000] {manager.py:821} INFO - Searching for files in /opt/airflow/dags
[2026-04-03T08:42:50.324+0000] {manager.py:824} INFO - There are 2 files in /opt/airflow/dags
[2026-04-03T08:42:51.566+0000] {manager.py:821} INFO - Searching for files in /opt/airflow/dags
[2026-04-03T08:42:51.568+0000] {manager.py:824} INFO - There are 2 files in /opt/airflow/dags
[2026-04-03T08:42:52.813+0000] {manager.py:821} INFO - Searching for files in /opt/airflow/dags
[2026-04-03T08:42:52.817+0000] {manager.py:824} INFO - There are 2 files in /opt/airflow/dags
[2026-04-03T08:42:54.068+0000] {manager.py:821} INFO - Searching for files in /opt/airflow/dags
[2026-04-03T08:42:54.072+0000] {manager.py:824} INFO - There are 2 files in /opt/airflow/dags
[2026-04-03T08:42:55.318+0000] {manager.py:821} INFO - Searching for files in /opt/airflow/dags
[2026-04-03T08:42:55.321+0000] {manager.py:824} INFO - There are 2 files in /opt/airflow/dags
[2026-04-03T08:42:56.567+0000] {manager.py:821} INFO - Searching for files in /opt/airflow/dags
[2026-04-03T08:42:56.570+0000] {manager.py:824} INFO - There are 2 files in /opt/airflow/dags
[2026-04-03T08:42:57.806+0000] {manager.py:821} INFO - Searching for files in /opt/airflow/dags
[2026-04-03T08:42:57.810+0000] {manager.py:824} INFO - There are 2 files in /opt/airflow/dags
[2026-04-03T08:42:59.051+0000] {manager.py:821} INFO - Searching for files in /opt/airflow/dags
[2026-04-03T08:42:59.054+0000] {manager.py:824} INFO - There are 2 files in /opt/airflow/dags
[2026-04-03T08:43:00.311+0000] {manager.py:821} INFO - Searching for files in /opt/airflow/dags
[2026-04-03T08:43:00.314+0000] {manager.py:824} INFO - There are 2 files in /opt/airflow/dags
[2026-04-03T08:43:01.380+0000] {manager.py:821} INFO - Searching for files in /opt/airflow/dags
[2026-04-03T08:43:01.383+0000] {manager.py:824} INFO - There are 2 files in /opt/airflow/dags
[2026-04-03T08:43:02.785+0000] {manager.py:821} INFO - Searching for files in /opt/airflow/dags
[2026-04-03T08:43:02.788+0000] {manager.py:824} INFO - There are 2 files in /opt/airflow/dags
[2026-04-03T08:43:04.037+0000] {manager.py:821} INFO - Searching for files in /opt/airflow/dags
[2026-04-03T08:43:04.040+0000] {manager.py:824} INFO - There are 2 files in /opt/airflow/dags
[2026-04-03T08:43:05.289+0000] {manager.py:821} INFO - Searching for files in /opt/airflow/dags
[2026-04-03T08:43:05.291+0000] {manager.py:824} INFO - There are 2 files in /opt/airflow/dags
[2026-04-03T08:43:06.533+0000] {manager.py:821} INFO - Searching for files in /opt/airflow/dags
[2026-04-03T08:43:06.536+0000] {manager.py:824} INFO - There are 2 files in /opt/airflow/dags
[2026-04-03T08:43:07.779+0000] {manager.py:821} INFO - Searching for files in /opt/airflow/dags
[2026-04-03T08:43:07.782+0000] {manager.py:824} INFO - There are 2 files in /opt/airflow/dags
[2026-04-03T08:43:08.844+0000] {manager.py:821} INFO - Searching for files in /opt/airflow/dags
[2026-04-03T08:43:08.846+0000] {manager.py:824} INFO - There are 2 files in /opt/airflow/dags
[2026-04-03T08:43:10.257+0000] {manager.py:821} INFO - Searching for files in /opt/airflow/dags
[2026-04-03T08:43:10.260+0000] {manager.py:824} INFO - There are 2 files in /opt/airflow/dags
[2026-04-03T08:43:11.505+0000] {manager.py:821} INFO - Searching for files in /opt/airflow/dags
[2026-04-03T08:43:11.508+0000] {manager.py:824} INFO - There are 2 files in /opt/airflow/dags
[2026-04-03T08:43:12.749+0000] {manager.py:821} INFO - Searching for files in /opt/airflow/dags
[2026-04-03T08:43:12.752+0000] {manager.py:824} INFO - There are 2 files in /opt/airflow/dags
[2026-04-03T08:43:13.816+0000] {manager.py:821} INFO - Searching for files in /opt/airflow/dags
[2026-04-03T08:43:13.818+0000] {manager.py:824} INFO - There are 2 files in /opt/airflow/dags
[2026-04-03T08:43:13.835+0000] {manager.py:997} INFO - 
================================================================================
DAG File Processing Stats

File Path                              PID    Runtime      # DAGs    # Errors  Last Runtime    Last Run               Last # of DB Queries
-------------------------------------  -----  ---------  --------  ----------  --------------  -------------------  ----------------------
/opt/airflow/dags/dag_datalab_main.py                           1           0  0.22s           2026-04-03T08:43:12                      10
/opt/airflow/dags/dag_test_spark.py                             1           0  0.21s           2026-04-03T08:43:12                      10
================================================================================
[2026-04-03T08:43:15.229+0000] {manager.py:821} INFO - Searching for files in /opt/airflow/dags
[2026-04-03T08:43:15.232+0000] {manager.py:824} INFO - There are 2 files in /opt/airflow/dags
[2026-04-03T08:43:16.467+0000] {manager.py:821} INFO - Searching for files in /opt/airflow/dags
[2026-04-03T08:43:16.469+0000] {manager.py:824} INFO - There are 2 files in /opt/airflow/dags
[2026-04-03T08:43:17.704+0000] {manager.py:821} INFO - Searching for files in /opt/airflow/dags
[2026-04-03T08:43:17.706+0000] {manager.py:824} INFO - There are 2 files in /opt/airflow/dags
[2026-04-03T08:43:18.943+0000] {manager.py:821} INFO - Searching for files in /opt/airflow/dags
[2026-04-03T08:43:18.946+0000] {manager.py:824} INFO - There are 2 files in /opt/airflow/dags
[2026-04-03T08:43:20.184+0000] {manager.py:821} INFO - Searching for files in /opt/airflow/dags
[2026-04-03T08:43:20.187+0000] {manager.py:824} INFO - There are 2 files in /opt/airflow/dags
[2026-04-03T08:43:21.423+0000] {manager.py:821} INFO - Searching for files in /opt/airflow/dags
[2026-04-03T08:43:21.426+0000] {manager.py:824} INFO - There are 2 files in /opt/airflow/dags
[2026-04-03T08:43:22.659+0000] {manager.py:821} INFO - Searching for files in /opt/airflow/dags
[2026-04-03T08:43:22.662+0000] {manager.py:824} INFO - There are 2 files in /opt/airflow/dags
[2026-04-03T08:43:23.894+0000] {manager.py:821} INFO - Searching for files in /opt/airflow/dags
[2026-04-03T08:43:23.897+0000] {manager.py:824} INFO - There are 2 files in /opt/airflow/dags
[2026-04-03T08:43:25.134+0000] {manager.py:821} INFO - Searching for files in /opt/airflow/dags
[2026-04-03T08:43:25.137+0000] {manager.py:824} INFO - There are 2 files in /opt/airflow/dags
[2026-04-03T08:43:26.382+0000] {manager.py:821} INFO - Searching for files in /opt/airflow/dags
[2026-04-03T08:43:26.385+0000] {manager.py:824} INFO - There are 2 files in /opt/airflow/dags
[2026-04-03T08:43:27.447+0000] {manager.py:821} INFO - Searching for files in /opt/airflow/dags
[2026-04-03T08:43:27.450+0000] {manager.py:824} INFO - There are 2 files in /opt/airflow/dags
[2026-04-03T08:43:28.845+0000] {manager.py:821} INFO - Searching for files in /opt/airflow/dags
[2026-04-03T08:43:28.849+0000] {manager.py:824} INFO - There are 2 files in /opt/airflow/dags
[2026-04-03T08:43:30.089+0000] {manager.py:821} INFO - Searching for files in /opt/airflow/dags
[2026-04-03T08:43:30.092+0000] {manager.py:824} INFO - There are 2 files in /opt/airflow/dags
[2026-04-03T08:43:31.333+0000] {manager.py:821} INFO - Searching for files in /opt/airflow/dags
[2026-04-03T08:43:31.337+0000] {manager.py:824} INFO - There are 2 files in /opt/airflow/dags
[2026-04-03T08:43:32.592+0000] {manager.py:821} INFO - Searching for files in /opt/airflow/dags
[2026-04-03T08:43:32.595+0000] {manager.py:824} INFO - There are 2 files in /opt/airflow/dags
[2026-04-03T08:43:33.828+0000] {manager.py:821} INFO - Searching for files in /opt/airflow/dags
[2026-04-03T08:43:33.831+0000] {manager.py:824} INFO - There are 2 files in /opt/airflow/dags
[2026-04-03T08:43:35.063+0000] {manager.py:821} INFO - Searching for files in /opt/airflow/dags
[2026-04-03T08:43:35.066+0000] {manager.py:824} INFO - There are 2 files in /opt/airflow/dags
[2026-04-03T08:43:36.299+0000] {manager.py:821} INFO - Searching for files in /opt/airflow/dags
[2026-04-03T08:43:36.302+0000] {manager.py:824} INFO - There are 2 files in /opt/airflow/dags
[2026-04-03T08:43:37.557+0000] {manager.py:821} INFO - Searching for files in /opt/airflow/dags
[2026-04-03T08:43:37.559+0000] {manager.py:824} INFO - There are 2 files in /opt/airflow/dags
[2026-04-03T08:43:38.791+0000] {manager.py:821} INFO - Searching for files in /opt/airflow/dags
[2026-04-03T08:43:38.794+0000] {manager.py:824} INFO - There are 2 files in /opt/airflow/dags
[2026-04-03T08:43:40.026+0000] {manager.py:821} INFO - Searching for files in /opt/airflow/dags
[2026-04-03T08:43:40.029+0000] {manager.py:824} INFO - There are 2 files in /opt/airflow/dags
[2026-04-03T08:43:41.275+0000] {manager.py:821} INFO - Searching for files in /opt/airflow/dags
[2026-04-03T08:43:41.278+0000] {manager.py:824} INFO - There are 2 files in /opt/airflow/dags
[2026-04-03T08:43:42.339+0000] {manager.py:821} INFO - Searching for files in /opt/airflow/dags
[2026-04-03T08:43:42.342+0000] {manager.py:824} INFO - There are 2 files in /opt/airflow/dags
[2026-04-03T08:43:43.739+0000] {manager.py:821} INFO - Searching for files in /opt/airflow/dags
[2026-04-03T08:43:43.742+0000] {manager.py:824} INFO - There are 2 files in /opt/airflow/dags
[2026-04-03T08:43:43.973+0000] {manager.py:997} INFO - 
================================================================================
DAG File Processing Stats

File Path                                PID  Runtime      # DAGs    # Errors  Last Runtime    Last Run               Last # of DB Queries
-------------------------------------  -----  ---------  --------  ----------  --------------  -------------------  ----------------------
/opt/airflow/dags/dag_test_spark.py    11019  0.20s             1           0  0.21s           2026-04-03T08:43:42                      10
/opt/airflow/dags/dag_datalab_main.py                           1           0  0.21s           2026-04-03T08:43:43                      10
================================================================================
[2026-04-03T08:43:44.979+0000] {manager.py:821} INFO - Searching for files in /opt/airflow/dags
[2026-04-03T08:43:44.982+0000] {manager.py:824} INFO - There are 2 files in /opt/airflow/dags
[2026-04-03T08:43:46.044+0000] {manager.py:821} INFO - Searching for files in /opt/airflow/dags
[2026-04-03T08:43:46.047+0000] {manager.py:824} INFO - There are 2 files in /opt/airflow/dags
[2026-04-03T08:43:47.456+0000] {manager.py:821} INFO - Searching for files in /opt/airflow/dags
[2026-04-03T08:43:47.458+0000] {manager.py:824} INFO - There are 2 files in /opt/airflow/dags
[2026-04-03T08:43:48.701+0000] {manager.py:821} INFO - Searching for files in /opt/airflow/dags
[2026-04-03T08:43:48.704+0000] {manager.py:824} INFO - There are 2 files in /opt/airflow/dags
[2026-04-03T08:43:49.933+0000] {manager.py:821} INFO - Searching for files in /opt/airflow/dags
[2026-04-03T08:43:49.936+0000] {manager.py:824} INFO - There are 2 files in /opt/airflow/dags
[2026-04-03T08:43:51.182+0000] {manager.py:821} INFO - Searching for files in /opt/airflow/dags
[2026-04-03T08:43:51.185+0000] {manager.py:824} INFO - There are 2 files in /opt/airflow/dags
[2026-04-03T08:43:52.246+0000] {manager.py:821} INFO - Searching for files in /opt/airflow/dags
[2026-04-03T08:43:52.250+0000] {manager.py:824} INFO - There are 2 files in /opt/airflow/dags
[2026-04-03T08:43:53.649+0000] {manager.py:821} INFO - Searching for files in /opt/airflow/dags
[2026-04-03T08:43:53.651+0000] {manager.py:824} INFO - There are 2 files in /opt/airflow/dags
[2026-04-03T08:43:54.885+0000] {manager.py:821} INFO - Searching for files in /opt/airflow/dags
[2026-04-03T08:43:54.888+0000] {manager.py:824} INFO - There are 2 files in /opt/airflow/dags
[2026-04-03T08:43:56.135+0000] {manager.py:821} INFO - Searching for files in /opt/airflow/dags
[2026-04-03T08:43:56.138+0000] {manager.py:824} INFO - There are 2 files in /opt/airflow/dags
[2026-04-03T08:43:57.370+0000] {manager.py:821} INFO - Searching for files in /opt/airflow/dags
[2026-04-03T08:43:57.373+0000] {manager.py:824} INFO - There are 2 files in /opt/airflow/dags
[2026-04-03T08:43:58.614+0000] {manager.py:821} INFO - Searching for files in /opt/airflow/dags
[2026-04-03T08:43:58.616+0000] {manager.py:824} INFO - There are 2 files in /opt/airflow/dags
[2026-04-03T08:43:59.852+0000] {manager.py:821} INFO - Searching for files in /opt/airflow/dags
[2026-04-03T08:43:59.855+0000] {manager.py:824} INFO - There are 2 files in /opt/airflow/dags
[2026-04-03T08:44:00.918+0000] {manager.py:821} INFO - Searching for files in /opt/airflow/dags
[2026-04-03T08:44:00.921+0000] {manager.py:824} INFO - There are 2 files in /opt/airflow/dags
[2026-04-03T08:44:02.322+0000] {manager.py:821} INFO - Searching for files in /opt/airflow/dags
[2026-04-03T08:44:02.324+0000] {manager.py:824} INFO - There are 2 files in /opt/airflow/dags
[2026-04-03T08:44:03.389+0000] {manager.py:821} INFO - Searching for files in /opt/airflow/dags
[2026-04-03T08:44:03.392+0000] {manager.py:824} INFO - There are 2 files in /opt/airflow/dags
[2026-04-03T08:44:04.806+0000] {manager.py:821} INFO - Searching for files in /opt/airflow/dags
[2026-04-03T08:44:04.809+0000] {manager.py:824} INFO - There are 2 files in /opt/airflow/dags
[2026-04-03T08:44:05.874+0000] {manager.py:821} INFO - Searching for files in /opt/airflow/dags
[2026-04-03T08:44:05.877+0000] {manager.py:824} INFO - There are 2 files in /opt/airflow/dags
[2026-04-03T08:44:07.284+0000] {manager.py:821} INFO - Searching for files in /opt/airflow/dags
[2026-04-03T08:44:07.287+0000] {manager.py:824} INFO - There are 2 files in /opt/airflow/dags
[2026-04-03T08:44:08.525+0000] {manager.py:821} INFO - Searching for files in /opt/airflow/dags
[2026-04-03T08:44:08.528+0000] {manager.py:824} INFO - There are 2 files in /opt/airflow/dags
[2026-04-03T08:44:09.763+0000] {manager.py:821} INFO - Searching for files in /opt/airflow/dags
[2026-04-03T08:44:09.766+0000] {manager.py:824} INFO - There are 2 files in /opt/airflow/dags
[2026-04-03T08:44:11.042+0000] {manager.py:821} INFO - Searching for files in /opt/airflow/dags
[2026-04-03T08:44:11.046+0000] {manager.py:824} INFO - There are 2 files in /opt/airflow/dags
[2026-04-03T08:44:12.114+0000] {manager.py:821} INFO - Searching for files in /opt/airflow/dags
[2026-04-03T08:44:12.117+0000] {manager.py:824} INFO - There are 2 files in /opt/airflow/dags
[2026-04-03T08:44:13.550+0000] {manager.py:821} INFO - Searching for files in /opt/airflow/dags
[2026-04-03T08:44:13.553+0000] {manager.py:824} INFO - There are 2 files in /opt/airflow/dags
[2026-04-03T08:44:14.615+0000] {manager.py:821} INFO - Searching for files in /opt/airflow/dags
[2026-04-03T08:44:14.618+0000] {manager.py:824} INFO - There are 2 files in /opt/airflow/dags
[2026-04-03T08:44:14.635+0000] {manager.py:997} INFO - 
================================================================================
DAG File Processing Stats

File Path                              PID    Runtime      # DAGs    # Errors  Last Runtime    Last Run               Last # of DB Queries
-------------------------------------  -----  ---------  --------  ----------  --------------  -------------------  ----------------------
/opt/airflow/dags/dag_datalab_main.py                           1           0  0.23s           2026-04-03T08:44:13                      10
/opt/airflow/dags/dag_test_spark.py                             1           0  0.21s           2026-04-03T08:44:13                      10
================================================================================
[2026-04-03T08:44:15.842+0000] {manager.py:821} INFO - Searching for files in /opt/airflow/dags
[2026-04-03T08:44:15.845+0000] {manager.py:824} INFO - There are 2 files in /opt/airflow/dags
[2026-04-03T08:44:17.292+0000] {manager.py:821} INFO - Searching for files in /opt/airflow/dags
[2026-04-03T08:44:17.295+0000] {manager.py:824} INFO - There are 2 files in /opt/airflow/dags
[2026-04-03T08:44:18.366+0000] {manager.py:821} INFO - Searching for files in /opt/airflow/dags
[2026-04-03T08:44:18.368+0000] {manager.py:824} INFO - There are 2 files in /opt/airflow/dags
[2026-04-03T08:44:19.581+0000] {manager.py:821} INFO - Searching for files in /opt/airflow/dags
[2026-04-03T08:44:19.584+0000] {manager.py:824} INFO - There are 2 files in /opt/airflow/dags
[2026-04-03T08:44:21.005+0000] {manager.py:821} INFO - Searching for files in /opt/airflow/dags
[2026-04-03T08:44:21.008+0000] {manager.py:824} INFO - There are 2 files in /opt/airflow/dags
[2026-04-03T08:44:22.265+0000] {manager.py:821} INFO - Searching for files in /opt/airflow/dags
[2026-04-03T08:44:22.267+0000] {manager.py:824} INFO - There are 2 files in /opt/airflow/dags
[2026-04-03T08:44:23.515+0000] {manager.py:821} INFO - Searching for files in /opt/airflow/dags
[2026-04-03T08:44:23.518+0000] {manager.py:824} INFO - There are 2 files in /opt/airflow/dags
[2026-04-03T08:44:24.755+0000] {manager.py:821} INFO - Searching for files in /opt/airflow/dags
[2026-04-03T08:44:24.758+0000] {manager.py:824} INFO - There are 2 files in /opt/airflow/dags
[2026-04-03T08:44:26.002+0000] {manager.py:821} INFO - Searching for files in /opt/airflow/dags
[2026-04-03T08:44:26.005+0000] {manager.py:824} INFO - There are 2 files in /opt/airflow/dags
[2026-04-03T08:44:27.068+0000] {manager.py:821} INFO - Searching for files in /opt/airflow/dags
[2026-04-03T08:44:27.071+0000] {manager.py:824} INFO - There are 2 files in /opt/airflow/dags
[2026-04-03T08:44:28.288+0000] {manager.py:821} INFO - Searching for files in /opt/airflow/dags
[2026-04-03T08:44:28.291+0000] {manager.py:824} INFO - There are 2 files in /opt/airflow/dags
[2026-04-03T08:44:29.713+0000] {manager.py:821} INFO - Searching for files in /opt/airflow/dags
[2026-04-03T08:44:29.716+0000] {manager.py:824} INFO - There are 2 files in /opt/airflow/dags
[2026-04-03T08:44:30.952+0000] {manager.py:821} INFO - Searching for files in /opt/airflow/dags
[2026-04-03T08:44:30.955+0000] {manager.py:824} INFO - There are 2 files in /opt/airflow/dags
[2026-04-03T08:44:32.204+0000] {manager.py:821} INFO - Searching for files in /opt/airflow/dags
[2026-04-03T08:44:32.207+0000] {manager.py:824} INFO - There are 2 files in /opt/airflow/dags
[2026-04-03T08:44:33.272+0000] {manager.py:821} INFO - Searching for files in /opt/airflow/dags
[2026-04-03T08:44:33.274+0000] {manager.py:824} INFO - There are 2 files in /opt/airflow/dags
[2026-04-03T08:44:34.491+0000] {manager.py:821} INFO - Searching for files in /opt/airflow/dags
[2026-04-03T08:44:34.494+0000] {manager.py:824} INFO - There are 2 files in /opt/airflow/dags
[2026-04-03T08:44:35.722+0000] {manager.py:821} INFO - Searching for files in /opt/airflow/dags
[2026-04-03T08:44:35.725+0000] {manager.py:824} INFO - There are 2 files in /opt/airflow/dags
[2026-04-03T08:44:37.140+0000] {manager.py:821} INFO - Searching for files in /opt/airflow/dags
[2026-04-03T08:44:37.143+0000] {manager.py:824} INFO - There are 2 files in /opt/airflow/dags
[2026-04-03T08:44:38.368+0000] {manager.py:821} INFO - Searching for files in /opt/airflow/dags
[2026-04-03T08:44:38.370+0000] {manager.py:824} INFO - There are 2 files in /opt/airflow/dags
[2026-04-03T08:44:39.432+0000] {manager.py:821} INFO - Searching for files in /opt/airflow/dags
[2026-04-03T08:44:39.435+0000] {manager.py:824} INFO - There are 2 files in /opt/airflow/dags
[2026-04-03T08:44:40.851+0000] {manager.py:821} INFO - Searching for files in /opt/airflow/dags
[2026-04-03T08:44:40.854+0000] {manager.py:824} INFO - There are 2 files in /opt/airflow/dags
[2026-04-03T08:44:41.917+0000] {manager.py:821} INFO - Searching for files in /opt/airflow/dags
[2026-04-03T08:44:41.920+0000] {manager.py:824} INFO - There are 2 files in /opt/airflow/dags
[2026-04-03T08:44:43.324+0000] {manager.py:821} INFO - Searching for files in /opt/airflow/dags
[2026-04-03T08:44:43.327+0000] {manager.py:824} INFO - There are 2 files in /opt/airflow/dags
[2026-04-03T08:44:44.564+0000] {manager.py:821} INFO - Searching for files in /opt/airflow/dags
[2026-04-03T08:44:44.567+0000] {manager.py:824} INFO - There are 2 files in /opt/airflow/dags
[2026-04-03T08:44:44.800+0000] {manager.py:997} INFO - 
================================================================================
DAG File Processing Stats

File Path                                PID  Runtime      # DAGs    # Errors  Last Runtime    Last Run               Last # of DB Queries
-------------------------------------  -----  ---------  --------  ----------  --------------  -------------------  ----------------------
/opt/airflow/dags/dag_datalab_main.py                           1           0  0.21s           2026-04-03T08:44:44                      10
/opt/airflow/dags/dag_test_spark.py    11509  0.20s             1           0  0.20s           2026-04-03T08:44:43                      10
================================================================================
[2026-04-03T08:44:45.806+0000] {manager.py:821} INFO - Searching for files in /opt/airflow/dags
[2026-04-03T08:44:45.809+0000] {manager.py:824} INFO - There are 2 files in /opt/airflow/dags
[2026-04-03T08:44:47.049+0000] {manager.py:821} INFO - Searching for files in /opt/airflow/dags
[2026-04-03T08:44:47.051+0000] {manager.py:824} INFO - There are 2 files in /opt/airflow/dags
[2026-04-03T08:44:48.289+0000] {manager.py:821} INFO - Searching for files in /opt/airflow/dags
[2026-04-03T08:44:48.292+0000] {manager.py:824} INFO - There are 2 files in /opt/airflow/dags
[2026-04-03T08:44:49.524+0000] {manager.py:821} INFO - Searching for files in /opt/airflow/dags
[2026-04-03T08:44:49.527+0000] {manager.py:824} INFO - There are 2 files in /opt/airflow/dags
[2026-04-03T08:44:50.756+0000] {manager.py:821} INFO - Searching for files in /opt/airflow/dags
[2026-04-03T08:44:50.759+0000] {manager.py:824} INFO - There are 2 files in /opt/airflow/dags
[2026-04-03T08:44:52.006+0000] {manager.py:821} INFO - Searching for files in /opt/airflow/dags
[2026-04-03T08:44:52.008+0000] {manager.py:824} INFO - There are 2 files in /opt/airflow/dags
[2026-04-03T08:44:53.253+0000] {manager.py:821} INFO - Searching for files in /opt/airflow/dags
[2026-04-03T08:44:53.256+0000] {manager.py:824} INFO - There are 2 files in /opt/airflow/dags
[2026-04-03T08:44:54.494+0000] {manager.py:821} INFO - Searching for files in /opt/airflow/dags
[2026-04-03T08:44:54.497+0000] {manager.py:824} INFO - There are 2 files in /opt/airflow/dags
[2026-04-03T08:44:55.746+0000] {manager.py:821} INFO - Searching for files in /opt/airflow/dags
[2026-04-03T08:44:55.748+0000] {manager.py:824} INFO - There are 2 files in /opt/airflow/dags
[2026-04-03T08:44:56.987+0000] {manager.py:821} INFO - Searching for files in /opt/airflow/dags
[2026-04-03T08:44:56.990+0000] {manager.py:824} INFO - There are 2 files in /opt/airflow/dags
[2026-04-03T08:44:58.053+0000] {manager.py:821} INFO - Searching for files in /opt/airflow/dags
[2026-04-03T08:44:58.056+0000] {manager.py:824} INFO - There are 2 files in /opt/airflow/dags
[2026-04-03T08:44:59.273+0000] {manager.py:821} INFO - Searching for files in /opt/airflow/dags
[2026-04-03T08:44:59.276+0000] {manager.py:824} INFO - There are 2 files in /opt/airflow/dags
[2026-04-03T08:45:00.710+0000] {manager.py:821} INFO - Searching for files in /opt/airflow/dags
[2026-04-03T08:45:00.713+0000] {manager.py:824} INFO - There are 2 files in /opt/airflow/dags
[2026-04-03T08:45:01.949+0000] {manager.py:821} INFO - Searching for files in /opt/airflow/dags
[2026-04-03T08:45:01.952+0000] {manager.py:824} INFO - There are 2 files in /opt/airflow/dags
[2026-04-03T08:45:03.191+0000] {manager.py:821} INFO - Searching for files in /opt/airflow/dags
[2026-04-03T08:45:03.193+0000] {manager.py:824} INFO - There are 2 files in /opt/airflow/dags
[2026-04-03T08:45:04.424+0000] {manager.py:821} INFO - Searching for files in /opt/airflow/dags
[2026-04-03T08:45:04.427+0000] {manager.py:824} INFO - There are 2 files in /opt/airflow/dags
[2026-04-03T08:45:05.657+0000] {manager.py:821} INFO - Searching for files in /opt/airflow/dags
[2026-04-03T08:45:05.659+0000] {manager.py:824} INFO - There are 2 files in /opt/airflow/dags
[2026-04-03T08:45:06.725+0000] {manager.py:821} INFO - Searching for files in /opt/airflow/dags
[2026-04-03T08:45:06.728+0000] {manager.py:824} INFO - There are 2 files in /opt/airflow/dags
[2026-04-03T08:45:08.143+0000] {manager.py:821} INFO - Searching for files in /opt/airflow/dags
[2026-04-03T08:45:08.146+0000] {manager.py:824} INFO - There are 2 files in /opt/airflow/dags
[2026-04-03T08:45:09.381+0000] {manager.py:821} INFO - Searching for files in /opt/airflow/dags
[2026-04-03T08:45:09.383+0000] {manager.py:824} INFO - There are 2 files in /opt/airflow/dags
[2026-04-03T08:45:10.617+0000] {manager.py:821} INFO - Searching for files in /opt/airflow/dags
[2026-04-03T08:45:10.620+0000] {manager.py:824} INFO - There are 2 files in /opt/airflow/dags
[2026-04-03T08:45:11.861+0000] {manager.py:821} INFO - Searching for files in /opt/airflow/dags
[2026-04-03T08:45:11.864+0000] {manager.py:824} INFO - There are 2 files in /opt/airflow/dags
[2026-04-03T08:45:13.102+0000] {manager.py:821} INFO - Searching for files in /opt/airflow/dags
[2026-04-03T08:45:13.105+0000] {manager.py:824} INFO - There are 2 files in /opt/airflow/dags
[2026-04-03T08:45:14.168+0000] {manager.py:821} INFO - Searching for files in /opt/airflow/dags
[2026-04-03T08:45:14.171+0000] {manager.py:824} INFO - There are 2 files in /opt/airflow/dags
[2026-04-03T08:45:15.395+0000] {manager.py:821} INFO - Searching for files in /opt/airflow/dags
[2026-04-03T08:45:15.397+0000] {manager.py:824} INFO - There are 2 files in /opt/airflow/dags
[2026-04-03T08:45:15.415+0000] {manager.py:997} INFO - 
================================================================================
DAG File Processing Stats

File Path                              PID    Runtime      # DAGs    # Errors  Last Runtime    Last Run               Last # of DB Queries
-------------------------------------  -----  ---------  --------  ----------  --------------  -------------------  ----------------------
/opt/airflow/dags/dag_datalab_main.py                           1           0  0.21s           2026-04-03T08:45:14                      10
/opt/airflow/dags/dag_test_spark.py                             1           0  0.20s           2026-04-03T08:45:14                      10
================================================================================
[2026-04-03T08:45:16.809+0000] {manager.py:821} INFO - Searching for files in /opt/airflow/dags
[2026-04-03T08:45:16.811+0000] {manager.py:824} INFO - There are 2 files in /opt/airflow/dags
[2026-04-03T08:45:18.052+0000] {manager.py:821} INFO - Searching for files in /opt/airflow/dags
[2026-04-03T08:45:18.055+0000] {manager.py:824} INFO - There are 2 files in /opt/airflow/dags
[2026-04-03T08:45:19.119+0000] {manager.py:821} INFO - Searching for files in /opt/airflow/dags
[2026-04-03T08:45:19.122+0000] {manager.py:824} INFO - There are 2 files in /opt/airflow/dags
[2026-04-03T08:45:20.524+0000] {manager.py:821} INFO - Searching for files in /opt/airflow/dags
[2026-04-03T08:45:20.527+0000] {manager.py:824} INFO - There are 2 files in /opt/airflow/dags
[2026-04-03T08:45:21.590+0000] {manager.py:821} INFO - Searching for files in /opt/airflow/dags
[2026-04-03T08:45:21.593+0000] {manager.py:824} INFO - There are 2 files in /opt/airflow/dags
[2026-04-03T08:45:22.996+0000] {manager.py:821} INFO - Searching for files in /opt/airflow/dags
[2026-04-03T08:45:22.999+0000] {manager.py:824} INFO - There are 2 files in /opt/airflow/dags
[2026-04-03T08:45:24.065+0000] {manager.py:821} INFO - Searching for files in /opt/airflow/dags
[2026-04-03T08:45:24.068+0000] {manager.py:824} INFO - There are 2 files in /opt/airflow/dags
[2026-04-03T08:45:25.281+0000] {manager.py:821} INFO - Searching for files in /opt/airflow/dags
[2026-04-03T08:45:25.284+0000] {manager.py:824} INFO - There are 2 files in /opt/airflow/dags
[2026-04-03T08:45:26.742+0000] {manager.py:821} INFO - Searching for files in /opt/airflow/dags
[2026-04-03T08:45:26.744+0000] {manager.py:824} INFO - There are 2 files in /opt/airflow/dags
[2026-04-03T08:45:27.997+0000] {manager.py:821} INFO - Searching for files in /opt/airflow/dags
[2026-04-03T08:45:28.000+0000] {manager.py:824} INFO - There are 2 files in /opt/airflow/dags
[2026-04-03T08:45:29.245+0000] {manager.py:821} INFO - Searching for files in /opt/airflow/dags
[2026-04-03T08:45:29.248+0000] {manager.py:824} INFO - There are 2 files in /opt/airflow/dags
[2026-04-03T08:45:30.488+0000] {manager.py:821} INFO - Searching for files in /opt/airflow/dags
[2026-04-03T08:45:30.491+0000] {manager.py:824} INFO - There are 2 files in /opt/airflow/dags
[2026-04-03T08:45:31.580+0000] {manager.py:821} INFO - Searching for files in /opt/airflow/dags
[2026-04-03T08:45:31.584+0000] {manager.py:824} INFO - There are 2 files in /opt/airflow/dags
[2026-04-03T08:45:33.065+0000] {manager.py:821} INFO - Searching for files in /opt/airflow/dags
[2026-04-03T08:45:33.068+0000] {manager.py:824} INFO - There are 2 files in /opt/airflow/dags
[2026-04-03T08:45:34.317+0000] {manager.py:821} INFO - Searching for files in /opt/airflow/dags
[2026-04-03T08:45:34.319+0000] {manager.py:824} INFO - There are 2 files in /opt/airflow/dags
[2026-04-03T08:45:35.568+0000] {manager.py:821} INFO - Searching for files in /opt/airflow/dags
[2026-04-03T08:45:35.571+0000] {manager.py:824} INFO - There are 2 files in /opt/airflow/dags
[2026-04-03T08:45:36.634+0000] {manager.py:821} INFO - Searching for files in /opt/airflow/dags
[2026-04-03T08:45:36.637+0000] {manager.py:824} INFO - There are 2 files in /opt/airflow/dags
[2026-04-03T08:45:38.037+0000] {manager.py:821} INFO - Searching for files in /opt/airflow/dags
[2026-04-03T08:45:38.040+0000] {manager.py:824} INFO - There are 2 files in /opt/airflow/dags
[2026-04-03T08:45:39.282+0000] {manager.py:821} INFO - Searching for files in /opt/airflow/dags
[2026-04-03T08:45:39.285+0000] {manager.py:824} INFO - There are 2 files in /opt/airflow/dags
[2026-04-03T08:45:40.351+0000] {manager.py:821} INFO - Searching for files in /opt/airflow/dags
[2026-04-03T08:45:40.354+0000] {manager.py:824} INFO - There are 2 files in /opt/airflow/dags
[2026-04-03T08:45:41.767+0000] {manager.py:821} INFO - Searching for files in /opt/airflow/dags
[2026-04-03T08:45:41.770+0000] {manager.py:824} INFO - There are 2 files in /opt/airflow/dags
[2026-04-03T08:45:42.836+0000] {manager.py:821} INFO - Searching for files in /opt/airflow/dags
[2026-04-03T08:45:42.839+0000] {manager.py:824} INFO - There are 2 files in /opt/airflow/dags
[2026-04-03T08:45:44.240+0000] {manager.py:821} INFO - Searching for files in /opt/airflow/dags
[2026-04-03T08:45:44.242+0000] {manager.py:824} INFO - There are 2 files in /opt/airflow/dags
[2026-04-03T08:45:45.306+0000] {manager.py:821} INFO - Searching for files in /opt/airflow/dags
[2026-04-03T08:45:45.308+0000] {manager.py:824} INFO - There are 2 files in /opt/airflow/dags
[2026-04-03T08:45:45.526+0000] {manager.py:997} INFO - 
================================================================================
DAG File Processing Stats

File Path                                PID  Runtime      # DAGs    # Errors  Last Runtime    Last Run               Last # of DB Queries
-------------------------------------  -----  ---------  --------  ----------  --------------  -------------------  ----------------------
/opt/airflow/dags/dag_datalab_main.py  11996  0.03s             1           0  0.22s           2026-04-03T08:45:44                      10
/opt/airflow/dags/dag_test_spark.py    11999  0.01s             1           0  0.21s           2026-04-03T08:45:44                      10
================================================================================
[2026-04-03T08:45:46.718+0000] {manager.py:821} INFO - Searching for files in /opt/airflow/dags
[2026-04-03T08:45:46.721+0000] {manager.py:824} INFO - There are 2 files in /opt/airflow/dags
[2026-04-03T08:45:47.957+0000] {manager.py:821} INFO - Searching for files in /opt/airflow/dags
[2026-04-03T08:45:47.960+0000] {manager.py:824} INFO - There are 2 files in /opt/airflow/dags
[2026-04-03T08:45:49.191+0000] {manager.py:821} INFO - Searching for files in /opt/airflow/dags
[2026-04-03T08:45:49.194+0000] {manager.py:824} INFO - There are 2 files in /opt/airflow/dags
[2026-04-03T08:45:50.440+0000] {manager.py:821} INFO - Searching for files in /opt/airflow/dags
[2026-04-03T08:45:50.443+0000] {manager.py:824} INFO - There are 2 files in /opt/airflow/dags
[2026-04-03T08:45:51.685+0000] {manager.py:821} INFO - Searching for files in /opt/airflow/dags
[2026-04-03T08:45:51.688+0000] {manager.py:824} INFO - There are 2 files in /opt/airflow/dags
[2026-04-03T08:45:52.943+0000] {manager.py:821} INFO - Searching for files in /opt/airflow/dags
[2026-04-03T08:45:52.945+0000] {manager.py:824} INFO - There are 2 files in /opt/airflow/dags
[2026-04-03T08:45:54.183+0000] {manager.py:821} INFO - Searching for files in /opt/airflow/dags
[2026-04-03T08:45:54.188+0000] {manager.py:824} INFO - There are 2 files in /opt/airflow/dags
[2026-04-03T08:45:55.455+0000] {manager.py:821} INFO - Searching for files in /opt/airflow/dags
[2026-04-03T08:45:55.458+0000] {manager.py:824} INFO - There are 2 files in /opt/airflow/dags
[2026-04-03T08:45:56.522+0000] {manager.py:821} INFO - Searching for files in /opt/airflow/dags
[2026-04-03T08:45:56.525+0000] {manager.py:824} INFO - There are 2 files in /opt/airflow/dags
[2026-04-03T08:45:57.942+0000] {manager.py:821} INFO - Searching for files in /opt/airflow/dags
[2026-04-03T08:45:57.945+0000] {manager.py:824} INFO - There are 2 files in /opt/airflow/dags
[2026-04-03T08:45:59.186+0000] {manager.py:821} INFO - Searching for files in /opt/airflow/dags
[2026-04-03T08:45:59.190+0000] {manager.py:824} INFO - There are 2 files in /opt/airflow/dags
[2026-04-03T08:46:00.255+0000] {manager.py:821} INFO - Searching for files in /opt/airflow/dags
[2026-04-03T08:46:00.258+0000] {manager.py:824} INFO - There are 2 files in /opt/airflow/dags
[2026-04-03T08:46:01.671+0000] {manager.py:821} INFO - Searching for files in /opt/airflow/dags
[2026-04-03T08:46:01.673+0000] {manager.py:824} INFO - There are 2 files in /opt/airflow/dags
[2026-04-03T08:46:02.737+0000] {manager.py:821} INFO - Searching for files in /opt/airflow/dags
[2026-04-03T08:46:02.740+0000] {manager.py:824} INFO - There are 2 files in /opt/airflow/dags
[2026-04-03T08:46:04.145+0000] {manager.py:821} INFO - Searching for files in /opt/airflow/dags
[2026-04-03T08:46:04.149+0000] {manager.py:824} INFO - There are 2 files in /opt/airflow/dags
[2026-04-03T08:46:05.396+0000] {manager.py:821} INFO - Searching for files in /opt/airflow/dags
[2026-04-03T08:46:05.399+0000] {manager.py:824} INFO - There are 2 files in /opt/airflow/dags
[2026-04-03T08:46:06.634+0000] {manager.py:821} INFO - Searching for files in /opt/airflow/dags
[2026-04-03T08:46:06.636+0000] {manager.py:824} INFO - There are 2 files in /opt/airflow/dags
[2026-04-03T08:46:07.876+0000] {manager.py:821} INFO - Searching for files in /opt/airflow/dags
[2026-04-03T08:46:07.879+0000] {manager.py:824} INFO - There are 2 files in /opt/airflow/dags
[2026-04-03T08:46:09.118+0000] {manager.py:821} INFO - Searching for files in /opt/airflow/dags
[2026-04-03T08:46:09.121+0000] {manager.py:824} INFO - There are 2 files in /opt/airflow/dags
[2026-04-03T08:46:10.359+0000] {manager.py:821} INFO - Searching for files in /opt/airflow/dags
[2026-04-03T08:46:10.362+0000] {manager.py:824} INFO - There are 2 files in /opt/airflow/dags
[2026-04-03T08:46:11.602+0000] {manager.py:821} INFO - Searching for files in /opt/airflow/dags
[2026-04-03T08:46:11.605+0000] {manager.py:824} INFO - There are 2 files in /opt/airflow/dags
[2026-04-03T08:46:12.848+0000] {manager.py:821} INFO - Searching for files in /opt/airflow/dags
[2026-04-03T08:46:12.851+0000] {manager.py:824} INFO - There are 2 files in /opt/airflow/dags
[2026-04-03T08:46:14.093+0000] {manager.py:821} INFO - Searching for files in /opt/airflow/dags
[2026-04-03T08:46:14.096+0000] {manager.py:824} INFO - There are 2 files in /opt/airflow/dags
[2026-04-03T08:46:15.160+0000] {manager.py:821} INFO - Searching for files in /opt/airflow/dags
[2026-04-03T08:46:15.162+0000] {manager.py:824} INFO - There are 2 files in /opt/airflow/dags
[2026-04-03T08:46:15.560+0000] {manager.py:997} INFO - 
================================================================================
DAG File Processing Stats

File Path                                PID  Runtime      # DAGs    # Errors  Last Runtime    Last Run               Last # of DB Queries
-------------------------------------  -----  ---------  --------  ----------  --------------  -------------------  ----------------------
/opt/airflow/dags/dag_datalab_main.py                           1           0  0.21s           2026-04-03T08:46:15                      10
/opt/airflow/dags/dag_test_spark.py    12239  0.20s             1           0  0.20s           2026-04-03T08:46:14                      10
================================================================================
[2026-04-03T08:46:16.565+0000] {manager.py:821} INFO - Searching for files in /opt/airflow/dags
[2026-04-03T08:46:16.568+0000] {manager.py:824} INFO - There are 2 files in /opt/airflow/dags
[2026-04-03T08:46:17.810+0000] {manager.py:821} INFO - Searching for files in /opt/airflow/dags
[2026-04-03T08:46:17.812+0000] {manager.py:824} INFO - There are 2 files in /opt/airflow/dags
[2026-04-03T08:46:19.051+0000] {manager.py:821} INFO - Searching for files in /opt/airflow/dags
[2026-04-03T08:46:19.054+0000] {manager.py:824} INFO - There are 2 files in /opt/airflow/dags
[2026-04-03T08:46:20.294+0000] {manager.py:821} INFO - Searching for files in /opt/airflow/dags
[2026-04-03T08:46:20.296+0000] {manager.py:824} INFO - There are 2 files in /opt/airflow/dags
[2026-04-03T08:46:21.540+0000] {manager.py:821} INFO - Searching for files in /opt/airflow/dags
[2026-04-03T08:46:21.542+0000] {manager.py:824} INFO - There are 2 files in /opt/airflow/dags
[2026-04-03T08:46:22.786+0000] {manager.py:821} INFO - Searching for files in /opt/airflow/dags
[2026-04-03T08:46:22.788+0000] {manager.py:824} INFO - There are 2 files in /opt/airflow/dags
[2026-04-03T08:46:24.034+0000] {manager.py:821} INFO - Searching for files in /opt/airflow/dags
[2026-04-03T08:46:24.037+0000] {manager.py:824} INFO - There are 2 files in /opt/airflow/dags
[2026-04-03T08:46:25.279+0000] {manager.py:821} INFO - Searching for files in /opt/airflow/dags
[2026-04-03T08:46:25.282+0000] {manager.py:824} INFO - There are 2 files in /opt/airflow/dags
[2026-04-03T08:46:26.527+0000] {manager.py:821} INFO - Searching for files in /opt/airflow/dags
[2026-04-03T08:46:26.529+0000] {manager.py:824} INFO - There are 2 files in /opt/airflow/dags
[2026-04-03T08:46:27.600+0000] {manager.py:821} INFO - Searching for files in /opt/airflow/dags
[2026-04-03T08:46:27.602+0000] {manager.py:824} INFO - There are 2 files in /opt/airflow/dags
[2026-04-03T08:46:29.006+0000] {manager.py:821} INFO - Searching for files in /opt/airflow/dags
[2026-04-03T08:46:29.008+0000] {manager.py:824} INFO - There are 2 files in /opt/airflow/dags
[2026-04-03T08:46:30.247+0000] {manager.py:821} INFO - Searching for files in /opt/airflow/dags
[2026-04-03T08:46:30.250+0000] {manager.py:824} INFO - There are 2 files in /opt/airflow/dags
[2026-04-03T08:46:31.492+0000] {manager.py:821} INFO - Searching for files in /opt/airflow/dags
[2026-04-03T08:46:31.495+0000] {manager.py:824} INFO - There are 2 files in /opt/airflow/dags
[2026-04-03T08:46:32.738+0000] {manager.py:821} INFO - Searching for files in /opt/airflow/dags
[2026-04-03T08:46:32.741+0000] {manager.py:824} INFO - There are 2 files in /opt/airflow/dags
[2026-04-03T08:46:33.977+0000] {manager.py:821} INFO - Searching for files in /opt/airflow/dags
[2026-04-03T08:46:33.980+0000] {manager.py:824} INFO - There are 2 files in /opt/airflow/dags
[2026-04-03T08:46:35.219+0000] {manager.py:821} INFO - Searching for files in /opt/airflow/dags
[2026-04-03T08:46:35.222+0000] {manager.py:824} INFO - There are 2 files in /opt/airflow/dags
[2026-04-03T08:46:36.285+0000] {manager.py:821} INFO - Searching for files in /opt/airflow/dags
[2026-04-03T08:46:36.287+0000] {manager.py:824} INFO - There are 2 files in /opt/airflow/dags
[2026-04-03T08:46:37.690+0000] {manager.py:821} INFO - Searching for files in /opt/airflow/dags
[2026-04-03T08:46:37.692+0000] {manager.py:824} INFO - There are 2 files in /opt/airflow/dags
[2026-04-03T08:46:38.931+0000] {manager.py:821} INFO - Searching for files in /opt/airflow/dags
[2026-04-03T08:46:38.933+0000] {manager.py:824} INFO - There are 2 files in /opt/airflow/dags
[2026-04-03T08:46:39.996+0000] {manager.py:821} INFO - Searching for files in /opt/airflow/dags
[2026-04-03T08:46:39.998+0000] {manager.py:824} INFO - There are 2 files in /opt/airflow/dags
[2026-04-03T08:46:41.391+0000] {manager.py:821} INFO - Searching for files in /opt/airflow/dags
[2026-04-03T08:46:41.394+0000] {manager.py:824} INFO - There are 2 files in /opt/airflow/dags
[2026-04-03T08:46:42.636+0000] {manager.py:821} INFO - Searching for files in /opt/airflow/dags
[2026-04-03T08:46:42.639+0000] {manager.py:824} INFO - There are 2 files in /opt/airflow/dags
[2026-04-03T08:46:43.888+0000] {manager.py:821} INFO - Searching for files in /opt/airflow/dags
[2026-04-03T08:46:43.891+0000] {manager.py:824} INFO - There are 2 files in /opt/airflow/dags
[2026-04-03T08:46:44.957+0000] {manager.py:821} INFO - Searching for files in /opt/airflow/dags
[2026-04-03T08:46:44.959+0000] {manager.py:824} INFO - There are 2 files in /opt/airflow/dags
[2026-04-03T08:46:46.372+0000] {manager.py:821} INFO - Searching for files in /opt/airflow/dags
[2026-04-03T08:46:46.374+0000] {manager.py:824} INFO - There are 2 files in /opt/airflow/dags
[2026-04-03T08:46:46.424+0000] {manager.py:997} INFO - 
================================================================================
DAG File Processing Stats

File Path                                PID  Runtime      # DAGs    # Errors  Last Runtime    Last Run               Last # of DB Queries
-------------------------------------  -----  ---------  --------  ----------  --------------  -------------------  ----------------------
/opt/airflow/dags/dag_datalab_main.py  12486  0.03s             1           0  0.22s           2026-04-03T08:46:45                      10
/opt/airflow/dags/dag_test_spark.py    12489  0.02s             1           0  0.21s           2026-04-03T08:46:45                      10
================================================================================
[2026-04-03T08:46:47.621+0000] {manager.py:821} INFO - Searching for files in /opt/airflow/dags
[2026-04-03T08:46:47.623+0000] {manager.py:824} INFO - There are 2 files in /opt/airflow/dags
[2026-04-03T08:46:48.689+0000] {manager.py:821} INFO - Searching for files in /opt/airflow/dags
[2026-04-03T08:46:48.691+0000] {manager.py:824} INFO - There are 2 files in /opt/airflow/dags
[2026-04-03T08:46:50.106+0000] {manager.py:821} INFO - Searching for files in /opt/airflow/dags
[2026-04-03T08:46:50.109+0000] {manager.py:824} INFO - There are 2 files in /opt/airflow/dags
[2026-04-03T08:46:51.343+0000] {manager.py:821} INFO - Searching for files in /opt/airflow/dags
[2026-04-03T08:46:51.346+0000] {manager.py:824} INFO - There are 2 files in /opt/airflow/dags
[2026-04-03T08:46:52.590+0000] {manager.py:821} INFO - Searching for files in /opt/airflow/dags
[2026-04-03T08:46:52.592+0000] {manager.py:824} INFO - There are 2 files in /opt/airflow/dags
[2026-04-03T08:46:53.833+0000] {manager.py:821} INFO - Searching for files in /opt/airflow/dags
[2026-04-03T08:46:53.836+0000] {manager.py:824} INFO - There are 2 files in /opt/airflow/dags
[2026-04-03T08:46:55.080+0000] {manager.py:821} INFO - Searching for files in /opt/airflow/dags
[2026-04-03T08:46:55.082+0000] {manager.py:824} INFO - There are 2 files in /opt/airflow/dags
[2026-04-03T08:46:56.320+0000] {manager.py:821} INFO - Searching for files in /opt/airflow/dags
[2026-04-03T08:46:56.323+0000] {manager.py:824} INFO - There are 2 files in /opt/airflow/dags
[2026-04-03T08:46:57.574+0000] {manager.py:821} INFO - Searching for files in /opt/airflow/dags
[2026-04-03T08:46:57.577+0000] {manager.py:824} INFO - There are 2 files in /opt/airflow/dags
[2026-04-03T08:46:58.646+0000] {manager.py:821} INFO - Searching for files in /opt/airflow/dags
[2026-04-03T08:46:58.649+0000] {manager.py:824} INFO - There are 2 files in /opt/airflow/dags
[2026-04-03T08:46:59.870+0000] {manager.py:821} INFO - Searching for files in /opt/airflow/dags
[2026-04-03T08:46:59.873+0000] {manager.py:824} INFO - There are 2 files in /opt/airflow/dags
[2026-04-03T08:47:01.323+0000] {manager.py:821} INFO - Searching for files in /opt/airflow/dags
[2026-04-03T08:47:01.325+0000] {manager.py:824} INFO - There are 2 files in /opt/airflow/dags
[2026-04-03T08:47:02.566+0000] {manager.py:821} INFO - Searching for files in /opt/airflow/dags
[2026-04-03T08:47:02.568+0000] {manager.py:824} INFO - There are 2 files in /opt/airflow/dags
[2026-04-03T08:47:03.811+0000] {manager.py:821} INFO - Searching for files in /opt/airflow/dags
[2026-04-03T08:47:03.813+0000] {manager.py:824} INFO - There are 2 files in /opt/airflow/dags
[2026-04-03T08:47:05.054+0000] {manager.py:821} INFO - Searching for files in /opt/airflow/dags
[2026-04-03T08:47:05.057+0000] {manager.py:824} INFO - There are 2 files in /opt/airflow/dags
[2026-04-03T08:47:06.121+0000] {manager.py:821} INFO - Searching for files in /opt/airflow/dags
[2026-04-03T08:47:06.123+0000] {manager.py:824} INFO - There are 2 files in /opt/airflow/dags
[2026-04-03T08:47:07.535+0000] {manager.py:821} INFO - Searching for files in /opt/airflow/dags
[2026-04-03T08:47:07.538+0000] {manager.py:824} INFO - There are 2 files in /opt/airflow/dags
[2026-04-03T08:47:08.780+0000] {manager.py:821} INFO - Searching for files in /opt/airflow/dags
[2026-04-03T08:47:08.783+0000] {manager.py:824} INFO - There are 2 files in /opt/airflow/dags
[2026-04-03T08:47:10.023+0000] {manager.py:821} INFO - Searching for files in /opt/airflow/dags
[2026-04-03T08:47:10.025+0000] {manager.py:824} INFO - There are 2 files in /opt/airflow/dags
[2026-04-03T08:47:11.265+0000] {manager.py:821} INFO - Searching for files in /opt/airflow/dags
[2026-04-03T08:47:11.268+0000] {manager.py:824} INFO - There are 2 files in /opt/airflow/dags
[2026-04-03T08:47:12.526+0000] {manager.py:821} INFO - Searching for files in /opt/airflow/dags
[2026-04-03T08:47:12.529+0000] {manager.py:824} INFO - There are 2 files in /opt/airflow/dags
[2026-04-03T08:47:13.801+0000] {manager.py:821} INFO - Searching for files in /opt/airflow/dags
[2026-04-03T08:47:13.804+0000] {manager.py:824} INFO - There are 2 files in /opt/airflow/dags
[2026-04-03T08:47:15.051+0000] {manager.py:821} INFO - Searching for files in /opt/airflow/dags
[2026-04-03T08:47:15.053+0000] {manager.py:824} INFO - There are 2 files in /opt/airflow/dags
[2026-04-03T08:47:16.289+0000] {manager.py:821} INFO - Searching for files in /opt/airflow/dags
[2026-04-03T08:47:16.291+0000] {manager.py:824} INFO - There are 2 files in /opt/airflow/dags
[2026-04-03T08:47:16.527+0000] {manager.py:997} INFO - 
================================================================================
DAG File Processing Stats

File Path                                PID  Runtime      # DAGs    # Errors  Last Runtime    Last Run               Last # of DB Queries
-------------------------------------  -----  ---------  --------  ----------  --------------  -------------------  ----------------------
/opt/airflow/dags/dag_datalab_main.py                           1           0  0.21s           2026-04-03T08:47:16                      10
/opt/airflow/dags/dag_test_spark.py    12729  0.20s             1           0  0.21s           2026-04-03T08:47:15                      10
================================================================================
[2026-04-03T08:47:17.533+0000] {manager.py:821} INFO - Searching for files in /opt/airflow/dags
[2026-04-03T08:47:17.535+0000] {manager.py:824} INFO - There are 2 files in /opt/airflow/dags
[2026-04-03T08:47:18.777+0000] {manager.py:821} INFO - Searching for files in /opt/airflow/dags
[2026-04-03T08:47:18.780+0000] {manager.py:824} INFO - There are 2 files in /opt/airflow/dags
[2026-04-03T08:47:20.017+0000] {manager.py:821} INFO - Searching for files in /opt/airflow/dags
[2026-04-03T08:47:20.020+0000] {manager.py:824} INFO - There are 2 files in /opt/airflow/dags
[2026-04-03T08:47:21.277+0000] {manager.py:821} INFO - Searching for files in /opt/airflow/dags
[2026-04-03T08:47:21.279+0000] {manager.py:824} INFO - There are 2 files in /opt/airflow/dags
[2026-04-03T08:47:22.344+0000] {manager.py:821} INFO - Searching for files in /opt/airflow/dags
[2026-04-03T08:47:22.347+0000] {manager.py:824} INFO - There are 2 files in /opt/airflow/dags
[2026-04-03T08:47:23.753+0000] {manager.py:821} INFO - Searching for files in /opt/airflow/dags
[2026-04-03T08:47:23.756+0000] {manager.py:824} INFO - There are 2 files in /opt/airflow/dags
[2026-04-03T08:47:25.003+0000] {manager.py:821} INFO - Searching for files in /opt/airflow/dags
[2026-04-03T08:47:25.005+0000] {manager.py:824} INFO - There are 2 files in /opt/airflow/dags
[2026-04-03T08:47:26.071+0000] {manager.py:821} INFO - Searching for files in /opt/airflow/dags
[2026-04-03T08:47:26.074+0000] {manager.py:824} INFO - There are 2 files in /opt/airflow/dags
[2026-04-03T08:47:27.485+0000] {manager.py:821} INFO - Searching for files in /opt/airflow/dags
[2026-04-03T08:47:27.488+0000] {manager.py:824} INFO - There are 2 files in /opt/airflow/dags
[2026-04-03T08:47:28.549+0000] {manager.py:821} INFO - Searching for files in /opt/airflow/dags
[2026-04-03T08:47:28.552+0000] {manager.py:824} INFO - There are 2 files in /opt/airflow/dags
[2026-04-03T08:47:29.780+0000] {manager.py:821} INFO - Searching for files in /opt/airflow/dags
[2026-04-03T08:47:29.783+0000] {manager.py:824} INFO - There are 2 files in /opt/airflow/dags
[2026-04-03T08:47:31.218+0000] {manager.py:821} INFO - Searching for files in /opt/airflow/dags
[2026-04-03T08:47:31.222+0000] {manager.py:824} INFO - There are 2 files in /opt/airflow/dags
[2026-04-03T08:47:32.322+0000] {manager.py:821} INFO - Searching for files in /opt/airflow/dags
[2026-04-03T08:47:32.325+0000] {manager.py:824} INFO - There are 2 files in /opt/airflow/dags
[2026-04-03T08:47:33.760+0000] {manager.py:821} INFO - Searching for files in /opt/airflow/dags
[2026-04-03T08:47:33.762+0000] {manager.py:824} INFO - There are 2 files in /opt/airflow/dags
[2026-04-03T08:47:34.826+0000] {manager.py:821} INFO - Searching for files in /opt/airflow/dags
[2026-04-03T08:47:34.830+0000] {manager.py:824} INFO - There are 2 files in /opt/airflow/dags
[2026-04-03T08:47:36.227+0000] {manager.py:821} INFO - Searching for files in /opt/airflow/dags
[2026-04-03T08:47:36.230+0000] {manager.py:824} INFO - There are 2 files in /opt/airflow/dags
[2026-04-03T08:47:37.465+0000] {manager.py:821} INFO - Searching for files in /opt/airflow/dags
[2026-04-03T08:47:37.468+0000] {manager.py:824} INFO - There are 2 files in /opt/airflow/dags
[2026-04-03T08:47:38.697+0000] {manager.py:821} INFO - Searching for files in /opt/airflow/dags
[2026-04-03T08:47:38.701+0000] {manager.py:824} INFO - There are 2 files in /opt/airflow/dags
[2026-04-03T08:47:39.938+0000] {manager.py:821} INFO - Searching for files in /opt/airflow/dags
[2026-04-03T08:47:39.941+0000] {manager.py:824} INFO - There are 2 files in /opt/airflow/dags
[2026-04-03T08:47:41.177+0000] {manager.py:821} INFO - Searching for files in /opt/airflow/dags
[2026-04-03T08:47:41.180+0000] {manager.py:824} INFO - There are 2 files in /opt/airflow/dags
[2026-04-03T08:47:42.413+0000] {manager.py:821} INFO - Searching for files in /opt/airflow/dags
[2026-04-03T08:47:42.415+0000] {manager.py:824} INFO - There are 2 files in /opt/airflow/dags
[2026-04-03T08:47:43.479+0000] {manager.py:821} INFO - Searching for files in /opt/airflow/dags
[2026-04-03T08:47:43.481+0000] {manager.py:824} INFO - There are 2 files in /opt/airflow/dags
[2026-04-03T08:47:44.891+0000] {manager.py:821} INFO - Searching for files in /opt/airflow/dags
[2026-04-03T08:47:44.894+0000] {manager.py:824} INFO - There are 2 files in /opt/airflow/dags
[2026-04-03T08:47:46.127+0000] {manager.py:821} INFO - Searching for files in /opt/airflow/dags
[2026-04-03T08:47:46.130+0000] {manager.py:824} INFO - There are 2 files in /opt/airflow/dags
[2026-04-03T08:47:47.358+0000] {manager.py:821} INFO - Searching for files in /opt/airflow/dags
[2026-04-03T08:47:47.361+0000] {manager.py:824} INFO - There are 2 files in /opt/airflow/dags
[2026-04-03T08:47:47.409+0000] {manager.py:997} INFO - 
================================================================================
DAG File Processing Stats

File Path                                PID  Runtime      # DAGs    # Errors  Last Runtime    Last Run               Last # of DB Queries
-------------------------------------  -----  ---------  --------  ----------  --------------  -------------------  ----------------------
/opt/airflow/dags/dag_test_spark.py    12979  0.01s             1           0  0.20s           2026-04-03T08:47:46                      10
/opt/airflow/dags/dag_datalab_main.py  12976  0.03s             1           0  0.20s           2026-04-03T08:47:46                      10
================================================================================
[2026-04-03T08:47:48.425+0000] {manager.py:821} INFO - Searching for files in /opt/airflow/dags
[2026-04-03T08:47:48.428+0000] {manager.py:824} INFO - There are 2 files in /opt/airflow/dags
[2026-04-03T08:47:49.824+0000] {manager.py:821} INFO - Searching for files in /opt/airflow/dags
[2026-04-03T08:47:49.827+0000] {manager.py:824} INFO - There are 2 files in /opt/airflow/dags
[2026-04-03T08:47:51.065+0000] {manager.py:821} INFO - Searching for files in /opt/airflow/dags
[2026-04-03T08:47:51.068+0000] {manager.py:824} INFO - There are 2 files in /opt/airflow/dags
[2026-04-03T08:47:52.130+0000] {manager.py:821} INFO - Searching for files in /opt/airflow/dags
[2026-04-03T08:47:52.133+0000] {manager.py:824} INFO - There are 2 files in /opt/airflow/dags
[2026-04-03T08:47:53.539+0000] {manager.py:821} INFO - Searching for files in /opt/airflow/dags
[2026-04-03T08:47:53.542+0000] {manager.py:824} INFO - There are 2 files in /opt/airflow/dags
[2026-04-03T08:47:54.773+0000] {manager.py:821} INFO - Searching for files in /opt/airflow/dags
[2026-04-03T08:47:54.775+0000] {manager.py:824} INFO - There are 2 files in /opt/airflow/dags
[2026-04-03T08:47:56.008+0000] {manager.py:821} INFO - Searching for files in /opt/airflow/dags
[2026-04-03T08:47:56.011+0000] {manager.py:824} INFO - There are 2 files in /opt/airflow/dags
[2026-04-03T08:47:57.244+0000] {manager.py:821} INFO - Searching for files in /opt/airflow/dags
[2026-04-03T08:47:57.247+0000] {manager.py:824} INFO - There are 2 files in /opt/airflow/dags
[2026-04-03T08:47:58.484+0000] {manager.py:821} INFO - Searching for files in /opt/airflow/dags
[2026-04-03T08:47:58.487+0000] {manager.py:824} INFO - There are 2 files in /opt/airflow/dags
[2026-04-03T08:47:59.716+0000] {manager.py:821} INFO - Searching for files in /opt/airflow/dags
[2026-04-03T08:47:59.719+0000] {manager.py:824} INFO - There are 2 files in /opt/airflow/dags
[2026-04-03T08:48:00.780+0000] {manager.py:821} INFO - Searching for files in /opt/airflow/dags
[2026-04-03T08:48:00.783+0000] {manager.py:824} INFO - There are 2 files in /opt/airflow/dags
[2026-04-03T08:48:02.175+0000] {manager.py:821} INFO - Searching for files in /opt/airflow/dags
[2026-04-03T08:48:02.178+0000] {manager.py:824} INFO - There are 2 files in /opt/airflow/dags
[2026-04-03T08:48:03.431+0000] {manager.py:821} INFO - Searching for files in /opt/airflow/dags
[2026-04-03T08:48:03.433+0000] {manager.py:824} INFO - There are 2 files in /opt/airflow/dags
[2026-04-03T08:48:04.674+0000] {manager.py:821} INFO - Searching for files in /opt/airflow/dags
[2026-04-03T08:48:04.677+0000] {manager.py:824} INFO - There are 2 files in /opt/airflow/dags
[2026-04-03T08:48:05.915+0000] {manager.py:821} INFO - Searching for files in /opt/airflow/dags
[2026-04-03T08:48:05.918+0000] {manager.py:824} INFO - There are 2 files in /opt/airflow/dags
[2026-04-03T08:48:07.164+0000] {manager.py:821} INFO - Searching for files in /opt/airflow/dags
[2026-04-03T08:48:07.167+0000] {manager.py:824} INFO - There are 2 files in /opt/airflow/dags
[2026-04-03T08:48:08.402+0000] {manager.py:821} INFO - Searching for files in /opt/airflow/dags
[2026-04-03T08:48:08.405+0000] {manager.py:824} INFO - There are 2 files in /opt/airflow/dags
[2026-04-03T08:48:09.644+0000] {manager.py:821} INFO - Searching for files in /opt/airflow/dags
[2026-04-03T08:48:09.647+0000] {manager.py:824} INFO - There are 2 files in /opt/airflow/dags
[2026-04-03T08:48:10.725+0000] {manager.py:821} INFO - Searching for files in /opt/airflow/dags
[2026-04-03T08:48:10.728+0000] {manager.py:824} INFO - There are 2 files in /opt/airflow/dags
[2026-04-03T08:48:12.146+0000] {manager.py:821} INFO - Searching for files in /opt/airflow/dags
[2026-04-03T08:48:12.149+0000] {manager.py:824} INFO - There are 2 files in /opt/airflow/dags
[2026-04-03T08:48:13.212+0000] {manager.py:821} INFO - Searching for files in /opt/airflow/dags
[2026-04-03T08:48:13.215+0000] {manager.py:824} INFO - There are 2 files in /opt/airflow/dags
[2026-04-03T08:48:14.607+0000] {manager.py:821} INFO - Searching for files in /opt/airflow/dags
[2026-04-03T08:48:14.610+0000] {manager.py:824} INFO - There are 2 files in /opt/airflow/dags
[2026-04-03T08:48:15.845+0000] {manager.py:821} INFO - Searching for files in /opt/airflow/dags
[2026-04-03T08:48:15.848+0000] {manager.py:824} INFO - There are 2 files in /opt/airflow/dags
[2026-04-03T08:48:17.077+0000] {manager.py:821} INFO - Searching for files in /opt/airflow/dags
[2026-04-03T08:48:17.080+0000] {manager.py:824} INFO - There are 2 files in /opt/airflow/dags
[2026-04-03T08:48:18.310+0000] {manager.py:821} INFO - Searching for files in /opt/airflow/dags
[2026-04-03T08:48:18.313+0000] {manager.py:824} INFO - There are 2 files in /opt/airflow/dags
[2026-04-03T08:48:18.362+0000] {manager.py:997} INFO - 
================================================================================
DAG File Processing Stats

File Path                                PID  Runtime      # DAGs    # Errors  Last Runtime    Last Run               Last # of DB Queries
-------------------------------------  -----  ---------  --------  ----------  --------------  -------------------  ----------------------
/opt/airflow/dags/dag_datalab_main.py  13226  0.03s             1           0  0.21s           2026-04-03T08:48:17                      10
/opt/airflow/dags/dag_test_spark.py    13229  0.01s             1           0  0.20s           2026-04-03T08:48:17                      10
================================================================================
[2026-04-03T08:48:19.546+0000] {manager.py:821} INFO - Searching for files in /opt/airflow/dags
[2026-04-03T08:48:19.549+0000] {manager.py:824} INFO - There are 2 files in /opt/airflow/dags
[2026-04-03T08:48:20.789+0000] {manager.py:821} INFO - Searching for files in /opt/airflow/dags
[2026-04-03T08:48:20.792+0000] {manager.py:824} INFO - There are 2 files in /opt/airflow/dags
[2026-04-03T08:48:22.024+0000] {manager.py:821} INFO - Searching for files in /opt/airflow/dags
[2026-04-03T08:48:22.027+0000] {manager.py:824} INFO - There are 2 files in /opt/airflow/dags
[2026-04-03T08:48:23.264+0000] {manager.py:821} INFO - Searching for files in /opt/airflow/dags
[2026-04-03T08:48:23.267+0000] {manager.py:824} INFO - There are 2 files in /opt/airflow/dags
[2026-04-03T08:48:24.499+0000] {manager.py:821} INFO - Searching for files in /opt/airflow/dags
[2026-04-03T08:48:24.502+0000] {manager.py:824} INFO - There are 2 files in /opt/airflow/dags
[2026-04-03T08:48:25.740+0000] {manager.py:821} INFO - Searching for files in /opt/airflow/dags
[2026-04-03T08:48:25.743+0000] {manager.py:824} INFO - There are 2 files in /opt/airflow/dags
[2026-04-03T08:48:26.805+0000] {manager.py:821} INFO - Searching for files in /opt/airflow/dags
[2026-04-03T08:48:26.808+0000] {manager.py:824} INFO - There are 2 files in /opt/airflow/dags
[2026-04-03T08:48:28.211+0000] {manager.py:821} INFO - Searching for files in /opt/airflow/dags
[2026-04-03T08:48:28.214+0000] {manager.py:824} INFO - There are 2 files in /opt/airflow/dags
[2026-04-03T08:48:29.453+0000] {manager.py:821} INFO - Searching for files in /opt/airflow/dags
[2026-04-03T08:48:29.456+0000] {manager.py:824} INFO - There are 2 files in /opt/airflow/dags
[2026-04-03T08:48:30.519+0000] {manager.py:821} INFO - Searching for files in /opt/airflow/dags
[2026-04-03T08:48:30.523+0000] {manager.py:824} INFO - There are 2 files in /opt/airflow/dags
[2026-04-03T08:48:31.912+0000] {manager.py:821} INFO - Searching for files in /opt/airflow/dags
[2026-04-03T08:48:31.915+0000] {manager.py:824} INFO - There are 2 files in /opt/airflow/dags
[2026-04-03T08:48:33.158+0000] {manager.py:821} INFO - Searching for files in /opt/airflow/dags
[2026-04-03T08:48:33.160+0000] {manager.py:824} INFO - There are 2 files in /opt/airflow/dags
[2026-04-03T08:48:34.407+0000] {manager.py:821} INFO - Searching for files in /opt/airflow/dags
[2026-04-03T08:48:34.410+0000] {manager.py:824} INFO - There are 2 files in /opt/airflow/dags
[2026-04-03T08:48:35.645+0000] {manager.py:821} INFO - Searching for files in /opt/airflow/dags
[2026-04-03T08:48:35.648+0000] {manager.py:824} INFO - There are 2 files in /opt/airflow/dags
[2026-04-03T08:48:36.877+0000] {manager.py:821} INFO - Searching for files in /opt/airflow/dags
[2026-04-03T08:48:36.880+0000] {manager.py:824} INFO - There are 2 files in /opt/airflow/dags
[2026-04-03T08:48:38.120+0000] {manager.py:821} INFO - Searching for files in /opt/airflow/dags
[2026-04-03T08:48:38.123+0000] {manager.py:824} INFO - There are 2 files in /opt/airflow/dags
[2026-04-03T08:48:39.184+0000] {manager.py:821} INFO - Searching for files in /opt/airflow/dags
[2026-04-03T08:48:39.187+0000] {manager.py:824} INFO - There are 2 files in /opt/airflow/dags
[2026-04-03T08:48:40.595+0000] {manager.py:821} INFO - Searching for files in /opt/airflow/dags
[2026-04-03T08:48:40.598+0000] {manager.py:824} INFO - There are 2 files in /opt/airflow/dags
[2026-04-03T08:48:41.831+0000] {manager.py:821} INFO - Searching for files in /opt/airflow/dags
[2026-04-03T08:48:41.833+0000] {manager.py:824} INFO - There are 2 files in /opt/airflow/dags
[2026-04-03T08:48:43.062+0000] {manager.py:821} INFO - Searching for files in /opt/airflow/dags
[2026-04-03T08:48:43.065+0000] {manager.py:824} INFO - There are 2 files in /opt/airflow/dags
[2026-04-03T08:48:44.306+0000] {manager.py:821} INFO - Searching for files in /opt/airflow/dags
[2026-04-03T08:48:44.309+0000] {manager.py:824} INFO - There are 2 files in /opt/airflow/dags
[2026-04-03T08:48:45.540+0000] {manager.py:821} INFO - Searching for files in /opt/airflow/dags
[2026-04-03T08:48:45.542+0000] {manager.py:824} INFO - There are 2 files in /opt/airflow/dags
[2026-04-03T08:48:46.778+0000] {manager.py:821} INFO - Searching for files in /opt/airflow/dags
[2026-04-03T08:48:46.781+0000] {manager.py:824} INFO - There are 2 files in /opt/airflow/dags
[2026-04-03T08:48:48.009+0000] {manager.py:821} INFO - Searching for files in /opt/airflow/dags
[2026-04-03T08:48:48.012+0000] {manager.py:824} INFO - There are 2 files in /opt/airflow/dags
[2026-04-03T08:48:49.242+0000] {manager.py:821} INFO - Searching for files in /opt/airflow/dags
[2026-04-03T08:48:49.245+0000] {manager.py:824} INFO - There are 2 files in /opt/airflow/dags
[2026-04-03T08:48:49.295+0000] {manager.py:997} INFO - 
================================================================================
DAG File Processing Stats

File Path                                PID  Runtime      # DAGs    # Errors  Last Runtime    Last Run               Last # of DB Queries
-------------------------------------  -----  ---------  --------  ----------  --------------  -------------------  ----------------------
/opt/airflow/dags/dag_datalab_main.py  13476  0.03s             1           0  0.20s           2026-04-03T08:48:48                      10
/opt/airflow/dags/dag_test_spark.py    13479  0.01s             1           0  0.20s           2026-04-03T08:48:48                      10
================================================================================
[2026-04-03T08:48:50.484+0000] {manager.py:821} INFO - Searching for files in /opt/airflow/dags
[2026-04-03T08:48:50.487+0000] {manager.py:824} INFO - There are 2 files in /opt/airflow/dags
[2026-04-03T08:48:51.721+0000] {manager.py:821} INFO - Searching for files in /opt/airflow/dags
[2026-04-03T08:48:51.726+0000] {manager.py:824} INFO - There are 2 files in /opt/airflow/dags
[2026-04-03T08:48:52.799+0000] {manager.py:821} INFO - Searching for files in /opt/airflow/dags
[2026-04-03T08:48:52.802+0000] {manager.py:824} INFO - There are 2 files in /opt/airflow/dags
[2026-04-03T08:48:54.036+0000] {manager.py:821} INFO - Searching for files in /opt/airflow/dags
[2026-04-03T08:48:54.038+0000] {manager.py:824} INFO - There are 2 files in /opt/airflow/dags
[2026-04-03T08:48:55.482+0000] {manager.py:821} INFO - Searching for files in /opt/airflow/dags
[2026-04-03T08:48:55.485+0000] {manager.py:824} INFO - There are 2 files in /opt/airflow/dags
[2026-04-03T08:48:56.737+0000] {manager.py:821} INFO - Searching for files in /opt/airflow/dags
[2026-04-03T08:48:56.740+0000] {manager.py:824} INFO - There are 2 files in /opt/airflow/dags
[2026-04-03T08:48:57.801+0000] {manager.py:821} INFO - Searching for files in /opt/airflow/dags
[2026-04-03T08:48:57.804+0000] {manager.py:824} INFO - There are 2 files in /opt/airflow/dags
[2026-04-03T08:48:59.202+0000] {manager.py:821} INFO - Searching for files in /opt/airflow/dags
[2026-04-03T08:48:59.205+0000] {manager.py:824} INFO - There are 2 files in /opt/airflow/dags
[2026-04-03T08:49:00.265+0000] {manager.py:821} INFO - Searching for files in /opt/airflow/dags
[2026-04-03T08:49:00.268+0000] {manager.py:824} INFO - There are 2 files in /opt/airflow/dags
[2026-04-03T08:49:01.675+0000] {manager.py:821} INFO - Searching for files in /opt/airflow/dags
[2026-04-03T08:49:01.678+0000] {manager.py:824} INFO - There are 2 files in /opt/airflow/dags
[2026-04-03T08:49:02.910+0000] {manager.py:821} INFO - Searching for files in /opt/airflow/dags
[2026-04-03T08:49:02.912+0000] {manager.py:824} INFO - There are 2 files in /opt/airflow/dags
[2026-04-03T08:49:04.154+0000] {manager.py:821} INFO - Searching for files in /opt/airflow/dags
[2026-04-03T08:49:04.157+0000] {manager.py:824} INFO - There are 2 files in /opt/airflow/dags
[2026-04-03T08:49:05.220+0000] {manager.py:821} INFO - Searching for files in /opt/airflow/dags
[2026-04-03T08:49:05.223+0000] {manager.py:824} INFO - There are 2 files in /opt/airflow/dags
[2026-04-03T08:49:06.633+0000] {manager.py:821} INFO - Searching for files in /opt/airflow/dags
[2026-04-03T08:49:06.636+0000] {manager.py:824} INFO - There are 2 files in /opt/airflow/dags
[2026-04-03T08:49:07.871+0000] {manager.py:821} INFO - Searching for files in /opt/airflow/dags
[2026-04-03T08:49:07.874+0000] {manager.py:824} INFO - There are 2 files in /opt/airflow/dags
[2026-04-03T08:49:09.116+0000] {manager.py:821} INFO - Searching for files in /opt/airflow/dags
[2026-04-03T08:49:09.118+0000] {manager.py:824} INFO - There are 2 files in /opt/airflow/dags
[2026-04-03T08:49:10.368+0000] {manager.py:821} INFO - Searching for files in /opt/airflow/dags
[2026-04-03T08:49:10.370+0000] {manager.py:824} INFO - There are 2 files in /opt/airflow/dags
[2026-04-03T08:49:11.609+0000] {manager.py:821} INFO - Searching for files in /opt/airflow/dags
[2026-04-03T08:49:11.611+0000] {manager.py:824} INFO - There are 2 files in /opt/airflow/dags
[2026-04-03T08:49:12.678+0000] {manager.py:821} INFO - Searching for files in /opt/airflow/dags
[2026-04-03T08:49:12.680+0000] {manager.py:824} INFO - There are 2 files in /opt/airflow/dags
[2026-04-03T08:49:13.903+0000] {manager.py:821} INFO - Searching for files in /opt/airflow/dags
[2026-04-03T08:49:13.906+0000] {manager.py:824} INFO - There are 2 files in /opt/airflow/dags
[2026-04-03T08:49:15.341+0000] {manager.py:821} INFO - Searching for files in /opt/airflow/dags
[2026-04-03T08:49:15.344+0000] {manager.py:824} INFO - There are 2 files in /opt/airflow/dags
[2026-04-03T08:49:16.584+0000] {manager.py:821} INFO - Searching for files in /opt/airflow/dags
[2026-04-03T08:49:16.587+0000] {manager.py:824} INFO - There are 2 files in /opt/airflow/dags
[2026-04-03T08:49:17.656+0000] {manager.py:821} INFO - Searching for files in /opt/airflow/dags
[2026-04-03T08:49:17.659+0000] {manager.py:824} INFO - There are 2 files in /opt/airflow/dags
[2026-04-03T08:49:19.073+0000] {manager.py:821} INFO - Searching for files in /opt/airflow/dags
[2026-04-03T08:49:19.076+0000] {manager.py:824} INFO - There are 2 files in /opt/airflow/dags
[2026-04-03T08:49:19.311+0000] {manager.py:997} INFO - 
================================================================================
DAG File Processing Stats

File Path                                PID  Runtime      # DAGs    # Errors  Last Runtime    Last Run               Last # of DB Queries
-------------------------------------  -----  ---------  --------  ----------  --------------  -------------------  ----------------------
/opt/airflow/dags/dag_test_spark.py    13719  0.20s             1           0  0.21s           2026-04-03T08:49:18                      10
/opt/airflow/dags/dag_datalab_main.py                           1           0  0.21s           2026-04-03T08:49:19                      10
================================================================================
[2026-04-03T08:49:20.316+0000] {manager.py:821} INFO - Searching for files in /opt/airflow/dags
[2026-04-03T08:49:20.319+0000] {manager.py:824} INFO - There are 2 files in /opt/airflow/dags
[2026-04-03T08:49:21.384+0000] {manager.py:821} INFO - Searching for files in /opt/airflow/dags
[2026-04-03T08:49:21.389+0000] {manager.py:824} INFO - There are 2 files in /opt/airflow/dags
[2026-04-03T08:49:22.610+0000] {manager.py:821} INFO - Searching for files in /opt/airflow/dags
[2026-04-03T08:49:22.613+0000] {manager.py:824} INFO - There are 2 files in /opt/airflow/dags
[2026-04-03T08:49:24.094+0000] {manager.py:821} INFO - Searching for files in /opt/airflow/dags
[2026-04-03T08:49:24.097+0000] {manager.py:824} INFO - There are 2 files in /opt/airflow/dags
[2026-04-03T08:49:25.337+0000] {manager.py:821} INFO - Searching for files in /opt/airflow/dags
[2026-04-03T08:49:25.340+0000] {manager.py:824} INFO - There are 2 files in /opt/airflow/dags
[2026-04-03T08:49:26.580+0000] {manager.py:821} INFO - Searching for files in /opt/airflow/dags
[2026-04-03T08:49:26.582+0000] {manager.py:824} INFO - There are 2 files in /opt/airflow/dags
[2026-04-03T08:49:27.812+0000] {manager.py:821} INFO - Searching for files in /opt/airflow/dags
[2026-04-03T08:49:27.815+0000] {manager.py:824} INFO - There are 2 files in /opt/airflow/dags
[2026-04-03T08:49:29.057+0000] {manager.py:821} INFO - Searching for files in /opt/airflow/dags
[2026-04-03T08:49:29.059+0000] {manager.py:824} INFO - There are 2 files in /opt/airflow/dags
[2026-04-03T08:49:30.125+0000] {manager.py:821} INFO - Searching for files in /opt/airflow/dags
[2026-04-03T08:49:30.127+0000] {manager.py:824} INFO - There are 2 files in /opt/airflow/dags
[2026-04-03T08:49:31.527+0000] {manager.py:821} INFO - Searching for files in /opt/airflow/dags
[2026-04-03T08:49:31.529+0000] {manager.py:824} INFO - There are 2 files in /opt/airflow/dags
[2026-04-03T08:49:32.765+0000] {manager.py:821} INFO - Searching for files in /opt/airflow/dags
[2026-04-03T08:49:32.768+0000] {manager.py:824} INFO - There are 2 files in /opt/airflow/dags
[2026-04-03T08:49:34.002+0000] {manager.py:821} INFO - Searching for files in /opt/airflow/dags
[2026-04-03T08:49:34.005+0000] {manager.py:824} INFO - There are 2 files in /opt/airflow/dags
[2026-04-03T08:49:35.243+0000] {manager.py:821} INFO - Searching for files in /opt/airflow/dags
[2026-04-03T08:49:35.245+0000] {manager.py:824} INFO - There are 2 files in /opt/airflow/dags
[2026-04-03T08:49:36.482+0000] {manager.py:821} INFO - Searching for files in /opt/airflow/dags
[2026-04-03T08:49:36.485+0000] {manager.py:824} INFO - There are 2 files in /opt/airflow/dags
[2026-04-03T08:49:37.714+0000] {manager.py:821} INFO - Searching for files in /opt/airflow/dags
[2026-04-03T08:49:37.717+0000] {manager.py:824} INFO - There are 2 files in /opt/airflow/dags
[2026-04-03T08:49:38.950+0000] {manager.py:821} INFO - Searching for files in /opt/airflow/dags
[2026-04-03T08:49:38.953+0000] {manager.py:824} INFO - There are 2 files in /opt/airflow/dags
[2026-04-03T08:49:40.196+0000] {manager.py:821} INFO - Searching for files in /opt/airflow/dags
[2026-04-03T08:49:40.199+0000] {manager.py:824} INFO - There are 2 files in /opt/airflow/dags
[2026-04-03T08:49:41.441+0000] {manager.py:821} INFO - Searching for files in /opt/airflow/dags
[2026-04-03T08:49:41.444+0000] {manager.py:824} INFO - There are 2 files in /opt/airflow/dags
[2026-04-03T08:49:42.678+0000] {manager.py:821} INFO - Searching for files in /opt/airflow/dags
[2026-04-03T08:49:42.681+0000] {manager.py:824} INFO - There are 2 files in /opt/airflow/dags
[2026-04-03T08:49:43.919+0000] {manager.py:821} INFO - Searching for files in /opt/airflow/dags
[2026-04-03T08:49:43.922+0000] {manager.py:824} INFO - There are 2 files in /opt/airflow/dags
[2026-04-03T08:49:45.169+0000] {manager.py:821} INFO - Searching for files in /opt/airflow/dags
[2026-04-03T08:49:45.172+0000] {manager.py:824} INFO - There are 2 files in /opt/airflow/dags
[2026-04-03T08:49:46.413+0000] {manager.py:821} INFO - Searching for files in /opt/airflow/dags
[2026-04-03T08:49:46.416+0000] {manager.py:824} INFO - There are 2 files in /opt/airflow/dags
[2026-04-03T08:49:47.481+0000] {manager.py:821} INFO - Searching for files in /opt/airflow/dags
[2026-04-03T08:49:47.484+0000] {manager.py:824} INFO - There are 2 files in /opt/airflow/dags
[2026-04-03T08:49:48.888+0000] {manager.py:821} INFO - Searching for files in /opt/airflow/dags
[2026-04-03T08:49:48.890+0000] {manager.py:824} INFO - There are 2 files in /opt/airflow/dags
[2026-04-03T08:49:50.128+0000] {manager.py:821} INFO - Searching for files in /opt/airflow/dags
[2026-04-03T08:49:50.130+0000] {manager.py:824} INFO - There are 2 files in /opt/airflow/dags
[2026-04-03T08:49:50.181+0000] {manager.py:997} INFO - 
================================================================================
DAG File Processing Stats

File Path                                PID  Runtime      # DAGs    # Errors  Last Runtime    Last Run               Last # of DB Queries
-------------------------------------  -----  ---------  --------  ----------  --------------  -------------------  ----------------------
/opt/airflow/dags/dag_datalab_main.py  13966  0.03s             1           0  0.21s           2026-04-03T08:49:49                      10
/opt/airflow/dags/dag_test_spark.py    13969  0.01s             1           0  0.20s           2026-04-03T08:49:49                      10
================================================================================
[2026-04-03T08:49:51.375+0000] {manager.py:821} INFO - Searching for files in /opt/airflow/dags
[2026-04-03T08:49:51.378+0000] {manager.py:824} INFO - There are 2 files in /opt/airflow/dags
[2026-04-03T08:49:52.609+0000] {manager.py:821} INFO - Searching for files in /opt/airflow/dags
[2026-04-03T08:49:52.612+0000] {manager.py:824} INFO - There are 2 files in /opt/airflow/dags
[2026-04-03T08:49:53.677+0000] {manager.py:821} INFO - Searching for files in /opt/airflow/dags
[2026-04-03T08:49:53.679+0000] {manager.py:824} INFO - There are 2 files in /opt/airflow/dags
[2026-04-03T08:49:55.077+0000] {manager.py:821} INFO - Searching for files in /opt/airflow/dags
[2026-04-03T08:49:55.079+0000] {manager.py:824} INFO - There are 2 files in /opt/airflow/dags
[2026-04-03T08:49:56.317+0000] {manager.py:821} INFO - Searching for files in /opt/airflow/dags
[2026-04-03T08:49:56.320+0000] {manager.py:824} INFO - There are 2 files in /opt/airflow/dags
[2026-04-03T08:49:57.383+0000] {manager.py:821} INFO - Searching for files in /opt/airflow/dags
[2026-04-03T08:49:57.386+0000] {manager.py:824} INFO - There are 2 files in /opt/airflow/dags
[2026-04-03T08:49:58.788+0000] {manager.py:821} INFO - Searching for files in /opt/airflow/dags
[2026-04-03T08:49:58.791+0000] {manager.py:824} INFO - There are 2 files in /opt/airflow/dags
[2026-04-03T08:50:00.034+0000] {manager.py:821} INFO - Searching for files in /opt/airflow/dags
[2026-04-03T08:50:00.037+0000] {manager.py:824} INFO - There are 2 files in /opt/airflow/dags
[2026-04-03T08:50:01.278+0000] {manager.py:821} INFO - Searching for files in /opt/airflow/dags
[2026-04-03T08:50:01.281+0000] {manager.py:824} INFO - There are 2 files in /opt/airflow/dags
[2026-04-03T08:50:02.536+0000] {manager.py:821} INFO - Searching for files in /opt/airflow/dags
[2026-04-03T08:50:02.539+0000] {manager.py:824} INFO - There are 2 files in /opt/airflow/dags
[2026-04-03T08:50:03.776+0000] {manager.py:821} INFO - Searching for files in /opt/airflow/dags
[2026-04-03T08:50:03.778+0000] {manager.py:824} INFO - There are 2 files in /opt/airflow/dags
[2026-04-03T08:50:05.010+0000] {manager.py:821} INFO - Searching for files in /opt/airflow/dags
[2026-04-03T08:50:05.013+0000] {manager.py:824} INFO - There are 2 files in /opt/airflow/dags
[2026-04-03T08:50:06.078+0000] {manager.py:821} INFO - Searching for files in /opt/airflow/dags
[2026-04-03T08:50:06.081+0000] {manager.py:824} INFO - There are 2 files in /opt/airflow/dags
[2026-04-03T08:50:07.486+0000] {manager.py:821} INFO - Searching for files in /opt/airflow/dags
[2026-04-03T08:50:07.489+0000] {manager.py:824} INFO - There are 2 files in /opt/airflow/dags
[2026-04-03T08:50:08.721+0000] {manager.py:821} INFO - Searching for files in /opt/airflow/dags
[2026-04-03T08:50:08.724+0000] {manager.py:824} INFO - There are 2 files in /opt/airflow/dags
[2026-04-03T08:50:09.964+0000] {manager.py:821} INFO - Searching for files in /opt/airflow/dags
[2026-04-03T08:50:09.967+0000] {manager.py:824} INFO - There are 2 files in /opt/airflow/dags
[2026-04-03T08:50:11.206+0000] {manager.py:821} INFO - Searching for files in /opt/airflow/dags
[2026-04-03T08:50:11.209+0000] {manager.py:824} INFO - There are 2 files in /opt/airflow/dags
[2026-04-03T08:50:12.271+0000] {manager.py:821} INFO - Searching for files in /opt/airflow/dags
[2026-04-03T08:50:12.273+0000] {manager.py:824} INFO - There are 2 files in /opt/airflow/dags
[2026-04-03T08:50:13.692+0000] {manager.py:821} INFO - Searching for files in /opt/airflow/dags
[2026-04-03T08:50:13.695+0000] {manager.py:824} INFO - There are 2 files in /opt/airflow/dags
[2026-04-03T08:50:14.934+0000] {manager.py:821} INFO - Searching for files in /opt/airflow/dags
[2026-04-03T08:50:14.936+0000] {manager.py:824} INFO - There are 2 files in /opt/airflow/dags
[2026-04-03T08:50:16.158+0000] {manager.py:821} INFO - Searching for files in /opt/airflow/dags
[2026-04-03T08:50:16.161+0000] {manager.py:824} INFO - There are 2 files in /opt/airflow/dags
[2026-04-03T08:50:17.228+0000] {manager.py:821} INFO - Searching for files in /opt/airflow/dags
[2026-04-03T08:50:17.231+0000] {manager.py:824} INFO - There are 2 files in /opt/airflow/dags
[2026-04-03T08:50:18.643+0000] {manager.py:821} INFO - Searching for files in /opt/airflow/dags
[2026-04-03T08:50:18.646+0000] {manager.py:824} INFO - There are 2 files in /opt/airflow/dags
[2026-04-03T08:50:19.881+0000] {manager.py:821} INFO - Searching for files in /opt/airflow/dags
[2026-04-03T08:50:19.884+0000] {manager.py:824} INFO - There are 2 files in /opt/airflow/dags
[2026-04-03T08:50:21.118+0000] {manager.py:821} INFO - Searching for files in /opt/airflow/dags
[2026-04-03T08:50:21.121+0000] {manager.py:824} INFO - There are 2 files in /opt/airflow/dags
[2026-04-03T08:50:21.173+0000] {manager.py:997} INFO - 
================================================================================
DAG File Processing Stats

File Path                                PID  Runtime      # DAGs    # Errors  Last Runtime    Last Run               Last # of DB Queries
-------------------------------------  -----  ---------  --------  ----------  --------------  -------------------  ----------------------
/opt/airflow/dags/dag_datalab_main.py  14216  0.03s             1           0  0.20s           2026-04-03T08:50:20                      10
/opt/airflow/dags/dag_test_spark.py    14219  0.02s             1           0  0.20s           2026-04-03T08:50:20                      10
================================================================================
[2026-04-03T08:50:22.363+0000] {manager.py:821} INFO - Searching for files in /opt/airflow/dags
[2026-04-03T08:50:22.366+0000] {manager.py:824} INFO - There are 2 files in /opt/airflow/dags
[2026-04-03T08:50:23.602+0000] {manager.py:821} INFO - Searching for files in /opt/airflow/dags
[2026-04-03T08:50:23.605+0000] {manager.py:824} INFO - There are 2 files in /opt/airflow/dags
[2026-04-03T08:50:24.845+0000] {manager.py:821} INFO - Searching for files in /opt/airflow/dags
[2026-04-03T08:50:24.847+0000] {manager.py:824} INFO - There are 2 files in /opt/airflow/dags
[2026-04-03T08:50:26.080+0000] {manager.py:821} INFO - Searching for files in /opt/airflow/dags
[2026-04-03T08:50:26.083+0000] {manager.py:824} INFO - There are 2 files in /opt/airflow/dags
[2026-04-03T08:50:27.323+0000] {manager.py:821} INFO - Searching for files in /opt/airflow/dags
[2026-04-03T08:50:27.326+0000] {manager.py:824} INFO - There are 2 files in /opt/airflow/dags
[2026-04-03T08:50:28.573+0000] {manager.py:821} INFO - Searching for files in /opt/airflow/dags
[2026-04-03T08:50:28.576+0000] {manager.py:824} INFO - There are 2 files in /opt/airflow/dags
[2026-04-03T08:50:29.641+0000] {manager.py:821} INFO - Searching for files in /opt/airflow/dags
[2026-04-03T08:50:29.644+0000] {manager.py:824} INFO - There are 2 files in /opt/airflow/dags
[2026-04-03T08:50:31.077+0000] {manager.py:821} INFO - Searching for files in /opt/airflow/dags
[2026-04-03T08:50:31.080+0000] {manager.py:824} INFO - There are 2 files in /opt/airflow/dags
[2026-04-03T08:50:32.311+0000] {manager.py:821} INFO - Searching for files in /opt/airflow/dags
[2026-04-03T08:50:32.314+0000] {manager.py:824} INFO - There are 2 files in /opt/airflow/dags
[2026-04-03T08:50:33.578+0000] {manager.py:821} INFO - Searching for files in /opt/airflow/dags
[2026-04-03T08:50:33.581+0000] {manager.py:824} INFO - There are 2 files in /opt/airflow/dags
[2026-04-03T08:50:34.819+0000] {manager.py:821} INFO - Searching for files in /opt/airflow/dags
[2026-04-03T08:50:34.821+0000] {manager.py:824} INFO - There are 2 files in /opt/airflow/dags
[2026-04-03T08:50:36.065+0000] {manager.py:821} INFO - Searching for files in /opt/airflow/dags
[2026-04-03T08:50:36.068+0000] {manager.py:824} INFO - There are 2 files in /opt/airflow/dags
[2026-04-03T08:50:37.138+0000] {manager.py:821} INFO - Searching for files in /opt/airflow/dags
[2026-04-03T08:50:37.140+0000] {manager.py:824} INFO - There are 2 files in /opt/airflow/dags
[2026-04-03T08:50:38.368+0000] {manager.py:821} INFO - Searching for files in /opt/airflow/dags
[2026-04-03T08:50:38.371+0000] {manager.py:824} INFO - There are 2 files in /opt/airflow/dags
[2026-04-03T08:50:39.808+0000] {manager.py:821} INFO - Searching for files in /opt/airflow/dags
[2026-04-03T08:50:39.811+0000] {manager.py:824} INFO - There are 2 files in /opt/airflow/dags
[2026-04-03T08:50:41.048+0000] {manager.py:821} INFO - Searching for files in /opt/airflow/dags
[2026-04-03T08:50:41.051+0000] {manager.py:824} INFO - There are 2 files in /opt/airflow/dags
[2026-04-03T08:50:42.289+0000] {manager.py:821} INFO - Searching for files in /opt/airflow/dags
[2026-04-03T08:50:42.292+0000] {manager.py:824} INFO - There are 2 files in /opt/airflow/dags
[2026-04-03T08:50:43.530+0000] {manager.py:821} INFO - Searching for files in /opt/airflow/dags
[2026-04-03T08:50:43.533+0000] {manager.py:824} INFO - There are 2 files in /opt/airflow/dags
[2026-04-03T08:50:44.766+0000] {manager.py:821} INFO - Searching for files in /opt/airflow/dags
[2026-04-03T08:50:44.768+0000] {manager.py:824} INFO - There are 2 files in /opt/airflow/dags
[2026-04-03T08:50:46.017+0000] {manager.py:821} INFO - Searching for files in /opt/airflow/dags
[2026-04-03T08:50:46.020+0000] {manager.py:824} INFO - There are 2 files in /opt/airflow/dags
[2026-04-03T08:50:47.083+0000] {manager.py:821} INFO - Searching for files in /opt/airflow/dags
[2026-04-03T08:50:47.086+0000] {manager.py:824} INFO - There are 2 files in /opt/airflow/dags
[2026-04-03T08:50:48.514+0000] {manager.py:821} INFO - Searching for files in /opt/airflow/dags
[2026-04-03T08:50:48.516+0000] {manager.py:824} INFO - There are 2 files in /opt/airflow/dags
[2026-04-03T08:50:49.747+0000] {manager.py:821} INFO - Searching for files in /opt/airflow/dags
[2026-04-03T08:50:49.749+0000] {manager.py:824} INFO - There are 2 files in /opt/airflow/dags
[2026-04-03T08:50:50.812+0000] {manager.py:821} INFO - Searching for files in /opt/airflow/dags
[2026-04-03T08:50:50.814+0000] {manager.py:824} INFO - There are 2 files in /opt/airflow/dags
[2026-04-03T08:50:51.214+0000] {manager.py:997} INFO - 
================================================================================
DAG File Processing Stats

File Path                                PID  Runtime      # DAGs    # Errors  Last Runtime    Last Run               Last # of DB Queries
-------------------------------------  -----  ---------  --------  ----------  --------------  -------------------  ----------------------
/opt/airflow/dags/dag_datalab_main.py                           1           0  0.21s           2026-04-03T08:50:51                      10
/opt/airflow/dags/dag_test_spark.py    14459  0.20s             1           0  0.20s           2026-04-03T08:50:49                      10
================================================================================
[2026-04-03T08:50:52.219+0000] {manager.py:821} INFO - Searching for files in /opt/airflow/dags
[2026-04-03T08:50:52.222+0000] {manager.py:824} INFO - There are 2 files in /opt/airflow/dags
[2026-04-03T08:50:53.449+0000] {manager.py:821} INFO - Searching for files in /opt/airflow/dags
[2026-04-03T08:50:53.452+0000] {manager.py:824} INFO - There are 2 files in /opt/airflow/dags
[2026-04-03T08:50:54.680+0000] {manager.py:821} INFO - Searching for files in /opt/airflow/dags
[2026-04-03T08:50:54.683+0000] {manager.py:824} INFO - There are 2 files in /opt/airflow/dags
[2026-04-03T08:50:55.916+0000] {manager.py:821} INFO - Searching for files in /opt/airflow/dags
[2026-04-03T08:50:55.919+0000] {manager.py:824} INFO - There are 2 files in /opt/airflow/dags
[2026-04-03T08:50:57.144+0000] {manager.py:821} INFO - Searching for files in /opt/airflow/dags
[2026-04-03T08:50:57.147+0000] {manager.py:824} INFO - There are 2 files in /opt/airflow/dags
[2026-04-03T08:50:58.378+0000] {manager.py:821} INFO - Searching for files in /opt/airflow/dags
[2026-04-03T08:50:58.382+0000] {manager.py:824} INFO - There are 2 files in /opt/airflow/dags
[2026-04-03T08:50:59.628+0000] {manager.py:821} INFO - Searching for files in /opt/airflow/dags
[2026-04-03T08:50:59.631+0000] {manager.py:824} INFO - There are 2 files in /opt/airflow/dags
[2026-04-03T08:51:00.694+0000] {manager.py:821} INFO - Searching for files in /opt/airflow/dags
[2026-04-03T08:51:00.696+0000] {manager.py:824} INFO - There are 2 files in /opt/airflow/dags
